session_date,code,name,market,close_price,change_ratio,sector_name,turnover_eok,average_turnover_20d_eok,market_cap_won,pivot,pivot_dist,breakout_distance,atr_contraction,base_depth,base_weeks,latest_volume_ratio,sepa_score,vcp_stage,vcp_ready,vcp_quality,signal,scan_score,rs_relative_return,rs_rating,ep_date,ep_gain_percent,ep_volume_multiple,ma10_pullback,breakout_precursor,breakout_date,breakout_pivot,breakout_close,breakout_volume_ratio,sr_flip,sr_flip_level,sr_flip_type,turtle_s1,turtle_s2,turtle_stop1,turtle_stop2
20261006,000020,"동화약품",KOSPI,5470.0,6.84,"제약",329.05,18.71829332,152785140900.0,5400.0,0.740740740740741,0.740740740740741,58.5724282715186,41.1375661375661,10.6,2751.65961623305,0,1,0,75,"없음",37,-6.68953687821612,64,20260715,17.843137254902,21.0764949328086,1,0,20261006,5400.0,5440.0,5698.43467385896,1,5110.0,"지지 재탈환",1,0,4991.04260664608,7151.04260664608
20261006,000050,"경방",KOSPI,7960.0,0.0,"섬유,의류,신발,호화품",1.85,1.52920423,218225549200.0,8260.0,-3.75302663438257,,56.4575645756458,15.2222222222222,10.6,83.367541249045,1,2,0,58,"없음",38,-11.8625277161863,55,,,,0,0,,,,,0,,,0,0,7845.90754093417,8835.90754093417
20261006,000070,"삼양홀딩스",KOSPI,57200.0,-0.52,"화학",7.19,3.8637086,444054525200.0,62500.0,-8.48,,48.4567901234568,8.24915824915825,9.4,170.985458023256,1,1,0,68,"없음",30,-13.3333333333333,53,,,,0,0,,,,,0,,,0,0,59094.4759785709,59794.4759785709
20261006,000080,"하이트진로",KOSPI,14770.0,0.0,"음료",9.17,10.713300765,1035873434470.0,15300.0,-3.33333333333333,,54.6734955185659,8.14026299311208,7.6,63.0597539738674,0,2,0,87,"없음",35,-11.5430622009569,56,,,,0,0,,,,,0,,,0,0,15206.9711107514,15346.9711107514
20261006,000100,"유한양행",KOSPI,76200.0,2.83,"제약",149.36,150.7455193,5609522512200.0,87100.0,-12.284730195178,,49.2831541218638,11.1543450064851,9.6,78.5631674335629,0,1,0,51,"관망",26,-19.4092827004219,41,,,,0,0,,,,,0,,,0,0,79723.0228984952,82523.0228984952
20261006,000120,"CJ대한통운",KOSPI,69900.0,-1.13,"항공화물운송과물류",33.71,30.8684628,1594582845600.0,73500.0,-4.76190476190476,,64.4444444444445,11.1681643132221,9.6,105.912616892473,0,1,0,81,"없음",30,-32.3017408123791,22,,,,0,0,,,,,0,,,0,0,70805.6724746909,76205.6724746909
20261006,000140,"하이트진로홀딩스",KOSPI,7750.0,-0.64,"음료",0.73,0.413744815,179852428750.0,8110.0,-4.80887792848335,,27.765237020316,21.6505894962487,22.8,91.1219730126759,0,1,0,77,"없음",27,-12.5707814269536,53,,,,0,0,,,,,0,,,0,0,7864.83868470146,8074.83868470146
20261006,000150,"두산",KOSPI,1459000.0,8.8,"복합기업",1920.72,1284.5182535,23626805265000.0,1535000.0,-4.1042345276873,,43.9782263551826,24.4142101284958,6.4,172.633778178362,3,3,0,79,"관망",57,43.4697855750487,93,20260529,18.7951807228916,2.62805881416211,1,0,,,,,1,1300000.0,"저항→지지",0,0,1346014.27135339,1346014.27135339
20261006,000180,"성창기업지주",KOSPI,4820.0,1.05,"종이와목재",0.16,0.758067975,67240542400.0,5240.0,-8.01526717557252,,46.830985915493,42.0948616600791,20.8,31.548676926221,0,1,0,55,"없음",25,-32.9157967988866,21,,,,0,0,,,,,0,,,0,0,4948.17828990033,5188.17828990033
20261006,000210,DL,KOSPI,49500.0,1.33,"화학",12.73,27.760988475,1037316258000.0,56600.0,-12.1024734982332,,42.4440298507463,24.7104247104247,9.6,35.8934818507998,2,3,0,93,"없음",50,-17.6324503311258,45,,,,0,0,,,,,0,,,0,0,51663.8448899478,51663.8448899478
20261006,000220,"유유제약",KOSPI,3800.0,0.53,"제약",1.51,8.8629271725,59840355600.0,4530.0,-16.4459161147903,,45.9627329192547,11.7021276595745,10.6,32.6291638096713,0,1,0,50,"없음",30,-8.68516284680338,61,20260528,9.18635170603674,163.449789937128,0,0,,,,,1,3775.0,"지지 재탈환",0,0,4291.36336667404,4291.36336667404
20261006,000230,"일동홀딩스",KOSPI,6260.0,1.13,"제약",0.64,0.807442395,72242904000.0,7760.0,-18.5567010309278,,58.0327868852459,16.0246533127889,9.6,39.7121179602893,0,1,0,52,"없음",26,-36.2903225806452,17,,,,0,0,,,,,1,6160.0,"저항→지지",0,0,5935.06031568961,7235.06031568961
20261006,000240,"한국앤컴퍼니",KOSPI,25300.0,-0.59,"자동차부품",6.11,15.642640125,2401861572000.0,25400.0,-0.393700787401575,,47.2222222222222,14.6067415730337,7.6,32.6159583642869,0,2,0,88,"없음",40,5.41666666666667,79,20260615,12.2710622710623,4.60318974152237,0,0,,,,,1,24850.0,"저항→지지",0,0,23895.8853084313,25045.8853084313
20261006,000250,"삼천당제약",KOSDAQ,243000.0,17.39,"제약",719.68,219.1962243,5700165696000.0,168700.0,45.2282157676349,2.1932424422051,50.6720045753503,23.1541938724259,7.2,186.898539570371,1,2,0,82,"관망",31,-70.4463208685163,2,20261006,16.6666666666667,2.88164088452459,0,0,20260930,168700.0,172400.0,56.9986264047267,1,164200.0,"저항→지지",1,0,192110.31047206,226610.31047206
20261006,000270,"기아",KOSPI,112600.0,-0.27,"자동차",686.57,891.5682052,43960503574800.0,132700.0,-14.9962321024868,,68.9855072463768,22.3314606741573,6.6,74.0267128823226,2,3,0,84,"관망",45,-22.3140495867769,36,,,,0,0,,,,,0,,,0,0,124121.742548059,141921.742548059
20261006,000320,"노루홀딩스",KOSPI,16630.0,7.92,"건축자재",0.67,0.74610935,221031841130.0,19990.0,-19.5097548774387,,0.0,17.8928781636257,9.6,71.4302153921017,0,1,0,46,"없음",22,-20.9336609336609,39,,,,0,0,,,,,0,,,0,0,18029.890793371,18029.890793371
20261006,000370,"한화손해보험",KOSPI,7240.0,-1.23,"손해보험",22.17,49.765591275,845189744600.0,8740.0,-17.162471395881,,31.6034597471723,23.1431646932185,4.0,44.0082194825207,4,2,0,62,"없음",55,13.6577708006279,85,20260828,9.31435963777489,2.61242029581042,0,0,,,,,0,,,0,0,8477.52703399769,8477.52703399769
20261006,000390,"SP삼화",KOSPI,7070.0,0.57,"건축자재",3.15,4.96687084,192328525830.0,7250.0,-3.31034482758621,,18.7234042553192,18.5534591194969,11.2,50.1812442170576,2,3,0,89,"없음",49,-20.3409090909091,40,,,,0,0,,,,,1,6780.0,"저항→지지",0,0,6747.19845868803,6747.19845868803
20261006,000400,"롯데손해보험",KOSPI,2180.0,-1.13,"손해보험",7.32,7.046099175,676533177600.0,2600.0,-16.1538461538462,,46.8986808868931,33.3812949640288,10.6,71.9566183799747,3,3,0,89,"없음",53,9.0,81,20260715,12.7659574468085,2.67508835426949,0,0,,,,,1,2145.0,"저항→지지",0,0,2339.19320587587,2519.19320587587
20261006,000430,"대원강업",KOSPI,4470.0,-0.33,"자동차부품",2.52,5.6141448975,277140000000.0,5090.0,-13.4577603143418,,13.6429608127721,26.9767441860465,12.4,35.3603241462629,3,1,0,67,"없음",45,12.3724489795918,84,20260814,8.93333333333333,30.9193891074321,0,0,,,,,0,,,0,0,4671.14993979385,4671.14993979385
20261006,000440,"중앙에너비스",KOSDAQ,12370.0,-1.51,"석유와가스",1.41,12.63545197,77029598100.0,15830.0,-21.8572331017056,,39.9291199054932,13.8117283950617,7.2,18.0730796167217,1,1,0,51,"없음",35,-45.0222222222222,9,20260910,9.89456609894566,29.5416889170177,0,0,,,,,0,,,0,0,14278.5873315856,14278.5873315856
20261006,000480,"CR홀딩스",KOSPI,4295.0,-0.12,"비철금속",2.58,1.6419815075,201394654550.0,4420.0,-2.48868778280543,,21.5,15.0559511698881,15.0,200.141853984517,0,1,0,44,"없음",27,-9.54879328436516,59,,,,0,0,,,,,0,,,0,0,4356.51298626531,4761.51298626531
20261006,000490,"대동",KOSPI,7730.0,1.05,"기계",5.84,10.69422237,222831666450.0,8590.0,-10.360884749709,,71.0921843687375,24.120082815735,6.8,15.0301413990062,0,2,0,73,"없음",45,-16.9363538295577,46,20260813,9.41935483870968,17.1599880733043,0,0,,,,,0,,,0,0,7954.16795116035,9024.16795116035
20261006,000500,"가온전선",KOSPI,327500.0,-0.46,"전기장비",449.91,892.310633,9752166292500.0,349500.0,-5.29327610872675,,42.7038801712852,54.3347639484979,10.0,56.6875088031885,5,2,0,63,"수축중",64,510.93781723546,99,20260918,21.969696969697,5.28520788924745,1,0,,,,,1,275000.0,"저항→지지",0,0,305378.669687155,305378.669687155
20261006,000520,"삼일제약",KOSPI,8720.0,1.4,"제약",7.81,7.93800408,189152591920.0,8520.0,2.11267605633803,1.40845070422535,13.9650872817955,30.7407407407407,9.6,81.2538335741029,1,3,0,84,"없음",47,-5.43478260869565,66,20260909,12.5603864734299,2.6776047976329,0,0,20261002,8520.0,8640.0,87.0703324182924,1,8520.0,"저항→지지",1,1,7777.09291421554,7777.09291421554
20261006,000540,"흥국화재",KOSPI,3545.0,4.42,"손해보험",0.57,2.116947975,227740176525.0,3650.0,-3.97260273972603,,15.9929701230228,16.4572864321608,4.0,31.3220555211767,1,2,0,79,"없음",52,-15.947242206235,48,20260903,9.69529085872576,13.8608647927462,0,0,,,,,0,,,0,0,3637.89177578586,3637.89177578586
20261006,000590,"CS홀딩스",KOSPI,70600.0,0.43,"철강",0.66,0.36604955,81506429200.0,70500.0,0.567375886524823,0.567375886524823,44.9519230769231,16.1335187760779,11.2,113.452957372069,1,3,0,94,"없음",45,-4.70430107526882,67,,,,1,0,20261006,70500.0,70900.0,114.576092427911,1,68600.0,"저항→지지",0,0,67526.2605312254,67526.2605312254
20261006,000640,"동아쏘시오홀딩스",KOSPI,93900.0,-0.74,"제약",9.13,9.31154455,632184285300.0,95900.0,-3.02398331595412,,45.4672245467225,11.8421052631579,7.2,59.9763029408564,1,2,0,83,"없음",46,-1.16896918172157,72,,,,0,0,,,,,1,91300.0,"지지 재탈환",0,0,89895.0810343891,92695.0810343891
20261006,000660,"SK하이닉스",KOSPI,1775000.0,-3.59,"반도체와반도체장비",47556.16,57194.7924875,1.296623947875e+15,1935000.0,-7.80361757105943,,73.3846153846154,12.8635346756152,5.0,64.205466650104,4,2,0,74,"수축중",57,121.065675340768,98,,,,0,0,,,,,0,,,0,0,1730839.07104946,1966839.07104946
20261006,000670,"영풍",KOSPI,41350.0,1.97,"핸드셋",10.89,53.657523225,761281742050.0,53500.0,-22.5233644859813,,0.917431192660543,14.7180192572215,9.4,41.8280357422484,0,3,0,79,"없음",33,-25.4496402877698,30,20260914,29.9089726918075,22.245861940014,0,0,,,,,1,41200.0,"저항→지지",0,0,48569.9566871364,48569.9566871364
20261006,000680,"LS네트웍스",KOSPI,3000.0,1.35,"증권",1.64,1.5158264225,236409048000.0,3050.0,-2.45901639344262,,34.7438752783964,13.3333333333333,11.2,75.7649531961881,0,1,0,80,"없음",27,-2.29885057471264,71,,,,0,0,,,,,0,,,0,0,2893.02936831699,2973.02936831699
20261006,000700,"유수홀딩스",KOSPI,6430.0,-3.89,"항공화물운송과물류",2.47,1.56854573,167448851160.0,6860.0,-3.64431486880466,,17.0103092783505,13.0508474576271,14.6,100.682232612724,5,1,0,75,"없음",52,2.00617283950617,76,,,,0,0,,,,,1,6380.0,"지지 재탈환",0,0,6397.97526688446,6427.97526688446
20261006,000720,"현대건설",KOSPI,113000.0,-1.22,"건설",625.29,877.3992455,12583201445000.0,136100.0,-16.8993387215283,,28.7640449438202,30.0944669365722,9.6,83.208666432391,2,1,0,67,"관망",40,-20.4081632653061,40,20260825,14.8674242424242,3.67670235534908,0,0,,,,,0,,,0,0,126560.206328437,126560.206328437
20261006,000760,"이화산업",KOSPI,12340.0,1.23,"화학",0.75,0.13997201,34552000000.0,12880.0,-4.19254658385093,,38.6178861788618,19.7959183673469,3.0,544.458875978517,0,2,0,81,"없음",33,-17.1255876427132,45,,,,0,0,,,,,1,12250.0,"지지 재탈환",0,0,13473.8695977965,13473.8695977965
20261006,000810,"삼성화재",KOSPI,632000.0,0.96,"손해보험",514.63,572.5471025,28217202936000.0,694000.0,-8.78962536023055,,56.0790273556231,12.4822695035461,4.0,80.1346815878663,4,2,0,67,"수축중",57,43.7003405221339,93,,,,0,0,,,,,0,,,0,0,650637.593777216,650637.593777216
20261006,000850,"화천기공",KOSPI,36800.0,-1.21,"기계",2.88,2.839536375,80960000000.0,38500.0,-5.45454545454545,,72.2417427969079,14.6183699870634,6.4,64.2553101512167,2,2,0,91,"없음",57,1.67597765363128,75,20260818,11.2737920937042,7.93579176434015,0,0,,,,,0,,,0,0,37056.9614638972,37056.9614638972
20261006,000860,"강남제비스코",KOSPI,11700.0,-2.9,"건축자재",0.4,0.84576934,152100000000.0,13000.0,-5.38461538461539,,0.0,19.255094869993,11.2,36.8984529650571,1,1,0,81,"없음",36,-10.9985528219971,57,,,,0,0,,,,,1,12230.0,"지지 재탈환",0,0,11934.7441611994,12824.7441611994
20261006,000880,"한화",KOSPI,126600.0,-1.78,"복합기업",94.07,137.25232295,6751438360200.0,144800.0,-12.5,,42.9614887461786,19.1447669782671,9.6,57.8843144692311,2,2,0,65,"관망",47,-1.45522707297913,72,20260827,9.50378469301933,4.62702640460891,0,0,,,,,1,119447.0,"저항→지지",0,0,132157.988365356,132157.988365356
20261006,000890,"보해양조",KOSPI,1323.0,-0.3,"음료",1.73,3.638225837,36546585075.0,1657.0,-20.7000603500302,,94.3587483472896,71.8906605922551,13.6,22.9484365887497,0,2,0,64,"없음",42,-36.9784172661871,16,20260623,29.9145299145299,6.96949905911706,0,0,,,,,1,1299.0,"지지 재탈환",0,0,1515.65303404685,1525.65303404685
20261006,000910,"유니온",KOSPI,2940.0,-0.34,"건축자재",0.73,1.28928519,45898159860.0,3280.0,-9.75609756097561,,37.1428571428571,9.90566037735849,5.8,72.8743520769099,0,1,0,51,"없음",25,-31.9540229885057,22,,,,0,0,,,,,0,,,0,0,3059.69328687542,3059.69328687542
20261006,000950,"전방",KOSPI,30450.0,3.22,"섬유,의류,신발,호화품",0.08,0.2216912,51156000000.0,39250.0,-24.3312101910828,,1.45719489981786,18.8948306595365,15.2,14.1854970397468,0,1,0,45,"없음",30,-11.0778443113772,57,20260626,10.7438016528926,51.5887584083913,0,0,,,,,1,28900.0,"지지 재탈환",0,0,33375.3033030337,33375.3033030337
20261006,000970,"한국주철관",KOSPI,6490.0,-1.07,"철강",2.78,0.965821615,147975245000.0,6910.0,-6.22286541244573,,57.0977917981073,12.051649928264,14.8,261.125164399474,0,3,0,86,"없음",36,-3.42771982116244,69,,,,0,0,,,,,0,,,0,0,6495.73436173973,6675.73436173973
20261006,000990,"DB하이텍",KOSPI,139700.0,-0.78,"반도체와반도체장비",713.26,912.91193635,6077590943600.0,134500.0,4.90706319702602,5.50185873605948,45.0884086444008,19.1346153846154,6.8,101.852721252162,3,1,0,66,"관망",52,79.7452229299363,96,20260612,12.3067010309278,3.4244678900068,0,0,20260929,134500.0,141900.0,212.753038946925,1,134500.0,"저항→지지",0,0,128301.649616944,128301.649616944
20261006,001000,"신라섬유",KOSDAQ,1779.0,6.59,"부동산",0.41,0.8982962735,8637948732.0,2550.0,-30.2352941176471,,89.256494475963,70.9908256880734,10.6,29.6980050036825,0,2,0,53,"없음",42,-81.024,1,20260716,14.4219308700834,2.96948427103099,0,0,,,,,1,1761.0,"지지 재탈환",0,0,2188.97072511115,5088.97072511115
20261006,001020,"페이퍼코리아",KOSPI,1931.0,-1.48,"종이와목재",0.12,0.2071341515,68737154322.0,2205.0,-12.0181405895692,,3.23170731707316,33.5125448028674,5.6,35.7422800386899,0,1,0,45,"없음",30,-36.7047308319739,17,20260818,8.25267447784004,4.9359595132842,0,0,,,,,0,,,0,0,2311.39316167372,2396.39316167372
20261006,001040,CJ,KOSPI,129500.0,-1.52,"복합기업",102.52,137.28548225,3778421241000.0,138600.0,-6.34920634920635,,59.6330275229358,20.6359945872801,7.8,68.5124067962352,0,3,0,90,"관망",40,-31.3227513227513,23,,,,0,0,,,,,0,,,0,0,127697.715958952,136897.715958952
20261006,001060,"JW중외제약",KOSPI,27350.0,2.24,"제약",9.2,10.4832426,636870185500.0,28800.0,-4.6875,,49.2341356673961,17.5355450236967,7.0,55.3155722211241,1,3,0,89,"없음",55,-9.10596026490066,60,20260812,14.2857142857143,13.5431025172606,0,0,,,,,1,26800.0,"지지 재탈환",0,0,26785.2748666035,29635.2748666035
20261006,001070,"대한방직",KOSPI,5670.0,-2.07,"섬유,의류,신발,호화품",0.18,0.202978315,30051000000.0,6450.0,-11.6279069767442,,0.533333333333318,11.4649681528662,8.6,61.4785333220425,0,1,0,49,"없음",33,-13.6363636363636,52,20260528,9.09090909090908,5.21975404965276,0,0,,,,,0,,,0,0,6953.79789723573,6953.79789723573
20261006,001080,"만호제강",KOSPI,4000.0,0.0,"철강",4.44,1.98009264,140459840000.0,4190.0,-4.65393794749403,,31.2217194570136,23.8805970149254,6.6,256.899367896691,0,2,0,69,"없음",33,-24.4801512287335,32,,,,0,0,,,,,1,3720.0,"지지 재탈환",0,0,3688.25197317711,4148.25197317711
20261006,001120,"LX인터내셔널",KOSPI,43300.0,-1.81,"무역회사와판매업체",34.0,43.5195732,1678308000000.0,42750.0,1.6374269005848,2.57309941520468,29.1300877893057,17.8791615289766,9.6,82.2295367528281,4,1,0,77,"없음",51,-3.97790055248619,68,,,,0,0,20261002,42750.0,43850.0,154.737019633534,1,42750.0,"저항→지지",0,0,40994.2780414342,40994.2780414342
20261006,001130,"대한제분",KOSPI,10980.0,-0.36,"식품",0.37,1.39466251,185562000000.0,11980.0,-7.76293823038397,,50.8819538670285,11.8729096989967,9.4,23.0379263822074,0,1,0,67,"없음",25,-21.8528995756719,37,,,,0,0,,,,,0,,,0,0,11384.1979315206,11514.1979315206
20261006,001200,"유진투자증권",KOSPI,4070.0,-0.49,"증권",11.82,17.3501489325,394246321260.0,4425.0,-7.79661016949153,,61.2113402061856,26.2757871878393,11.2,64.2979343284464,2,1,0,79,"없음",35,-7.58776896942242,62,,,,0,0,,,,,0,,,0,0,4179.26143137313,4369.26143137313
20261006,001210,"금호전기",KOSPI,9080.0,-2.89,"디스플레이장비및부품",71.64,334.06738327,114649518920.0,14350.0,-36.8641114982578,,41.1047928513404,33.1701346389229,6.6,16.1036035621096,4,1,0,52,"관망",53,134.411384217335,98,20260831,16.8539325842697,3.75496030204765,0,0,,,,,0,,,0,0,12034.0075934943,12204.0075934943
20261006,001230,"동국홀딩스",KOSPI,2050.0,1.23,"철강",5.85,16.7629125715,318790815750.0,2500.0,-18.4,,1.11296605453534,15.3886832363829,9.4,50.5294008552441,3,2,0,80,"없음",45,-5.77367205542725,65,,,,0,0,,,,,0,,,0,0,2293.39868951359,2293.39868951359
20261006,001250,"GS글로벌",KOSPI,3140.0,5.02,"무역회사와판매업체",45.68,15.0380036375,259156018960.0,2720.0,15.9926470588235,7.16911764705882,30.8510638297872,27.3752012882448,9.6,251.782331189636,3,3,0,87,"없음",50,25.9481037924152,89,20260930,9.58646616541354,6.36317155454493,0,0,20260930,2720.0,2915.0,363.060066143927,1,2695.0,"저항→지지",1,1,2804.81859396705,2824.81859396705
20261006,001260,"남광토건",KOSPI,8120.0,0.0,"건설",2.52,6.409665395,79840484640.0,9970.0,-18.4553660982949,,73.8991477272727,52.089552238806,12.6,30.4771282014891,2,1,0,56,"없음",36,-4.35294117647059,67,20260928,15.4450261780105,14.0940253527131,0,0,,,,,1,7790.0,"저항→지지",0,0,8854.55662212712,8854.55662212712
20261006,001270,"부국증권",KOSPI,50400.0,0.9,"증권",0.74,3.11186295,522642254400.0,53600.0,-5.41044776119403,,61.2565445026178,19.7811447811448,5.2,32.0371909999869,0,2,0,90,"없음",43,-31.3937753721245,23,,,,0,0,,,,,0,,,0,0,50677.8630088796,55277.8630088796
20261006,001290,"상상인증권",KOSPI,4330.0,0.0,"증권",2.08,2.5904763925,93819945920.0,4360.0,-2.29357798165138,,68.1065088757396,43.2045779685265,7.4,23.892075377445,2,2,0,53,"없음",57,-20.6703910614525,39,20260807,29.9136069114471,4.55012023053938,0,0,,,,,1,4060.0,"지지 재탈환",0,0,4583.55844592908,6523.55844592908
20261006,001340,PKC,KOSPI,5280.0,0.96,"화학",5.09,4.3221673425,237748309920.0,5270.0,-0.569259962049336,,63.1259484066768,8.65384615384615,6.4,88.4069534734667,0,1,0,76,"없음",31,-21.4392803598201,37,20260528,29.9492385786802,24.76474747388,0,0,,,,,1,5200.0,"저항→지지",0,0,4909.60725645805,5029.60725645805
20261006,001360,"삼성제약",KOSPI,1470.0,2.58,"제약",6.92,5.884753206,138418256130.0,1420.0,5.63380281690141,3.16901408450704,3.62776025236592,12.6666666666667,7.2,157.772489343837,0,1,0,41,"없음",31,-15.1103565365025,50,20261001,12.3466257668712,8.34852819552425,0,0,20261001,1420.0,1465.0,742.608271650344,1,1400.0,"저항→지지",0,0,1350.22727899079,1350.22727899079
20261006,001380,"SG글로벌",KOSPI,1112.0,-6.63,"자동차부품",2.12,1.0470006825,25000062952.0,1337.0,-21.8399401645475,,34.9247874427731,30.4137931034483,10.6,644.805016473979,0,1,0,41,"없음",22,-60.2359208523592,3,,,,0,0,,,,,0,,,0,0,1197.32943121649,1322.32943121649
20261006,001390,"KG케미칼",KOSPI,4220.0,0.0,"자동차",3.47,4.2406429975,280223343920.0,4555.0,-7.13501646542261,,48.2758620689655,16.0,9.6,48.4482800316459,0,2,0,53,"없음",43,-15.0602409638554,50,20260807,9.70319634703196,4.36226862774175,0,0,,,,,0,,,0,0,4265.78132533362,4630.78132533362
20261006,001430,"세아베스틸지주",KOSPI,47250.0,1.29,"철강",61.22,61.62313885,1694485122750.0,46850.0,0.96051227321238,0.96051227321238,21.1670480549199,14.6608315098468,5.2,95.6719322934896,1,1,0,73,"없음",36,-26.5527950310559,29,,,,0,0,20261006,46850.0,47300.0,96.0303542162021,1,46850.0,"저항→지지",0,0,44011.7648584518,44011.7648584518
20261006,001440,"대한전선",KOSPI,31700.0,0.63,"전기장비",781.45,835.8362235,6212965293200.0,33450.0,-4.78325859491779,,43.2463110102157,19.8728139904611,6.8,118.413289088548,2,1,0,63,"관망",45,19.2883895131086,87,20260918,10.2787456445993,6.35464391406794,0,0,,,,,1,31400.0,"저항→지지",0,0,29639.6714529439,29639.6714529439
20261006,001450,"현대해상",KOSPI,46800.0,-1.99,"손해보험",125.24,203.239980275,3989618100000.0,50700.0,-7.69230769230769,,30.3506650544135,16.4677804295943,9.6,49.2223476499222,5,1,0,51,"관망",54,55.2238805970149,95,,,,0,0,,,,,0,,,0,0,50190.5127529324,50190.5127529324
20261006,001460,BYC,KOSPI,36950.0,2.92,"섬유,의류,신발,호화품",0.42,1.024764875,230795242500.0,39000.0,-8.07692307692308,,19.1126279863481,15.0145772594752,9.2,40.223002550727,0,1,0,64,"없음",29,-22.0652173913043,37,20260806,8.92351274787535,2.95122042481011,0,0,,,,,0,,,0,0,35933.3854906159,36533.3854906159
20261006,001500,"현대차증권",KOSPI,7780.0,-0.26,"증권",2.61,5.116983475,481061082320.0,8120.0,-3.81773399014778,,72.7136431784108,19.5092024539877,9.6,37.6252115807638,1,3,0,100,"없음",51,-21.2701612903226,38,,,,0,0,,,,,0,,,0,0,7831.56335229799,7981.56335229799
20261006,001510,"SK증권",KOSPI,2340.0,-1.06,"증권",40.56,51.769075235,541230498900.0,2485.0,-6.2374245472837,,62.3546511627907,38.1153305203938,5.8,37.1038844212932,2,2,0,79,"없음",60,-36.7363562313331,17,20260820,29.7921478060046,4.86723303019002,0,0,,,,,1,2305.0,"지지 재탈환",0,0,2271.09982677255,3286.09982677255
20261006,001520,"동양",KOSPI,1113.0,-2.11,"건축자재",3.22,13.986484249,119226821616.0,1482.0,-24.3589743589744,,9.1304347826087,21.7741935483871,9.8,45.0120782691316,0,3,0,81,"없음",33,-25.2666666666667,31,20260918,29.7219558964525,43.5717590105934,0,0,,,,,1,1102.0,"저항→지지",0,0,1364.1498525718,1364.1498525718
20261006,001530,"DI동일",KOSPI,25850.0,3.4,"섬유,의류,신발,호화품",5.64,7.168901375,535498802850.0,28950.0,-10.5354058721934,,32.2330097087379,16.5540540540541,4.4,70.5062618248747,4,2,0,69,"없음",57,19.6304849884527,88,20260828,10.6508875739645,10.8417569091179,0,0,,,,,1,25250.0,"저항→지지",0,0,26232.933215131,26882.933215131
20261006,001540,"안국약품",KOSDAQ,9830.0,0.2,"제약",2.43,3.127831245,128206988600.0,10400.0,-5.48076923076923,,67.1559633027523,28.1318681318681,7.4,34.1629453656649,4,3,1,96,"없음",70,26.8387096774194,90,20260806,13.9745916515426,4.41551570104674,0,0,,,,,0,,,0,0,10265.4003347733,12895.4003347733
20261006,001550,"조비",KOSPI,10030.0,-1.57,"화학",1.72,4.02049692,52078157170.0,12010.0,-14.9875104079933,,67.3188405797101,29.1970802919708,6.2,11.3568851568518,1,2,0,60,"없음",47,-35.5429292929293,18,20260819,17.741935483871,91.3188479591587,0,0,,,,,0,,,0,0,10609.080157667,12749.080157667
20261006,001560,"제일연마",KOSPI,9390.0,4.92,"비철금속",0.29,0.15401712,71364000000.0,9990.0,-8.60860860860861,,0.0,10.7327141382869,2.6,105.468824098488,1,2,0,61,"없음",41,-16.7730173199635,46,,,,0,0,,,,,1,8980.0,"지지 재탈환",0,0,9085.28978963544,9085.28978963544
20261006,001620,"케이비아이동국실업",KOSPI,2180.0,-0.46,"자동차부품",0.2,0.2912740125,48523761080.0,2295.0,-5.01089324618736,,48.5,25.8823529411765,12.8,46.0384967381037,0,1,0,88,"없음",31,-28.9902280130293,25,,,,0,0,,,,,0,,,0,0,2138.84255893566,2173.84255893566
20261006,001630,"종근당홀딩스",KOSPI,37400.0,0.13,"제약",0.49,0.647989525,187368801400.0,43800.0,-14.6118721461187,,0.0,23.6756756756757,14.6,49.3475415471264,0,1,0,47,"없음",26,-19.9143468950749,40,,,,0,0,,,,,0,,,0,0,41355.2949182554,41355.2949182554
20261006,001680,"대상",KOSPI,17570.0,-1.46,"식품",11.75,12.61965827,608765799250.0,19590.0,-10.1582440020419,,45.0537634408602,8.79828326180258,7.6,64.3888894530462,0,2,0,84,"없음",40,-11.5577889447236,56,,,,0,0,,,,,0,,,0,0,18656.5884412689,18656.5884412689
20261006,001720,"신영증권",KOSPI,140800.0,0.72,"증권",23.49,12.0790026,2314752000000.0,161000.0,-12.2360248447205,,62.9652996845426,33.3519553072626,12.2,211.763096842169,1,1,0,54,"없음",27,-23.3731019522777,34,,,,0,0,,,,,0,,,0,0,143890.495290903,157090.495290903
20261006,001740,"SK네트웍스",KOSPI,6560.0,0.15,"복합기업",48.24,44.0393268,1315895911840.0,6600.0,-0.151515151515152,,76.2738853503185,29.112426035503,6.6,79.3905392679884,2,2,0,83,"없음",52,33.9430894308943,92,20260608,30.0,2.59071585219001,0,0,,,,,1,6390.0,"저항→지지",0,0,5986.08409948272,8256.08409948272
20261006,001750,"한양증권",KOSPI,19110.0,-0.42,"증권",1.81,1.31168141,288742277460.0,20000.0,-4.05,,79.7709923664122,15.3023255813953,11.8,109.109395281494,2,3,0,94,"없음",49,-21.5132924335378,37,,,,0,0,,,,,0,,,0,0,19014.6441487241,19784.6441487241
20261006,001780,"알루코",KOSPI,1642.0,1.36,"비철금속",4.16,3.798370888,158995076744.0,1935.0,-14.4186046511628,,59.781121751026,23.162583518931,12.8,86.8867276779264,0,1,0,47,"없음",22,-37.6271186440678,15,,,,0,0,,,,,1,1598.0,"저항→지지",1,0,1524.18138918722,1824.18138918722
20261006,001790,"대한제당",KOSPI,2830.0,1.25,"식품",1.93,3.6682481675,244064619450.0,2940.0,-5.4421768707483,,60.1362862010222,17.6174496644295,11.6,37.0943646348473,2,1,0,91,"없음",45,-4.79452054794521,66,20260708,12.3791102514507,6.94676801222284,0,0,,,,,0,,,0,0,2780.50582794907,2800.50582794907
20261006,001800,"오리온홀딩스",KOSPI,22700.0,-0.87,"식품",21.57,15.349773575,1365556000400.0,26450.0,-13.9886578449905,,48.1751824817518,24.4897959183673,15.6,137.061849726665,3,3,0,79,"없음",48,-1.08695652173913,72,20260611,10.4743083003953,3.03359802074419,0,0,,,,,0,,,0,0,24212.4784195862,27062.4784195862
20261006,001810,"무림SP",KOSDAQ,1114.0,-1.5,"종이와목재",0.11,0.449411509,24661175000.0,1348.0,-15.4302670623145,,3.19233838786912,11.5873015873016,7.6,39.5927421793195,0,1,0,41,"없음",22,-25.3438113948919,31,,,,0,0,,,,,0,,,0,0,1332.93723569041,1332.93723569041
20261006,001820,"삼화콘덴서",KOSPI,159600.0,1.98,"전기제품",1195.37,1540.4778905,1659042000000.0,157700.0,1.83893468611287,1.83893468611287,41.7947801215588,22.0216606498195,6.8,87.2351094948802,5,2,0,55,"돌파완료",65,209.441233140655,99,20260911,18.7554019014693,4.68315367528516,0,0,20261006,157700.0,160600.0,87.6087703017514,1,157700.0,"저항→지지",0,0,139827.320764924,139827.320764924
20261006,001940,"KISCO홀딩스",KOSPI,25750.0,0.39,"철강",1.56,1.57264015,365041785000.0,27600.0,-6.70289855072464,,17.0731707317073,12.6315789473684,8.0,45.6760230325838,3,1,0,60,"없음",46,4.04040404040404,78,,,,0,0,,,,,0,,,0,0,25748.7277363878,26748.7277363878
20261006,002020,"코오롱",KOSPI,23700.0,0.64,"복합기업",4.11,5.510990225,305912016000.0,26600.0,-10.9022556390977,,83.3333333333333,23.873121869783,6.4,30.128840571726,0,2,0,71,"없음",40,-62.3809523809524,3,,,,0,0,,,,,1,23550.0,"지지 재탈환",0,0,23711.6091314112,38611.6091314112
20261006,002030,"아세아",KOSPI,207000.0,2.99,"건축자재",3.53,3.8211688,426182364000.0,231000.0,-11.4718614718615,,23.8938053097345,20.6818181818182,8.8,42.1991685272153,0,1,0,59,"없음",29,-26.8336314847943,28,,,,0,0,,,,,0,,,0,0,208314.763577602,208314.763577602
20261006,002100,"경농",KOSPI,9020.0,-0.66,"화학",0.97,1.57783644,176093626500.0,9230.0,-1.62513542795233,,56.0646900269542,11.1221449851043,6.2,22.7712848872201,1,2,0,92,"없음",48,-3.09498399146211,69,,,,0,0,,,,,0,,,0,0,9102.29912550967,9772.29912550967
20261006,002140,"고려산업",KOSPI,1916.0,-1.29,"식품",1.64,5.808099073,47783938300.0,2235.0,-14.1387024608501,,83.0891330891331,31.8164435946463,9.6,4.27316021628195,0,1,0,76,"없음",30,-29.4485294117647,25,20260724,13.0434782608696,13.9239181349193,0,0,,,,,0,,,0,0,2043.33532171319,2423.33532171319
20261006,002150,"도화엔지니어링",KOSPI,5000.0,0.91,"건설",1.03,1.549187235,168600000000.0,5230.0,-4.01529636711281,,28.5340314136126,12.79296875,9.6,46.4058742718127,0,1,0,78,"없음",27,-19.0322580645161,42,,,,0,0,,,,,0,,,0,0,5076.89315546185,5126.89315546185
20261006,002170,SYTS,KOSPI,51800.0,0.0,"섬유,의류,신발,호화품",0.04,0.44751965,155400000000.0,59000.0,-12.2033898305085,,1.21951219512195,9.34744268077601,12.0,3.66009162035798,0,1,0,64,"없음",26,-14.0961857379768,52,,,,0,0,,,,,0,,,0,0,55360.0204894916,55360.0204894916
20261006,002200,"한국수출포장",KOSPI,2755.0,-0.36,"포장재",3.71,1.140719165,92292337455.0,3110.0,-11.2540192926045,,5.86419753086419,8.05084745762712,11.8,267.493526785007,0,3,0,89,"없음",38,-2.12765957446809,71,,,,0,0,,,,,1,2745.0,"저항→지지",0,0,2933.24371749756,2933.24371749756
20261006,002210,"동성제약",KOSPI,1295.0,1.33,"제약",0.52,1.2969823285,125122261565.0,1567.0,-17.0389278876835,,69.0156599552573,55.8019801980198,8.8,13.0074862712096,0,2,0,55,"없음",38,-33.1963001027749,20,,,,0,0,,,,,0,,,0,0,1368.61063596964,2389.61063596964
20261006,002220,"한일철강",KOSPI,2850.0,1.42,"철강",1.93,3.5114304325,76087761000.0,2905.0,-2.23752151462995,,68.146255787961,37.3395565927655,7.4,28.8666475678465,0,2,0,64,"없음",45,-25.9452411994785,30,20260803,18.2291666666667,2.88623025578455,0,0,,,,,1,2820.0,"지지 재탈환",0,0,2852.15134701234,4117.15134701234
20261006,002230,"피에스텍",KOSDAQ,5220.0,0.38,"전기제품",2.36,1.8767541075,96157985400.0,5310.0,-1.69491525423729,,29.3028322440087,19.1848906560636,9.6,82.2346300930907,1,3,0,82,"없음",48,-42.3841059602649,11,20260803,9.22063666300767,2.65245880843299,0,0,,,,,1,4990.0,"지지 재탈환",0,0,4974.90532505607,5174.90532505607
20261006,002240,"고려제강",KOSPI,16980.0,0.71,"철강",8.49,5.98451673,458460000000.0,19380.0,-12.6418988648091,,9.10623946037099,12.5714285714286,9.4,186.429375112002,0,1,0,41,"없음",22,-17.8155339805825,44,,,,0,0,,,,,1,16670.0,"지지 재탈환",0,0,19267.3869291677,19267.3869291677
20261006,002290,"삼일기업공사",KOSDAQ,3330.0,0.3,"건설",0.41,0.341550465,41292000000.0,3500.0,-4.85714285714286,,25.7075471698113,15.7082748948107,11.6,87.8714498365133,0,2,0,80,"없음",37,-14.5057766367137,51,,,,0,0,,,,,1,3325.0,"저항→지지",0,0,3321.42917232944,3321.42917232944
20261006,002310,"아세아제지",KOSPI,7620.0,-3.42,"포장재",13.9,6.19629821,300605266200.0,8770.0,-13.3409350057013,,2.33009708737864,7.75862068965517,7.4,205.324361627954,2,1,0,53,"없음",36,-10.6933019976498,58,20260825,10.1673101673102,3.30699576647047,0,0,,,,,0,,,0,0,8500.51434750587,8500.51434750587
20261006,002320,"한진",KOSPI,16090.0,3.14,"항공화물운송과물류",4.2,4.86799914,249694531440.0,16000.0,1.875,1.875,31.9713993871297,10.0705580500321,6.4,110.100623766938,0,1,0,51,"없음",29,-13.0202774813234,53,,,,0,0,20261006,16000.0,16300.0,110.787013888218,1,15190.0,"저항→지지",1,1,15092.9390700565,15092.9390700565
20261006,002350,"넥센타이어",KOSPI,5760.0,-0.69,"자동차부품",4.25,8.353562075,562566971520.0,5800.0,-0.689655172413793,,57.2033898305085,19.3500738552437,6.8,67.7982867430312,0,2,0,86,"없음",33,-19.4405594405594,41,,,,0,0,,,,,1,5580.0,"지지 재탈환",0,0,5802.48275031023,6712.48275031023
20261006,002380,KCC,KOSPI,475500.0,0.74,"건축자재",57.41,107.64408975,4085922048000.0,487500.0,-2.25641025641026,,66.7219917012448,23.9819004524887,9.8,53.8861510100754,2,3,0,81,"관망",51,-1.14107883817427,72,,,,1,0,,,,,0,,,0,0,476822.473746177,476822.473746177
20261006,002390,"한독",KOSPI,8790.0,2.69,"제약",1.15,0.72877862,120981455070.0,10880.0,-19.3933823529412,,0.0,18.616480162767,7.2,128.025288080978,0,1,0,42,"없음",22,-15.2657004830918,49,,,,1,0,,,,,0,,,0,0,9726.70251704353,9726.70251704353
20261006,002420,"우양피앤엘",KOSPI,5910.0,-2.15,"석유와가스",0.29,0.875161415,184202194440.0,6540.0,-8.71559633027523,,0.0,19.0769230769231,8.2,32.5154165630473,4,1,0,46,"없음",49,17.0588235294118,86,20260918,8.6115992970123,4.33301873352803,0,0,,,,,1,5570.0,"지지 재탈환",0,0,5770.39202606683,5770.39202606683
20261006,002450,"삼익악기",KOSPI,1081.0,-1.46,"레저용장비와제품",0.66,1.0082514565,97863919115.0,1149.0,-4.78677110530896,,54.5454545454545,14.6241830065359,12.8,52.9641289876331,0,1,0,87,"없음",31,-7.67932489451477,62,,,,0,0,,,,,0,,,0,0,1117.26867447149,1117.26867447149
20261006,002460,"HS화성",KOSPI,11030.0,-0.36,"건설",0.37,0.67434093,111954500000.0,13590.0,-18.8373804267844,,55.316191799861,15.4849225753871,7.2,33.0423033346603,0,1,0,55,"없음",30,-3.58391608391608,68,20260612,9.44170771756978,3.57338318123995,0,0,,,,,1,10950.0,"저항→지지",0,0,12705.9257841045,12705.9257841045
20261006,002620,"제일파마홀딩스",KOSPI,7680.0,3.09,"제약",0.37,0.13833485,122675366400.0,7720.0,-0.518134715025907,,30.5921052631579,14.8831488314883,7.8,110.233578640202,1,2,0,77,"없음",42,-8.89679715302491,61,,,,1,0,,,,,0,,,0,0,7526.93193898603,7526.93193898603
20261006,002680,"한탑",KOSDAQ,3495.0,2.49,"식품",3.86,2.9536302325,27107324850.0,3595.0,-2.78164116828929,,40.5405405405405,40.9090909090909,6.8,33.5225850641807,1,1,0,61,"없음",40,-2.91666666666667,70,20260720,13.7860082304527,13.3217973576841,0,0,,,,,1,2790.0,"저항→지지",0,0,3043.85561822248,3078.85561822248
20261006,002690,"동일제강",KOSPI,1331.0,1.22,"철강",0.26,0.943281924,27019779160.0,1618.0,-17.7997527812114,,20.0295639320029,23.4907352062164,9.4,46.8506504821982,0,1,0,65,"없음",26,-12.5,54,20260629,21.5882806476484,18.8638601228206,0,0,,,,,0,,,0,0,1477.35916465782,1532.35916465782
20261006,002700,"신일전자",KOSPI,1026.0,1.58,"가정용기기와용품",6.69,4.9307021445,70329756546.0,1014.0,1.9723865877712,1.9723865877712,78.6548082267927,33.4057971014493,11.2,41.5121453003139,0,1,0,51,"없음",37,-25.0724637681159,31,20260713,9.83455882352942,16.1306421827248,0,0,20261006,1014.0,1034.0,40.8563524104134,1,981.0,"저항→지지",1,0,944.249052026324,1200.24905202632
20261006,002710,"TCC스틸",KOSPI,15270.0,13.45,"철강",347.37,85.6846624,400283153190.0,15820.0,-4.551201011378,,4.08602150537635,23.7472766884532,4.0,795.601306980284,1,2,0,62,"없음",44,14.5675265553869,85,20261006,11.1111111111111,4.30039339606958,0,0,,,,,1,11890.0,"저항→지지",0,0,13909.1266475293,13909.1266475293
20261006,002720,"국제약품",KOSPI,3415.0,4.12,"제약",2.94,0.9800937825,72260826280.0,3485.0,-0.143472022955524,,24.1869918699187,17.6626826029216,5.6,157.70739675817,0,1,0,68,"없음",27,-27.2727272727273,28,,,,1,0,,,,,1,3245.0,"지지 재탈환",0,0,3215.19235501079,3495.19235501079
20261006,002760,"보락",KOSPI,994.0,-0.6,"식품",0.53,0.5584541475,59540600000.0,1035.0,-3.38164251207729,,60.1418439716312,13.8328530259366,9.6,69.8849730629849,0,2,0,90,"없음",35,-12.8919860627178,53,,,,1,0,,,,,1,996.0,"지지 재탈환",0,0,988.161964841296,994.161964841296
20261006,002780,"진흥기업",KOSPI,6530.0,-0.15,"건설",3.93,6.68088734,94993046220.0,8480.0,-22.2877358490566,,76.1029411764706,55.5478502080444,12.4,63.8207603639965,2,1,0,54,"없음",40,-29.6691568836713,25,20260706,14.3162393162393,7.47911541296926,0,0,,,,,0,,,0,0,7686.96131937378,7756.96131937378
20261006,002790,"아모레퍼시픽홀딩스",KOSPI,25350.0,0.2,"화장품",20.98,29.336194475,1938214863000.0,27100.0,-6.64206642066421,,36.6666666666667,11.913357400722,7.0,80.3167593086119,0,3,0,85,"없음",34,-8.49909584086799,61,,,,0,0,,,,,0,,,0,0,25445.257723714,26145.257723714
20261006,002800,"신신제약",KOSDAQ,4460.0,0.11,"제약",0.32,0.93254142,67660430000.0,4625.0,-3.56756756756757,,61.5275813295615,13.3333333333333,10.6,11.326338495183,0,1,0,50,"없음",31,-16.7910447761194,46,,,,0,0,,,,,0,,,0,0,4504.56020928434,4894.56020928434
20261006,002810,"삼영무역",KOSPI,21200.0,0.95,"화학",3.52,3.477571525,391499297600.0,22000.0,-2.5,,53.8461538461538,18.5682326621924,15.8,76.1821582926536,4,1,0,52,"없음",47,14.7058823529412,85,,,,0,0,,,,,1,21400.0,"지지 재탈환",0,0,21019.9216254358,23169.9216254358
20261006,002840,"미원상사",KOSPI,136600.0,1.71,"화학",3.15,2.8868043,614700000000.0,138700.0,-1.51405912040375,,45.4466608846487,10.0709219858156,5.0,57.2216189123716,2,2,0,78,"없음",57,1.3353115727003,75,20260709,8.87812752219532,2.60605517735579,0,0,,,,,1,136500.0,"저항→지지",0,0,129274.647957855,130474.647957855
20261006,002870,"신풍",KOSPI,1151.0,-5.35,"포장재",3.99,3.092757978,40237463700.0,1314.0,-13.5464231354642,,0.0,9.59164292497626,4.8,162.571131938985,2,1,0,35,"없음",36,-2.57289879931389,70,20260701,26.3440860215054,5.91110319792657,0,0,,,,,1,1053.0,"저항→지지",0,0,1136.69656851768,1136.69656851768
20261006,002880,"디와이에이",KOSPI,3715.0,-1.98,"자동차부품",0.6,0.5157403975,34753078285.0,3655.0,2.87277701778386,2.32558139534884,77.6614310645724,27.28285077951,7.0,69.1530659270854,0,3,0,81,"없음",45,-18.082788671024,44,20260626,25.7941550190597,8.90480797387511,0,0,20261001,3655.0,3740.0,65.5411326102583,1,3605.0,"저항→지지",0,0,3744.32738722068,4234.32738722068
20261006,002900,TYM,KOSPI,6560.0,1.86,"기계",14.05,13.429527945,271584000000.0,7090.0,-7.33427362482369,,46.089850249584,17.6110260336907,9.4,88.2477285237718,2,3,0,80,"없음",44,2.17729393468118,76,,,,0,0,,,,,0,,,0,0,7020.17788968985,7020.17788968985
20261006,002920,"유성기업",KOSPI,1784.0,0.06,"자동차부품",1.68,1.43704726,46290340000.0,1895.0,-5.85751978891821,,2.5609756097561,10.010649627263,6.8,226.616154003718,0,2,0,61,"없음",30,-6.98644421272158,63,,,,0,0,,,,,0,,,0,0,1788.16043671253,1788.16043671253
20261006,002960,"한국쉘석유",KOSPI,522000.0,0.77,"화학",2.69,4.33844875,678600000000.0,533000.0,-2.25140712945591,,50.4873294346979,8.03402646502836,6.6,39.8343610748526,5,2,0,88,"없음",66,11.6827438370847,83,,,,1,0,,,,,1,515000.0,"저항→지지",0,0,511326.208866686,511326.208866686
20261006,003000,"부광약품",KOSPI,4145.0,1.1,"제약",11.03,11.775528915,408965061295.0,4875.0,-14.5641025641026,,53.0612244897959,13.8387484957882,9.4,66.8989756346827,2,1,0,44,"없음",36,-42.9452054794521,11,,,,1,0,,,,,1,4080.0,"저항→지지",0,0,3896.26604129884,4541.26604129884
20261006,003010,"혜인",KOSPI,8770.0,-7.2,"기계",72.27,53.324576915,111490791190.0,10370.0,-14.2719382835101,,50.6521739130435,37.2460496613996,4.8,89.9542335394741,4,2,0,63,"없음",60,65.2416356877323,95,20260818,14.3446852425181,3.04165945759733,0,0,,,,,1,8760.0,"지지 재탈환",0,0,9061.43336479204,11151.433364792
20261006,003030,"세아제강지주",KOSPI,112400.0,-2.52,"철강",11.6,22.1266542,465522246800.0,121000.0,-6.44628099173554,,24.9370277078086,20.7070707070707,7.6,43.3943501532011,1,2,0,77,"없음",40,-40.6086044071354,13,20260930,9.1901728844404,2.65444911620866,0,0,,,,,1,111000.0,"저항→지지",0,0,108444.996416585,108444.996416585
20261006,003070,"코오롱글로벌",KOSPI,9200.0,0.99,"건설",0.5,0.8161949,233900422800.0,9800.0,-6.22448979591837,,45.8204334365325,21.4782608695652,7.0,22.6639133501356,2,3,0,95,"없음",60,-12.9734848484848,53,20260812,13.5135135135135,28.5625594131453,0,0,,,,,0,,,0,0,9014.43963079269,10714.4396307927
20261006,003080,"SB성보",KOSPI,2225.0,0.23,"화학",0.11,0.4057505,44544500000.0,2295.0,-2.8322440087146,,31.0836501901141,7.15883668903803,9.8,17.0887593501751,0,1,0,75,"없음",27,-15.047619047619,50,,,,0,0,,,,,1,2215.0,"지지 재탈환",0,0,2198.83595271791,2238.83595271791
20261006,003090,"대웅",KOSPI,15370.0,0.2,"제약",6.63,10.242362175,893642232600.0,18040.0,-14.9667405764967,,51.9023689877961,20.7169214549288,7.2,73.8124264221452,0,2,0,47,"없음",25,-34.1630901287554,19,,,,0,0,,,,,0,,,0,0,16815.1838276812,17775.1838276812
20261006,003100,"선광",KOSDAQ,20550.0,-0.24,"운송인프라",0.57,1.332738975,135630000000.0,21300.0,-3.52112676056338,,55.2412645590682,11.9817997977755,14.8,11.7192303284647,2,3,0,90,"없음",56,-0.963855421686747,72,,,,0,0,,,,,1,20500.0,"지지 재탈환",0,0,20127.7475641518,20777.7475641518
20261006,003120,"일성아이에스",KOSPI,22300.0,1.13,"제약",2.58,1.0483608,296590000000.0,23400.0,-4.91452991452991,,5.2,18.6698337292162,9.2,159.421598896407,2,1,0,71,"없음",37,1.13636363636364,74,,,,1,0,,,,,1,21000.0,"저항→지지",0,0,23073.0318229205,23073.0318229205
20261006,003160,"디아이",KOSPI,42400.0,-0.93,"반도체와반도체장비",334.02,257.608956625,1199920000000.0,32500.0,31.6923076923077,9.23076923076923,11.8741058655222,28.9954337899543,9.6,162.695134449155,4,3,0,73,"돌파완료",64,51.7730496453901,94,20261001,14.4010767160162,4.02467967043849,0,0,20260921,32500.0,35500.0,527.507512216089,1,32500.0,"저항→지지",0,0,39580.8756419518,39580.8756419518
20261006,003200,"일신방직",KOSPI,10880.0,0.74,"섬유,의류,신발,호화품",4.65,14.120410395,249804800000.0,12900.0,-15.4263565891473,,47.2952086553323,23.1404958677686,11.4,62.2458982692625,0,1,0,52,"없음",26,-3.28014184397163,69,20260914,15.3920619554695,29.3134564122816,0,0,,,,,1,10590.0,"지지 재탈환",0,0,11855.8816203236,11855.8816203236
20261006,003220,"대원제약",KOSPI,7860.0,-0.38,"제약",1.58,1.865542365,176280802380.0,8960.0,-12.2767857142857,,64.2504118616145,48.3540599853694,16.2,64.5211602920447,0,1,0,68,"없음",30,-22.9411764705882,35,20260608,10.3202846975089,75.2657357901621,0,0,,,,,1,7760.0,"지지 재탈환",0,0,7881.8217727406,8521.8217727406
20261006,003230,"삼양식품",KOSPI,1202000.0,-0.74,"식품",396.75,598.57172,9054684030000.0,1557000.0,-22.6718047527296,,56.1632653061225,17.4157303370787,11.8,58.7962101626953,2,1,0,49,"관망",40,0.333333333333333,73,,,,0,0,,,,,0,,,0,0,1379012.18455133,1448012.18455133
20261006,003240,"태광산업",KOSPI,915000.0,2.92,"화학",9.03,8.925792,1018761000000.0,940000.0,-3.51063829787234,,57.5645756457565,14.0692640692641,9.4,69.3462230339316,2,1,0,72,"없음",37,-16.405529953917,47,,,,0,0,,,,,1,897000.0,"지지 재탈환",0,0,896389.622047388,933389.622047388
20261006,003280,"흥아해운",KOSPI,1813.0,-2.26,"해운사",38.54,173.5293414565,435890341887.0,2200.0,-17.5,,70.8361658735554,28.4507042253521,10.2,24.6898184466972,2,1,0,55,"관망",43,-54.3969849246231,5,20260910,8.01136363636363,12.4411493355969,0,0,,,,,1,1812.0,"저항→지지",0,0,2020.98940471288,2020.98940471288
20261006,003300,"한일홀딩스",KOSPI,17230.0,-0.58,"건축자재",0.69,2.4626037,531225780120.0,18230.0,-3.73011519473396,,36.9764397905759,18.0576631259484,12.2,23.0143367999738,4,1,0,74,"없음",51,4.71360381861575,78,,,,0,0,,,,,0,,,0,0,17676.3472092179,17846.3472092179
20261006,003310,"대주산업",KOSDAQ,1691.0,0.59,"식품",3.89,3.617528712,59848463850.0,1842.0,-8.19761129207383,,65.187011919441,28.2689253573319,9.6,66.7132896132373,1,1,0,72,"없음",34,-50.6997084548105,6,,,,0,0,,,,,1,1638.0,"지지 재탈환",0,0,1696.96142414152,1864.96142414152
20261006,003350,"한국화장품제조",KOSPI,14860.0,-4.19,"화장품",133.94,273.886903865,336727600000.0,17200.0,-13.3139534883721,,11.0191637630662,22.0287660862983,6.8,56.9696630580789,5,2,0,55,"수축중",64,70.0114025085519,96,20260911,19.3768996960486,6.44160311753454,0,0,,,,,0,,,0,0,15331.9321818855,15331.9321818855
20261006,003380,"하림지주",KOSDAQ,11600.0,2.75,"식품",46.66,40.573277605,1299265203600.0,12100.0,-4.21487603305785,,40.7608695652174,17.3151750972763,9.6,86.0051595773655,1,1,0,77,"관망",35,-14.4649446494465,51,,,,0,0,,,,,1,11200.0,"저항→지지",0,0,11165.2104944604,11165.2104944604
20261006,003460,"유화증권",KOSPI,3000.0,0.5,"증권",0.41,0.8042958025,170107245000.0,3915.0,-23.4993614303959,,14.8984198645598,14.4817073170732,12.2,34.4166062262424,2,1,0,47,"없음",32,-8.40978593272171,61,,,,1,0,,,,,0,,,0,0,3717.92003643875,3717.92003643875
20261006,003470,"유안타증권",KOSPI,4305.0,-1.03,"증권",8.61,11.3383252975,829487839110.0,4825.0,-10.4663212435233,,59.079283887468,21.4807090719499,11.2,67.8718469717109,2,2,0,75,"없음",43,-2.26244343891403,71,,,,0,0,,,,,0,,,0,0,4537.46298286765,4612.46298286765
20261006,003480,"한진중공업홀딩스",KOSPI,4695.0,0.32,"가스유틸리티",2.99,1.06271681,138642467340.0,4965.0,-6.04229607250755,,27.3425499231951,26.0504201680672,6.0,126.707010963971,2,2,0,86,"없음",49,2.75330396475771,77,,,,0,0,,,,,0,,,0,0,4961.95567263696,5631.95567263696
20261006,003490,"대한항공",KOSPI,31000.0,1.31,"항공사",491.44,821.86155995,11414838879000.0,32500.0,-3.84615384615385,,30.0220750551876,12.4314442413163,9.4,63.0689124765165,5,2,0,76,"수축중",64,32.6963906581741,92,20260922,8.95008605851979,2.65799236612502,1,0,,,,,1,30050.0,"저항→지지",0,0,30295.8364137623,30295.8364137623
20261006,003520,"영진약품",KOSPI,1036.0,-0.67,"제약",2.14,4.18939602,189476869316.0,1065.0,-3.00469483568075,,48.8558352402746,24.73604826546,6.8,63.6477193095467,0,2,0,84,"없음",30,-39.8018648018648,13,,,,0,0,,,,,0,,,0,0,1058.44608611239,1249.44608611239
20261006,003530,"한화투자증권",KOSPI,4615.0,-1.07,"증권",29.78,71.82654668,990137981625.0,5050.0,-8.31683168316832,,36.7690782953419,17.4484052532833,3.8,43.3277933048128,1,2,0,60,"없음",45,-28.2170542635659,26,20260904,8.97435897435896,3.88337354579069,0,0,,,,,1,4600.0,"지지 재탈환",0,0,4826.99226597245,4826.99226597245
20261006,003540,"대신증권",KOSPI,25300.0,-0.78,"증권",8.64,16.1703107,1205952987800.0,30650.0,-17.1288743882545,,51.3292433537832,26.2560777957861,12.2,54.2057238261435,1,1,0,59,"없음",27,-27.9432624113475,27,,,,0,0,,,,,0,,,0,0,28930.7680270486,28930.7680270486
20261006,003550,LG,KOSPI,115400.0,3.87,"복합기업",190.72,290.55707345,17447557261600.0,119200.0,-3.60738255033557,,38.7347391786903,15.0433944069431,10.0,57.565995825319,4,3,1,84,"돌파임박",73,38.768115942029,93,20260601,13.0968622100955,5.18565356893212,1,0,,,,,0,,,0,0,116285.237604303,116285.237604303
20261006,003570,"SNT다이내믹스",KOSPI,31050.0,-4.75,"자동차부품",41.39,31.231347275,1032496241850.0,36200.0,-12.8453038674033,,19.1176470588235,24.4897959183673,6.2,180.972565114726,0,2,0,69,"없음",32,-34.6790890269151,19,20260928,11.9544592030361,5.06852089207895,0,0,,,,,1,29200.0,"저항→지지",0,0,32059.8535087006,32559.8535087006
20261006,003580,"HLB글로벌",KOSPI,2080.0,17.45,"판매업체",76.87,13.1385514305,105380090400.0,2540.0,-18.503937007874,,0.0,24.5472837022133,9.6,965.700277755951,1,1,0,73,"없음",34,4.12474849094567,78,20261006,15.5778894472362,7.51174204822341,1,0,,,,,1,1694.0,"저항→지지",0,0,2220.59674415866,2220.59674415866
20261006,003610,"방림",KOSPI,5450.0,-0.73,"섬유,의류,신발,호화품",4.22,3.82179297,175003740100.0,6070.0,-9.55518945634267,,17.3838209982788,6.14035087719298,7.8,91.778187654294,3,1,0,62,"없음",40,8.49802371541502,81,,,,0,0,,,,,1,5420.0,"지지 재탈환",0,0,5751.5218834065,5751.5218834065
20261006,003620,"KG모빌리티",KOSPI,2585.0,1.97,"자동차",14.13,11.2410421425,523139147520.0,2750.0,-5.45454545454545,,56.8407423392318,15.1462994836489,9.4,118.282533005354,0,2,0,75,"없음",33,-21.9219219219219,37,,,,1,0,,,,,1,2590.0,"지지 재탈환",0,0,2714.34084149897,2846.34084149897
20261006,003650,"미창석유",KOSPI,121400.0,-1.3,"화학",3.12,2.90724795,211196180800.0,141500.0,-13.7809187279152,,43.1486880466472,20.863309352518,5.2,88.1397014267614,3,2,0,59,"없음",45,9.22112802148612,82,,,,0,0,,,,,0,,,0,0,131440.29877565,143940.29877565
20261006,003670,"포스코퓨처엠",KOSPI,203000.0,8.61,"화학",1042.84,558.8630549,18056082660000.0,193500.0,8.01033591731266,8.01033591731266,33.5687382297552,13.7810945273632,4.6,184.894360991472,1,1,0,70,"관망",34,2.7027027027027,77,,,,0,0,20261006,193500.0,209000.0,190.086187072283,1,173700.0,"저항→지지",1,1,175718.030556211,179418.030556211
20261006,003690,"코리안리",KOSPI,14420.0,0.21,"손해보험",17.39,32.279688895,2548317267020.0,15210.0,-5.06245890861275,,46.1290322580645,9.67741935483871,6.4,46.9647104694542,4,3,1,89,"없음",59,17.9738562091503,87,,,,0,0,,,,,0,,,0,0,14765.624078279,14765.624078279
20261006,003720,"삼영",KOSPI,6620.0,2.48,"화학",14.75,8.794920105,225080000000.0,6750.0,-1.62962962962963,,60.6991525423729,28.8647342995169,7.4,79.3089892008572,1,1,0,84,"없음",40,-4.73457675753228,67,20260810,9.71428571428572,6.38804202502458,1,0,,,,,1,6350.0,"저항→지지",0,0,6075.72631962963,7605.72631962963
20261006,003780,"진양산업",KOSPI,3985.0,-3.63,"화학",4.15,5.1183669325,51805000000.0,4470.0,-11.0738255033557,,25.9574468085106,26.6533066132265,11.2,96.9685410717223,0,1,0,75,"없음",25,-26.7955801104972,28,,,,0,0,,,,,1,3940.0,"저항→지지",0,0,4296.50110127498,4526.50110127498
20261006,003800,"에이스침대",KOSDAQ,32050.0,0.0,"가구",0.54,0.50120935,355434500000.0,33900.0,-5.45722713864307,,45.6973293768546,7.20720720720721,9.4,70.6198202404576,2,1,0,84,"없음",37,-2.43531202435312,71,,,,0,0,,,,,0,,,0,0,32459.7665965418,32459.7665965418
20261006,003830,"대한화섬",KOSPI,109000.0,0.83,"화학",0.07,0.168286,144752000000.0,123300.0,-11.5977291159773,,6.32911392405062,12.106135986733,6.2,25.1501501501502,0,2,0,80,"없음",40,-7.86136939983094,62,,,,0,0,,,,,0,,,0,0,113546.06406061,113546.06406061
20261006,003850,"보령",KOSPI,8530.0,1.31,"제약",2.99,9.842874085,731764875710.0,8960.0,-3.68303571428571,,15.6862745098039,11.7857142857143,9.6,43.1094545357634,0,1,0,64,"없음",27,-4.11111111111111,68,,,,1,0,,,,,1,8340.0,"지지 재탈환",0,0,8763.48689255721,8763.48689255721
20261006,003920,"남양유업",KOSPI,41850.0,-0.83,"식품",1.03,1.30924035,237433756950.0,43950.0,-4.66439135381115,,55.9167750325098,10.9913793103448,8.8,66.8536800662851,0,3,0,82,"없음",34,-15.5241935483871,49,,,,0,0,,,,,0,,,0,0,42093.0595495122,43743.0595495122
20261006,003960,"사조대림",KOSPI,27550.0,1.29,"식품",0.54,0.790741625,252481065850.0,31350.0,-12.5996810207337,,39.3188854489164,19.4528875379939,7.2,25.6760558739364,0,2,0,71,"없음",38,-12.32,54,,,,0,0,,,,,0,,,0,0,29410.7350978534,31310.7350978534
20261006,004000,"롯데정밀화학",KOSPI,42800.0,-0.12,"화학",17.76,21.6780385,1104240000000.0,49050.0,-12.7420998980632,,53.9412673879444,19.8643410852713,14.8,83.3510643586506,1,1,0,64,"없음",27,-12.3848515864893,54,,,,0,0,,,,,0,,,0,0,45272.9045595705,46972.9045595705
20261006,004020,"현대제철",KOSPI,29850.0,-0.5,"철강",235.91,257.541974725,3983356682250.0,37200.0,-19.2204301075269,,10.6060606060606,16.871704745167,9.4,121.949121794852,2,1,0,42,"관망",40,-10.6983655274889,57,20260915,9.38461538461539,2.7711412930873,0,0,,,,,0,,,0,0,33943.5092854747,33943.5092854747
20261006,004060,"SG세계물산",KOSPI,2055.0,-1.67,"섬유,의류,신발,호화품",1.38,1.1076293225,41598329280.0,2170.0,-3.91705069124424,,73.7864077669903,13.6752136752137,3.6,38.4514040716659,0,2,0,88,"없음",47,-59.1976516634051,4,20260810,8.02348336594911,17.0480638690598,0,0,,,,,0,,,0,0,2146.65231455142,3126.65231455142
20261006,004080,"신흥",KOSPI,14360.0,-0.69,"건강관리장비와용품",0.14,0.610734985,133548000000.0,16470.0,-12.8111718275653,,0.488599348534195,7.65449438202247,21.0,19.0471836834206,5,1,0,43,"없음",47,3.45821325648415,77,,,,0,0,,,,,1,14160.0,"저항→지지",0,0,15908.226135804,15908.226135804
20261006,004090,"한국석유",KOSPI,11910.0,-0.75,"화학",13.23,83.19647534,151186969200.0,14880.0,-20.4301075268817,,48.4782608695652,24.8254460822343,9.6,31.7435499890835,0,1,0,52,"없음",30,-25.3467843631778,31,20260910,10.3030303030303,49.7010464121426,0,0,,,,,1,11390.0,"저항→지지",0,0,13683.35284158,13683.35284158
20261006,004100,"태양금속",KOSPI,3265.0,-0.15,"자동차부품",17.82,12.33022958,119825500000.0,3185.0,2.51177394034537,2.1978021978022,0.0,19.1729323308271,10.0,162.367236505761,4,2,0,76,"없음",56,8.29187396351576,81,20260609,8.11287477954146,3.56420016047235,0,0,20261002,3185.0,3255.0,97.2227301745823,1,3185.0,"저항→지지",0,0,3020.34352811306,3020.34352811306
20261006,004140,"동방",KOSPI,1833.0,1.16,"항공화물운송과물류",2.24,1.699780593,87932247078.0,1850.0,-0.918918918918919,,58.8813767670559,14.4444444444444,9.6,102.677861126893,0,1,0,87,"없음",27,-35.9090909090909,18,,,,1,0,,,,,1,1778.0,"지지 재탈환",0,0,1743.72010055294,1814.72010055294
20261006,004150,"한솔홀딩스",KOSPI,3545.0,-2.88,"복합기업",3.51,2.418040565,145439367900.0,3665.0,-3.00136425648022,,41.9421487603306,15.224358974359,9.4,120.151806449203,4,3,1,94,"없음",56,12.6782884310618,84,,,,0,0,,,,,1,3465.0,"저항→지지",0,0,3450.55735762264,3450.55735762264
20261006,004170,"신세계",KOSPI,325000.0,-2.11,"백화점과일반상점",165.07,262.7735045,3069683825000.0,417500.0,-22.0359281437126,,81.6455696202532,59.1603053435115,13.2,58.9808911090225,2,2,0,59,"관망",50,8.31946755407654,81,,,,0,0,,,,,0,,,0,0,374681.318110179,575181.318110179
20261006,004250,NPC,KOSPI,2825.0,-0.88,"포장재",0.24,0.421003185,103734000000.0,2950.0,-3.38983050847458,,39.7932816537468,21.7179902755267,9.4,27.0422504066319,0,3,0,97,"없음",46,-26.1658031088083,30,,,,0,0,,,,,0,,,0,0,2887.35355648726,2922.35355648726
20261006,004310,"현대약품",KOSPI,8320.0,-0.24,"제약",45.51,758.007644985,266240000000.0,11750.0,-28.8510638297872,,47.0098803952158,19.3370165745856,4.2,11.5266582665596,2,2,0,61,"관망",55,-3.57554786620531,69,20260908,23.9904988123515,7.33239460169373,0,0,,,,,1,6630.0,"저항→지지",0,0,10200.397832412,10200.397832412
20261006,004360,"세방",KOSPI,13390.0,-0.45,"항공화물운송과물류",2.35,1.97035207,255957924170.0,13800.0,-3.26086956521739,,58.8662790697674,9.4197437829691,12.0,98.2782653918129,1,1,0,86,"없음",32,-9.18367346938776,60,,,,0,0,,,,,1,13340.0,"지지 재탈환",0,0,13284.9716881434,13284.9716881434
20261006,004370,"농심",KOSPI,394000.0,-2.48,"식품",53.63,94.3173585,2396560948000.0,412000.0,-3.7621359223301,,56.8181818181818,6.64993726474278,9.0,44.0969325043289,2,1,0,44,"없음",44,8.03814713896458,80,20260814,12.3234916559692,6.36402043562757,0,0,,,,,0,,,0,0,414874.19734065,432374.19734065
20261006,004380,"삼익THK",KOSPI,7790.0,0.13,"기계",1.84,1.71936269,161253000000.0,7890.0,0.253485424588086,,44.336569579288,25.3038674033149,10.0,86.4363168404451,0,3,0,85,"없음",38,-39.1538461538462,14,,,,1,0,,,,,1,7890.0,"지지 재탈환",0,0,7578.76164899232,8428.76164899232
20261006,004410,"서울식품",KOSPI,1219.0,-0.08,"식품",0.85,1.4534792315,48095660847.0,1244.0,-1.84887459807074,,38.6454183266932,22.0367278797997,9.6,33.3643917518005,0,3,0,88,"없음",46,-29.8275862068966,25,,,,0,0,,,,,0,,,0,0,1188.9411913296,1194.9411913296
20261006,004430,"송원산업",KOSPI,11570.0,0.0,"화학",9.6,11.89534714,277680000000.0,12400.0,-6.7741935483871,,66.3343558282209,24.5705750560119,9.6,50.3624252637014,4,1,0,84,"없음",55,30.0337457817773,90,20260701,15.0099403578529,2.88237899421077,0,0,,,,,1,11520.0,"지지 재탈환",0,0,11601.8301687943,12501.8301687943
20261006,004440,"삼일씨엔에스",KOSPI,5500.0,1.1,"건축자재",1.48,5.174040635,70025708500.0,6150.0,-10.7317073170732,,41.2857673727239,39.0420899854862,12.0,47.0104256424128,2,1,0,52,"없음",39,-44.0366972477064,10,20260811,9.59752321981424,3.32560408940144,1,0,,,,,0,,,0,0,5525.95110471788,5525.95110471788
20261006,004450,"삼화왕관",KOSPI,28250.0,-0.88,"포장재",0.03,0.3906285,60861206750.0,29100.0,-2.92096219931271,,17.9190751445087,12.2040072859745,14.6,7.36691507761952,2,3,0,82,"없음",55,2.35507246376812,76,,,,1,0,,,,,1,27150.0,"저항→지지",0,0,26939.1883109853,26939.1883109853
20261006,004490,"세방전지",KOSPI,64400.0,3.54,"자동차부품",50.6,48.10547595,892584000000.0,70700.0,-8.91089108910891,,60.1965601965602,17.1378091872792,11.2,117.385094697047,2,1,0,48,"없음",41,8.23529411764706,81,20260828,10.3161397670549,7.57188466200161,0,0,,,,,1,60600.0,"저항→지지",0,0,64489.7033025876,65589.7033025876
20261006,004540,"깨끗한나라",KOSPI,1230.0,-0.81,"종이와목재",0.13,0.3425590175,45806052390.0,1350.0,-8.51851851851852,,68.9183912534166,48.4184914841849,10.4,17.3293394430543,0,1,0,67,"없음",33,-39.0123456790123,14,20260716,26.542800265428,80.8079879671739,0,0,,,,,1,1220.0,"지지 재탈환",0,0,1252.81646174266,1932.81646174266
20261006,004560,"현대비앤지스틸",KOSPI,12330.0,-0.64,"비철금속",3.15,5.422898455,185921739630.0,13000.0,-5.23076923076923,,22.6248775710088,11.9047619047619,7.0,59.3790758924017,2,1,0,74,"없음",37,-16.304347826087,47,,,,0,0,,,,,1,12050.0,"저항→지지",0,0,12230.4994282356,12230.4994282356
20261006,004590,"한국가구",KOSDAQ,5240.0,0.58,"식품과기본식료품소매",1.01,1.45243366,78600000000.0,5420.0,-3.3210332103321,,34.478021978022,16.5202108963093,6.6,52.037172342532,2,1,0,86,"없음",45,7.15746421267894,80,20260616,15.0735294117647,2.89622699441682,0,0,,,,,1,5100.0,"저항→지지",0,0,5082.42168981861,5352.42168981861
20261006,004650,"창해에탄올",KOSDAQ,9270.0,-0.32,"음료",1.94,0.92741456,85199503950.0,9700.0,-4.43298969072165,,32.5910931174089,6.11169652265543,9.6,123.981670668062,0,1,0,79,"없음",27,-2.93193717277487,70,,,,0,0,,,,,0,,,0,0,9324.94260376587,9324.94260376587
20261006,004690,"삼천리",KOSPI,127700.0,-0.78,"가스유틸리티",4.98,7.5843197,463139422900.0,136900.0,-6.79327976625274,0.803506208911614,34.4476744186046,15.6078431372549,15.2,53.6679200518042,2,3,0,85,"없음",49,-8.20143884892086,62,,,,0,0,20260910,136900.0,138000.0,98.1326601630236,0,,,0,0,131525.505013527,131525.505013527
20261006,004700,"조광피혁",KOSPI,67000.0,0.6,"섬유,의류,신발,호화품",0.49,0.4335054,445492246000.0,68200.0,-1.75953079178886,,28.2666666666667,4.42748091603053,6.6,59.3940365501763,2,1,0,74,"없음",41,2.44648318042813,76,,,,1,0,,,,,1,66200.0,"저항→지지",0,0,64840.7491476403,64840.7491476403
20261006,004710,"한솔테크닉스",KOSPI,11980.0,-1.16,"전자장비와기기",94.07,103.73041056,635461333660.0,9430.0,27.677624602333,6.25662778366914,48.0881691408007,25.3254437869822,6.8,85.3744500262855,3,2,0,69,"수축중",47,178.510293777469,98,20260903,12.0052770448549,6.28913161420876,0,0,20260918,9430.0,10020.0,128.980904122241,1,9430.0,"저항→지지",0,0,10766.1211467607,10766.1211467607
20261006,004720,"팜젠사이언스",KOSPI,2895.0,1.58,"제약",0.18,0.42178099,65584386675.0,3190.0,-9.24764890282132,,37.7633711507293,20.9160305343511,15.4,33.849982771433,0,1,0,68,"없음",29,-21.0095497953615,39,,,,0,0,,,,,1,2850.0,"지지 재탈환",0,0,2966.13697780666,3286.13697780666
20261006,004770,"써니전자",KOSPI,1799.0,-2.07,"전자장비와기기",17.37,50.8740208195,63877880962.0,2705.0,-33.4195933456562,,61.6069221260816,32.3552123552124,4.4,52.7220634113268,4,2,0,55,"없음",62,11.9328775637042,84,20260903,11.7962466487936,5.15542077247999,0,0,,,,,0,,,0,0,2417.20261458946,2417.20261458946
20261006,004780,"대륙제관",KOSDAQ,4170.0,-2.23,"포장재",0.32,1.048933025,66316339830.0,4380.0,-4.79452054794521,,1.25523012552301,9.72375690607735,2.4,20.8364938792799,5,2,0,68,"없음",66,9.73684210526316,82,,,,0,0,,,,,1,4160.0,"저항→지지",0,0,4262.90397489432,4262.90397489432
20261006,004800,"효성",KOSPI,157700.0,-0.38,"복합기업",13.63,32.68030655,2639962183900.0,168200.0,-5.64803804994055,,60.6984751598623,28.8753799392097,9.6,40.3738696265733,2,1,0,72,"없음",41,23.5019455252918,89,,,,0,0,,,,,1,156500.0,"지지 재탈환",0,0,161766.508583854,163966.508583854
20261006,004830,"덕성",KOSPI,3415.0,2.71,"섬유,의류,신발,호화품",2.1,1.0547270075,53547200000.0,3395.0,0.589101620029455,0.589101620029455,50.8259212198221,21.9143576826196,6.4,72.988513102814,0,3,0,93,"없음",48,-19.9296600234467,40,,,,1,0,20261006,3395.0,3415.0,72.9010189613744,1,3245.0,"지지 재탈환",0,0,3269.82386181776,3689.82386181776
20261006,004840,"DRB동일",KOSPI,3980.0,-0.25,"화학",1.37,0.73034467,76704008720.0,4040.0,-0.99009900990099,,60.9794628751975,13.8392857142857,9.6,130.177420962495,0,1,0,54,"없음",27,-22.0272904483431,37,,,,0,0,,,,,1,3960.0,"지지 재탈환",0,0,3872.92452234774,4377.92452234774
20261006,004890,"동일산업",KOSPI,34700.0,0.73,"철강",0.11,0.155539975,84154960500.0,35600.0,-0.280898876404494,,0.0,9.34844192634561,9.6,39.237668161435,1,1,0,66,"없음",32,-7.79220779220779,62,,,,1,0,,,,,1,34400.0,"지지 재탈환",0,0,35074.9751186151,35074.9751186151
20261006,004910,"조광페인트",KOSPI,3340.0,-3.61,"건축자재",0.07,0.290887995,42752000000.0,3765.0,-9.16334661354582,,27.0491803278689,36.3905325443787,23.2,17.9383335855612,0,3,0,84,"없음",42,-27.9241306638567,27,,,,0,0,,,,,1,3400.0,"지지 재탈환",0,0,3445.3824637542,3585.3824637542
20261006,004960,"한신공영",KOSPI,10990.0,0.83,"건설",1.7,2.632241955,127162014980.0,12650.0,-13.4387351778656,,37.6012965964344,18.8311688311688,9.8,47.0954058887433,2,1,0,61,"없음",36,-27.5314361350099,27,,,,0,0,,,,,0,,,0,0,11547.5159414285,11547.5159414285
20261006,004970,"신라교역",KOSPI,9000.0,-0.77,"식품",0.71,0.968421675,144000000000.0,9240.0,-2.5974025974026,,8.35380835380835,13.4419551934827,10.6,59.8305930449385,0,1,0,44,"없음",31,-2.7027027027027,70,,,,0,0,,,,,0,,,0,0,8958.84983788878,9328.84983788878
20261006,004980,"성신양회",KOSPI,8070.0,-0.98,"건축자재",5.58,4.51269853,197844709110.0,8400.0,-3.69047619047619,,73.1560891938251,31.0274669379451,12.0,105.148905706808,0,1,0,81,"없음",31,-9.40649496080627,60,20260707,8.72162485065711,11.5458266151939,0,0,,,,,0,,,0,0,8215.83040143322,8415.83040143322
20261006,004990,"롯데지주",KOSPI,23350.0,-1.89,"복합기업",30.24,31.298611475,2327149169600.0,25600.0,-8.59375,,51.0769230769231,11.875,9.4,100.764358558144,0,3,0,87,"없음",34,-14.2857142857143,51,,,,0,0,,,,,0,,,0,0,24202.8258692704,24202.8258692704
20261006,005010,"휴스틸",KOSPI,4055.0,0.62,"철강",19.03,30.665780955,227842644125.0,4490.0,-9.24276169265033,,10.1949025487256,25.150421179302,9.8,97.4290484530428,1,3,0,83,"없음",40,-22.2328244274809,36,20260930,10.7652399481193,13.6296529674692,1,0,,,,,1,4040.0,"저항→지지",0,0,4071.45452463013,4071.45452463013
20261006,005070,"코스모신소재",KOSPI,47600.0,0.85,"화학",151.47,59.4121098,1581013579600.0,46300.0,3.34773218142549,1.72786177105832,29.2682926829268,31.7948717948718,10.0,294.368192220604,1,3,0,84,"없음",45,-7.26744186046512,63,,,,0,0,20261002,46300.0,47100.0,277.111077287026,1,46300.0,"저항→지지",1,1,42734.1380187175,42734.1380187175
20261006,005090,"SGC에너지",KOSPI,48100.0,0.84,"에너지장비및서비스",39.76,61.01518445,693088917300.0,62400.0,-22.5961538461538,,53.95206527282,30.7237813884786,4.8,48.3920415010368,3,2,0,57,"없음",60,-16.1458333333333,48,20260723,29.1617473435655,7.25111432874596,0,0,,,,,0,,,0,0,53999.4984592634,59299.4984592634
20261006,005160,"동국산업",KOSDAQ,4190.0,5.54,"철강",236.08,113.7952374125,227284379580.0,3980.0,4.52261306532663,4.52261306532663,0.0,12.7744510978044,9.4,421.37487863805,4,2,0,71,"돌파완료",69,32.2734499205087,92,20261002,18.0059523809524,2.96975138624313,0,0,20261006,3980.0,4160.0,459.727502773921,1,2620.0,"저항→지지",0,0,3667.86849433663,3667.86849433663
20261006,005180,"빙그레",KOSPI,83000.0,-0.24,"식품",22.49,45.9086497,733869483000.0,89100.0,-6.62177328843996,,49.4851258581236,17.1875,4.6,31.9504417865074,4,2,0,68,"없음",65,18.0141843971631,87,20260820,9.54773869346734,2.84089827740805,0,0,,,,,0,,,0,0,86999.3853513428,88699.3853513428
20261006,005250,"녹십자홀딩스",KOSPI,9750.0,0.72,"제약",4.95,4.75794137,458525047500.0,11470.0,-14.9084568439407,,58.695652173913,14.337899543379,7.2,60.1936418318019,0,1,0,52,"없음",26,-26.781695423856,28,,,,0,0,,,,,1,9730.0,"지지 재탈환",0,0,10838.2151786164,10838.2151786164
20261006,005290,"동진쎄미켐",KOSDAQ,52300.0,0.58,"반도체와반도체장비",258.48,196.703814475,2665737589800.0,47100.0,11.0403397027601,2.33545647558386,54.8002803083392,35.9840954274354,11.2,119.97731841341,3,2,0,62,"수축중",51,18.1920903954802,87,20261001,9.9585062240664,4.07499224680456,0,0,20260930,47100.0,48200.0,212.035845550438,1,47100.0,"저항→지지",0,0,48723.5669854596,48723.5669854596
20261006,005300,"롯데칠성",KOSPI,94900.0,-0.63,"음료",13.02,11.5735168,880566091600.0,100200.0,-5.48902195608782,,55.4435483870968,10.4106972301815,9.0,87.0112709491539,0,2,0,81,"없음",35,-16.9298245614035,46,,,,0,0,,,,,0,,,0,0,95221.8543140123,100721.854314012
20261006,005380,"현대차",KOSPI,348000.0,0.43,"자동차",1385.89,1656.00481025,70806339216000.0,459500.0,-24.1566920565832,,75.9197324414716,34.0155945419103,12.2,68.3248523958399,2,2,0,53,"관망",45,-21.7732884399551,37,,,,0,0,,,,,0,,,0,0,366041.077400191,430541.077400191
20261006,005420,"코스모화학",KOSPI,11900.0,6.34,"화학",25.88,10.338065025,457057913200.0,10780.0,11.317254174397,4.17439703153989,44.5054945054945,17.2268907563025,4.4,212.186085416345,0,3,0,87,"없음",34,-19.3006052454607,42,,,,0,0,20261002,10780.0,11230.0,149.049957018712,1,10850.0,"저항→지지",1,1,10164.4212885007,10824.4212885007
20261006,005430,"한국공항",KOSPI,96800.0,-0.82,"운송인프라",6.05,5.2347024,306503164000.0,102600.0,-6.53021442495127,,45.4976303317536,19.8744769874477,8.0,59.2197800967813,5,3,1,92,"없음",68,68.8380281690141,96,20261001,13.9169472502806,3.51480964280465,0,0,,,,,1,83500.0,"저항→지지",0,0,93485.8165099651,93485.8165099651
20261006,005440,"현대지에프홀딩스",KOSPI,12460.0,-1.81,"복합기업",43.66,43.38395013,2285129099540.0,13520.0,-7.84023668639053,,58.7849910661108,25.9259259259259,11.2,118.384492292242,2,1,0,77,"없음",41,-9.38181818181818,60,20260625,9.03747244673034,3.44794388418733,0,0,,,,,1,12250.0,"저항→지지",0,0,12874.1879479526,13094.1879479526
20261006,005490,"POSCO홀딩스",KOSPI,317500.0,2.09,"철강",686.59,665.1514535,25159184822500.0,351000.0,-9.11680911680912,,55.2816901408451,15.3846153846154,9.8,88.3730651180095,2,1,0,61,"관망",39,-4.06015037593985,68,,,,0,0,,,,,0,,,0,0,324048.401994062,328548.401994062
20261006,005500,"삼진제약",KOSPI,19290.0,1.1,"제약",4.41,4.07035772,256942800000.0,24250.0,-20.2886597938144,,0.0,14.3152454780362,11.2,71.2445090711549,1,1,0,74,"없음",27,7.56816917084029,80,,,,1,0,,,,,1,18750.0,"저항→지지",0,0,22821.5085791249,22821.5085791249
20261006,005610,"삼립",KOSPI,41150.0,-1.67,"식품",0.98,1.108058425,355083720350.0,42300.0,-2.83687943262411,,45.1327433628319,9.51188986232791,9.0,72.1156751138987,0,1,0,74,"없음",27,-16.969696969697,46,,,,0,0,,,,,1,40200.0,"지지 재탈환",0,0,40173.3456947036,40173.3456947036
20261006,005670,"푸드웰",KOSDAQ,6160.0,0.0,"식품",0.2,1.6097961,61600000000.0,6450.0,-4.49612403100775,,45.610278372591,16.597510373444,6.6,10.8052969001657,1,3,0,89,"없음",39,6.57439446366782,79,,,,0,0,,,,,0,,,0,0,6092.11849985998,6832.11849985998
20261006,005680,"삼영전자",KOSPI,12500.0,-0.56,"전기제품",1.77,2.651477975,250000000000.0,13740.0,-7.64192139737991,,63.0760688506385,26.761433868974,10.8,55.7125299615758,2,3,0,79,"없음",50,-16.403162055336,47,20260526,19.7991391678623,18.1848786568142,1,0,,,,,1,12400.0,"저항→지지",0,0,12775.5589677846,15215.5589677846
20261006,005690,"파미셀",KOSPI,13250.0,6.85,"화학",360.37,195.511179015,795053185500.0,13820.0,-3.90738060781476,,25.083836351442,32.2515212981744,6.0,231.392250076842,0,2,0,63,"관망",35,-8.9787525702536,60,,,,0,0,,,,,1,11400.0,"저항→지지",0,0,12291.5000086676,13261.5000086676
20261006,005710,"대원산업",KOSDAQ,10460.0,-0.19,"자동차부품",3.92,1.089160765,209593296000.0,11420.0,-8.40630472854641,,4.85294117647059,14.2737195633921,7.4,356.615598755161,0,2,0,68,"없음",28,-16.1858974358974,48,,,,0,0,,,,,0,,,0,0,10617.5967506805,11107.5967506805
20261006,005720,"넥센",KOSPI,6440.0,-0.62,"자동차부품",5.57,2.93254139,338383211880.0,6290.0,2.22575516693164,3.17965023847377,36.9685767097967,17.2573189522342,9.4,245.254308570117,3,2,0,80,"없음",51,1.57977883096366,75,20260930,10.865561694291,21.6106601984016,0,0,20261002,6290.0,6490.0,483.210452613247,1,5690.0,"저항→지지",0,0,6000.70141062423,6000.70141062423
20261006,005740,"크라운해태홀딩스",KOSPI,5230.0,-0.19,"식품",0.16,1.26278786,77651624810.0,5400.0,-2.40740740740741,,55.6972789115646,15.391156462585,9.4,13.9098407225281,0,1,0,51,"없음",31,-18.9230769230769,42,,,,1,0,,,,,0,,,0,0,5329.75712564513,5869.75712564513
20261006,005750,"대림바스",KOSPI,4230.0,-0.12,"건축제품",0.86,1.12293045,70185175200.0,5490.0,-22.7686703096539,,24.4005641748942,15.0276243093923,11.2,46.5408369208381,0,1,0,47,"없음",26,-22.7686703096539,35,,,,0,0,,,,,0,,,0,0,4413.33753572462,5108.33753572462
20261006,005800,"신영와코루",KOSPI,13360.0,-1.18,"섬유,의류,신발,호화품",0.7,0.555070035,120240000000.0,14080.0,-5.11363636363636,,10.0522193211488,9.93788819875776,7.4,137.326887966394,0,1,0,73,"없음",27,-13.3030499675535,53,,,,0,0,,,,,0,,,0,0,13277.4140596318,13687.4140596318
20261006,005810,"풍산홀딩스",KOSPI,36500.0,-0.82,"비철금속",2.38,3.8103497,526231158000.0,37950.0,-3.03030303030303,,53.6312849162011,17.8521617852162,9.6,31.9591536837967,1,3,0,100,"없음",51,7.28862973760933,80,,,,0,0,,,,,0,,,0,0,36157.0895220603,37307.0895220603
20261006,005820,"원림",KOSPI,14500.0,-0.21,"포장재",0.18,0.2475813,33320565000.0,16000.0,-9.375,,18.9624329159213,16.7435728411338,11.6,61.3590311932191,2,2,0,66,"없음",49,-3.39773484343771,69,,,,0,0,,,,,0,,,0,0,14831.233746621,14831.233746621
20261006,005830,"DB손해보험",KOSPI,182700.0,-0.05,"손해보험",170.48,393.47825435,11966913762300.0,193300.0,-5.27677185721676,,37.7748167888075,11.6852613035819,8.8,43.041266479817,5,1,0,53,"관망",56,11.7826617826618,84,,,,0,0,,,,,0,,,0,0,192278.541189137,192278.541189137
20261006,005850,"에스엘",KOSPI,52300.0,0.38,"자동차부품",40.9,33.39679035,2429257596000.0,50800.0,3.1496062992126,1.5748031496063,64.4444444444444,22.3577235772358,11.8,101.35929499078,2,1,0,49,"없음",41,-5.41516245487365,66,,,,0,0,20261001,50800.0,51600.0,157.135514251132,1,50800.0,"저항→지지",0,0,48326.4905135698,59126.4905135698
20261006,005860,"한일사료",KOSDAQ,2320.0,-1.9,"식품",4.28,20.6201649825,91416549200.0,2470.0,-6.07287449392713,,72.9559748427673,32.4324324324324,9.6,17.9011978578889,0,1,0,67,"없음",35,-41.927409261577,12,20260720,14.9377593360996,21.1943471259458,0,0,,,,,0,,,0,0,2618.38444349263,2788.38444349263
20261006,005870,"휴니드",KOSPI,4500.0,-1.85,"우주항공과국방",2.5,1.7895837925,63522067500.0,4585.0,-1.41766630316249,,45.8049886621315,12.1900826446281,6.4,124.477803740915,0,3,0,90,"없음",36,-42.7848101265823,11,,,,0,0,,,,,0,,,0,0,4232.80475157659,4452.80475157659
20261006,005880,"대한해운",KOSPI,2035.0,-5.35,"해운사",41.72,27.701350642,656790836900.0,2095.0,-2.14797136038186,2.86396181384248,35.340022296544,19.7080291970803,11.2,106.719857709164,2,1,0,70,"없음",40,-14.4050104384134,51,,,,0,0,20261002,2095.0,2155.0,88.5032004927908,1,2000.0,"지지 재탈환",0,0,2010.67740822306,2010.67740822306
20261006,005930,"삼성전자",KOSPI,271500.0,-1.63,"반도체와반도체장비",34753.13,44387.45265225,1.587264642072e+15,286500.0,-4.71204188481675,,65.6426332288401,14.7368421052632,5.8,57.1177901172396,4,1,0,85,"관망",51,63.2775119617225,95,,,,0,0,,,,,1,271000.0,"저항→지지",0,0,260635.949179878,262135.949179878
20261006,005940,"NH투자증권",KOSPI,26650.0,-1.11,"증권",85.46,110.53658625,9839342698250.0,26850.0,-0.558659217877095,,67.9476696647588,14.8148148148148,6.8,67.0813200476784,2,3,0,92,"관망",49,-9.7972972972973,59,,,,0,0,,,,,1,26650.0,"저항→지지",0,0,25363.250808847,29713.250808847
20261006,005950,"이수화학",KOSPI,11850.0,2.86,"화학",40.86,36.022723385,311585902650.0,12240.0,-3.02287581699346,,69.0856908569086,37.9351740696279,6.4,69.441196315117,4,2,0,64,"없음",64,54.1558441558442,95,,,,0,0,,,,,1,10800.0,"지지 재탈환",0,0,10693.6506487781,15113.6506487781
20261006,005960,"동부건설",KOSPI,8490.0,0.12,"건설",1.91,4.477705065,194817168870.0,8900.0,-5.39325842696629,,37.4055415617128,21.5384615384615,6.0,42.9465848133708,4,1,0,80,"없음",51,7.94871794871795,80,20260814,8.51900393184797,3.23690703714718,0,0,,,,,1,7660.0,"저항→지지",0,0,8152.28831460706,8352.28831460706
20261006,005990,"매일홀딩스",KOSDAQ,10350.0,-1.15,"식품",0.53,0.33111388,137637446400.0,11100.0,-6.75675675675676,,0.0,7.57855822550832,7.0,192.574640024611,0,1,0,64,"없음",27,-5.90909090909091,65,,,,0,0,,,,,1,10340.0,"지지 재탈환",0,0,10497.4955409807,10497.4955409807
20261006,006040,"동원산업",KOSPI,35300.0,-0.14,"식품",9.82,10.8468421,1558170910700.0,36250.0,-3.03448275862069,,52.3206751054852,15.4390934844193,15.2,68.6937052020055,0,1,0,80,"없음",31,-7.25593667546174,63,,,,0,0,,,,,0,,,0,0,36629.3476338998,37179.3476338998
20261006,006050,"국영지앤엠",KOSDAQ,2950.0,4.06,"건축제품",1.71,1.89308983,10294095800.0,5740.0,-48.6062717770035,,31.8897637795276,81.7558299039781,21.4,207.209957659308,0,2,0,59,"없음",30,-77.6006074411541,1,20260908,8.13594232749744,4.71015719331505,0,0,,,,,0,,,0,0,5084.43583018901,5374.43583018901
20261006,006060,"화승인더",KOSPI,2250.0,0.45,"섬유,의류,신발,호화품",0.98,1.324075225,124470000000.0,2445.0,-8.38445807770961,,49.0813648293963,17.3333333333333,6.8,68.8962087378308,0,2,0,63,"없음",28,-28.548644338118,26,,,,0,0,,,,,0,,,0,0,2364.03475527444,2484.03475527444
20261006,006090,"사조오양",KOSPI,9020.0,-0.22,"식품",0.12,0.42234575,84993078720.0,9180.0,-1.85185185185185,,26.9311064718163,11.0236220472441,10.6,7.1943969411461,3,1,0,72,"없음",46,10.6879606879607,83,,,,0,0,,,,,1,8980.0,"저항→지지",0,0,8710.9440820144,8900.9440820144
20261006,006110,"삼아알미늄",KOSPI,69500.0,11.02,"비철금속",263.82,99.64766365,1051080122500.0,75500.0,-7.68211920529801,,42.5899953249182,31.8783068783069,9.6,204.680581565425,4,1,0,48,"없음",53,73.3830845771144,96,20261006,10.8108108108108,2.64440571325649,0,0,,,,,1,62000.0,"저항→지지",0,0,61761.116964092,64761.116964092
20261006,006120,"SK디스커버리",KOSPI,66000.0,-2.65,"석유와가스",14.44,17.46725155,1149307566000.0,58700.0,13.2879045996593,3.40715502555366,32.753164556962,22.1518987341772,9.6,81.4937587942237,2,3,0,86,"없음",43,30.3921568627451,91,20260625,12.6136363636364,5.92451471548731,0,0,20260923,58700.0,60700.0,169.758746761007,1,58500.0,"저항→지지",0,0,62380.1685488803,62380.1685488803
20261006,006140,"피제이전자",KOSDAQ,5790.0,1.76,"건강관리장비와용품",153.61,13.420063095,86068350000.0,4870.0,19.0965092402464,16.8377823408624,0.0,17.2557172557173,9.4,2158.24134577091,0,1,0,69,"없음",30,-7.49601275917065,63,20261002,30.5045871559633,68.9515137402927,0,0,20261002,4870.0,5690.0,4526.38780055983,1,5380.0,"저항→지지",1,1,5150.23405355228,5150.23405355228
20261006,006220,"제주은행",KOSPI,9690.0,0.0,"은행",10.52,17.794068715,366268017330.0,10070.0,-3.77358490566038,,53.2958610117527,18.3673469387755,9.8,40.0032009661892,0,1,0,93,"없음",35,-17.8813559322034,44,20260610,14.55525606469,16.9142665833107,0,0,,,,,1,9550.0,"지지 재탈환",0,0,9706.2296298137,10136.2296298137
20261006,006260,LS,KOSPI,299000.0,0.17,"전기장비",463.55,349.3863635,9328800000000.0,338500.0,-11.2259970457903,,61.3851992409867,32.5190839694656,9.6,111.481925402462,2,2,0,76,"관망",45,17.3828125,86,,,,0,0,,,,,0,,,0,0,298717.251673047,319217.251673047
20261006,006280,"녹십자",KOSPI,127500.0,1.35,"제약",28.81,28.1259982,1490033595000.0,126500.0,1.10671936758893,1.10671936758893,43.9784946236559,12.3529411764706,7.2,80.5525825924474,0,3,0,91,"없음",35,-10.4968509447166,58,,,,1,0,20261006,126500.0,127900.0,79.5403020473649,1,126500.0,"저항→지지",0,0,122452.968453022,127152.968453022
20261006,006340,"대원전선",KOSPI,13400.0,0.22,"전기장비",176.39,333.5676667,1050753174400.0,14650.0,-8.32764505119454,,69.2764378478664,25.0458155161881,8.0,20.6315733802994,4,1,0,75,"관망",57,172.967479674797,98,20260805,12.037708484409,3.30103096344358,0,0,,,,,0,,,0,0,12973.0683298855,14693.0683298855
20261006,006360,"GS건설",KOSPI,32900.0,-0.45,"건설",272.39,563.32671425,2815631021000.0,39350.0,-16.010165184244,,45.0374531835206,19.3589743589744,5.0,34.2603950783611,4,2,0,80,"수축중",65,31.6733067729084,91,20260723,18.213058419244,3.54513857237485,0,0,,,,,0,,,0,0,34706.946212653,34706.946212653
20261006,006370,"대구백화점",KOSPI,3045.0,1.84,"백화점과일반상점",1.27,2.4972905125,32951805495.0,3215.0,-5.44323483670296,,73.9942528735632,46.0576923076923,6.0,41.9919344861467,0,2,0,59,"없음",40,-39.8019801980198,13,20260827,11.2947658402204,3.42699271418704,0,0,,,,,0,,,0,0,3186.53738071277,6151.53738071277
20261006,006400,"삼성SDI",KOSPI,572000.0,8.13,"전기제품",3521.6,1858.2274665,46094923160000.0,600000.0,-3.83333333333333,,49.2716366752356,26.8736616702355,9.8,153.424418463973,4,1,0,59,"관망",51,41.421568627451,93,,,,1,0,,,,,1,518000.0,"저항→지지",1,0,520418.815551058,546418.815551058
20261006,006490,"프리티",KOSPI,1459.0,-0.48,"무선통신서비스",0.99,5.2027155615,25891899847.0,3025.0,-51.7685950413223,,14.5633187772926,61.09375,17.8,55.3524754031949,0,1,0,27,"없음",26,-28.2694198623402,26,20260914,8.36820083682008,140.513790748561,0,0,,,,,1,1327.0,"지지 재탈환",0,0,2671.61427173259,2671.61427173259
20261006,006570,"대림통상",KOSPI,1920.0,-0.57,"건축제품",0.45,0.52281312,29232000000.0,2080.0,-9.56730769230769,,15.2197213290461,17.6818181818182,4.8,16.1043418112856,0,1,0,52,"없음",29,-6.88118811881188,63,,,,0,0,,,,,0,,,0,0,1932.67016642806,2412.67016642806
20261006,006620,"동구바이오제약",KOSDAQ,3550.0,1.0,"제약",2.12,1.6314514575,101050721600.0,3610.0,-1.66204986149584,,38.2775119617225,19.2448233861145,7.2,63.0955007615801,0,3,0,95,"없음",46,-29.8418972332016,25,,,,0,0,,,,,0,,,0,0,3387.51380518241,3812.51380518241
20261006,006650,"대한유화",KOSPI,91400.0,-0.11,"화학",34.66,48.7702079,594100000000.0,115900.0,-22.8645383951682,,45.8507963118189,23.0097087378641,9.8,101.900385845247,0,1,0,48,"없음",29,-31.2307692307692,23,20260909,13.5942327497425,2.93745647366428,0,0,,,,,0,,,0,0,104962.750721856,104962.750721856
20261006,006660,"삼성공조",KOSPI,13460.0,2.36,"자동차부품",33.8,39.694367235,109380186440.0,13800.0,-2.10144927536232,,63.1899641577061,28.7679425837321,6.2,41.7707599695489,1,3,0,87,"없음",58,22.4841341795104,88,20260818,29.9226139294927,3.55520674533634,0,0,,,,,0,,,0,0,12113.9286617708,15033.9286617708
20261006,006730,"서부T&D",KOSDAQ,11500.0,0.17,"호텔,레스토랑,레저",42.77,32.945441595,739184614500.0,11580.0,-0.431778929188256,,41.6860015467904,18.5153583617747,7.2,95.7383266084438,1,1,0,83,"관망",35,-11.579754601227,56,,,,0,0,,,,,1,11300.0,"저항→지지",0,0,10644.3559255093,10644.3559255093
20261006,006740,"블루산업개발",KOSPI,4780.0,-1.24,"종이와목재",0.35,0.30535034,28445584020.0,5380.0,-11.7100371747212,,44.4271239282931,23.9928379588183,9.6,57.0936763635766,0,2,0,65,"없음",45,-27.6466108149276,27,20260724,10.1925254813137,19.8951865602018,0,0,,,,,0,,,0,0,4922.96904763732,5922.96904763732
20261006,006800,"미래에셋증권",KOSPI,31950.0,0.95,"증권",431.91,315.088174,17349522579450.0,34750.0,-7.62589928057554,,66.0766961651917,25.0,6.8,102.118625047036,2,2,0,74,"관망",47,-47.8896103896104,8,,,,0,0,,,,,1,31400.0,"지지 재탈환",0,0,33063.7059487484,39163.7059487484
20261006,006840,"AK홀딩스",KOSPI,7000.0,0.0,"화학",0.55,0.500348595,92732927000.0,8060.0,-13.3995037220844,,6.45695364238411,11.044776119403,9.4,80.6380337536809,0,1,0,49,"없음",22,-14.2506142506143,51,,,,0,0,,,,,0,,,0,0,7386.41817507752,7386.41817507752
20261006,006880,"신송홀딩스",KOSPI,4200.0,-0.47,"식품과기본식료품소매",0.44,4.72217291,49681203600.0,4480.0,-6.02678571428571,,41.1417322834646,20.3761755485893,7.2,21.0599713153554,0,1,0,52,"없음",31,-39.0738060781476,14,,,,0,0,,,,,0,,,0,0,5012.53714648621,5012.53714648621
20261006,006890,"태경케미컬",KOSPI,4835.0,-0.41,"화학",0.96,1.0591780425,56086000000.0,5900.0,-17.0338983050847,,59.4618055555556,31.4203730272597,11.2,56.0887549939545,0,2,0,60,"없음",35,-50.5055611729019,6,20260713,8.29015544041452,22.3585463645168,0,0,,,,,0,,,0,0,4859.81757557828,5959.81757557828
20261006,006910,"보성파워텍",KOSDAQ,7520.0,1.62,"전기장비",48.61,84.59001125,369456276480.0,7770.0,-3.08880308880309,,50.755939524838,24.7630331753554,6.8,50.6635041395451,2,3,0,94,"관망",61,-20.4016913319239,40,20260813,8.27586206896551,10.5759792340345,1,0,,,,,0,,,0,0,7208.55361113462,7618.55361113462
20261006,006920,"모헨즈",KOSDAQ,3010.0,-1.95,"건축자재",0.86,2.0963859125,32869200000.0,3630.0,-16.8044077134986,,83.945178658835,21.2518195050946,9.4,32.0641961058386,2,1,0,58,"없음",40,-34.3478260869565,19,20260624,29.8368298368298,7.10311230361793,0,0,,,,,0,,,0,0,3295.07327438323,3297.07327438323
20261006,006980,"우성",KOSPI,17010.0,1.01,"식품",0.4,1.886072925,52560900000.0,18830.0,-12.6925119490175,,31.7980022197558,22.7053140096618,3.6,49.7788923257047,2,2,0,61,"없음",52,-19.4117647058824,41,20260907,14.5454545454546,81.2212565892577,0,0,,,,,1,16240.0,"저항→지지",0,0,19057.4177232632,19057.4177232632
20261006,007070,"GS리테일",KOSPI,22200.0,0.23,"백화점과일반상점",17.55,44.339105,1856084613000.0,26250.0,-15.4285714285714,,54.2574257425743,26.6441821247892,7.4,42.0715855648446,3,2,0,57,"없음",43,1.36986301369863,75,,,,0,0,,,,,0,,,0,0,24257.798753185,27657.798753185
20261006,007120,"미래아이앤지",KOSPI,992.0,1.12,"IT서비스",0.38,0.5097725425,27104529088.0,1200.0,-16.6666666666667,,44.3023902167871,38.0193905817175,7.0,36.633460826016,2,2,0,57,"없음",50,-48.8229273285568,7,20260812,27.5427542754275,44.3198328792915,0,0,,,,,0,,,0,0,1071.3061473001,1281.3061473001
20261006,007160,"사조산업",KOSPI,48250.0,0.94,"식품",0.74,0.801716975,241250000000.0,50800.0,-5.80708661417323,,54.3283582089552,19.434628975265,7.4,31.516816245847,0,1,0,80,"없음",35,-5.05952380952381,66,20260630,11.4942528735632,8.68864917146156,0,0,,,,,0,,,0,0,48045.2137077807,53045.2137077807
20261006,007210,"벽산",KOSPI,1455.0,0.9,"건축자재",0.6,0.7670812715,95098800000.0,1540.0,-6.2987012987013,,40.9227683049147,23.0403800475059,14.8,48.1012279178241,0,1,0,85,"없음",31,-20.7578253706755,39,,,,1,0,,,,,1,1429.0,"저항→지지",0,0,1456.49952858928,1456.49952858928
20261006,007280,"한국특강",KOSPI,2290.0,0.66,"철강",0.12,0.3309315575,65600576600.0,2690.0,-14.8698884758364,,3.52220520673814,24.4196428571429,13.0,7.18323472733134,0,1,0,58,"없음",26,-19.6773062083479,41,,,,0,0,,,,,1,2270.0,"지지 재탈환",0,0,2382.45249399207,2382.45249399207
20261006,007310,"오뚜기",KOSPI,315500.0,-0.16,"식품",8.2,9.654653,1264470365000.0,322000.0,-2.17391304347826,,47.5,8.94428152492669,4.0,59.3742759927134,0,2,0,88,"없음",35,-12.3783031988873,54,,,,0,0,,,,,0,,,0,0,323199.817500857,324199.817500857
20261006,007330,"푸른저축은행",KOSDAQ,9970.0,0.2,"기타금융",1.2,0.745635535,150375516000.0,10350.0,-3.67149758454106,,64.922480620155,8.09523809523809,12.0,127.537275107553,1,3,0,89,"없음",44,-8.94977168949772,60,,,,0,0,,,,,0,,,0,0,9981.69879610721,10121.6987961072
20261006,007340,"DN오토모티브",KOSPI,49650.0,-0.7,"자동차부품",38.96,56.660860425,2905064447250.0,52900.0,-6.04914933837429,,49.2286115007013,36.962962962963,6.4,38.4751948184551,4,2,0,83,"없음",62,30.2752293577982,91,20260814,19.1102123356926,5.01326980696005,0,0,,,,,1,47350.0,"저항→지지",0,0,46990.8200635699,61590.8200635699
20261006,007370,"진양제약",KOSDAQ,3980.0,0.13,"제약",0.27,0.26244696,56255656260.0,4155.0,-4.21179302045728,,47.4012474012474,11.5044247787611,9.6,58.867378861581,0,1,0,87,"없음",31,-9.1324200913242,60,,,,0,0,,,,,1,3970.0,"지지 재탈환",0,0,3961.06588166388,3961.06588166388
20261006,007390,"네이처셀",KOSDAQ,24800.0,0.2,"생물공학",38.36,43.234381725,1597989388800.0,25800.0,-3.68217054263566,,72.0930232558139,27.2566371681416,11.6,53.5142235690472,4,1,0,58,"관망",58,43.5586366262276,93,20260602,12.6373626373626,4.11609665152924,0,0,,,,,0,,,0,0,23285.0838655149,25485.0838655149
20261006,007530,"와이엠",KOSDAQ,1740.0,1.81,"자동차부품",0.11,0.8920698485,38722361940.0,1623.0,9.42698706099815,9.11891558841651,0.0,33.4128878281623,12.8,18.023403946084,0,1,0,73,"없음",33,-19.6380090497738,41,20260917,19.3396226415094,33.707650586303,0,0,20260917,1623.0,1771.0,2995.66316231595,1,1623.0,"저항→지지",0,0,1722.31658879774,1786.31658879774
20261006,007540,"샘표",KOSPI,46350.0,-0.75,"식품",3.4,41.26342815,93416941800.0,72400.0,-35.9116022099448,,48.3204134366925,8.89603429796356,7.0,25.0626410859733,0,1,0,51,"없음",30,-12.6177024482109,53,20260910,29.9883313885648,16.8138819131059,0,0,,,,,1,43800.0,"저항→지지",0,0,68090.3774278249,68090.3774278249
20261006,007570,"일양약품",KOSPI,8060.0,-0.25,"제약",0.85,1.249210805,153830451840.0,8970.0,-9.14158305462653,,25.9684361549498,15.5361050328228,7.2,60.3767843310833,0,2,0,67,"없음",30,-27.2970561998216,28,,,,0,0,,,,,1,7850.0,"지지 재탈환",0,0,8276.38289556555,8446.38289556555
20261006,007590,"동방아그로",KOSPI,5540.0,-1.07,"화학",0.33,0.136238515,75441376580.0,6000.0,-7.66666666666667,,0.0,21.7706821480406,2.2,118.677143469616,0,2,0,74,"없음",35,-6.10169491525424,65,,,,0,0,,,,,0,,,0,0,6564.7704402057,6564.7704402057
20261006,007660,"이수페타시스",KOSPI,131800.0,8.75,"반도체와반도체장비",1871.24,821.7535052,9675335064200.0,119800.0,10.3505843071786,2.50417362270451,35.2193995381062,12.1841155234657,6.2,203.007888306357,2,1,0,44,"관망",43,34.8979591836735,92,20260701,15.1646447140381,3.18204344649129,0,0,20261001,119800.0,122800.0,131.321050284237,1,119800.0,"저항→지지",1,1,107930.567207094,107930.567207094
20261006,007680,"대원",KOSDAQ,3070.0,0.99,"건설",0.13,0.22941458,40593805660.0,3320.0,-7.53012048192771,,76.8370607028754,53.0278232405892,12.0,31.7014055790408,0,1,0,67,"없음",29,-25.3041362530414,31,20260702,11.5862068965517,22.5716316773106,0,0,,,,,0,,,0,0,3156.15414011471,3581.15414011471
20261006,007690,"국도화학",KOSPI,37950.0,-1.04,"화학",3.72,6.08897355,351448574400.0,40000.0,-4.125,,62.4664879356568,20.7017543859649,9.6,40.211809560452,5,3,1,95,"없음",75,8.18053596614951,81,20260615,16.7449139280125,4.58934165135675,0,0,,,,,1,37300.0,"지지 재탈환",0,0,38707.5229688828,40007.5229688828
20261006,007700,"F&F홀딩스",KOSPI,13410.0,0.52,"섬유,의류,신발,호화품",0.35,0.99061295,524523661470.0,14000.0,-4.42857142857143,,52.1983161833489,11.8825100133511,7.4,15.6785699168983,0,1,0,91,"없음",31,-24.6197183098592,32,,,,0,0,,,,,0,,,0,0,13608.4254807591,14378.4254807591
20261006,007720,"소노스퀘어",KOSDAQ,1092.0,-0.73,"판매업체",0.21,0.268400828,22014818280.0,1177.0,-7.0518266779949,,2.26460071513707,45.3494771601541,16.2,57.9543901767983,0,1,0,45,"없음",25,-49.9084249084249,7,,,,0,0,,,,,0,,,0,0,1333.38616901581,1407.38616901581
20261006,007770,"한일화학",KOSDAQ,7880.0,-0.38,"화학",0.09,0.19967471,27658800000.0,8440.0,-6.63507109004739,,1.54494382022471,8.04248861911988,8.0,31.5113559792302,2,1,0,51,"없음",41,0.89628681177977,74,,,,0,0,,,,,1,7770.0,"저항→지지",0,0,8175.33181763534,8175.33181763534
20261006,007810,"코리아써키트",KOSPI,88600.0,7.52,"전자장비와기기",543.61,399.52069305,2124860132000.0,63300.0,41.0742496050553,4.89731437598736,56.9136522753792,33.8114754098361,6.4,143.310625007901,3,2,0,51,"수축중",39,27.5714285714286,90,20260929,8.90804597701149,3.02034483104328,0,0,20260922,63300.0,66400.0,975.410093531536,1,53900.0,"저항→지지",1,1,76499.8257589724,76499.8257589724
20261006,007820,"엠엑스로보틱스",KOSDAQ,3405.0,-3.68,"기계",3.06,4.43700842,79416241695.0,5450.0,-35.045871559633,,75.3042656268463,19.5121951219512,12.8,8.18957166662155,0,1,0,50,"없음",30,-25.7861635220126,30,20260812,29.9290780141844,53.7674891515994,0,0,,,,,1,3400.0,"지지 재탈환",0,0,3455.55210800898,4970.55210800898
20261006,007860,"서연",KOSPI,7610.0,-0.91,"자동차부품",0.79,1.75555959,178681612840.0,7900.0,-2.91139240506329,,55.1523947750363,23.3021077283372,12.8,37.6653230907511,0,2,0,61,"없음",33,-14.6829810901001,50,,,,0,0,,,,,1,7580.0,"저항→지지",0,0,7416.49368680996,8036.49368680996
20261006,007980,TP,KOSPI,1778.0,-0.5,"섬유,의류,신발,호화품",4.29,3.0554559875,83383488300.0,1838.0,-3.26441784548422,,27.1929824561403,14.8354430379747,6.4,133.282353055944,1,2,0,74,"없음",35,0.736543909348442,74,,,,0,0,,,,,1,1745.0,"저항→지지",0,0,1743.42348551989,1880.42348551989
20261006,008040,"사조동아원",KOSPI,7560.0,0.27,"식품",1.28,2.0865857,106705317600.0,9000.0,-17.3333333333333,,24.9172185430464,29.0909090909091,11.0,55.4765381929011,0,1,0,55,"없음",30,-25.6743256743257,30,20260904,9.89717223650386,3.3722485765312,0,0,,,,,0,,,0,0,7949.80869509643,7949.80869509643
20261006,008060,"대덕",KOSPI,16470.0,2.3,"전자장비와기기",20.08,12.260478875,515298504060.0,20700.0,-20.3864734299517,,57.9652605459057,30.4209183673469,10.8,143.872023554131,3,1,0,45,"없음",37,34.42088091354,92,,,,0,0,,,,,1,14670.0,"저항→지지",0,0,14978.1075467778,19078.1075467778
20261006,008250,"이건산업",KOSPI,3210.0,2.07,"건축자재",1.51,1.0910077125,35157958350.0,3300.0,-2.57575757575758,,60.4255319148936,18.3501683501683,10.4,32.1234646732084,0,1,0,50,"없음",35,-15.7273918741809,49,20260825,29.9625468164794,6.02810292329058,1,0,,,,,1,3075.0,"지지 재탈환",0,0,2959.02727203405,4169.02727203405
20261006,008260,"NI스틸",KOSPI,3275.0,-1.5,"건축자재",1.78,2.3292059525,93665383175.0,3575.0,-8.11188811188811,,37.7617053673392,14.8541114058355,5.8,49.2543338032373,0,3,0,89,"없음",46,-4.36681222707424,67,20260820,9.66719492868462,6.33988052179242,0,0,,,,,0,,,0,0,3398.52059570213,3508.52059570213
20261006,008350,"남선알미늄",KOSPI,1073.0,0.19,"비철금속",3.85,7.244311429,138501863570.0,1102.0,-2.63157894736842,,56.3117453347969,14.9498632634458,7.0,45.5669131212695,2,3,0,95,"없음",55,-40.3888888888889,13,,,,0,0,,,,,1,1063.0,"저항→지지",0,0,1062.14991211527,1078.14991211527
20261006,008370,"원풍",KOSDAQ,5110.0,-1.35,"화학",1.65,0.6084482775,61320000000.0,5520.0,-7.42753623188406,,0.0,10.6796116504854,14.8,472.17927502446,4,2,0,69,"없음",48,3.23232323232323,77,,,,0,0,,,,,1,5090.0,"저항→지지",0,0,5217.20002549648,5217.20002549648
20261006,008420,"문배철강",KOSPI,2110.0,1.69,"철강",0.6,2.3288507475,43262395550.0,2550.0,-17.6470588235294,,57.2664359861592,30.3085299455535,14.0,24.7839316254706,2,3,0,84,"없음",45,-4.32801822323462,67,20260610,12.6760563380282,5.08771509210187,0,0,,,,,0,,,0,0,2363.14154113899,2363.14154113899
20261006,008470,"부스타",KOSDAQ,1639.0,-0.79,"기계",0.12,0.353710033,27550934400.0,1800.0,-8.94444444444444,,46.4156988386063,26.7563527653214,21.8,20.767347991839,0,1,0,45,"없음",33,-17.305751765893,45,20260707,14.8218829516539,7.43610781211753,0,0,,,,,0,,,0,0,1611.70000912688,2161.70000912688
20261006,008490,"서흥",KOSPI,20150.0,-1.23,"제약",1.76,2.765257285,233117626950.0,21550.0,-6.26450116009281,,66.7041198501873,36.1374795417349,7.2,20.8981550707574,1,2,0,83,"없음",52,9.48509485094851,82,20260810,20.9302325581395,11.1258819774533,0,0,,,,,0,,,0,0,19973.5675262747,28873.5675262747
20261006,008700,"아남전자",KOSPI,1245.0,0.4,"전자제품",1.72,2.4186457755,96020400900.0,1292.0,-3.71517027863777,,48.4822202948829,8.38461538461539,1.6,35.1083613973938,0,2,0,73,"없음",47,-21.2658227848101,38,20260602,10.4651162790698,12.5308143827389,0,0,,,,,0,,,0,0,1211.82814135782,1211.82814135782
20261006,008730,"율촌화학",KOSPI,15810.0,5.89,"포장재",10.28,7.784908375,392088000000.0,17330.0,-8.07847663012118,,46.1750516884907,21.2014134275618,9.4,117.074604605651,0,1,0,53,"없음",25,-31.6309012875536,23,,,,1,0,,,,,1,15430.0,"지지 재탈환",0,0,15419.5958283499,15959.5958283499
20261006,008770,"호텔신라",KOSPI,39050.0,-0.64,"백화점과일반상점",47.49,69.7508981,1532639125050.0,45500.0,-13.6263736263736,,79.6039603960396,29.6363636363636,11.8,54.7447719727259,1,1,0,63,"없음",30,-10.6818181818182,58,,,,0,0,,,,,0,,,0,0,40955.9820647848,47705.9820647848
20261006,008830,"대동기어",KOSDAQ,6550.0,1.87,"기계",13.45,17.59716109,125641549800.0,6590.0,-0.910470409711684,,72.5247110068688,21.8181818181818,6.8,43.5672034197556,0,3,0,96,"없음",46,-47.2323232323232,8,,,,1,0,,,,,0,,,0,0,6187.33653765838,7647.33653765838
20261006,008870,"금비",KOSPI,39050.0,-0.89,"포장재",0.16,0.10879585,39050000000.0,41350.0,-5.44135429262394,,5.08849557522124,10.5826397146254,6.4,132.414921054287,0,1,0,77,"없음",27,-12.1348314606742,54,,,,0,0,,,,,0,,,0,0,38532.8716638738,39182.8716638738
20261006,008930,"한미사이언스",KOSPI,57400.0,3.8,"제약",104.29,134.351105775,3925674970000.0,61000.0,-5.40983606557377,,42.2555317630264,27.304347826087,5.6,52.3858077195647,4,2,0,60,"수축중",71,55.5256064690027,95,20260824,25.6952169076752,18.9790638214498,0,0,,,,,0,,,0,0,54355.4812565259,54355.4812565259
20261006,008970,"KBI동양철관",KOSPI,1457.0,8.73,"철강",210.56,57.1516804275,151188383499.0,1695.0,-13.5693215339233,,0.0,23.7360754070266,9.6,686.142733559255,0,1,0,61,"없음",30,-12.5373134328358,54,20260930,29.1811846689896,11.3414438933779,0,0,,,,,1,1209.0,"저항→지지",0,0,1508.12653921298,1508.12653921298
20261006,009070,KCTC,KOSPI,4080.0,-0.97,"항공화물운송과물류",3.17,4.08700556,122400000000.0,4275.0,-4.21052631578947,,55.4896142433235,8.90736342042755,6.4,70.0025745744529,0,1,0,71,"없음",27,-28.1578947368421,26,,,,0,0,,,,,0,,,0,0,4020.80367026833,4020.80367026833
20261006,009140,"케이아이이",KOSPI,23300.0,17.09,"전자제품",11.5,1.326745825,36599570100.0,25900.0,-7.52895752895753,,0.0,23.2365145228216,6.8,1183.56462725024,3,1,0,41,"없음",44,7.15883668903803,80,20261006,20.3517587939698,17.0703354459731,1,0,,,,,1,20650.0,"지지 재탈환",0,0,22894.4962386544,22894.4962386544
20261006,009150,"삼성전기",KOSPI,1673000.0,5.82,"전자장비와기기",12106.89,8458.869255,124962553408000.0,1587000.0,6.11216131064902,6.11216131064902,62.6388421406934,23.625,6.6,103.651110666987,4,3,0,90,"돌파완료",60,313.251533742331,99,,,,0,0,20261006,1587000.0,1684000.0,103.483979266521,1,1464000.0,"저항→지지",1,1,1393797.48157121,1406797.48157121
20261006,009160,SIMPAC,KOSPI,4985.0,0.4,"비철금속",1.89,2.7535890975,325874275480.0,5100.0,-2.25490196078431,,41.4755732801595,18.5424354243542,4.6,44.8931344911909,0,3,0,83,"없음",39,0.40281973816717,74,,,,1,0,,,,,1,4960.0,"저항→지지",0,0,4732.2872735835,5002.2872735835
20261006,009180,"한솔로지스틱스",KOSPI,2810.0,0.0,"항공화물운송과물류",0.89,0.56865922,79117868250.0,2855.0,-1.40105078809107,,59.6491228070175,10.1243339253996,9.6,94.5562123359489,3,2,0,89,"없음",52,-1.91637630662021,71,,,,1,0,,,,,1,2785.0,"저항→지지",0,0,2708.63737600181,2748.63737600181
20261006,009200,"무림페이퍼",KOSPI,1518.0,-0.13,"종이와목재",0.26,1.643648908,63162932580.0,1690.0,-10.1775147928994,,1.80541624874623,12.3097286565189,9.6,28.7186363296019,0,1,0,62,"없음",25,-24.1,33,,,,0,0,,,,,1,1507.0,"지지 재탈환",0,0,1579.89873986586,1579.89873986586
20261006,009240,"한샘",KOSPI,39950.0,0.5,"가구",9.29,9.82124985,940180423600.0,41000.0,-2.4390243902439,,44.8598130841121,14.4690781796966,7.2,56.0901374460157,1,3,0,95,"없음",50,-3.03030303030303,70,,,,1,0,,,,,1,39750.0,"저항→지지",0,0,38500.173819514,40350.173819514
20261006,009270,"신원",KOSPI,1081.0,-1.82,"섬유,의류,신발,호화품",1.43,3.1469797745,124066794833.0,1217.0,-11.0106820049302,,45.4463480613165,20.8955223880597,6.4,16.5730665870519,0,2,0,78,"없음",45,-16.4996144949884,47,20260818,8.41121495327102,30.7926075288916,0,0,,,,,0,,,0,0,1123.11057889065,1246.11057889065
20261006,009290,"광동제약",KOSPI,6790.0,3.66,"제약",18.0,7.980128625,338140696320.0,6850.0,0.291970802919708,,23.3684210526316,13.3235724743777,7.2,198.695159838001,2,1,0,62,"없음",39,-16.626213592233,47,,,,0,0,,,,,1,6410.0,"저항→지지",1,1,6371.69014700468,6371.69014700468
20261006,009300,"삼아제약",KOSDAQ,13980.0,0.94,"제약",0.25,0.17237959,89052600000.0,14330.0,-2.44242847173761,,15.6493506493506,7.14285714285714,6.8,67.4575742033316,1,1,0,68,"없음",36,-11.5189873417722,56,,,,0,0,,,,,0,,,0,0,13416.4951928979,13986.4951928979
20261006,009320,"아진전자부품",KOSPI,973.0,0.83,"자동차부품",0.59,0.555522872,47968676210.0,1032.0,-6.2984496124031,,48.2552342971087,20.1101928374656,14.2,75.5506695671461,1,1,0,53,"없음",36,-4.25742574257426,67,20260622,15.5115511551155,6.73762644405158,0,0,,,,,0,,,0,0,958.79404862426,1011.79404862426
20261006,009410,"태영건설",KOSPI,1635.0,1.36,"건설",4.68,4.6831332265,522305878995.0,1905.0,-14.2257217847769,,38.3534136546185,12.0,9.6,96.3620060651563,2,1,0,80,"없음",32,-6.78836280661723,64,,,,0,0,,,,,1,1632.0,"지지 재탈환",0,0,1775.38629129608,1775.38629129608
20261006,009420,"한올바이오파마",KOSPI,47850.0,3.8,"제약",107.14,116.50937745,2499714528300.0,65900.0,-27.3899848254932,,60.9956236323851,45.5,13.2,74.4215267203306,2,2,0,46,"관망",49,-13.4719710669078,52,20260629,19.3771626297578,3.03956448951999,0,0,,,,,1,47050.0,"지지 재탈환",0,0,50040.5669375124,59140.5669375124
20261006,009450,"경동나비엔",KOSPI,61000.0,-0.49,"가정용기기와용품",14.4,17.10805425,888684112000.0,62600.0,-2.07667731629393,,65.8703071672355,22.207267833109,14.8,53.4699579980698,2,1,0,47,"없음",41,-2.6984126984127,70,,,,0,0,,,,,1,59700.0,"지지 재탈환",0,0,58770.3814797237,74070.3814797237
20261006,009460,"한창제지",KOSPI,2740.0,-1.08,"포장재",0.31,0.221304485,33810739640.0,2895.0,-3.45423143350604,,0.0,30.9957924263675,6.0,46.7624633243424,4,2,0,66,"없음",67,-2.1015761821366,71,20260723,9.72477064220183,2.65236659068461,1,0,,,,,0,,,0,0,2629.63789461683,3224.63789461683
20261006,009470,"삼화전기",KOSPI,27800.0,0.54,"전기제품",14.87,17.9691103,183864196000.0,27900.0,-0.17921146953405,,62.7513227513228,21.5355805243446,6.8,95.841820823034,0,2,0,81,"없음",35,-18.3284457478006,43,20260618,30.0,6.7722297253618,0,0,,,,,1,27450.0,"저항→지지",0,0,25107.1508648286,25107.1508648286
20261006,009520,"포스코엠텍",KOSDAQ,13460.0,2.59,"철강",16.83,17.491847325,560510782380.0,12900.0,4.41860465116279,2.94573643410853,60.1963746223565,17.7777777777778,5.4,67.4974784639885,0,2,0,85,"없음",43,-21.6860465116279,37,,,,0,0,20261002,12900.0,13280.0,188.22725018386,1,12900.0,"저항→지지",1,0,12214.1695604645,12884.1695604645
20261006,009540,"HD한국조선해양",KOSPI,318500.0,-2.3,"조선",520.22,510.02368525,22541237446000.0,370500.0,-13.9001349527665,,50.6502395619439,19.280205655527,9.6,96.2119171752542,0,3,0,83,"관망",38,-7.26744186046512,63,,,,0,0,,,,,0,,,0,0,339687.994167131,381687.994167131
20261006,009580,"무림P&P",KOSPI,1799.0,2.62,"종이와목재",15.29,27.553555024,112200614876.0,1960.0,-8.41836734693877,,0.0,17.8786221979224,9.6,137.002960574098,0,3,0,84,"없음",31,-32.391713747646,22,,,,1,0,,,,,1,1690.0,"저항→지지",0,0,1900.54343482842,1900.54343482842
20261006,009680,"모토닉",KOSPI,10060.0,0.3,"자동차부품",1.4,1.25116097,218634925640.0,10300.0,-2.23300970873786,,49.163179916318,6.31163708086785,12.2,106.942114220992,0,1,0,67,"없음",27,-4.3684710351377,67,,,,0,0,,,,,0,,,0,0,10327.6343557919,10327.6343557919
20261006,009730,"이렘",KOSDAQ,1993.0,-0.1,"비철금속",0.29,1.064602384,15895177479.0,2520.0,-20.9126984126984,,52.7809567406729,33.3802816901408,6.8,16.8016800281248,0,1,0,56,"없음",30,-57.5324952056254,4,20260813,16.9197396963124,5.95885834244857,0,0,,,,,1,1975.0,"지지 재탈환",0,0,2170.29013012686,2490.29013012686
20261006,009770,"삼정펄프",KOSPI,27900.0,1.45,"가정용품",0.86,0.38061275,69749190900.0,31200.0,-10.5769230769231,,0.0,12.8521126760563,11.8,130.491949688655,1,3,0,88,"없음",41,-12.2641509433962,54,,,,0,0,,,,,1,27625.0,"지지 재탈환",0,0,29103.5215976577,29103.5215976577
20261006,009780,"엠에스씨",KOSDAQ,7670.0,2.54,"식품",3.5,0.864612455,134992000000.0,7410.0,3.50877192982456,0.944669365721997,37.2395833333333,14.647137150466,6.6,181.124282318378,1,2,0,71,"없음",46,17.457886676876,86,20260814,12.210200927357,30.1704523061967,0,0,20261002,7410.0,7480.0,270.976107783114,1,6870.0,"저항→지지",1,1,7173.23063871547,7173.23063871547
20261006,009810,"MDS스피어",KOSPI,1884.0,-0.74,"판매업체",0.12,0.1816600455,38342519904.0,2125.0,-8.37647058823529,,0.0,14.9746192893401,6.4,59.2941046348254,0,1,0,48,"없음",29,-6.0781476121563,65,20260827,9.12589334799341,2.83167445249535,0,0,,,,,0,,,0,0,1825.59555765517,1825.59555765517
20261006,009830,"한화솔루션",KOSPI,36950.0,2.35,"에너지장비및서비스",1457.56,1018.4867487,8309779205200.0,31650.0,17.693522906793,8.21484992101106,47.6007677543186,31.25,9.6,112.127448924988,3,2,0,76,"수축중",49,6.30404383436546,79,20260928,16.4965986394558,6.28609571018806,0,0,20260928,31650.0,34250.0,346.187136808558,1,29450.0,"저항→지지",1,0,31888.5716319502,34038.5716319502
20261006,009900,"명신산업",KOSPI,8690.0,1.88,"자동차부품",19.92,25.782309445,455965455770.0,8980.0,-2.78396436525613,,31.7211948790896,16.3066954643628,3.8,109.107096274221,0,2,0,66,"없음",35,-8.49056603773585,61,20260921,9.3198992443325,6.51976659882351,1,0,,,,,1,8230.0,"저항→지지",0,0,8476.36971872779,8476.36971872779
20261006,009970,"영원무역홀딩스",KOSPI,161800.0,0.56,"섬유,의류,신발,호화품",16.81,15.1026689,2095927590600.0,175600.0,-7.51708428246014,,55.6483027267668,23.5748792270531,7.6,90.6007350299815,0,3,0,91,"없음",34,-25.8447488584475,30,,,,0,0,,,,,0,,,0,0,161119.146095038,200019.146095038
20261006,010040,"한국내화",KOSPI,1661.0,1.28,"비철금속",0.92,0.4516687355,68212389982.0,1726.0,-4.1135573580533,,29.1343669250646,13.6129032258065,9.6,199.64163047687,0,2,0,76,"없음",37,-11.1170784103115,57,20260804,11.578947368421,3.10500317949015,1,0,,,,,1,1573.0,"지지 재탈환",0,0,1571.66221453675,1599.66221453675
20261006,010060,"OCI홀딩스",KOSPI,244000.0,3.17,"화학",524.71,584.42690325,4555536608000.0,234000.0,4.7008547008547,0.854700854700855,61.7916260954236,42.4691358024691,9.6,65.7058351493853,3,2,0,47,"수축중",58,30.457933972311,91,20260807,11.6803278688525,3.32655334291153,0,0,20261002,234000.0,236000.0,115.978740591441,1,234000.0,"저항→지지",1,0,202956.728800086,266956.728800086
20261006,010100,"한국무브넥스",KOSPI,3525.0,1.88,"자동차부품",0.98,1.6919029525,107337730500.0,3650.0,-4.52054794520548,,55.1190134786349,19.5090439276486,12.8,58.0937951613482,0,2,0,68,"없음",35,-19.5150115473441,41,,,,0,0,,,,,1,3450.0,"저항→지지",0,0,3357.95252416431,3682.95252416431
20261006,010120,"LS ELECTRIC",KOSPI,216500.0,3.34,"전기장비",1027.14,783.56823355,32475000000000.0,218500.0,-0.45766590389016,,69.7822931785196,16.0714285714286,4.8,82.7242771795609,3,3,0,87,"관망",60,51.4623955431755,94,,,,1,0,,,,,1,214500.0,"저항→지지",0,0,197273.790847113,204773.790847113
20261006,010130,"고려아연",KOSPI,1105000.0,2.31,"비철금속",134.63,180.7003365,23064630745000.0,1430000.0,-22.5874125874126,,73.7671232876712,19.1705069124424,9.6,51.5455107754411,0,1,0,51,"관망",35,-22.1518987341772,37,20260810,11.6636528028933,2.59207535147333,0,0,,,,,0,,,0,0,1168020.37707568,1334020.37707568
20261006,010140,"삼성중공업",KOSPI,19720.0,-1.2,"조선",487.37,618.9596217,17353600000000.0,22500.0,-12.2666666666667,,51.0711225364182,22.6834381551363,9.6,84.8908138705251,0,2,0,71,"관망",36,-19.2638036809816,42,20260903,8.57572718154462,2.91749465473982,0,0,,,,,1,19600.0,"지지 재탈환",0,0,20743.370423371,22093.370423371
20261006,010170,"대한광통신",KOSDAQ,18620.0,4.61,"통신장비",2396.63,2497.240441025,2895142989200.0,18990.0,-2.10637177461822,,23.4285714285714,16.6115155526142,5.0,104.249667264356,3,1,0,53,"관망",50,156.767955801105,98,20260918,13.2307692307692,4.64427323749567,0,0,,,,,1,15860.0,"저항→지지",0,0,16501.8825802703,16501.8825802703
20261006,010240,"흥국",KOSDAQ,5230.0,0.19,"기계",0.26,0.577298885,61222380000.0,5730.0,-8.7260034904014,,15.7342657342657,11.1209964412811,9.4,35.8144432901318,2,1,0,62,"없음",35,1.94931773879142,75,,,,0,0,,,,,0,,,0,0,5447.71324175388,5447.71324175388
20261006,010280,"아이티센엔텍",KOSDAQ,5670.0,-0.53,"IT서비스",8.54,3.84057876,73850372190.0,6640.0,-14.3072289156627,,0.0,21.8600953895072,2.4,249.302856126125,3,2,0,48,"없음",45,13.8227645529106,85,20260930,9.70695970695972,28.0701685961731,0,0,,,,,1,5580.0,"저항→지지",0,0,5833.42836052461,5833.42836052461
20261006,010400,"우진아이엔에스",KOSPI,4290.0,2.51,"건설",0.86,0.634780275,32698380000.0,4545.0,-9.46094609460946,,13.6278195488722,25.7722007722008,4.4,80.3188352752191,3,3,0,79,"없음",59,12.5854993160055,84,20260901,11.1244019138756,13.1370208901556,0,0,,,,,0,,,0,0,4273.83345260444,4813.83345260444
20261006,010470,"오리콤",KOSDAQ,5060.0,0.8,"광고",0.25,0.202565985,60593753000.0,5090.0,-0.589390962671906,,41.8386491557223,13.1048387096774,9.0,94.1528296188022,0,1,0,91,"없음",27,-14.8148148148148,50,,,,0,0,,,,,1,4885.0,"저항→지지",0,0,4879.53457276295,4879.53457276295
20261006,010580,"에스엠벡셀",KOSPI,2215.0,-1.77,"자동차부품",6.76,126.6930695855,246422648400.0,2945.0,-24.4482173174873,,22.7934044616877,23.6416184971098,10.8,15.6184422583397,2,1,0,48,"관망",36,3.24825986078886,77,20260921,11.6,3.38287767347459,0,0,,,,,1,2000.0,"저항→지지",0,0,2628.21898401663,2628.21898401663
20261006,010640,"진양폴리",KOSPI,1994.0,-3.67,"화학",1.5,2.2927559905,33299800000.0,2330.0,-15.0643776824034,,14.2985611510791,26.9622833843017,11.0,56.9057760221121,0,1,0,54,"없음",30,-16.4978902953587,47,20260917,10.8324974924774,4.82858159723478,0,0,,,,,1,1796.0,"저항→지지",0,0,2076.9307636541,2076.9307636541
20261006,010660,"화천기계",KOSPI,3070.0,-2.54,"기계",1.63,2.280059915,67540000000.0,3200.0,-3.4375,,48.1164383561644,14.4758735440932,6.8,55.6880728610281,0,2,0,80,"없음",41,-48.9256198347107,7,,,,0,0,,,,,1,3000.0,"저항→지지",0,0,3032.10916692855,3032.10916692855
20261006,010690,"화신",KOSPI,7730.0,0.91,"자동차부품",11.78,9.2033997,269934769300.0,7770.0,0.128700128700129,,82.5721153846154,29.6618357487923,6.2,46.5281913295923,1,2,0,88,"없음",54,-24.5392822502425,32,20260619,19.1188694929343,9.64750501651585,0,0,,,,,1,7500.0,"지지 재탈환",0,0,7207.28040711425,9657.28040711425
20261006,010770,"평화홀딩스",KOSPI,3495.0,-0.14,"자동차부품",0.84,0.6610800225,51116003670.0,3650.0,-3.15068493150685,,57.1110285926476,12.8787878787879,9.4,93.403812457021,1,3,0,95,"없음",44,-5.1006711409396,66,,,,0,0,,,,,0,,,0,0,3520.60986939731,3755.60986939731
20261006,010820,"퍼스텍",KOSPI,6240.0,-4.29,"우주항공과국방",46.96,26.693726095,304336893120.0,6810.0,-7.78267254038179,,40.279542566709,31.8518518518519,9.6,145.374626629364,2,3,0,84,"없음",50,-4.84848484848485,66,20260616,9.81366459627329,9.1805796468743,0,0,,,,,1,6120.0,"저항→지지",0,0,6074.34929164711,6384.34929164711
20261006,010950,S-Oil,KOSPI,164900.0,-0.78,"석유와가스",634.11,658.67586185,18564902400800.0,157300.0,4.89510489510489,4.83153210425938,11.3313511727783,17.546090273363,6.2,98.7255229740598,5,1,0,45,"돌파완료",62,56.6951566951567,95,20260707,8.98203592814371,3.0116197963276,0,0,20261002,157300.0,164900.0,116.531777520497,1,157300.0,"저항→지지",0,0,150994.710398061,150994.710398061
20261006,010960,"삼호개발",KOSPI,3050.0,-1.45,"건설",2.09,2.2022763075,73566000000.0,3150.0,-2.22222222222222,,92.2099915325995,14.2241379310345,7.0,35.6839496921618,0,3,0,98,"없음",50,-17.9760319573901,44,20260706,14.2480211081794,5.55550454395472,0,0,,,,,0,,,0,0,2973.43419538293,3703.43419538293
20261006,011040,"경동제약",KOSDAQ,5030.0,0.2,"제약",0.98,1.342129555,154766892980.0,5390.0,-6.67903525046382,,39.2484342379958,15.4173764906303,4.2,23.9107930231682,0,2,0,85,"없음",43,-7.87545787545788,62,,,,0,0,,,,,0,,,0,0,5161.1249772181,5641.1249772181
20261006,011070,"LG이노텍",KOSPI,642000.0,11.85,"전자장비와기기",2700.95,1135.7203955,15194282694000.0,603000.0,8.62354892205638,8.62354892205638,63.6568848758465,21.7729393468118,4.6,179.536582004877,3,2,0,79,"수축중",54,123.168654173765,98,20260529,28.5714285714286,3.48928900738724,0,0,20261006,603000.0,655000.0,183.182103919081,1,545000.0,"지지 재탈환",1,0,517452.722474162,624452.722474162
20261006,011080,"형지I&C",KOSDAQ,423.0,-6.0,"섬유,의류,신발,호화품",3.14,3.2926014015,3001718826.0,945.0,-55.2380952380952,,79.6747967479675,88.6129032258064,10.4,142.73253906466,0,2,0,56,"없음",30,-91.8150154798762,1,20261002,19.3633952254642,2.81352437244327,0,0,,,,,0,,,0,0,688.366628352224,2863.36662835222
20261006,011150,"CJ씨푸드",KOSPI,1894.0,0.37,"식품",1.18,0.636925819,68052884062.0,1937.0,-2.787816210635,,27.1161048689139,23.9904988123515,10.6,138.49265073214,0,1,0,41,"없음",27,-28.6742424242424,26,,,,0,0,,,,,0,,,0,0,1911.98177545231,1986.98177545231
20261006,011170,"롯데케미칼",KOSPI,61300.0,0.49,"화학",44.89,124.83151675,2622133184700.0,71400.0,-13.7254901960784,,24.5860927152318,13.2786885245902,7.6,49.4326479448121,0,1,0,46,"관망",29,-23.5732009925558,34,20260909,18.1184668989547,4.67216957676844,0,0,,,,,1,61000.0,"저항→지지",0,0,64674.9861257328,64674.9861257328
20261006,011200,HMM,KOSPI,21400.0,-0.47,"해운사",142.18,161.566829675,20185292558000.0,21900.0,-2.05479452054794,,46.4539007092199,12.7155172413793,5.6,54.7153611139525,4,3,1,94,"돌파임박",69,9.60654062340317,82,,,,0,0,,,,,1,20850.0,"지지 재탈환",0,0,20570.4583750714,22070.4583750714
20261006,011210,"현대위아",KOSPI,53700.0,0.94,"자동차부품",27.76,30.2673771,1460375957100.0,59100.0,-8.9678510998308,,67.0553935860058,17.5986842105263,10.0,79.4484406052166,0,1,0,70,"없음",25,-30.2204928664073,24,,,,0,0,,,,,0,,,0,0,54715.0827597391,64415.0827597391
20261006,011230,"삼화전자",KOSPI,2680.0,0.0,"전자장비와기기",3.87,11.6873034675,51364303800.0,2870.0,-6.27177700348432,,78.5164835164835,28.7833827893175,9.8,21.9124197020564,0,3,0,92,"없음",50,4.46601941747573,78,20260703,30.0,3.30135331273725,0,0,,,,,1,2630.0,"저항→지지",0,0,2736.47030414769,3006.47030414769
20261006,011280,"태림포장",KOSPI,1494.0,2.33,"포장재",0.89,0.7984593005,105784074360.0,1759.0,-15.2927799886299,,19.2708333333333,23.3666862860506,9.6,137.798065976514,0,1,0,44,"없음",22,-28.7081339712919,26,,,,0,0,,,,,0,,,0,0,1533.49999098857,1621.49999098857
20261006,011300,"우성머티리얼스",KOSPI,2850.0,-0.35,"섬유,의류,신발,호화품",0.8,2.9846683375,49130879250.0,3715.0,-24.3606998654105,,24.131455399061,46.975546975547,6.4,20.1597827516427,0,1,0,50,"없음",26,-11.9122257053292,55,20260922,11.3871635610766,5.54596160710794,0,0,,,,,1,2660.0,"저항→지지",0,0,3129.70470346914,3299.70470346914
20261006,011320,"유니크",KOSDAQ,3995.0,1.91,"자동차부품",1.05,0.718578215,77186176525.0,4100.0,-2.5609756097561,,14.4927536231884,11.6580310880829,9.4,120.28116402414,1,3,0,89,"없음",41,7.24832214765101,80,,,,1,0,,,,,1,3835.0,"저항→지지",0,0,3796.34762280617,3796.34762280617
20261006,011330,"유니켐",KOSPI,4175.0,-0.48,"자동차부품",3.45,4.5359760025,41828423200.0,5140.0,-17.8015564202335,,62.2467771639042,50.5208333333333,7.4,29.6977454761341,0,1,0,59,"없음",26,-39.900426742532,13,,,,0,0,,,,,1,3985.0,"지지 재탈환",0,0,4480.95671757056,7020.95671757056
20261006,011370,"서한",KOSDAQ,3795.0,0.8,"건설",0.49,0.695506,76579202535.0,3880.0,-2.19072164948454,,52.4916943521595,28.6631016042781,12.4,38.2584735771629,0,2,0,84,"없음",43,-25.2952755905512,31,,,,1,0,,,,,1,3690.0,"지지 재탈환",0,0,3701.43695011564,3781.43695011564
20261006,011390,"부산산업",KOSPI,47050.0,-1.57,"건축자재",0.9,2.48882385,49684800000.0,51800.0,-7.14285714285714,,54.5333333333333,26.1513157894737,6.2,13.8545461673523,0,2,0,77,"없음",45,-30.7913669064748,24,20260819,14.2857142857143,23.159391260303,0,0,,,,,1,45900.0,"지지 재탈환",0,0,47910.2949717791,55010.2949717791
20261006,011420,"갤럭시아에스엠",KOSPI,1421.0,-0.42,"레저용장비와제품",0.43,0.3728049145,39148044124.0,1469.0,-2.65486725663717,,50.0326157860404,27.8678678678679,9.8,38.2880771546584,0,1,0,71,"없음",31,-18.0045871559633,44,,,,0,0,,,,,1,1423.0,"지지 재탈환",0,0,1469.68608971517,1545.68608971517
20261006,011500,"한농화성",KOSPI,15170.0,2.78,"화학",18.59,9.474065375,237213927140.0,13820.0,9.84081041968162,4.12445730824891,43.717277486911,17.0699803793329,4.4,180.03251947577,0,2,0,82,"없음",28,-23.9859789684527,33,,,,0,0,20260930,13820.0,14390.0,549.503184858895,1,13500.0,"저항→지지",1,0,13744.849160611,13884.849160611
20261006,011560,"세보엠이씨",KOSDAQ,24200.0,-0.82,"건설",13.81,15.636985,244053902400.0,26600.0,-9.02255639097744,,42.0634920634921,17.8181818181818,4.8,100.352007380372,5,2,0,74,"없음",57,40.6159209761766,93,20261001,9.32203389830508,6.74417365682879,0,0,,,,,1,23500.0,"지지 재탈환",0,0,23611.0002314954,24511.0002314954
20261006,011690,"와이투솔루션",KOSPI,3760.0,0.53,"전자장비와기기",8.33,5.594308885,137987345120.0,3900.0,-1.28205128205128,,37.880496054115,29.0989660265879,10.0,145.627071766006,1,2,0,72,"없음",35,-30.6306306306306,24,,,,0,0,,,,,1,3445.0,"저항→지지",0,0,3462.49491006939,3492.49491006939
20261006,011700,"한신기계",KOSPI,2545.0,-0.39,"기계",3.56,7.450954065,82575454295.0,2960.0,-13.3445945945946,,50.0891265597148,27.283950617284,9.6,74.2232347055968,0,1,0,58,"없음",26,-39.8593200468933,13,20260908,10.7368421052632,18.7254748340331,1,0,,,,,1,2480.0,"지지 재탈환",0,0,2698.31299775903,2698.31299775903
20261006,011760,"현대코퍼레이션",KOSPI,24750.0,-1.39,"무역회사와판매업체",7.12,7.619078225,327416908500.0,27450.0,-9.2896174863388,,43.6813186813187,12.8342245989305,7.2,106.343585146871,2,1,0,58,"없음",39,2.46913580246914,76,20260730,14.9425287356322,3.78677670630619,0,0,,,,,0,,,0,0,25806.4811030192,26406.4811030192
20261006,011780,"금호석유화학",KOSPI,118700.0,1.11,"화학",53.3,83.17763915,2986174477500.0,131900.0,-10.3866565579985,,54.5094152626363,15.2931854199683,9.6,46.3704597043863,1,1,0,60,"없음",36,0.254452926208651,73,,,,0,0,,,,,1,116400.0,"지지 재탈환",0,0,127127.3237462,129827.3237462
20261006,011790,SKC,KOSPI,111600.0,4.79,"화학",448.72,207.60692115,5535170056800.0,93700.0,19.957310565635,5.54962646744931,51.6899338721528,30.5681818181818,9.8,225.07581319832,2,3,0,87,"관망",47,30.9779062179547,91,20260601,12.3474515434314,4.02247777568381,0,0,20260930,93700.0,98900.0,233.607257061699,1,93700.0,"저항→지지",0,0,103085.66547026,103085.66547026
20261006,011930,"신성이엔지",KOSPI,20150.0,1.31,"반도체와반도체장비",68.17,36.32708741,409169567300.0,18500.0,9.18918918918919,2.0,41.044142614601,33.7437701553797,9.6,180.119521028673,2,3,0,83,"없음",44,-21.8568665377176,37,,,,0,0,20261001,18500.0,18870.0,207.606961101694,1,18500.0,"저항→지지",0,0,18194.796101217,18194.796101217
20261006,012030,DB,KOSPI,2050.0,0.74,"IT서비스",15.69,18.90706524,412406562650.0,1715.0,20.1166180758017,1.98250728862974,22.9898749255509,22.4074074074074,9.6,103.511728345951,4,3,0,83,"없음",53,29.0726817042606,90,20260907,10.948905109489,3.91132946295666,0,0,20260928,1715.0,1749.0,127.997909235049,1,1700.0,"저항→지지",0,0,1893.90704089694,1893.90704089694
20261006,012160,"영흥",KOSPI,2105.0,-2.55,"철강",0.71,0.7226205925,32881579815.0,2355.0,-8.28025477707006,,56.4311027725662,28.0575539568345,5.0,79.6353870937315,0,2,0,65,"없음",45,-21.4545454545455,37,20260708,20.8167895632445,27.7591915708347,0,0,,,,,0,,,0,0,2194.02755981977,2694.02755981977
20261006,012200,"계양전기",KOSPI,3150.0,1.29,"자동차부품",11.07,26.91293446,111581911350.0,4650.0,-31.9354838709677,,54.6447568389058,43.6432637571158,6.4,80.2105894668841,1,1,0,38,"없음",31,-39.4721744119334,14,20260918,8.71369294605808,35.5382512645917,0,0,,,,,0,,,0,0,4037.8721251816,4657.8721251816
20261006,012280,"영화금속",KOSPI,3685.0,3.8,"자동차부품",0.97,0.64237382,36499560185.0,3980.0,-7.53768844221105,,0.0,23.9860950173812,15.0,153.217238671532,0,1,0,50,"없음",29,-26.6201395812562,29,20260623,13.2857142857143,3.24276889465938,0,0,,,,,1,3570.0,"지지 재탈환",0,0,3704.72350452792,3884.72350452792
20261006,012320,"경동인베스트",KOSPI,44400.0,2.19,"비철금속",1.83,3.7186806,105007021200.0,53400.0,-17.1348314606742,,32.5852782764811,15.7667386609071,9.8,70.6597066804138,0,1,0,45,"없음",26,-21.2633451957295,38,20260914,11.5138592750533,7.32968573590898,0,0,,,,,0,,,0,0,48976.2485624804,48976.2485624804
20261006,012330,"현대모비스",KOSPI,380500.0,-0.78,"자동차부품",808.13,1032.41800275,34176732592500.0,392500.0,-2.80254777070064,,66.2382176520994,31.4393939393939,12.2,71.5545126430876,2,1,0,45,"관망",41,0.925925925925926,74,,,,0,0,,,,,0,,,0,0,396380.347133083,516380.347133083
20261006,012340,"뉴인텍",KOSDAQ,393.0,5.36,"전기제품",3.1,1.835755076,8663603649.0,500.0,-21.4,,69.2442882249561,64.7532729103726,7.2,179.294772446943,0,2,0,55,"없음",32,-72.7272727272727,2,20260811,11.9774011299435,5.47913721348799,0,0,,,,,0,,,0,0,476.128337848281,885.128337848281
20261006,012450,"한화에어로스페이스",KOSPI,1026000.0,-4.29,"우주항공과국방",1391.41,1353.035877,52904049426000.0,1130000.0,-8.31858407079646,,42.7237354085603,20.3187250996016,6.2,82.2596457082268,2,1,0,74,"관망",39,-17.0536429143315,46,,,,0,0,,,,,1,1021000.0,"지지 재탈환",0,0,1037189.82009552,1140189.82009552
20261006,012610,"경인양행",KOSPI,3445.0,1.62,"화학",4.29,3.5761324275,143368377425.0,3300.0,4.6969696969697,2.12121212121212,54.4428772919605,14.0173410404624,6.6,83.3508712397173,1,3,0,92,"없음",43,-11.6368286445013,56,,,,0,0,20261001,3300.0,3370.0,111.819132804493,1,3300.0,"저항→지지",0,0,3261.08146222312,3261.08146222312
20261006,012620,"원일특강",KOSDAQ,7490.0,4.46,"철강",0.32,0.283430705,32956000000.0,9050.0,-17.2375690607735,,0.0,11.4245416078984,9.0,111.155796289886,1,1,0,65,"없음",27,-16.2192393736018,48,,,,1,0,,,,,1,7080.0,"저항→지지",0,0,8222.03953006186,8222.03953006186
20261006,012630,HDC,KOSPI,23100.0,-1.7,"건설",13.65,26.960909375,1380033755100.0,29150.0,-20.2401372212693,,35.871335504886,28.5123966942149,9.8,72.6660370069319,2,1,0,66,"없음",36,-16.2162162162162,48,20260910,10.7287449392713,5.47267631947688,0,0,,,,,0,,,0,0,26728.2298760641,26728.2298760641
20261006,012690,"모나리자",KOSPI,1415.0,-0.42,"가정용품",0.82,1.203038349,51748325825.0,1539.0,-8.57699805068226,,84.5967546621458,17.3731343283582,4.8,9.34179166669806,0,2,0,76,"없음",45,-37.3273942093541,16,20260716,29.940119760479,23.8221392760224,0,0,,,,,0,,,0,0,1413.26193245298,2334.26193245298
20261006,012700,"리드코프",KOSDAQ,2945.0,1.2,"석유와가스",0.16,0.3834335575,76554839140.0,3775.0,-22.1192052980132,,0.0,17.0149253731343,9.6,17.5031724500066,0,1,0,51,"없음",26,-16.71388101983,47,,,,1,0,,,,,0,,,0,0,3524.27336065629,3524.27336065629
20261006,012750,"에스원",KOSPI,84700.0,1.93,"상업서비스와공급품",45.3,53.4738814,3218530376600.0,88200.0,-3.96825396825397,,35.0039154267815,12.6966292134831,5.0,86.7762931301513,3,2,0,77,"없음",55,-1.16686114352392,72,20260612,15.645371577575,3.16186349924701,0,0,,,,,1,82000.0,"저항→지지",0,0,82179.1735661697,82979.1735661697
20261006,012790,"신일제약",KOSDAQ,6500.0,0.31,"제약",1.27,0.96914963,77911697500.0,6470.0,0.463678516228748,,3.73001776198934,9.74264705882353,10.6,110.113778473903,4,2,0,78,"없음",52,9.7972972972973,82,,,,0,0,,,,,1,6120.0,"저항→지지",0,0,6220.16616885586,6220.16616885586
20261006,012800,"대창",KOSPI,1193.0,-0.58,"비철금속",3.11,3.634114916,108730615307.0,1245.0,-3.85542168674699,,32.1510297482838,29.2101341281669,15.0,70.9387175589133,0,3,0,89,"없음",39,-6.77570093457944,64,,,,0,0,,,,,0,,,0,0,1159.0249685327,1163.0249685327
20261006,013000,"세우글로벌",KOSPI,1198.0,0.59,"화학",1.9,0.480817362,34388627138.0,1210.0,1.15702479338843,1.15702479338843,32.8804347826087,22.6896551724138,10.4,443.018433970157,2,3,0,83,"없음",45,2.94365012615643,77,,,,1,0,20261006,1210.0,1224.0,468.027285950202,1,1170.0,"지지 재탈환",0,0,1162.58817895139,1346.58817895139
20261006,013030,"하이록코리아",KOSDAQ,35650.0,-1.79,"기계",4.41,11.529643225,419534333600.0,39150.0,-8.93997445721584,,22.4948875255624,16.5151515151515,9.4,33.5621342561716,2,3,0,91,"없음",44,2.00286123032904,75,,,,0,0,,,,,1,35000.0,"저항→지지",0,0,36499.8227942437,36499.8227942437
20261006,013120,"동원개발",KOSDAQ,2090.0,-1.42,"건설",1.6,1.29299431,189788929000.0,2150.0,-2.7906976744186,,83.1449126413155,47.1349862258953,12.2,73.4456885311287,0,1,0,80,"없음",35,-27.304347826087,28,20260703,29.8969072164948,20.0262233918518,0,0,,,,,0,,,0,0,2078.80884109506,2263.80884109506
20261006,013310,"아진산업",KOSDAQ,2335.0,0.65,"자동차부품",2.13,1.7634494475,90613368970.0,2400.0,-2.70833333333333,,58.997722095672,21.5302491103203,6.6,73.7992897555771,0,2,0,90,"없음",43,-22.1666666666667,36,,,,1,0,,,,,0,,,0,0,2245.6214410382,2655.6214410382
20261006,013360,"일성건설",KOSPI,1374.0,-0.07,"건설",1.99,2.4079460045,74230185120.0,1440.0,-4.79166666666667,,86.0454441129217,27.0344074276352,7.2,29.7027678760866,1,3,0,94,"없음",55,-27.9179810725552,27,20260706,29.7448662103298,6.47093306707619,0,0,,,,,0,,,0,0,1405.90496371961,1681.90496371961
20261006,013520,"화승코퍼레이션",KOSPI,2575.0,0.78,"자동차부품",1.42,1.4865775225,128881973900.0,2725.0,-4.95412844036697,,47.8723404255319,16.4912280701754,7.4,70.8841839860028,2,2,0,81,"없음",45,-1.33333333333333,72,,,,1,0,,,,,1,2470.0,"지지 재탈환",0,0,2498.62156062655,2653.62156062655
20261006,013570,"디와이",KOSPI,4190.0,0.0,"자동차부품",0.78,1.395983435,110279262270.0,4330.0,-2.77136258660508,,9.81132075471697,14.1921397379913,2.6,31.7321150562253,0,2,0,84,"없음",43,-11.4616193480547,56,,,,0,0,,,,,1,4150.0,"지지 재탈환",0,0,4286.65939668311,4286.65939668311
20261006,013580,"계룡건설",KOSPI,21450.0,-0.46,"건설",3.43,11.78436475,191567955150.0,24200.0,-10.9504132231405,,74.249436335588,13.6842105263158,6.4,22.949353497107,2,2,0,82,"없음",53,-14.1434262948207,52,20260702,8.40336134453781,34.7538369258406,0,0,,,,,0,,,0,0,22297.2263188267,22297.2263188267
20261006,013700,"까뮤이앤씨",KOSPI,1530.0,-2.49,"건설",3.17,2.508638705,91418769900.0,1773.0,-13.4235758601241,,46.9947735191638,24.8379052369077,4.4,46.0309954450825,4,2,0,72,"없음",62,18.6244204018547,87,20260901,9.6502590673575,21.929823591885,0,0,,,,,0,,,0,0,1577.56194300534,1809.56194300534
20261006,013720,"청보",KOSDAQ,2145.0,-0.69,"자동차부품",0.33,0.15392384,26095272060.0,2445.0,-12.2699386503067,,31.2303601643703,71.1901450427181,23.0,118.642993710808,0,1,0,58,"없음",26,-49.5056497175141,7,20260730,17.9611650485437,3.76034879183382,0,0,,,,,0,,,0,0,2119.06105457825,2144.06105457825
20261006,013810,"스페코",KOSDAQ,1526.0,-1.23,"기계",0.4,0.3776129995,22364247220.0,1657.0,-7.90585395292698,,47.247119078105,29.8507462686567,11.8,84.6264634071011,0,2,0,80,"없음",30,-43.271375464684,11,,,,0,0,,,,,0,,,0,0,1491.51317304293,1708.51317304293
20261006,013870,"지엠비코리아",KOSPI,3770.0,-1.31,"자동차부품",0.73,0.5079937525,71902495600.0,4000.0,-4.25,,27.8656126482213,12.1026894865526,12.2,127.343728508044,0,2,0,82,"없음",35,-19.8744769874477,41,,,,0,0,,,,,0,,,0,0,3767.32300202601,3797.32300202601
20261006,013890,"지누스",KOSPI,6820.0,-1.02,"가구",0.63,1.14760224,149534044660.0,7850.0,-12.9936305732484,,54.0785498489426,25.139043381535,8.2,43.6441407559789,0,2,0,78,"없음",25,-33.6893203883495,20,,,,0,0,,,,,0,,,0,0,7323.28602133705,8693.28602133705
20261006,013990,"아가방컴퍼니",KOSDAQ,5300.0,2.32,"섬유,의류,신발,호화품",8.82,3.6626962875,174303940800.0,4930.0,7.50507099391481,3.24543610547667,42.4657534246575,19.7058823529412,6.4,181.094251262475,5,2,0,82,"없음",57,13.9784946236559,85,20260721,13.1054131054131,47.46875224481,0,0,20260930,4930.0,5090.0,174.022108903971,1,4840.0,"저항→지지",1,1,4849.28419507201,4849.28419507201
20261006,014100,"메디앙스",KOSDAQ,1630.0,7.45,"화장품",0.72,0.6011154225,19234000000.0,1650.0,-8.06060606060606,,18.0160857908847,26.6666666666667,8.0,163.876658058154,1,1,0,40,"없음",34,-9.21603830041891,60,20260630,8.71236386931453,3.80866520435474,0,0,,,,,0,,,0,0,1588.97146803053,1770.97146803053
20261006,014130,"한익스프레스",KOSPI,2795.0,2.95,"항공화물운송과물류",1.39,0.446571045,33030982985.0,2730.0,2.93040293040293,2.93040293040293,62.9194630872483,18.8323917137476,9.8,207.576062305113,2,2,0,86,"없음",51,8.07692307692308,80,20260723,11.4406779661017,3.4789777609817,0,0,20261006,2730.0,2810.0,202.952177002723,1,2660.0,"저항→지지",1,1,2546.73062719662,2546.73062719662
20261006,014190,"원익큐브",KOSDAQ,1294.0,-2.56,"화학",1.09,1.585362783,45801221874.0,1400.0,-6.42857142857143,,11.4035087719298,10.8461538461538,4.8,88.4732515266433,0,2,0,57,"없음",37,-20.8937198067633,39,20260612,9.35628742514969,3.48375749098569,0,0,,,,,1,1300.0,"저항→지지",0,0,1265.54884897113,1265.54884897113
20261006,014280,"금강공업",KOSPI,4570.0,-1.3,"건축제품",7.76,43.3507182975,134035161490.0,5450.0,-15.8715596330275,,17.1581769436997,16.8287937743191,9.4,43.5649008325158,0,1,0,42,"없음",26,-2.86016949152542,70,20260928,9.98864926220204,20.7353640053523,0,0,,,,,1,4520.0,"저항→지지",0,0,4841.39742441073,4841.39742441073
20261006,014440,"영보화학",KOSPI,4670.0,0.11,"화학",0.19,0.4694304675,93400000000.0,4825.0,-3.21243523316062,,33.7801608579089,6.34573304157549,12.6,29.1342670214193,2,1,0,83,"없음",41,1.85387131952017,75,,,,0,0,,,,,0,,,0,0,4659.96076565409,4659.96076565409
20261006,014470,"부방",KOSDAQ,1098.0,2.14,"가정용기기와용품",0.56,0.7201473675,62640504720.0,1124.0,-4.62633451957295,,25.4253308128544,12.4886052871468,4.2,50.7804393996756,0,2,0,77,"없음",45,-16.4458300857366,47,20260804,14.2857142857143,3.45576421450628,0,0,,,,,1,1070.0,"저항→지지",0,0,1020.12923333568,1020.12923333568
20261006,014530,"극동유화",KOSPI,3365.0,-0.59,"석유와가스",2.42,16.575329165,117335598300.0,4000.0,-15.5,,35.5263157894737,30.8323563892145,21.4,25.7835642851019,2,1,0,55,"없음",36,-10.8179419525066,57,,,,0,0,,,,,1,3285.0,"저항→지지",0,0,3775.66721760673,3775.66721760673
20261006,014570,"고려제약",KOSDAQ,3265.0,-0.31,"제약",0.11,0.15534819,35915000000.0,3550.0,-8.02816901408451,,0.742574257425731,10.1449275362319,10.0,62.2278546825242,0,2,0,76,"없음",28,-17.4462705436157,45,,,,0,0,,,,,1,3230.0,"지지 재탈환",0,0,3311.56367450188,3311.56367450188
20261006,014580,"태경비케이",KOSPI,3950.0,1.28,"비철금속",3.39,1.4022906,108953245000.0,3960.0,0.378787878787879,,36.0201511335013,12.8640776699029,11.2,175.142294646234,1,3,0,86,"없음",43,-9.45330296127563,60,,,,1,0,,,,,1,3860.0,"저항→지지",1,0,3721.58698645495,4001.58698645495
20261006,014620,"성광벤드",KOSDAQ,30100.0,-1.15,"기계",42.75,62.350273825,799376656400.0,36400.0,-17.1703296703297,,31.0043668122271,21.8370883882149,7.4,73.5667260563639,2,1,0,51,"관망",39,-14.1025641025641,52,20260826,13.5496183206107,5.45803988166523,0,0,,,,,1,29700.0,"저항→지지",0,0,32631.6881980043,32631.6881980043
20261006,014680,"한솔케미칼",KOSPI,276500.0,0.91,"화학",159.4,128.9506687,2984550954000.0,241500.0,14.4927536231884,2.48447204968944,49.9332443257677,39.6551724137931,11.2,123.034787406524,3,2,0,53,"수축중",45,9.5049504950495,82,,,,0,0,20260929,241500.0,247500.0,158.85853042261,1,205000.0,"저항→지지",0,0,258007.017402343,258007.017402343
20261006,014710,"사조씨푸드",KOSPI,9950.0,2.68,"식품",0.25,0.498402885,171324502850.0,10070.0,-1.19165839126117,,29.7379032258065,20.9074733096085,7.6,15.5093003582283,3,2,0,59,"없음",62,50.0754147812971,94,20260730,8.08823529411764,2.92278131478249,0,0,,,,,1,9400.0,"지지 재탈환",0,0,9921.28652999695,10191.286529997
20261006,014790,"HL D&I",KOSPI,2480.0,-0.8,"건설",0.74,0.89674443,93889330480.0,2665.0,-6.00375234521576,,51.4734774066798,12.0,5.2,56.9404606079859,1,2,0,80,"없음",38,-22.8043143297381,35,,,,0,0,,,,,0,,,0,0,2462.78701883165,2547.78701883165
20261006,014820,"동원시스템즈",KOSPI,22000.0,3.29,"포장재",3.0,5.190298125,637808204000.0,23850.0,-7.54716981132075,,42.2948632421614,23.3260393873085,15.4,35.7618169873647,0,1,0,70,"없음",29,-11.623246492986,56,,,,1,0,,,,,0,,,0,0,21079.8804926855,22279.8804926855
20261006,014830,"유니드",KOSPI,59700.0,-1.32,"화학",5.97,6.59499185,404025720000.0,67300.0,-9.50965824665676,,56.5116279069767,14.4171779141104,9.4,81.5101302895088,0,2,0,71,"없음",37,-24.2537313432836,33,20260611,9.28143712574849,2.52436730291705,0,0,,,,,0,,,0,0,62431.70398801,63731.70398801
20261006,014910,"성문전자",KOSPI,1969.0,-1.55,"전기제품",3.08,4.9801265705,43036939033.0,2150.0,-7.44186046511628,,77.8705636743215,22.8169014084507,4.0,53.3846592763979,2,2,0,78,"없음",47,26.3492063492064,90,20260703,29.9126637554585,2.54719265587172,0,0,,,,,0,,,0,0,2208.78555643965,2208.78555643965
20261006,014940,"오리엔탈정공",KOSDAQ,4590.0,0.0,"조선",3.56,5.170075895,209183103990.0,4945.0,-7.38119312436805,,66.9230769230769,34.8708487084871,9.6,22.9400166997034,0,1,0,76,"없음",29,-25.0409165302782,31,,,,0,0,,,,,1,4445.0,"지지 재탈환",0,0,4533.7866886291,5008.7866886291
20261006,014950,"삼익제약",KOSDAQ,8340.0,-2.46,"제약",24.72,473.9829589,83963683920.0,12050.0,-30.7053941908714,,28.0447193149381,45.6428571428571,10.2,11.7658505680047,0,2,0,56,"관망",35,-19.3236714975845,42,20260915,20.4641350210971,6.67542307550703,0,0,,,,,1,7000.0,"저항→지지",0,0,10131.8193480975,10131.8193480975
20261006,014970,"삼륭물산",KOSDAQ,4405.0,-1.23,"포장재",0.52,5.0049566575,65304125000.0,5430.0,-18.8766114180479,,60.3039513677812,38.8793103448276,9.6,9.44523849326418,0,1,0,60,"없음",26,-50.1132502831257,6,,,,0,0,,,,,1,4355.0,"지지 재탈환",0,0,4890.10305666054,5260.10305666054
20261006,014990,"인디에프",KOSPI,4015.0,-0.62,"섬유,의류,신발,호화품",6.29,21.8527553475,60315734985.0,4455.0,-10.4377104377104,,42.6997245179063,26.8694550063371,5.6,22.2916133008738,1,2,0,61,"없음",48,9.61538461538462,82,20260901,29.9837925445705,3.07067599669538,0,0,,,,,1,3945.0,"저항→지지",0,0,4183.676586062,4183.676586062
20261006,015230,"대창단조",KOSPI,6500.0,-0.61,"기계",3.84,4.24426259,176433530000.0,7010.0,-7.84593437945792,,33.2584269662921,18.7106918238994,12.2,86.3249261360429,3,1,0,72,"없음",40,-0.615384615384615,73,,,,0,0,,,,,1,6420.0,"저항→지지",0,0,6560.7309200762,6560.7309200762
20261006,015360,INVENI,KOSPI,14590.0,-1.22,"가스유틸리티",1.63,1.898890675,382987500000.0,14900.0,-2.01342281879195,,55.4002541296061,15.2380952380952,15.2,48.113849750183,3,1,0,83,"없음",46,-3.82081686429513,68,,,,0,0,,,,,0,,,0,0,14306.1942286181,14306.1942286181
20261006,015710,"코콤",KOSDAQ,2950.0,0.0,"통신장비",0.28,0.218518955,51714975000.0,3180.0,-7.23270440251572,,41.016333938294,22.2857142857143,5.6,20.1421970204338,0,2,0,81,"없음",40,-21.2283044058745,38,,,,0,0,,,,,0,,,0,0,2929.504379242,3249.504379242
20261006,015750,"성우하이텍",KOSDAQ,6000.0,1.35,"자동차부품",10.42,10.201898855,480000000000.0,6320.0,-5.06329113924051,,61.1615245009074,21.0355987055016,11.2,81.2086178951035,0,3,0,86,"없음",39,-28.5714285714286,26,,,,1,0,,,,,1,5880.0,"지지 재탈환",0,0,5906.17540571985,5976.17540571985
20261006,015760,"한국전력",KOSPI,30250.0,0.67,"전기유틸리티",268.6,437.337712425,19419413329250.0,35325.0,-14.3665958952583,,70.2572347266881,18.3561643835616,8.0,56.4900527459868,0,2,0,61,"관망",35,-27.3709483793517,27,,,,0,0,,,,,0,,,0,0,33174.5449936128,34349.5449936128
20261006,015860,"일진홀딩스",KOSPI,7250.0,-1.63,"전기장비",7.15,5.787483035,357769251750.0,7180.0,1.1142061281337,3.06406685236769,39.9022801302932,13.8545953360768,7.0,91.4110465963073,1,3,0,91,"없음",47,11.1791730474732,83,20260824,9.62145110410095,2.58086042943145,0,0,20261002,7180.0,7400.0,98.8488552185774,1,7180.0,"저항→지지",0,0,7230.66786557573,7230.66786557573
20261006,015890,"태경산업",KOSPI,4795.0,0.21,"비철금속",0.44,0.6851935675,140151856250.0,4880.0,-0.922131147540984,,37.3529411764706,4.8780487804878,6.4,34.408932405284,2,1,0,76,"없음",41,0.834202294056309,74,,,,1,0,,,,,1,4720.0,"지지 재탈환",0,0,4710.26211392192,4735.26211392192
20261006,016090,"대현",KOSPI,1410.0,0.0,"섬유,의류,신발,호화품",0.56,0.5290473815,62438057100.0,1479.0,-4.66531440162272,,10.3011093502377,27.9473684210526,19.2,44.6538484893651,0,1,0,78,"없음",31,-16.7158889545186,47,,,,0,0,,,,,0,,,0,0,1413.44472430102,1468.44472430102
20261006,016100,"리더스코스메틱",KOSDAQ,1345.0,7.6,"포장재",0.1,0.445742176,25690702430.0,1442.0,-6.72676837725381,,30.1607996523251,32.2709163346614,7.0,10.1936327659543,0,2,0,63,"없음",40,-11.6874589625739,55,20260702,15.6214367160775,7.19105088304626,1,0,,,,,1,1294.0,"저항→지지",0,0,1218.24544426319,1282.24544426319
20261006,016250,"SGC E&C",KOSDAQ,11890.0,-1.65,"건설",0.4,0.20703935,59889763540.0,12450.0,-4.49799196787149,,29.0858725761773,21.5360253365004,9.6,83.297171387671,0,2,0,85,"없음",39,-22.3890339425587,36,,,,0,0,,,,,0,,,0,0,13432.1733781009,13432.1733781009
20261006,016360,"삼성증권",KOSPI,89100.0,-1.44,"증권",295.71,243.67126875,7956630000000.0,93000.0,-3.97849462365591,,73.6559139784946,18.2352941176471,8.0,82.8376556682977,2,3,0,95,"관망",53,-3.35497835497836,69,,,,0,0,,,,,1,88900.0,"저항→지지",0,0,86304.594796304,106104.594796304
20261006,016380,"KG스틸",KOSPI,5720.0,-0.52,"철강",12.42,13.930574545,572050890840.0,6070.0,-5.7660626029654,,25.8110014104372,12.8333333333333,7.4,87.872046090898,2,2,0,79,"없음",40,10.0,82,,,,0,0,,,,,0,,,0,0,5665.30257233899,5665.30257233899
20261006,016450,"한세예스24홀딩스",KOSPI,4275.0,-0.7,"섬유,의류,신발,호화품",0.36,0.4501826975,171000000000.0,4660.0,-7.61802575107296,,34.688995215311,13.3550488599349,15.2,56.9884779221474,2,3,0,80,"없음",46,0.232828870779977,73,,,,0,0,,,,,0,,,0,0,4400.72365838114,4460.72365838114
20261006,016580,"환인제약",KOSPI,10170.0,-0.78,"제약",1.31,2.57779874,189162711900.0,10500.0,-3.04761904761905,,39.5734597156398,7.83018867924528,7.2,35.3315988178142,1,2,0,80,"없음",46,-0.876338851022395,72,,,,0,0,,,,,0,,,0,0,10086.0664132392,10196.0664132392
20261006,016590,"신대양제지",KOSPI,9180.0,0.0,"포장재",0.48,0.798385095,369933987600.0,10800.0,-15.3703703703704,,52.9601722282024,21.5668202764977,9.4,43.818691185978,0,1,0,76,"없음",22,-30.6525037936267,24,,,,0,0,,,,,0,,,0,0,9933.37482050874,10093.3748205087
20261006,016600,"큐캐피탈",KOSDAQ,2255.0,-0.88,"창업투자",0.56,0.5951032875,31483410255.0,2940.0,-23.2993197278912,,26.7441860465116,19.8473282442748,6.0,71.088447241039,0,1,0,42,"없음",26,-34.9769319492503,18,20260611,20.4081632653061,4.25984027073051,0,0,,,,,1,2240.0,"지지 재탈환",0,0,2620.20280587828,2670.20280587828
20261006,016610,"DB증권",KOSPI,10370.0,-1.24,"증권",2.2,5.543183655,440169053930.0,10460.0,0.382409177820268,,60.4042806183115,23.7373737373737,11.2,34.861544049956,0,2,0,83,"없음",43,-12.1338912133891,55,,,,1,0,,,,,1,9970.0,"저항→지지",0,0,9935.4883354087,9935.4883354087
20261006,016670,"디모아",KOSDAQ,2705.0,-1.46,"소프트웨어",0.3,0.24598154,27575402970.0,2840.0,-4.75352112676056,,23.6770691994573,19.6629213483146,7.0,112.481600638182,0,2,0,76,"없음",35,-32.4594257178527,21,20260624,8.56423173803527,4.05417890700334,0,0,,,,,1,2550.0,"저항→지지",0,0,2564.69427399292,2564.69427399292
20261006,016710,"대성홀딩스",KOSPI,6920.0,1.17,"가스유틸리티",0.47,0.86344204,111339056280.0,7240.0,-4.69613259668508,,25.8258258258258,6.71328671328671,6.8,46.425157119604,0,3,0,90,"없음",46,-18.5360094451004,43,,,,0,0,,,,,0,,,0,0,6884.62678748501,6884.62678748501
20261006,016740,"두올",KOSPI,4000.0,0.88,"자동차부품",0.89,3.315371075,114696096000.0,4600.0,-14.4565217391304,,52.1594684385382,29.7921478060046,12.4,39.280135978624,1,2,0,70,"없음",47,-11.672278338945,56,20260909,8.15217391304348,25.5126394047318,0,0,,,,,1,3800.0,"저항→지지",0,0,4319.3247256984,4319.3247256984
20261006,016800,"퍼시스",KOSPI,24300.0,1.25,"가구",0.26,0.2144002,279450000000.0,27850.0,-12.7468581687612,,16.9398907103825,19.2439862542955,16.0,114.857271296921,0,3,0,82,"없음",29,-34.6774193548387,19,,,,0,0,,,,,0,,,0,0,26147.3936104083,26447.3936104083
20261006,016880,"웅진",KOSPI,1848.0,0.33,"출판",0.8,1.7649136435,147705243840.0,1900.0,-4.0,,52.6250516742455,22.2988505747126,9.6,32.8492786662345,0,1,0,57,"없음",31,-31.2994350282486,23,,,,0,0,,,,,1,1801.0,"지지 재탈환",0,0,1838.29183407885,2073.29183407886
20261006,016920,"카스",KOSDAQ,1020.0,0.0,"전자장비와기기",1.52,0.996935937,26212706640.0,1154.0,-11.6117850953206,,10.6965174129353,7.37240075614367,8.0,140.960031021941,3,1,0,64,"없음",40,6.25,79,,,,0,0,,,,,0,,,0,0,1065.6104756203,1065.6104756203
20261006,017000,"신원종합개발",KOSDAQ,2315.0,-0.86,"건설",0.59,0.5751803775,27011482505.0,2650.0,-12.6415094339623,,67.4543501611171,41.6543574593796,12.4,46.4265010955838,0,1,0,71,"없음",30,-22.7045075125209,36,20260702,29.938900203666,72.5039066471366,0,0,,,,,0,,,0,0,2407.60901793576,2472.60901793576
20261006,017180,"명문제약",KOSPI,1266.0,-0.55,"제약",0.78,4.264847754,42985072764.0,1533.0,-16.5035877364644,,39.8802395209581,8.94117647058824,6.6,29.6732029475063,0,1,0,50,"없음",26,-30.2071973827699,24,,,,0,0,,,,,1,1270.0,"저항→지지",0,0,1388.62322687019,1390.62322687019
20261006,017250,"인터엠",KOSDAQ,1055.0,0.38,"전자장비와기기",0.16,0.220267426,22202967685.0,1115.0,-7.62331838565022,,3.4896401308615,8.96091515729266,7.4,45.5444806403195,3,1,0,50,"없음",44,-2.09125475285171,71,,,,0,0,,,,,1,1027.0,"저항→지지",0,0,1189.06858370641,1189.06858370641
20261006,017370,"우신시스템",KOSPI,3605.0,0.28,"자동차부품",0.61,0.491761915,66022164670.0,4100.0,-12.0731707317073,,34.468085106383,27.9651795429815,11.2,97.8243257840349,0,2,0,76,"없음",32,-36.6432337434095,17,,,,1,0,,,,,1,3460.0,"지지 재탈환",0,0,3677.72993287581,4042.72993287581
20261006,017390,"서울가스",KOSPI,54100.0,0.74,"가스유틸리티",2.33,2.89189055,267795000000.0,58500.0,-6.83760683760684,,3.78787878787879,21.0365853658537,20.6,94.5715989258964,0,1,0,74,"없음",27,-12.0967741935484,55,,,,0,0,,,,,0,,,0,0,61754.2101234471,61754.2101234471
20261006,017480,"삼현철강",KOSDAQ,4650.0,-0.96,"철강",0.69,0.936868715,71809438500.0,4965.0,-6.34441087613293,,43.3161953727506,8.97832817337461,9.6,67.124141665567,3,2,0,83,"없음",48,2.1978021978022,76,,,,0,0,,,,,0,,,0,0,4730.70853118924,4855.70853118924
20261006,017510,"세명전기",KOSDAQ,8010.0,1.39,"전기장비",9.97,14.048756365,122120460000.0,8400.0,-4.88095238095238,,51.4485514485514,26.5512265512266,9.8,55.1184964965559,0,1,0,75,"없음",31,-7.63005780346821,62,20260805,15.4205607476636,14.2421980900742,1,0,,,,,1,7900.0,"저항→지지",0,0,7614.68367651301,7684.68367651301
20261006,017550,"수산세보틱스",KOSPI,1843.0,-1.02,"기계",3.36,3.3777096275,115001596590.0,1889.0,-1.79989412387507,,66.4628410159925,16.588785046729,5.2,60.7946622991229,2,2,0,91,"없음",55,0.760456273764259,74,20260612,16.2280701754386,3.15836334595403,0,0,,,,,0,,,0,0,1793.60506169274,1993.60506169274
20261006,017670,"SK텔레콤",KOSPI,88200.0,-0.23,"무선통신서비스",363.41,633.0056705,18944482674600.0,106500.0,-16.8075117370892,,73.2641660015962,28.030303030303,9.4,31.6464090482232,3,1,0,60,"관망",50,15.9685863874346,86,20260602,11.5864527629234,6.15253061689911,1,0,,,,,1,86900.0,"지지 재탈환",0,0,86749.7973442347,98949.7973442347
20261006,017800,"현대엘리베이터",KOSPI,73000.0,0.27,"기계",68.32,56.2376447,2853744105000.0,76200.0,-3.93700787401575,,58.5263157894737,13.125,6.2,83.3391518405839,0,3,0,94,"없음",41,-12.124849939976,55,,,,0,0,,,,,0,,,0,0,72426.7397861962,76226.7397861962
20261006,017810,"풀무원",KOSPI,8820.0,1.38,"식품",1.13,1.99701377,336223180440.0,11320.0,-21.9964664310954,,16.3800904977376,12.4236252545825,6.6,44.4559859375402,0,1,0,51,"없음",26,-23.8793103448276,33,,,,0,0,,,,,0,,,0,0,10745.7635945378,10745.7635945378
20261006,017860,"DS단석",KOSPI,13010.0,-0.08,"화학",14.01,10.40174757,229673778340.0,13200.0,-1.43939393939394,,39.6366639141206,13.9280125195618,7.0,114.862323563998,0,1,0,81,"없음",27,-32.9726944873776,21,,,,0,0,,,,,1,12260.0,"저항→지지",0,0,12061.2701603343,12061.2701603343
20261006,017890,"한국알콜",KOSDAQ,15730.0,-0.25,"화학",13.06,10.68132522,325194249380.0,16420.0,-3.5931790499391,,29.9107142857143,20.0122963418383,7.2,101.995458933391,5,1,0,76,"없음",52,50.6184586108468,94,,,,0,0,,,,,1,15000.0,"저항→지지",0,0,15285.2518717917,15285.2518717917
20261006,017940,E1,KOSPI,90800.0,2.37,"가스유틸리티",5.76,8.10335745,622888000000.0,99800.0,-9.61923847695391,,24.6835443037975,15.2083333333333,9.6,71.0086976952631,2,2,0,79,"없음",40,-10.1593625498008,58,,,,0,0,,,,,1,90000.0,"지지 재탈환",0,0,93263.4311946357,93263.4311946357
20261006,017960,"한국카본",KOSPI,20550.0,0.0,"조선",26.74,32.745890725,1061951787300.0,25500.0,-18.8235294117647,,61.6761904761905,24.9797570850202,9.6,55.7023535126641,0,1,0,56,"없음",26,-46.7181467181467,9,,,,0,0,,,,,1,20600.0,"지지 재탈환",0,0,21322.9913061142,24072.9913061142
20261006,018000,"유니슨",KOSDAQ,1196.0,5.19,"에너지장비및서비스",21.29,17.5837183295,349126844092.0,1300.0,-8.0,,40.0976290097629,45.52,12.8,64.2274602494484,2,1,0,60,"없음",43,-17.9698216735254,44,20260827,9.82658959537572,5.70862353688132,0,0,,,,,1,1176.0,"지지 재탈환",0,0,1162.42121296918,1199.42121296918
20261006,018120,"진로발효",KOSDAQ,16780.0,-0.18,"음료",0.07,0.109556275,111102393600.0,17000.0,-1.29411764705882,,0.779727095516578,5.80568720379147,9.4,37.0894001432165,1,1,0,66,"없음",36,-4.0045766590389,68,,,,1,0,,,,,1,16700.0,"저항→지지",0,0,16425.3405174725,16425.3405174725
20261006,018250,"애경산업",KOSPI,11180.0,-0.27,"화장품",1.44,2.148297885,295263073300.0,13120.0,-14.8628048780488,,57.9952267303103,11.6438356164384,10.4,31.9466622926144,0,1,0,50,"없음",26,-26.1731658955717,29,,,,0,0,,,,,0,,,0,0,11340.8003021399,12480.8003021399
20261006,018260,"삼성에스디에스",KOSPI,219000.0,-0.23,"IT서비스",208.61,314.44978975,16945738200000.0,229500.0,-4.13943355119826,,58.2971329278888,13.4969325153374,6.6,42.4110113960595,4,3,1,92,"돌파임박",73,46.5689540306462,94,20260601,21.0702341137124,3.33175216217927,0,0,,,,,1,217500.0,"지지 재탈환",0,0,223611.589748728,226611.589748728
20261006,018290,"브이티",KOSDAQ,12730.0,1.11,"화장품",18.45,19.65068214,444809597740.0,11910.0,6.88497061293031,2.85474391267842,55.0,20.3316510454218,4.6,67.6973180122793,0,2,0,87,"없음",35,-15.6394963552021,49,,,,0,0,20260929,11910.0,12250.0,208.613285131666,1,11910.0,"저항→지지",0,0,11716.737309151,14436.737309151
20261006,018310,"삼목에스폼",KOSDAQ,14960.0,-1.19,"건축제품",1.33,2.326411985,219912000000.0,15450.0,-3.17152103559871,,59.0252707581228,14.256480218281,9.6,71.282490404898,0,3,0,85,"없음",36,-19.4833153928956,41,,,,0,0,,,,,1,14900.0,"저항→지지",0,0,14627.1523176911,14627.1523176911
20261006,018470,"조일알미늄",KOSPI,5330.0,1.91,"비철금속",5.57,4.3382110725,134989413520.0,5350.0,-0.186915887850467,,39.1639163916392,16.7155425219941,12.8,81.6627559632048,0,1,0,48,"없음",27,-33.6233685518956,20,,,,1,0,,,,,1,5200.0,"저항→지지",0,0,5094.60566281407,5214.60566281407
20261006,018500,"동원모빌리티",KOSPI,1385.0,0.58,"자동차부품",0.55,0.6162780965,64755582205.0,1682.0,-19.2627824019025,,0.0,12.1574139142656,9.6,72.6742760764471,2,1,0,40,"없음",32,-12.1604139715395,54,,,,0,0,,,,,0,,,0,0,1541.92975151867,1541.92975151867
20261006,018620,"우진비앤지",KOSDAQ,2690.0,0.94,"제약",0.19,0.317180735,18649721580.0,2900.0,-7.24137931034483,,48.2252141982864,12.3877917414722,8.0,33.4097599583956,0,1,0,78,"없음",33,-6.79140679140679,64,20260818,12.6953125,4.10992136059302,0,0,,,,,0,,,0,0,2607.21299038428,2722.21299038428
20261006,018670,"SK가스",KOSPI,256000.0,7.56,"가스유틸리티",86.51,25.01067,2372926464000.0,260000.0,-1.53846153846154,,42.6823742637064,27.9044117647059,9.6,256.482211535568,3,1,0,86,"없음",49,-4.83271375464684,66,20260723,13.8157894736842,2.62924495726429,1,0,,,,,1,242000.0,"저항→지지",0,0,240121.688016578,252121.688016578
20261006,018680,"서울제약",KOSDAQ,1914.0,-1.24,"제약",0.26,0.0930325515,22315936566.0,2055.0,-5.59610705596107,,65.3694796676869,23.2067510548523,12.0,162.642586467905,0,3,0,95,"없음",42,-26.7924528301887,28,,,,0,0,,,,,1,1932.0,"지지 재탈환",0,0,1856.65342345564,2151.65342345564
20261006,018700,"졸스",KOSDAQ,1291.0,0.0,"화장품",0.11,0.1743458655,21588437660.0,1497.0,-13.7608550434202,,74.4027303754266,29.9380979178391,9.4,14.1249111792649,0,1,0,66,"없음",30,-15.7310704960836,49,20260723,29.9319727891157,4.71668713263275,0,0,,,,,0,,,0,0,1334.97143741583,1614.97143741583
20261006,018880,"한온시스템",KOSPI,3920.0,2.35,"자동차부품",551.58,216.917620455,4022905260640.0,3590.0,9.88857938718663,1.53203342618384,37.8082191780822,21.6073781291173,9.8,296.580063329579,1,3,0,77,"관망",45,5.48128342245989,79,20260930,9.45736434108526,9.09088326517895,0,0,20261001,3590.0,3645.0,511.16220585499,1,3460.0,"저항→지지",1,0,3498.35110420791,3576.35110420791
20261006,019010,"베뉴지",KOSDAQ,4375.0,-1.46,"호텔,레스토랑,레저",3.47,10.8260705625,210875000000.0,5190.0,-15.7032755298651,,56.2833206397563,29.1952054794521,6.0,16.2631152092381,2,2,0,88,"없음",52,-7.60295670538543,62,20260818,29.8245614035088,42.2636092494862,0,0,,,,,0,,,0,0,4654.70285536177,5304.70285536177
20261006,019170,"신풍제약",KOSPI,9640.0,4.22,"제약",19.64,27.341815895,505314552080.0,12050.0,-16.2655601659751,,62.9433962264151,22.0024721878863,9.4,98.9983921334107,0,1,0,57,"없음",29,-2.51207729468599,71,20260828,14.1402714932127,13.0126421540819,1,0,,,,,1,9080.0,"지지 재탈환",0,0,9552.4126097677,11092.4126097677
20261006,019180,"티에이치엔",KOSPI,5080.0,0.2,"자동차부품",2.45,3.100959135,91440000000.0,5430.0,-6.62983425414365,,62.9464285714286,25.948406676783,6.6,50.454166546897,0,2,0,78,"없음",45,-33.5517693315858,20,20260526,29.9328859060403,11.0963872216824,0,0,,,,,1,4960.0,"지지 재탈환",0,0,5040.56888867468,6200.56888867468
20261006,019210,"와이지-원",KOSDAQ,12720.0,-1.24,"기계",68.5,62.941861385,473104220160.0,14770.0,-13.9471902505078,,76.4265668849392,41.4285714285714,6.4,73.9417284173538,2,2,0,57,"관망",47,3.24939073923639,77,20260814,9.50090198436559,2.5798879283801,0,0,,,,,1,12440.0,"지지 재탈환",0,0,12618.0182041604,22648.0182041604
20261006,019540,"일지테크",KOSDAQ,5130.0,0.79,"자동차부품",0.65,1.281547535,69324255000.0,5200.0,-1.34615384615385,,61.9585687382298,29.6376811594203,6.8,23.9359401904766,2,2,0,88,"없음",53,-12.9032258064516,53,,,,1,0,,,,,0,,,0,0,5084.35583847935,6514.35583847935
20261006,019550,"SBI인베스트먼트",KOSDAQ,906.0,-2.16,"창업투자",2.57,1.8317024825,72990054444.0,1180.0,-23.2203389830508,,26.7670915411356,15.6367041198502,6.4,121.134837946851,0,1,0,45,"없음",26,-24.5,32,20260622,11.3561190738699,3.05344028801515,0,0,,,,,0,,,0,0,1100.32834301762,1100.32834301762
20261006,019570,"GMI벤처",KOSDAQ,2880.0,-0.35,"창업투자",0.23,0.3037810925,27489611520.0,3100.0,-6.45161290322581,,0.0,16.1936560934891,5.8,43.1147768672742,2,1,0,48,"없음",37,-19.1073919107392,42,,,,1,0,,,,,1,2785.0,"지지 재탈환",0,0,3244.67634382851,3244.67634382851
20261006,019660,"글로본",KOSDAQ,1438.0,0.56,"판매업체",0.34,0.496870629,20051950854.0,1530.0,-6.01307189542484,,61.1588954277954,31.010101010101,10.6,80.824204998718,0,3,0,77,"없음",36,-28.9876543209877,25,,,,0,0,,,,,0,,,0,0,1383.67845383687,1816.67845383687
20261006,019680,"대교",KOSPI,1623.0,0.0,"교육서비스",0.19,0.303644681,65299538550.0,1713.0,-5.48744892002335,,44.4287063267233,22.1287128712871,10.6,50.0131757629945,0,1,0,49,"없음",35,-48.7658227848101,7,20260806,9.52868852459017,6.48652998606255,0,0,,,,,0,,,0,0,1918.97261803668,2164.97261803668
20261006,019770,"서연탑메탈",KOSDAQ,3290.0,-0.6,"자동차부품",0.26,0.2534986725,38328500000.0,3365.0,-2.08023774145617,,53.4090909090909,13.8888888888889,7.6,50.1841194648508,0,2,0,81,"없음",41,-12.2503328894807,54,,,,0,0,,,,,1,3230.0,"지지 재탈환",0,0,3194.3175222013,3394.3175222013
20261006,019990,"에너토크",KOSDAQ,5350.0,2.49,"기계",1.67,7.01863375,52195070800.0,5690.0,-6.15114235500879,,38.628762541806,22.1518987341772,3.4,42.5353950516831,0,2,0,68,"없음",45,-36.6548042704626,17,20260908,13.0524152106886,31.9371764259213,0,0,,,,,1,5160.0,"지지 재탈환",0,0,5714.60799264015,5714.60799264015
20261006,020000,"한섬",KOSPI,21450.0,-2.28,"섬유,의류,신발,호화품",26.26,31.06562666,460681521300.0,16430.0,30.5538648813147,7.9123554473524,39.387670666115,41.1067193675889,12.0,83.8966738673532,2,2,0,75,"없음",40,-7.74193548387097,62,20260918,10.3985056039851,8.24374737795292,0,0,20260918,16430.0,17730.0,552.276525859308,1,16430.0,"저항→지지",0,0,20447.0239022706,20997.0239022706
20261006,020120,"키다리스튜디오",KOSPI,7060.0,-14.84,"양방향미디어와서비스",81.12,45.632068175,261670187960.0,8970.0,-20.5128205128205,,4.9469964664311,15.4522613065327,7.2,177.689891764326,5,1,0,35,"없음",54,131.118314424635,98,20260825,8.8235294117647,8.65850593437282,0,0,,,,,1,6390.0,"저항→지지",0,0,7927.44836334473,7927.44836334473
20261006,020150,"롯데에너지머티리얼즈",KOSPI,54300.0,6.89,"전자장비와기기",283.44,145.6827622,2843444640900.0,44700.0,21.7002237136465,14.3176733780761,19.7379912663755,17.936694021102,4.4,199.830887641947,3,3,0,73,"관망",42,31.4009661835749,91,20261002,19.5321637426901,5.26522606628187,0,0,20261002,44700.0,51100.0,601.554635336056,1,42650.0,"저항→지지",1,1,45306.3006520173,45306.3006520173
20261006,020180,"대신정보통신",KOSDAQ,3865.0,0.13,"IT서비스",0.58,0.82354061,29705551295.0,4225.0,-8.5207100591716,,14.2281879194631,30.6691449814126,6.2,53.6691502700445,0,1,0,67,"없음",29,-22.7772227772228,35,,,,0,0,,,,,0,,,0,0,3985.74577755806,4995.74577755806
20261006,020400,"대동금속",KOSDAQ,2610.0,-2.79,"자동차부품",0.33,0.353453135,23681918520.0,2935.0,-10.3918228279387,,51.6587677725119,26.7441860465116,7.4,30.3732810385091,1,1,0,69,"없음",38,-48.9716724873884,7,20260810,9.09090909090908,14.7728659221358,0,0,,,,,1,2620.0,"지지 재탈환",0,0,2710.25871084209,3110.25871084209
20261006,020560,"아시아나항공",KOSPI,8270.0,1.22,"항공사",5.43,12.06803859,1703543179970.0,8620.0,-3.7122969837587,,38.5737439222042,17.617237008872,12.2,50.2177266295378,3,3,0,77,"없음",53,19.2528735632184,87,20260922,8.3224967490247,3.7597014675821,1,0,,,,,1,8030.0,"저항→지지",0,0,8060.64444173635,8060.64444173635
20261006,020710,"시공테크",KOSDAQ,3620.0,-0.28,"호텔,레스토랑,레저",1.96,11.1381857425,72573651400.0,4625.0,-21.7297297297297,,2.31839258114374,15.2866242038217,8.0,27.7345021767548,0,1,0,41,"없음",22,-8.2382762991128,62,,,,0,0,,,,,0,,,0,0,4278.38628686237,4278.38628686237
20261006,021040,"대호특수강",KOSDAQ,937.0,-0.32,"철강",0.06,0.2340796475,20337373238.0,1050.0,-10.7619047619048,,9.68309859154928,26.9456066945607,2.6,17.7720972241201,0,2,0,48,"없음",35,-22.4979321753515,36,20260810,20.042872454448,13.9438946728449,0,0,,,,,0,,,0,0,1073.02871645919,1073.02871645919
20261006,021050,"서원",KOSPI,1150.0,2.22,"비철금속",2.66,1.57013078,54595778500.0,1160.0,-1.63793103448276,,33.210332103321,18.4331797235023,13.0,111.181925848606,2,1,0,77,"없음",37,-3.38696020321761,69,,,,0,0,,,,,1,1081.0,"지지 재탈환",0,0,1095.7993966402,1096.7993966402
20261006,021080,"에이티넘인베스트",KOSDAQ,2055.0,-1.67,"창업투자",9.55,2.887377995,98640000000.0,2365.0,-13.953488372093,,63.7002341920375,19.2224622030238,11.2,246.941843854151,0,1,0,65,"없음",22,-30.4273504273504,24,,,,0,0,,,,,0,,,0,0,2093.54550055999,2288.54550055999
20261006,021240,"코웨이",KOSPI,100800.0,-0.79,"가정용기기와용품",179.06,199.7536746,7133356540800.0,109200.0,-8.15018315018315,,21.256038647343,7.97244094488189,5.0,96.9702881546365,5,1,0,56,"관망",54,38.9196675900277,93,,,,0,0,,,,,1,100000.0,"저항→지지",0,0,100777.732908153,100777.732908153
20261006,021320,"KCC건설",KOSDAQ,5670.0,1.07,"건설",0.41,1.381825315,121338000000.0,6240.0,-9.2948717948718,,25.6970610399397,15.0892857142857,9.8,39.4021636332783,2,1,0,73,"없음",39,-10.1587301587302,58,,,,0,0,,,,,0,,,0,0,5633.18227482136,5633.18227482136
20261006,021650,"한국큐빅",KOSDAQ,1949.0,0.52,"자동차부품",0.04,0.0840311905,31867247287.0,1999.0,-2.50125062531266,,57.2025052192067,11.6009280742459,6.8,48.4813474520438,0,2,0,82,"없음",30,-12.0090293453725,55,,,,0,0,,,,,0,,,0,0,1917.52089414494,2152.52089414494
20261006,021820,"세원정공",KOSPI,10820.0,1.88,"자동차부품",0.6,0.62225132,108200000000.0,10950.0,-3.10502283105023,,42.906976744186,11.6007194244604,6.6,61.7031740627246,0,3,0,95,"없음",45,-23.3381502890173,34,,,,0,0,,,,,1,10400.0,"저항→지지",0,0,10323.6847117115,10463.6847117115
20261006,021880,"메이슨캐피탈",KOSDAQ,1180.0,1.81,"기타금융",0.14,0.3149408705,25037759200.0,1503.0,-21.4903526280772,,21.8865924748278,20.0,2.4,24.1421915336646,0,2,0,73,"없음",38,-61.8122977346278,3,,,,0,0,,,,,0,,,0,0,1306.44140770017,1306.44140770017
20261006,022100,"포스코DX",KOSPI,21900.0,5.04,"IT서비스",75.37,63.674379635,3329560565100.0,22500.0,-1.77777777777778,,59.4321275768184,18.6699507389163,9.8,49.2269156309112,0,2,0,75,"없음",50,-24.9575551782683,31,20260601,19.2604006163328,12.7585836023197,0,0,,,,,1,20650.0,"지지 재탈환",0,0,20630.0054823944,20630.0054823944
20261006,022220,"티케이지애강",KOSDAQ,824.0,0.49,"건축제품",0.07,0.793370786,42678733096.0,865.0,-4.73988439306358,,64.2727272727273,20.5202312138728,7.2,5.39865061823257,5,2,0,75,"없음",72,0.980392156862745,74,20260901,14.4871794871795,59.1004330624204,0,0,,,,,1,638.0,"저항→지지",0,0,828.605214899123,828.605214899123
20261006,023000,"삼원강재",KOSPI,2260.0,2.26,"자동차부품",0.03,0.2778138925,89812300560.0,2240.0,-0.892857142857143,,13.1428571428571,7.23684210526316,7.0,6.86837817399372,1,2,0,79,"없음",48,-3.47826086956522,69,,,,0,0,,,,,1,2165.0,"지지 재탈환",0,0,2158.03131803367,2178.03131803367
20261006,023150,"MH에탄올",KOSPI,4500.0,0.22,"음료",0.82,0.5429316225,27906448500.0,4430.0,2.37020316027088,2.25733634311512,1.69875424688561,17.3404255319149,5.4,203.730574798727,1,2,0,55,"없음",41,8.10488676996424,81,20261001,10.6227106227106,32.4233198657031,0,0,20261001,4430.0,4530.0,1904.5828319294,1,4430.0,"저항→지지",0,0,4329.22719983283,4329.22719983283
20261006,023160,"태광",KOSDAQ,26950.0,-3.58,"기계",47.72,60.578369975,697122171900.0,29650.0,-9.27487352445194,,26.7080745341615,20.2783300198807,7.2,99.0009879894516,2,1,0,71,"관망",41,-23.1428571428571,35,20260826,9.17225950782998,5.0135203798848,0,0,,,,,1,25150.0,"저항→지지",0,0,26237.3197006018,26237.3197006018
20261006,023350,"한국종합기술",KOSPI,3730.0,-0.8,"건설",0.53,0.638060265,40843500000.0,4200.0,-10.7142857142857,,43.37899543379,28.6631016042781,12.6,71.9799415335341,0,1,0,77,"없음",25,-18.3895538628945,43,,,,0,0,,,,,0,,,0,0,3999.27130945273,3999.27130945273
20261006,023410,"유진기업",KOSDAQ,3250.0,-0.76,"건축자재",3.66,6.608189235,251260304750.0,3845.0,-15.4746423927178,,80.218368657675,36.2850971922246,12.6,37.8391631746,0,1,0,59,"없음",26,-16.3449163449163,47,20260701,29.9280575539568,8.43865097320052,0,0,,,,,0,,,0,0,3615.19821724046,3615.19821724046
20261006,023450,"동남합성",KOSPI,31500.0,-1.56,"화학",0.26,0.304444125,110250000000.0,32650.0,-3.52220520673813,,35.6913183279743,8.16326530612245,10.8,71.4773114977823,3,1,0,89,"없음",42,2.4390243902439,76,,,,0,0,,,,,0,,,0,0,31140.2431306625,31140.2431306625
20261006,023530,"롯데쇼핑",KOSPI,99800.0,-2.25,"백화점과일반상점",86.06,161.77843745,2823217749000.0,122300.0,-18.3156173344235,,62.8612032212222,54.4174757281553,15.4,53.1555823732393,2,1,0,64,"관망",39,-7.67097966728281,62,,,,0,0,,,,,0,,,0,0,109304.312999404,143304.312999404
20261006,023590,"다우기술",KOSPI,38450.0,1.32,"증권",19.7,16.966811275,1664397146400.0,42000.0,-8.69047619047619,,48.8855869242199,18.5372005044136,9.6,127.014807650546,1,1,0,71,"없음",30,-11.1239860950174,57,,,,0,0,,,,,0,,,0,0,39143.1880338836,39143.1880338836
20261006,023600,"삼보판지",KOSDAQ,9030.0,0.56,"포장재",0.22,0.782120075,144554949000.0,9700.0,-6.90721649484536,,38.3877159309021,10.3488372093023,9.6,16.6652812998647,1,3,0,88,"없음",51,-5.34591194968553,66,,,,0,0,,,,,0,,,0,0,9213.89893839668,9213.89893839668
20261006,023760,"한국캐피탈",KOSDAQ,1406.0,-0.21,"기타금융",0.5,0.647994753,221873531928.0,1459.0,-3.63262508567512,,56.5352697095436,38.1193124368049,21.2,70.6713358019431,0,2,0,69,"없음",33,-23.4204793028322,34,,,,0,0,,,,,0,,,0,0,1406.60727400781,1406.60727400781
20261006,023770,"플레이위드",KOSDAQ,2730.0,4.6,"게임엔터테인먼트",0.45,0.7522038925,24423931350.0,3430.0,-20.4081632653061,,27.4412855377009,10.6719367588933,8.4,52.9880367150835,0,1,0,40,"없음",26,-12.0772946859903,55,20260901,11.6379310344828,15.1008516881468,1,0,,,,,1,2350.0,"저항→지지",0,0,3059.13788418744,3059.13788418744
20261006,023790,"동일스틸럭스",KOSDAQ,1617.0,1.57,"철강",17.77,21.55155029,21133879536.0,2120.0,-23.3018867924528,,56.9883697204652,50.9864603481625,10.0,99.7077458966716,0,2,0,57,"없음",32,-12.4394184168013,54,20260930,31.3477289650037,2.50906831113439,0,0,,,,,1,1581.0,"저항→지지",0,0,1767.66878877212,2232.66878877212
20261006,023800,"인지컨트롤스",KOSPI,5090.0,0.79,"자동차부품",1.46,1.17330565,80468812730.0,5160.0,-1.74418604651163,,61.1650485436893,12.7272727272727,9.8,77.9158856374568,0,1,0,94,"없음",31,-22.5954198473282,36,,,,1,0,,,,,0,,,0,0,5162.31491434995,5352.31491434995
20261006,023810,"인팩",KOSPI,5380.0,-0.19,"자동차부품",0.81,0.631350655,53800000000.0,5260.0,3.04182509505703,2.28136882129278,30.0,10.4145601617796,9.4,103.46691276759,0,3,0,92,"없음",40,-32.5031133250311,21,,,,1,0,20261001,5260.0,5380.0,87.4017358140818,1,5260.0,"저항→지지",1,0,4987.77728923831,5177.77728923831
20261006,023900,"풍국주정",KOSDAQ,7070.0,-2.75,"화학",0.26,0.80170037,89082000000.0,8160.0,-12.8676470588235,,0.0,21.1165048543689,11.2,35.949410949411,0,1,0,52,"없음",22,-27.5229357798165,27,,,,0,0,,,,,0,,,0,0,7575.93932145107,7575.93932145107
20261006,023910,"대한약품",KOSDAQ,25900.0,-0.77,"제약",0.58,1.0462181,155400000000.0,26500.0,-2.45283018867925,,30.8641975308642,8.98876404494382,9.2,33.1200882804694,0,1,0,75,"없음",31,-8.81834215167548,61,,,,0,0,,,,,0,,,0,0,26193.3446712398,26343.3446712398
20261006,023960,"에쓰씨엔지니어링",KOSPI,1004.0,0.2,"건설",0.06,0.3115794945,38188116892.0,1130.0,-7.52212389380531,,0.0,13.4709931170108,9.4,14.3895675635165,0,1,0,48,"없음",29,-24.7660187185025,32,,,,0,0,,,,,1,1030.0,"저항→지지",0,0,1068.95343693124,1068.95343693124
20261006,024060,"흥구석유",KOSDAQ,12210.0,-0.33,"석유와가스",71.18,558.52039112,183150000000.0,17310.0,-29.7515886770653,,45.6840390879479,16.5217391304348,6.4,20.0961572295762,2,1,0,52,"관망",43,-36.7983367983368,16,20260910,20.0165425971877,11.080103901068,0,0,,,,,1,11500.0,"저항→지지",0,0,15350.2353812025,15350.2353812025
20261006,024070,WISCOM,KOSPI,1979.0,-0.35,"화학",0.19,0.2803684415,30331020802.0,2340.0,-15.5555555555556,,0.0,22.72,1.4,46.9590812396097,2,2,0,50,"없음",46,-1.69154228855721,72,,,,0,0,,,,,1,1935.0,"지지 재탈환",0,0,2240.57939634522,2240.57939634522
20261006,024090,"디씨엠",KOSPI,11350.0,-1.13,"비철금속",0.22,0.478489085,129390000000.0,11880.0,-3.28282828282828,,43.217665615142,14.0116763969975,10.4,51.2202470623682,1,2,0,90,"없음",48,-5.66502463054187,65,,,,0,0,,,,,0,,,0,0,11454.2358987469,11784.2358987469
20261006,024110,"기업은행",KOSPI,20200.0,0.0,"은행",136.6,168.165398475,16108002553800.0,21050.0,-4.27553444180523,,52.5269262634631,10.4288939051919,10.6,71.1908348976047,0,3,0,89,"관망",40,-5.62060889929742,65,,,,0,0,,,,,0,,,0,0,20561.8491461648,21211.8491461648
20261006,024120,"KB오토시스",KOSDAQ,3060.0,-0.49,"자동차부품",0.35,0.194646795,35190000000.0,3240.0,-5.55555555555556,,28.0,8.61538461538461,8.6,93.1713267399653,0,1,0,80,"없음",27,-18.4,43,,,,0,0,,,,,0,,,0,0,3074.3501450567,3114.3501450567
20261006,024720,"콜마홀딩스",KOSPI,9260.0,-0.32,"화장품",2.19,1.884578375,317583358340.0,9670.0,-3.92967942088935,,45.4014598540146,18.8003581020591,7.0,42.1699662803287,1,3,0,97,"없음",51,7.15109573241061,79,,,,0,0,,,,,0,,,0,0,9437.0397468712,10507.0397468712
20261006,024740,"한일단조",KOSDAQ,2175.0,-2.9,"자동차부품",4.97,4.4829591375,71551081575.0,2410.0,-9.54356846473029,,31.5970234688037,24.2424242424242,9.6,127.213303220228,2,1,0,77,"없음",39,-22.6950354609929,36,20260907,10.4368932038835,10.7988053927608,0,0,,,,,1,2125.0,"저항→지지",0,0,2216.92052169198,2216.92052169198
20261006,024800,"유성티엔에스",KOSDAQ,4290.0,-1.83,"도로와철도운송",5.51,1.50537711,151116837300.0,4850.0,-11.0309278350515,,25.9767687434002,10.4575163398693,6.4,402.699371893685,4,1,0,62,"없음",49,9.102402022756,82,20260528,29.8588490770901,29.3239116766316,0,0,,,,,0,,,0,0,4415.28070231223,4415.28070231223
20261006,024830,"세원물산",KOSDAQ,8190.0,-0.12,"자동차부품",0.56,0.17895789,68386500000.0,10740.0,-23.7430167597765,,12.0634920634921,12.6086956521739,5.8,271.698798414728,0,2,0,72,"없음",25,-25.5454545454545,30,,,,0,0,,,,,0,,,0,0,9700.21749459245,9700.21749459245
20261006,024850,"HLB이노베이션",KOSDAQ,17500.0,7.43,"반도체와반도체장비",215.92,67.766291665,604449492500.0,19680.0,-11.229674796748,,0.0,21.1751018033741,2.8,426.065682414204,3,2,0,40,"수축중",51,-18.8385598141696,42,20260928,29.8153034300792,5.75343989365409,0,0,,,,,1,15170.0,"저항→지지",0,0,16352.7439310584,16352.7439310584
20261006,024880,"케이피에프",KOSDAQ,3970.0,-0.13,"기계",3.36,1.58193779,79168247280.0,4055.0,-2.34278668310728,,13.4680134680135,17.1464330413016,13.0,192.584602050465,0,1,0,74,"없음",27,-26.530612244898,29,,,,0,0,,,,,1,3915.0,"저항→지지",0,0,3779.82251323818,3779.82251323818
20261006,024900,"디와이덕양",KOSPI,2225.0,0.68,"자동차부품",2.75,5.376548765,72457080500.0,2275.0,-2.1978021978022,,0.0,21.9477434679335,12.6,80.5840285329053,2,3,0,73,"없음",48,13.5783563042369,85,20260916,14.0402843601896,52.1243377721043,0,0,,,,,1,2170.0,"저항→지지",0,0,2073.27390899356,2073.27390899356
20261006,024910,"경창산업",KOSDAQ,1502.0,-0.27,"자동차부품",0.42,0.5258596545,53800145510.0,1599.0,-6.06629143214509,,35.6071964017991,16.7524299599771,6.2,37.2636326466325,1,2,0,86,"없음",48,-25.273631840796,31,,,,0,0,,,,,1,1471.0,"지지 재탈환",0,0,1469.60688829362,1614.60688829362
20261006,024940,"PN풍년",KOSDAQ,2085.0,3.47,"가정용기기와용품",1.52,2.344788154,20850000000.0,2305.0,-9.97830802603037,,63.3055091819699,40.7333333333333,10.4,90.3551730608611,0,1,0,67,"없음",29,-45.7516339869281,9,20260716,29.8076923076923,31.7108429972542,0,0,,,,,1,1955.0,"저항→지지",0,0,2139.57154666271,2834.57154666271
20261006,024950,"삼천리자전거",KOSDAQ,4195.0,0.48,"레저용장비와제품",2.87,1.6105434425,52018000000.0,4850.0,-13.1958762886598,,13.135593220339,37.1910112359551,15.6,98.5742495787035,0,1,0,54,"없음",26,-4.85875706214689,66,20260818,8.27505827505828,13.7036926999492,0,0,,,,,0,,,0,0,4419.95414004718,4609.95414004718
20261006,025000,"KPX케미칼",KOSPI,57700.0,1.94,"화학",2.11,2.5704241,239266609500.0,59800.0,-3.67892976588629,,8.59728506787331,5.91715976331361,9.4,84.1482729422501,5,2,0,76,"없음",58,18.7628865979381,87,,,,1,0,,,,,1,57000.0,"저항→지지",0,0,57071.2990715388,57071.2990715388
20261006,025320,"시노펙스",KOSDAQ,4000.0,0.38,"핸드셋",9.57,11.5050608675,368883012000.0,3910.0,2.68542199488491,0.767263427109974,79.5092838196286,26.4853977844914,7.2,40.7177912353274,0,3,0,93,"없음",50,-30.4159445407279,24,20260811,12.6674786845311,6.44859325668985,0,0,20261001,3910.0,3940.0,75.894224712569,1,3895.0,"저항→지지",0,0,3750.12821664008,4635.12821664008
20261006,025440,"DH오토웨어",KOSDAQ,3195.0,-1.08,"자동차부품",0.07,0.13654368,31171199580.0,3445.0,-7.25689404934688,,37.6093294460641,14.5604395604396,10.0,33.3601261883034,0,2,0,83,"없음",33,-23.7470167064439,33,,,,0,0,,,,,0,,,0,0,3176.32026471655,3421.32026471655
20261006,025530,"SJM홀딩스",KOSPI,3650.0,0.55,"자동차부품",0.37,0.198243685,54509129200.0,3715.0,-2.15343203230148,,22.0543806646526,9.73936899862826,14.8,128.263789099309,2,3,0,91,"없음",50,0.692520775623269,74,,,,0,0,,,,,0,,,0,0,3541.14528868426,3541.14528868426
20261006,025540,"한국단자",KOSPI,55400.0,-1.25,"자동차부품",9.17,9.0378472,560371000000.0,57300.0,-2.26876090750436,,57.6200417536535,17.9604261796043,6.8,80.1643142093895,0,3,0,99,"없음",40,-26.1213720316623,30,,,,0,0,,,,,0,,,0,0,54017.3232997921,62717.3232997921
20261006,025550,"한국선재",KOSDAQ,2395.0,2.79,"철강",1.76,1.39550258,61106039580.0,2870.0,-16.3763066202091,,0.0,19.9555555555556,9.6,114.630991411513,0,3,0,84,"없음",29,-23.0769230769231,35,,,,0,0,,,,,1,2320.0,"저항→지지",0,0,2617.95333915066,2617.95333915066
20261006,025560,"미래산업",KOSPI,8630.0,3.35,"반도체와반도체장비",47.88,33.532898425,239729991140.0,11980.0,-26.9616026711185,,65.0684931506849,50.6001846722068,9.4,81.9422153320823,4,2,0,43,"없음",45,248.883572567783,99,20260928,9.81595092024541,5.45810067109457,0,0,,,,,1,6530.0,"저항→지지",1,0,7398.46986087525,10738.4698608752
20261006,025620,"차AI헬스케어",KOSPI,5500.0,4.96,"화장품",1.23,0.5030419675,100121851500.0,5390.0,2.04081632653061,2.04081632653061,67.9347826086957,55.3529411764706,13.0,209.287057580184,0,1,0,55,"없음",33,-38.8888888888889,14,20260623,29.9826689774697,6.43398241823004,1,0,20261006,5390.0,5500.0,207.761516696163,1,5000.0,"저항→지지",0,0,5312.34918098956,5782.34918098956
20261006,025750,"한솔홈데코",KOSPI,1900.0,0.05,"건축자재",0.17,0.2896708895,30614755100.0,1938.0,-2.01238390092879,,57.2937293729373,13.8461538461538,9.4,53.697853603173,0,3,0,95,"없음",45,-29.5361781076067,25,,,,0,0,,,,,1,1874.0,"지지 재탈환",0,0,1897.94696006845,1897.94696006845
20261006,025770,"한국정보통신",KOSDAQ,7870.0,0.51,"IT서비스",3.37,1.886651785,294686412770.0,8080.0,-2.5990099009901,,12.0921305182342,10.3448275862069,2.4,137.203161154681,1,2,0,65,"없음",40,3.14547837483617,77,,,,0,0,,,,,1,7800.0,"지지 재탈환",0,0,7793.59970630127,7793.59970630127
20261006,025820,"이구산업",KOSPI,4265.0,-1.27,"비철금속",3.89,7.48456359,142630130000.0,4480.0,-2.90178571428571,,51.3583441138422,12.4468085106383,3.2,45.2319668773113,0,2,0,83,"없음",43,-7.15048025613661,63,,,,0,0,,,,,1,4250.0,"지지 재탈환",0,0,4347.14488443715,4347.14488443715
20261006,025860,"남해화학",KOSPI,6030.0,0.5,"화학",7.53,16.251254565,299563423290.0,6260.0,-3.6741214057508,,46.5324384787472,14.4776119402985,6.2,26.1935994403307,1,1,0,80,"없음",36,-24.5306633291614,32,,,,0,0,,,,,0,,,0,0,6174.39692142293,6284.39692142293
20261006,025880,"케이씨피드",KOSDAQ,2335.0,0.65,"식품",0.88,0.86490396,39031528430.0,2415.0,-3.1055900621118,,56.7604667124228,14.6616541353383,7.2,83.8774965861491,0,2,0,84,"없음",35,-17.8947368421053,44,,,,1,0,,,,,1,2330.0,"지지 재탈환",0,0,2306.14145276824,2613.14145276824
20261006,025890,"한국주강",KOSPI,2650.0,0.95,"철강",1.27,0.803232225,29533232400.0,2790.0,-4.6594982078853,,0.0,11.8081180811808,6.8,109.645391354717,5,1,0,77,"없음",52,35.9918200408998,92,,,,0,0,,,,,1,2600.0,"저항→지지",0,0,2598.37279638773,2598.37279638773
20261006,025900,"동화기업",KOSDAQ,7570.0,2.02,"건축자재",6.89,4.52965278,382718647450.0,7710.0,-1.81582360570687,,62.3291139240506,27.4444444444444,7.4,60.6257712743123,0,2,0,79,"없음",47,-26.4334305150632,29,20260807,30.0,14.7996229367258,0,0,,,,,1,7390.0,"저항→지지",0,0,6940.35176307917,8230.35176307917
20261006,025950,"동신건설",KOSDAQ,10080.0,0.6,"건설",1.03,1.607950695,84672000000.0,10490.0,-3.90848427073403,,83.9116228411389,31.3583815028902,7.0,16.9887901362435,0,2,0,86,"없음",47,-32.5301204819277,21,20260706,15.1729004940014,7.2869596000796,0,0,,,,,1,9900.0,"지지 재탈환",0,0,9488.45968882188,12738.4596888219
20261006,025980,"아난티",KOSDAQ,5060.0,-0.59,"호텔,레스토랑,레저",57.58,103.1186925525,492343009400.0,5630.0,-10.4795737122558,,48.9320388349515,23.801652892562,5.8,29.6696264056921,0,1,0,56,"관망",35,-24.2105263157895,33,20260819,18.8888888888889,29.9707915347584,0,0,,,,,1,4970.0,"지지 재탈환",0,0,5152.6882914982,5412.6882914982
20261006,026040,"제이에스티나",KOSDAQ,2155.0,-3.15,"섬유,의류,신발,호화품",0.94,3.6249546875,35565667450.0,2980.0,-27.5167785234899,,54.3352601156069,37.6150627615063,10.6,11.543722861399,0,1,0,47,"없음",30,-21.0237659963437,39,20260902,17.5280898876405,8.87624271334012,0,0,,,,,0,,,0,0,2623.96502151263,2623.96502151263
20261006,026150,"특수건설",KOSDAQ,3925.0,0.0,"건설",0.58,0.9573925225,68869349175.0,4230.0,-7.21040189125296,,63.1970260223048,17.2368421052632,9.4,53.7453618230033,0,1,0,81,"없음",29,-37.5993640699523,15,20260701,12.5158027812895,6.25877302726405,0,0,,,,,0,,,0,0,3878.39613547566,3878.39613547566
20261006,026890,"스틱인베스트먼트",KOSPI,7870.0,0.13,"창업투자",5.21,2.898810225,305126487190.0,8600.0,-8.48837209302325,,42.7041499330656,17.545871559633,10.4,157.490417117022,0,1,0,63,"없음",25,-7.73739742086753,62,,,,0,0,,,,,0,,,0,0,8019.93300650866,8139.93300650866
20261006,026910,"광진실업",KOSDAQ,2330.0,15.63,"철강",7.91,8.4022970275,18472999580.0,4095.0,-43.7118437118437,,57.3192880494006,66.4664664664665,8.0,210.811200188184,3,1,0,28,"없음",41,21.6358839050132,88,20260910,17.1428571428571,6.05494352956022,0,0,,,,,1,2130.0,"지지 재탈환",0,0,3139.41456284332,5754.41456284332
20261006,026940,"부국철강",KOSPI,2105.0,-0.71,"철강",3.25,7.8971578375,42100000000.0,2440.0,-14.344262295082,,80.5073431241656,63.2196162046908,13.8,27.5341276648513,2,1,0,55,"없음",40,5.07792860734037,78,20260812,10.2870813397129,12.0846860495208,0,0,,,,,0,,,0,0,2469.5362963124,2469.5362963124
20261006,026960,"동서",KOSPI,26400.0,-4.69,"식품",51.48,17.22399525,2632080000000.0,26150.0,1.91204588910134,5.35372848948375,34.9514563106796,15.180265654649,15.0,272.945523821565,2,3,0,84,"없음",48,-2.55941499085923,70,,,,0,0,20261002,26150.0,27550.0,370.488134053756,1,25700.0,"저항→지지",0,0,26322.6293797646,26322.6293797646
20261006,027040,"서울전자통신",KOSDAQ,1980.0,14.45,"전자장비와기기",20.09,9.231328009,27557182620.0,2215.0,-9.48081264108352,,25.4393803991659,33.6,7.6,346.914641595339,2,2,0,52,"없음",42,-3.83693045563549,68,20260807,12.8296146044625,5.39681305471812,1,0,,,,,1,1800.0,"저항→지지",0,0,1867.79671649518,2152.79671649518
20261006,027050,"코리아나",KOSDAQ,1300.0,1.64,"화장품",0.57,2.8913620845,52000000000.0,1450.0,-10.0,,45.3253552729993,27.2886297376093,7.0,20.8982829929661,0,1,0,72,"없음",29,-25.8943781942078,30,,,,0,0,,,,,1,1287.0,"지지 재탈환",0,0,1438.76523624448,1592.76523624448
20261006,027360,"아주IB투자",KOSDAQ,4020.0,2.03,"창업투자",241.72,142.743051885,487004532120.0,4235.0,-4.95867768595041,,42.5578034682081,37.1549893842887,6.6,168.95504492476,2,2,0,64,"관망",49,-50.4310344827586,6,20260917,8.39260312944523,15.8143091812409,0,0,,,,,1,3355.0,"저항→지지",0,0,3606.72284194576,4081.72284194576
20261006,027410,BGF,KOSPI,3725.0,0.13,"화학",1.66,1.9000425325,356545046475.0,3795.0,-1.84453227931489,,54.292343387471,9.27070457354759,9.4,66.6266889521161,1,2,0,79,"없음",40,-17.6795580110497,44,,,,0,0,,,,,0,,,0,0,3739.79155621488,4069.79155621488
20261006,027580,"상보",KOSDAQ,1936.0,0.68,"화학",0.31,1.096699962,22914989680.0,2080.0,-6.92307692307692,,12.1491026231017,32.2048997772829,7.4,14.1787702595226,0,1,0,70,"없음",35,-30.4847396768402,24,20260526,29.9771167048055,8.85286204244562,0,0,,,,,1,1735.0,"저항→지지",0,0,1832.92775388662,1997.92775388662
20261006,027710,"팜스토리",KOSDAQ,1092.0,-2.41,"식품",3.2,2.663952132,121666927200.0,1174.0,-7.06984667802385,,54.75,19.3548387096774,10.4,85.9485330731545,1,1,0,74,"없음",30,-16.6539343009931,47,,,,0,0,,,,,0,,,0,0,1113.18837849818,1148.18837849818
20261006,027740,"마니커",KOSPI,1150.0,-0.52,"식품",1.81,1.631008649,36518956100.0,1199.0,-5.08757297748123,,38.1971830985915,43.641975308642,15.4,72.0770231082914,0,1,0,60,"없음",35,-30.1840490797546,24,20260825,15.7616892911011,10.4346467220028,0,0,,,,,0,,,0,0,1397.78680557823,1624.78680557823
20261006,027830,"대성창투",KOSDAQ,741.0,8.02,"창업투자",1.66,1.309120291,40014000000.0,998.0,-25.751503006012,,8.203125,42.1157684630739,10.8,150.735062783268,0,1,0,31,"없음",26,-48.5416666666667,8,20260730,8.50574712643679,12.6888788737486,0,0,,,,,1,737.0,"지지 재탈환",0,0,885.715988627779,966.715988627779
20261006,027970,"한국제지",KOSPI,2700.0,-0.37,"종이와목재",0.39,0.467141335,102681388800.0,3300.0,-16.969696969697,,1.4012738853503,24.5142002989537,15.8,117.240968420023,0,3,0,83,"없음",31,-29.6534017971759,25,,,,1,0,,,,,1,2720.0,"지지 재탈환",0,0,3236.00979817005,3236.00979817005
20261006,028050,"삼성E&A",KOSPI,48000.0,0.52,"건설",552.12,881.8970929,9408000000000.0,55200.0,-12.9528985507246,,44.010889292196,22.5352112676056,9.8,63.153761023207,4,2,0,65,"수축중",54,34.593837535014,92,20260723,12.953995157385,3.35929075002059,0,0,,,,,0,,,0,0,50215.7853932799,50215.7853932799
20261006,028100,"동아지질",KOSPI,19510.0,-1.37,"건설",3.84,24.390962965,218943502670.0,21000.0,-5.61904761904762,,0.0,20.3265765765766,12.2,30.2945204135093,4,1,0,46,"없음",47,14.6327356853673,85,,,,0,0,,,,,1,17800.0,"저항→지지",0,0,20734.668656559,20734.668656559
20261006,028260,"삼성물산",KOSPI,342000.0,-1.16,"복합기업",870.2,1152.5550875,55461312702000.0,385500.0,-10.8949416342412,,72.6973684210526,16.0847880299252,3.4,66.5238668956541,2,2,0,62,"관망",47,35.5029585798817,92,,,,0,0,,,,,0,,,0,0,361251.767377453,361251.767377453
20261006,028300,HLB,KOSDAQ,47250.0,16.81,"건강관리장비와용품",2636.78,503.035768,6293616036750.0,47700.0,-1.25786163522013,,28.7282117495158,31.8912237330037,10.6,415.287872541707,0,2,0,55,"관망",29,-6.91699604743083,63,20261006,15.8671586715867,5.28901538573786,0,0,,,,,1,33400.0,"저항→지지",0,0,40693.1536986236,40693.1536986236
20261006,028670,"팬오션",KOSPI,5980.0,-4.17,"해운사",188.1,163.764616815,3196725681760.0,6300.0,-4.6031746031746,,27.0294380017841,16.8453292496172,5.4,89.7744528639288,5,2,0,71,"수축중",69,22.7783452502554,89,20260804,14.2857142857143,3.10888820168729,0,0,,,,,1,5720.0,"지지 재탈환",0,0,5787.54619928229,5887.54619928229
20261006,029460,"케이씨",KOSPI,45500.0,3.41,"반도체와반도체장비",14.52,14.9524742,501434342500.0,46900.0,-3.19829424307036,,21.0666666666667,25.434439178515,11.2,91.9190992558272,5,3,0,77,"없음",63,51.3333333333333,94,20260921,8.79120879120878,3.01300503075901,1,0,,,,,1,45000.0,"저항→지지",0,0,42653.9103114093,42653.9103114093
20261006,029480,"광무",KOSDAQ,1415.0,2.76,"IT서비스",2.1,1.170040337,84502571780.0,1695.0,-17.5221238938053,,56.2555456965395,37.2117962466488,11.8,137.753446481458,0,1,0,63,"없음",26,-29.6780684104628,25,20260824,12.4645892351275,5.93149297492015,0,0,,,,,1,1390.0,"지지 재탈환",0,0,1537.37885818088,1537.37885818088
20261006,029530,"신도리코",KOSPI,38950.0,0.0,"사무용전자제품",2.36,1.58283245,378427644550.0,39750.0,-2.0125786163522,,54.3086172344689,11.5890083632019,9.2,83.6264123041327,0,3,0,96,"없음",40,-21.0739614994934,38,,,,0,0,,,,,0,,,0,0,38636.2753620449,41286.2753620449
20261006,029780,"삼성카드",KOSPI,41800.0,-0.36,"카드",23.92,38.866983025,4842901643800.0,46850.0,-10.5656350053362,,63.3333333333333,17.5595238095238,9.4,56.6639400192615,0,1,0,66,"없음",29,-21.0922787193974,38,20260612,9.22587486744433,4.76693953035472,0,0,,,,,0,,,0,0,44846.2111952911,48396.2111952911
20261006,030000,"제일기획",KOSPI,18640.0,-0.32,"광고",57.35,79.27910689,2144368434000.0,19120.0,-2.51046025104602,,39.3923240938166,12.0822622107969,9.0,86.2540637748536,0,1,0,59,"없음",30,-1.73958882445967,72,,,,0,0,,,,,1,18490.0,"지지 재탈환",0,0,18444.584817449,18704.584817449
20261006,030190,"NICE평가정보",KOSPI,16100.0,-1.04,"상업서비스와공급품",8.12,10.3713028,938126730100.0,16400.0,-1.21951219512195,,33.4080717488789,8.57321652065081,6.6,55.6035099347751,2,1,0,72,"없음",41,0.997506234413965,74,,,,0,0,,,,,1,15950.0,"저항→지지",0,0,15708.644553005,15708.644553005
20261006,030200,KT,KOSPI,51800.0,-0.19,"다각화된통신서비스",148.75,136.7963876,13054723283000.0,53800.0,-4.08921933085502,,62.8664495114006,11.551724137931,11.6,84.5910368472241,2,1,0,81,"관망",41,-14.5695364238411,51,,,,0,0,,,,,0,,,0,0,53382.3325838888,53382.3325838888
20261006,030210,"다올투자증권",KOSPI,3915.0,0.77,"증권",1.78,2.62857864,238466979990.0,3980.0,-1.38190954773869,,38.0035026269702,9.33333333333333,2.6,72.6390139103545,3,2,0,76,"없음",48,1.29032258064516,75,,,,1,0,,,,,1,3855.0,"지지 재탈환",0,0,3871.84897140985,3871.84897140985
20261006,030520,"한컴",KOSDAQ,18380.0,6.98,"소프트웨어",89.19,23.57367168,444423694720.0,17700.0,3.84180790960452,3.84180790960452,42.5556189389618,16.7604049493813,9.4,395.793387817761,0,1,0,62,"없음",31,-3.56768100734523,69,,,,0,0,20261006,17700.0,18380.0,425.43352641427,1,16730.0,"지지 재탈환",0,0,17414.9539863766,17924.9539863766
20261006,030610,"교보증권",KOSPI,9860.0,-0.5,"증권",1.34,3.53103845,1123674795460.0,10460.0,-5.16252390057361,,70.0,21.7726396917148,11.2,29.0722117048139,2,1,0,91,"없음",41,-13.7391304347826,52,,,,0,0,,,,,0,,,0,0,9915.43163006759,10125.4316300676
20261006,030960,"양지사",KOSDAQ,4640.0,-2.52,"상업서비스와공급품",0.54,1.38283804,74147200000.0,6230.0,-25.5216693418941,,66.6952054794521,30.0699300699301,10.6,19.30153631026,0,1,0,54,"없음",30,-29.6969696969697,25,20260622,10.8581436077058,5.43379537448664,0,0,,,,,1,4620.0,"저항→지지",0,0,5727.66558680857,5727.66558680857
20261006,031210,"서울보증보험",KOSPI,41950.0,-0.24,"손해보험",12.54,18.876264275,2929016036100.0,43300.0,-3.11778290993072,,41.491395793499,16.3502109704641,15.4,61.9593456271087,0,1,0,75,"없음",27,-19.6360153256705,41,,,,0,0,,,,,0,,,0,0,42501.8655950893,42601.8655950893
20261006,031310,"아이즈비전",KOSDAQ,1015.0,0.79,"통신장비",0.3,0.4707671005,30192850765.0,1180.0,-13.9830508474576,,30.1414581066376,13.6105860113422,6.6,44.7769595910419,0,1,0,53,"없음",26,-37.4614910659273,16,20260803,10.6194690265487,2.61319486910956,0,0,,,,,1,978.0,"지지 재탈환",0,0,1094.31653202458,1094.31653202458
20261006,031330,"에스에이엠티",KOSDAQ,8870.0,0.23,"전자장비와기기",30.85,31.496339425,886956244290.0,8700.0,2.18390804597701,1.60919540229885,75.8230711233978,37.6871880199667,6.8,51.5997499715494,2,2,0,86,"관망",55,80.3245436105477,96,,,,0,0,20261001,8700.0,8840.0,77.5686248726895,1,8700.0,"저항→지지",0,0,8001.60471238558,11021.6047123856
20261006,031430,"신세계인터내셔날",KOSPI,10510.0,0.57,"섬유,의류,신발,호화품",4.99,5.10983905,367702860000.0,10680.0,-1.68539325842697,,63.6449480642115,14.3712574850299,7.2,58.8557413444539,1,3,0,92,"없음",50,-10.941475826972,57,,,,0,0,,,,,0,,,0,0,10077.7461407685,11527.7461407685
20261006,031510,"오스템",KOSDAQ,1127.0,0.9,"자동차부품",0.61,0.616019664,31556000000.0,1220.0,-7.62295081967213,,35.6709956709957,15.6479217603912,7.6,67.0353292901598,4,3,0,86,"없음",60,7.43565300285987,80,20260601,11.9469026548673,8.20944532454111,0,0,,,,,0,,,0,0,1121.43587121041,1128.43587121041
20261006,031820,"아이티센씨티에스",KOSPI,5800.0,1.4,"IT서비스",2.94,1.740439325,70209846800.0,6560.0,-11.5853658536585,,23.3160621761658,18.4027777777778,9.4,162.251089920842,1,1,0,61,"없음",30,-16.3059163059163,47,,,,0,0,,,,,1,5610.0,"지지 재탈환",0,0,6065.91157760205,6065.91157760205
20261006,031980,"피에스케이홀딩스",KOSDAQ,195800.0,1.14,"반도체와반도체장비",408.99,318.09922725,4221916941000.0,174000.0,12.5287356321839,3.90804597701149,30.1918545944127,16.721044045677,6.4,111.394847427906,5,2,0,60,"돌파완료",60,105.672268907563,97,20260610,10.96,2.85148192615672,0,0,20260929,174000.0,180800.0,96.0319137963959,1,173900.0,"저항→지지",1,1,167673.373586785,167673.373586785
20261006,032190,"다우데이타",KOSDAQ,19230.0,1.64,"증권",14.59,10.332706405,736509000000.0,20800.0,-6.92307692307692,,52.4475524475524,12.5659472422062,6.8,108.975784951838,1,3,0,94,"없음",44,-11.7995444191344,55,,,,0,0,,,,,1,19150.0,"지지 재탈환",0,0,19400.5730360632,19450.5730360632
20261006,032280,"삼일",KOSDAQ,1323.0,1.07,"항공화물운송과물류",0.06,0.44053925,21450579570.0,1404.0,-5.76923076923077,,68.7600644122383,8.48708487084871,9.2,12.1835881233094,0,1,0,69,"없음",27,-4.75161987041037,67,,,,0,0,,,,,1,1320.0,"지지 재탈환",0,0,1335.32046147095,1335.32046147095
20261006,032300,"한국파마",KOSDAQ,8620.0,-1.15,"제약",18.02,10.17154551,94015762620.0,8150.0,5.88957055214724,5.76687116564417,5.42420027816411,18.0645161290323,9.6,394.774427365076,0,1,0,58,"없음",31,-22.2522522522523,36,20261002,13.421052631579,248.567990520803,0,0,20261002,8150.0,8620.0,20836.7643123289,1,8500.0,"저항→지지",0,0,8633.93375736114,8633.93375736114
20261006,032350,"롯데관광개발",KOSPI,10900.0,0.18,"호텔,레스토랑,레저",76.08,31.79477045,869007492200.0,12290.0,-11.1472742066721,,67.0281995661605,38.6706948640483,12.0,199.046643201496,0,1,0,56,"없음",27,-37.0605187319885,16,,,,0,0,,,,,0,,,0,0,12250.5411227136,13480.5411227136
20261006,032500,"케이엠더블유",KOSDAQ,21000.0,-0.47,"통신장비",42.81,51.787161095,886025721000.0,20400.0,3.43137254901961,2.94117647058824,37.4814814814815,31.25,9.6,82.8130972098356,2,3,0,77,"관망",52,-17.0923379174853,45,20260916,10.0182149362477,4.16743077670205,0,0,20261002,20400.0,21000.0,230.446255849357,1,20400.0,"저항→지지",0,0,19249.2727152858,19249.2727152858
20261006,032540,"TJ미디어",KOSDAQ,3770.0,-0.79,"전자제품",0.28,0.3741800025,78783247010.0,3930.0,-4.07124681933842,,3.07941653160453,18.809201623816,16.0,97.003883854263,3,3,0,79,"없음",60,-2.07792207792208,71,20260609,9.40298507462687,3.00483475896739,0,0,,,,,1,3115.0,"저항→지지",0,0,4241.2571800479,4241.2571800479
20261006,032560,"황금에스티",KOSPI,5620.0,2.18,"비철금속",0.62,0.738013575,95540000000.0,5900.0,-5.59322033898305,,0.0,7.99256505576208,11.2,57.596464985196,1,1,0,65,"없음",32,-4.78632478632479,66,,,,1,0,,,,,1,5550.0,"지지 재탈환",0,0,5534.61651502176,5584.61651502176
20261006,032620,"GC메디아이",KOSDAQ,3250.0,0.62,"건강관리기술",1.88,1.18305768,169640701750.0,3325.0,-1.95488721804511,,44.3127962085308,12.4172185430464,9.4,101.962086528597,0,3,0,96,"없음",36,-17.15374841169,45,,,,1,0,,,,,1,3150.0,"저항→지지",0,0,3153.08758450268,3153.08758450268
20261006,032640,"LG유플러스",KOSPI,14540.0,-0.07,"무선통신서비스",81.47,127.82020283,6171179223280.0,14840.0,-1.88679245283019,,52.3227383863081,10.7438016528926,7.2,62.1127961461624,0,1,0,70,"관망",30,-6.24597553122988,64,,,,0,0,,,,,1,14510.0,"지지 재탈환",0,0,14506.3783538968,15066.3783538968
20261006,032680,"소프트센",KOSDAQ,1019.0,1.39,"IT서비스",0.43,0.8742885025,23493942739.0,1089.0,-6.79522497704316,,31.1589174184594,24.3268337975859,8.0,24.8097836556683,0,2,0,78,"없음",37,-14.7058823529412,50,20260921,8.41530054644808,5.48885779018824,1,0,,,,,1,930.0,"저항→지지",0,0,963.929793295275,963.929793295275
20261006,032750,"삼진",KOSDAQ,2915.0,-0.34,"전자제품",0.07,0.19099879,26325720630.0,3200.0,-9.0625,,51.530612244898,9.98415213946117,4.8,23.9196702998479,0,2,0,91,"없음",40,-9.76744186046512,59,,,,0,0,,,,,0,,,0,0,3041.28065327614,3041.28065327614
20261006,032800,"판타지오",KOSDAQ,1496.0,-0.6,"방송과엔터테인먼트",0.12,0.2234384265,22600107904.0,1658.0,-9.89143546441496,,54.1726618705036,20.0114351057747,9.2,31.3438293129577,0,1,0,85,"없음",29,-15.2099886492622,49,20260629,11.5757575757576,13.4774450776856,0,0,,,,,0,,,0,0,1570.73435164347,1573.73435164347
20261006,032820,"우리기술",KOSDAQ,12860.0,1.26,"우주항공과국방",244.46,922.972207635,2222010110320.0,14790.0,-12.9141311697093,,42.2750424448217,26.133909287257,4.8,42.9901074438403,2,1,0,56,"관망",40,-36.8627450980392,16,20260909,21.2531752751905,12.3675839864081,0,0,,,,,1,12500.0,"저항→지지",0,0,13289.9556122502,13289.9556122502
20261006,032830,"삼성생명",KOSPI,284000.0,-1.73,"생명보험",666.52,844.81060175,56800000000000.0,304000.0,-6.41447368421053,,69.9156513589503,16.4133738601824,5.8,59.5611492865174,2,3,0,87,"관망",53,35.1543942992874,92,,,,0,0,,,,,0,,,0,0,287215.331277925,311715.331277925
20261006,032850,"비트컴퓨터",KOSDAQ,4045.0,-3.11,"건강관리기술",2.9,2.678568095,67241220185.0,4350.0,-6.7816091954023,,8.20161049806144,18.0288461538462,10.6,143.11347467346,0,3,0,73,"없음",34,-21.2621359223301,38,,,,0,0,,,,,1,4000.0,"저항→지지",0,0,4064.71465051822,4064.71465051822
20261006,032860,"더라미",KOSDAQ,3045.0,7.41,"판매업체",0.48,0.272819085,24601078740.0,3280.0,-12.6524390243902,,30.2387267904509,26.4367816091954,4.6,140.974197970406,0,2,0,54,"없음",30,-56.6237698713096,4,,,,0,0,,,,,1,2725.0,"지지 재탈환",0,0,2787.23864475177,3007.23864475177
20261006,032940,"원익",KOSDAQ,9350.0,0.21,"화장품",18.71,230.04532638,170106242350.0,11600.0,-20.0,,48.6862442040185,31.1274509803922,11.2,12.1898525113826,2,1,0,52,"관망",40,4.26966292134831,78,20260904,17.1328671328671,8.52504101889308,0,0,,,,,1,6420.0,"저항→지지",0,0,10108.6731127436,10108.6731127436
20261006,032960,"동일기연",KOSDAQ,2680.0,-0.19,"전자장비와기기",1.06,1.043766785,47149173000.0,2925.0,-9.57264957264957,,0.124378109452748,16.7464114832536,9.6,188.20156802621,0,3,0,74,"없음",35,-17.3953778888195,45,20261001,8.08270676691729,3.16970041317326,0,0,,,,,1,2250.0,"저항→지지",0,0,2532.37568223936,2532.37568223936
20261006,033050,"제이엠아이",KOSDAQ,812.0,0.25,"가정용품",0.08,0.170817148,25853534336.0,849.0,-4.35806831566549,,68.532206969377,18.7564766839378,7.2,15.2043219536995,2,3,0,96,"없음",56,-5.69105691056911,65,,,,0,0,,,,,0,,,0,0,797.884496221206,901.884496221206
20261006,033100,"제룡전기",KOSDAQ,50400.0,2.02,"전기장비",54.81,32.34708795,809545413600.0,47450.0,6.21707060063224,3.16122233930453,73.0559345156889,16.2135922330097,7.0,98.5510370001092,2,3,0,90,"관망",51,15.8620689655172,86,,,,0,0,20261001,47450.0,48950.0,71.4124254766158,1,48900.0,"저항→지지",1,0,45688.5879739947,47438.5879739947
20261006,033130,"디지틀조선",KOSDAQ,1704.0,-0.76,"IT서비스",2.11,0.8433735535,63244414968.0,1987.0,-16.1550075490689,,37.0978332239002,23.4942528735632,10.8,268.206413885023,2,1,0,58,"없음",32,-32.4137931034483,21,,,,0,0,,,,,0,,,0,0,1753.08498915592,2029.08498915592
20261006,033160,"엠케이전자",KOSDAQ,19560.0,-1.95,"반도체와반도체장비",289.85,152.31794974,480472974480.0,17350.0,13.2564841498559,7.60806916426513,40.7902924704418,35.6072351421189,6.8,147.556810441555,3,2,0,56,"수축중",49,29.2763157894737,90,20260805,11.0097719869707,2.85270708784928,0,0,20261001,17350.0,18670.0,193.540318984067,1,17350.0,"저항→지지",0,0,18055.2000457337,18055.2000457337
20261006,033170,"시그네틱스",KOSDAQ,3345.0,8.6,"반도체와반도체장비",16.82,12.892619198,57352242735.0,3420.0,-2.19298245614035,,0.0,32.9140461215933,9.2,173.106611055542,1,2,0,53,"없음",40,-3.18379160636758,69,20261001,13.381555153707,4.13950691724282,0,0,,,,,1,1900.0,"저항→지지",0,0,2960.55002610918,2960.55002610918
20261006,033200,"모아텍",KOSDAQ,2445.0,1.45,"전자장비와기기",0.08,0.174737895,22505073405.0,2655.0,-7.90960451977401,,49.6742671009772,25.4385964912281,9.6,49.388087351934,0,1,0,75,"없음",25,-28.4040995607613,26,,,,0,0,,,,,1,2425.0,"지지 재탈환",0,0,2430.42466060745,2620.42466060745
20261006,033230,"인성정보",KOSDAQ,1178.0,6.8,"IT서비스",4.42,2.1453279775,59507117640.0,1175.0,-2.21276595744681,,32.9642248722317,21.4001591089897,5.2,164.243308063362,0,2,0,82,"없음",35,-27.0939086294416,28,20260928,10.0990099009901,8.63019994119171,0,0,,,,,1,1069.0,"저항→지지",0,0,1055.85422224232,1137.85422224232
20261006,033240,"자화전자",KOSPI,28150.0,0.36,"통신장비",16.64,22.2695096,608194881300.0,28300.0,0.353356890459364,,54.0970128802412,20.440251572327,3.8,61.9779906968319,2,2,0,75,"없음",51,-11.8012422360248,55,20260813,11.4180478821363,3.40853745921618,0,0,,,,,1,27850.0,"지지 재탈환",0,0,28532.2289509904,30382.2289509904
20261006,033250,"체시스",KOSPI,4235.0,0.83,"자동차부품",1.48,2.485440125,27104000000.0,4715.0,-13.6797454931071,,28.8738357324301,24.5283018867925,10.6,67.7640510332023,0,2,0,71,"없음",30,-15.2083333333333,50,20260715,29.8611111111111,12.777457562058,0,0,,,,,0,,,0,0,4354.08297735742,4354.08297735742
20261006,033270,"유나이티드제약",KOSPI,17740.0,1.2,"제약",2.56,4.841460145,282257148500.0,18750.0,-5.49333333333333,,52.112676056338,10.5058365758755,11.2,49.8295565056866,0,2,0,78,"없음",30,-10.7304785894207,57,,,,0,0,,,,,0,,,0,0,18035.7646483336,18035.7646483336
20261006,033290,"로젠",KOSDAQ,1519.0,-0.72,"항공화물운송과물류",0.12,0.226506106,85301421219.0,1600.0,-5.0625,,39.843137254902,15.792646172393,9.4,29.0156134321261,0,1,0,86,"없음",31,-23.1664137582195,35,20260609,10.5082417582418,26.1136973575265,0,0,,,,,0,,,0,0,1503.13464099138,1562.13464099138
20261006,033310,"엠투엔",KOSDAQ,1441.0,-1.84,"자동차부품",1.11,0.8795787135,57600309096.0,1513.0,-4.56047587574356,,33.1775700934579,23.5580264072272,15.2,57.1705748404083,0,1,0,52,"없음",35,-21.1359912616057,38,20260825,12.2781065088757,17.2158798386864,0,0,,,,,1,1430.0,"지지 재탈환",0,0,1411.73642260274,1502.73642260274
20261006,033320,"제이씨현시스템",KOSDAQ,3190.0,0.31,"컴퓨터와주변기기",2.24,4.3393514975,60975038080.0,3190.0,0.313479623824451,,35.1123595505618,22.4161073825503,6.6,29.2368942786326,0,2,0,58,"없음",49,-30.1310043668122,24,20260806,11.7021276595745,42.7752975284984,1,0,,,,,1,3010.0,"지지 재탈환",0,0,3288.14802672774,3418.14802672774
20261006,033530,"SJG세종",KOSPI,6840.0,0.29,"자동차부품",3.16,2.11957668,185037725160.0,6850.0,-0.291970802919708,,57.0446735395189,14.7019867549669,6.4,87.2411752374203,0,3,0,97,"없음",40,-5.13888888888889,66,,,,1,0,,,,,0,,,0,0,6628.65739522142,7088.65739522142
20261006,033540,"파라텍",KOSDAQ,2700.0,0.37,"기계",1.03,0.7753806,28213018200.0,2990.0,-9.69899665551839,,56.5004088307441,39.6511627906977,6.6,184.440118041676,0,1,0,66,"없음",29,-54.0425531914894,5,20260701,12.9564193168433,4.24075447071397,0,0,,,,,1,2665.0,"지지 재탈환",0,0,2969.00143083158,4609.00143083158
20261006,033560,"블루콤",KOSDAQ,5690.0,7.16,"부동산",1.58,0.919477185,97299000000.0,5070.0,12.2287968441815,4.73372781065089,8.24074074074074,16.6666666666667,9.2,75.2214024288088,5,1,0,61,"없음",55,71.9033232628399,96,20260929,9.82419855222336,3.47454240783707,0,0,20260929,5070.0,5310.0,112.657814140414,1,5070.0,"저항→지지",1,1,4821.39252265218,4861.39252265218
20261006,033640,"네패스",KOSDAQ,32400.0,3.85,"반도체와반도체장비",115.04,67.5512675,747118144800.0,28700.0,13.0662020905923,1.91637630662021,29.1603762629195,53.6585365853659,11.2,173.923418200066,4,3,0,69,"돌파완료",64,94.311377245509,97,20260917,10.5590062111801,3.56116496356222,0,0,20260929,28700.0,29250.0,227.234435151269,1,28700.0,"저항→지지",0,0,28715.917690398,28715.917690398
20261006,033780,KT&G,KOSPI,176000.0,-0.51,"담배",366.62,381.8010912,18270640256000.0,179700.0,-1.89204229271007,,52.1238938053097,12.6892950391645,9.0,82.826310829778,5,2,0,80,"수축중",62,10.7412060301508,83,,,,0,0,,,,,1,173200.0,"저항→지지",0,0,170816.676262235,182616.676262235
20261006,033790,"피노",KOSDAQ,10230.0,0.99,"전기제품",227.27,208.950327635,879912509190.0,10470.0,-2.29226361031519,,33.1041968162084,29.2703150912106,9.6,133.491222943929,3,1,0,43,"관망",50,31.4910025706941,91,20260904,15.515288788222,3.51892075639159,0,0,,,,,1,8270.0,"저항→지지",0,0,8937.86174860992,8937.86174860992
20261006,033830,"티비씨",KOSDAQ,1694.0,0.36,"방송과엔터테인먼트",0.23,0.204785758,32028678220.0,1804.0,-6.09756097560976,,0.0,19.35,2.6,97.4709302325581,0,2,0,63,"없음",33,-42.673434856176,11,,,,0,0,,,,,1,1659.0,"저항→지지",0,0,1847.69762071544,1847.69762071544
20261006,033920,"무학",KOSPI,7290.0,-0.55,"음료",1.42,1.335619125,207765000000.0,8000.0,-8.75,,39.2307692307692,10.3879849812265,14.0,89.2093746150669,0,1,0,74,"없음",25,-12.4700239808153,54,,,,0,0,,,,,0,,,0,0,7523.96415305974,7803.96415305974
20261006,034020,"두산에너빌리티",KOSPI,81300.0,0.25,"기계",1587.08,2363.3872652,52077621169800.0,84000.0,-2.85714285714286,,57.467018469657,22.972972972973,9.6,76.297709111729,2,2,0,63,"관망",51,-11.1111111111111,57,20260825,10.5479452054795,2.50213136620795,0,0,,,,,0,,,0,0,86674.1095638791,86674.1095638791
20261006,034120,SBS,KOSPI,11700.0,1.12,"방송과엔터테인먼트",0.85,0.65691837,217049484600.0,12380.0,-5.73505654281099,,58.1099195710456,19.1685912240185,12.2,99.6746364974146,0,2,0,83,"없음",37,-23.8250652741514,33,,,,0,0,,,,,0,,,0,0,11910.8727297753,12280.8727297753
20261006,034220,"LG디스플레이",KOSPI,8570.0,0.0,"디스플레이패널",202.97,249.17549088,4285000000000.0,8870.0,-2.70574971815107,,70.8430007733952,12.8450106157113,3.6,59.0190220113046,0,2,0,79,"관망",44,-20.4608294930876,40,20260529,11.5811373092926,4.51584348741184,0,0,,,,,0,,,0,0,8681.92592828895,10211.9259282889
20261006,034230,"파라다이스",KOSPI,9410.0,0.86,"호텔,레스토랑,레저",17.19,24.95956025,871642484620.0,10400.0,-9.42307692307692,,79.2476489028213,41.9230769230769,12.6,47.3815237429687,0,3,0,85,"없음",42,-41.4906832298137,12,,,,0,0,,,,,0,,,0,0,9588.73458386473,11998.7345838647
20261006,034310,NICE,KOSPI,11700.0,-0.34,"IT서비스",1.25,3.35619412,430058736900.0,12280.0,-4.39739413680782,,38.7387387387387,15.3623188405797,6.2,24.0355204824827,0,1,0,55,"없음",27,-9.96932515337423,59,,,,0,0,,,,,0,,,0,0,12261.7003145753,13021.7003145753
20261006,034590,"인천도시가스",KOSPI,26250.0,-0.19,"가스유틸리티",0.21,0.200433975,114837292500.0,26900.0,-2.41635687732342,,0.0,7.34463276836158,13.2,65.0672307963524,2,1,0,47,"없음",37,-2.05223880597015,71,,,,0,0,,,,,0,,,0,0,26109.0943952588,26109.0943952588
20261006,034730,SK,KOSPI,583000.0,-0.17,"석유와가스",693.03,709.977372,42269075849000.0,628000.0,-6.68789808917197,,70.8838821490468,10.1899827288428,5.0,74.9722653010966,4,1,0,56,"관망",55,94.6843853820598,97,20260625,20.5056179775281,2.97741289597818,1,0,,,,,1,579000.0,"저항→지지",0,0,563090.05608074,608090.05608074
20261006,034810,"해성산업",KOSDAQ,5900.0,-0.84,"종이와목재",0.96,0.595439345,186322896800.0,6370.0,-7.37833594976452,,56.244616709733,15.8518518518519,8.0,51.644557260891,0,1,0,81,"없음",33,-17.5977653631285,45,20260731,9.73913043478261,7.35160404810193,0,0,,,,,0,,,0,0,5966.63692911053,6346.63692911053
20261006,034830,"한국토지신탁",KOSPI,1110.0,-1.25,"부동산",4.25,2.686326726,280263045300.0,1250.0,-11.28,,47.8620689655172,9.47907771135781,12.6,136.770617219001,1,1,0,68,"없음",30,-34.6493812610489,19,,,,0,0,,,,,0,,,0,0,1190.98515389062,1190.98515389062
20261006,034940,"조아제약",KOSDAQ,2540.0,-4.33,"제약",2.51,2.1216514925,15737751100.0,3220.0,-21.1180124223602,,82.2587104525431,31.0533515731874,10.6,46.6509555814985,0,2,0,66,"없음",42,-42.6636568848758,11,20260828,20.9737827715356,38.7140914437466,0,0,,,,,0,,,0,0,2798.77516673458,3483.77516673458
20261006,034950,"한국기업평가",KOSDAQ,102400.0,-0.39,"상업서비스와공급품",1.04,0.73531865,464948633600.0,105000.0,-2.47619047619048,,51.6216216216216,6.00571973307912,9.4,91.5770803923698,4,2,0,84,"없음",55,2.91457286432161,77,,,,0,0,,,,,0,,,0,0,101955.608365369,102455.608365369
20261006,035000,"HS애드",KOSPI,6140.0,-0.32,"광고",34.86,11.060263785,99514934160.0,6380.0,-3.13479623824451,,55.0970873786408,19.2415730337079,13.0,482.060789429411,0,3,0,84,"없음",36,-23.8916256157635,33,,,,0,0,,,,,0,,,0,0,6278.34398922677,6688.34398922677
20261006,035080,"그래디언트",KOSDAQ,11580.0,-0.09,"인터넷과카탈로그소매",2.0,3.39177938,129396413820.0,12070.0,-4.05965202982602,,32.0557491289199,11.3385826771654,4.0,48.7302722987188,3,2,0,66,"없음",55,1.40105078809107,75,20260810,10.4733131923464,17.715186499995,0,0,,,,,0,,,0,0,11837.016293053,11837.016293053
20261006,035150,"백산",KOSPI,10600.0,1.24,"섬유,의류,신발,호화품",3.16,1.376660115,209573437400.0,11380.0,-7.38137082601054,,39.8347107438017,12.5719769673704,12.6,182.802328565053,0,1,0,69,"없음",25,-16.7456556082149,47,,,,0,0,,,,,1,10500.0,"지지 재탈환",0,0,10799.6790815304,10799.6790815304
20261006,035200,"프럼파스트",KOSDAQ,2535.0,-0.59,"건축제품",0.92,4.740856255,23372651835.0,2965.0,-14.5025295109612,,44.947209653092,28.6931818181818,2.8,40.4049893381877,0,2,0,63,"없음",25,-30.6429548563612,24,,,,0,0,,,,,0,,,0,0,3234.49590619744,3234.49590619744
20261006,035250,"강원랜드",KOSPI,14310.0,0.14,"호텔,레스토랑,레저",18.22,31.787923525,3061488555000.0,15000.0,-4.6,,46.8354430379747,4.84196368527236,8.8,43.4650552247468,0,1,0,74,"없음",27,-15.2753108348135,49,,,,0,0,,,,,0,,,0,0,14464.0975306775,14464.0975306775
20261006,035420,NAVER,KOSPI,191300.0,-0.47,"양방향미디어와서비스",901.61,1288.64409815,29095652789700.0,229000.0,-16.2008733624454,,72.5751072961373,18.1505376344086,6.6,50.2727659472391,0,2,0,74,"관망",39,-4.76426799007444,67,20260727,8.43373493975903,2.71300602467216,0,0,,,,,0,,,0,0,204816.593342995,220316.593342995
20261006,035460,"기산텔레콤",KOSDAQ,2645.0,0.19,"통신장비",2.98,4.7021044175,39464299300.0,2815.0,-6.3943161634103,,1.33333333333333,26.4208242950108,11.4,84.5175746662311,2,2,0,57,"없음",47,9.10973084886128,82,20260916,8.0338266384778,25.7076268776931,0,0,,,,,1,2420.0,"저항→지지",0,0,2510.2240057256,2510.2240057256
20261006,035510,"신세계 I&C",KOSPI,15600.0,0.91,"IT서비스",13.16,35.69723663,218102040000.0,17700.0,-11.1299435028249,,26.7595818815331,8.1294964028777,6.4,76.0575004466274,0,1,0,49,"없음",29,-14.2779291553134,51,20260908,10.1511879049676,6.93815098812988,1,0,,,,,1,13590.0,"저항→지지",0,0,16332.6794073042,16332.6794073042
20261006,035600,"KG이니시스",KOSDAQ,9700.0,-0.51,"IT서비스",4.35,3.38876336,267278009800.0,10710.0,-9.43043884220355,,59.6421471172962,13.8164251207729,15.2,84.3930887180752,0,1,0,82,"없음",25,-3.1936127744511,69,,,,0,0,,,,,0,,,0,0,10185.1915852953,10305.1915852953
20261006,035610,"솔본",KOSDAQ,4930.0,0.72,"건강관리기술",0.81,2.99382793,134815765210.0,5410.0,-8.8724584103512,,21.2158808933002,13.2553606237817,6.6,29.5386455738592,5,1,0,58,"없음",54,43.5225618631732,93,,,,0,0,,,,,1,4925.0,"지지 재탈환",0,0,5169.87081519265,5169.87081519265
20261006,035620,"바른손이앤에이",KOSDAQ,603.0,-0.82,"방송과엔터테인먼트",1.95,1.0524438215,11221780554.0,768.0,-21.484375,,30.9256661991585,31.4814814814815,6.0,161.718117750079,0,1,0,45,"없음",26,-43.6448598130841,10,20260728,11.25,6.0938536561489,0,0,,,,,0,,,0,0,662.79216148416,804.79216148416
20261006,035720,"카카오",KOSPI,33450.0,0.0,"양방향미디어와서비스",381.11,428.62963665,14818346755350.0,37250.0,-9.93288590604027,,59.1596638655462,20.8685162846803,7.0,58.3712490122339,0,2,0,77,"관망",43,-26.7467248908297,28,,,,0,0,,,,,0,,,0,0,34513.1918232015,39063.1918232015
20261006,035760,"CJ ENM",KOSDAQ,34300.0,-2.56,"방송과엔터테인먼트",16.33,28.893955925,752169982200.0,39550.0,-13.1479140328698,,10.9090909090909,17.8045515394913,7.2,57.1419213432193,0,3,0,79,"없음",31,-39.2035398230088,14,,,,0,0,,,,,0,,,0,0,35998.5984932544,35998.5984932544
20261006,035810,"이지홀딩스",KOSDAQ,4460.0,-1.76,"식품",6.6,5.6528033675,287742185100.0,4770.0,-7.0230607966457,,32.9218106995885,23.4580384226491,15.0,90.6242709267059,1,3,0,88,"없음",41,-21.085409252669,38,,,,0,0,,,,,0,,,0,0,4520.45377989968,4520.45377989968
20261006,035890,"서희건설",KOSDAQ,2225.0,0.45,"건설",3.02,5.5446549825,461884492600.0,2410.0,-8.50622406639004,,40.5499612703331,15.6862745098039,3.4,49.3861706533876,0,2,0,69,"없음",33,-31.09375,23,,,,0,0,,,,,0,,,0,0,2334.1777366571,2334.1777366571
20261006,035900,"JYP Ent.",KOSDAQ,38000.0,1.6,"방송과엔터테인먼트",49.95,59.08157405,1350234696000.0,40450.0,-5.93325092707046,,77.0091556459817,22.6987447698745,7.6,54.8951981036189,0,1,0,84,"관망",34,-38.130081300813,15,,,,0,0,,,,,0,,,0,0,37998.1021208732,46998.1021208732
20261006,036000,"예림당",KOSDAQ,2765.0,3.36,"출판",0.16,0.3739633825,63689775905.0,3045.0,-11.3300492610837,,3.19361277445109,24.3204577968526,2.6,15.1060358722635,0,2,0,61,"없음",45,-13.322632423756,53,20260820,8.09352517985611,4.08246366637405,0,0,,,,,0,,,0,0,3211.23608534417,3216.23608534417
20261006,036010,"아비코전자",KOSDAQ,8410.0,0.84,"전기제품",7.65,7.26057374,111793574940.0,7680.0,8.984375,5.72916666666667,54.803996925442,28.1068524970964,6.6,70.6921613743167,2,3,0,89,"없음",48,5.81542351453856,79,20260814,14.7812971342383,6.39771288066125,0,0,20261001,7680.0,8120.0,134.839462007521,1,7680.0,"저항→지지",0,0,7413.62533750819,7643.62533750819
20261006,036030,"케이티알파",KOSDAQ,4960.0,-0.8,"인터넷과카탈로그소매",1.08,1.6159597675,243134939360.0,5080.0,-1.18110236220472,,15.8767772511848,6.49779735682819,9.8,61.6850667953233,2,2,0,67,"없음",40,4.149377593361,78,,,,0,0,,,,,1,4760.0,"저항→지지",0,0,4845.6843562718,4845.6843562718
20261006,036090,"위지트",KOSDAQ,1410.0,-2.15,"디스플레이장비및부품",3.29,12.275275159,59996224740.0,1535.0,-7.10097719869707,,62.3765747361253,22.3926380368098,3.8,41.445816470746,0,2,0,73,"없음",32,-15.6712004730928,49,20260904,8.53269537480064,17.6994596396082,0,0,,,,,1,1369.0,"저항→지지",0,0,1461.06070089131,1461.06070089131
20261006,036120,"서울평가정보",KOSDAQ,1575.0,1.61,"상업서비스와공급품",0.42,0.988862831,55353375000.0,1754.0,-11.345496009122,,37.8861788617886,23.9130434782609,9.6,16.1509714804893,0,1,0,75,"없음",29,-23.5872235872236,34,,,,0,0,,,,,0,,,0,0,1647.31109638657,1733.31109638657
20261006,036170,"에이치엠넥스",KOSDAQ,3135.0,3.81,"디스플레이장비및부품",8.15,7.69980183,192381237510.0,2935.0,6.81431005110733,2.89608177172061,30.5896226415094,26.3698630136986,6.8,85.7692397546451,2,2,0,69,"없음",47,-35.360824742268,18,20260917,8.54870775347914,3.60695660305504,0,0,20261002,2935.0,3020.0,106.942071185432,1,2935.0,"저항→지지",1,1,2693.05989472728,2693.05989472728
20261006,036190,"금화피에스시",KOSDAQ,33650.0,-1.03,"건설",1.79,1.269768175,201900000000.0,35000.0,-4.28571428571429,,15.3631284916201,13.4564643799472,5.2,76.3661481784691,3,2,0,88,"없음",58,-9.94623655913978,59,,,,0,0,,,,,0,,,0,0,32777.6810134555,35677.6810134555
20261006,036200,"유니셈",KOSDAQ,11040.0,1.85,"반도체와반도체장비",23.34,27.17075077,338533021920.0,9500.0,15.7894736842105,10.1052631578947,48.7964989059081,19.0338164251208,6.2,87.8347977224505,2,3,0,86,"없음",43,29.1079812206573,90,20260929,12.4731182795699,5.59777328561557,0,0,20260929,9500.0,10460.0,502.884229088343,1,9280.0,"저항→지지",0,0,9991.8254400131,9991.8254400131
20261006,036220,"오상헬스케어",KOSDAQ,6450.0,0.78,"생명과학도구및서비스",1.19,21.353467225,92295733200.0,7690.0,-16.1248374512354,,2.81124497991968,10.9677419354839,9.6,14.4345186246722,0,1,0,33,"없음",22,-26.3698630136986,29,,,,0,0,,,,,0,,,0,0,7468.62605558724,7468.62605558724
20261006,036460,"한국가스공사",KOSPI,36000.0,0.0,"가스유틸리티",29.55,62.06101505,3323268000000.0,37050.0,-2.42914979757085,,38.4816753926701,9.71128608923885,4.0,53.0695447398636,1,2,0,77,"없음",40,3.43347639484979,77,,,,0,0,,,,,1,35150.0,"지지 재탈환",0,0,36183.0411211539,36183.0411211539
20261006,036480,"대성미생물",KOSDAQ,5940.0,-1.98,"제약",0.49,0.22386452,22572000000.0,6330.0,-4.42338072669826,,54.0031397174254,17.2463768115942,10.8,157.280540477441,0,1,0,80,"없음",31,-23.1257941550191,35,20260703,9.61538461538463,5.34326039365233,0,0,,,,,1,6020.0,"지지 재탈환",0,0,5917.78829629536,6437.78829629536
20261006,036530,"SNT홀딩스",KOSPI,45000.0,-0.66,"자동차부품",6.85,5.677252175,733674870000.0,49900.0,-10.1202404809619,,37.5661375661376,18.2994454713494,10.4,125.903747013706,0,2,0,57,"없음",28,-22.9381443298969,35,,,,0,0,,,,,0,,,0,0,46527.4879524465,50727.4879524465
20261006,036540,"SFA반도체",KOSDAQ,11470.0,0.88,"반도체와반도체장비",1144.51,786.08561483,1886359675410.0,11160.0,3.13620071684588,2.68817204301075,0.0,42.3611111111111,10.8,221.905894922085,4,2,0,48,"돌파완료",69,92.1535893155259,97,20260921,18.020022246941,6.67128111975117,0,0,20261002,11160.0,11460.0,166.303200364404,1,11160.0,"저항→지지",0,0,10487.44392206,10487.44392206
20261006,036560,"KZ정밀",KOSDAQ,12100.0,0.83,"기계",0.93,0.531263425,190575000000.0,12750.0,-6.66666666666667,,56.4935064935065,13.1598513011152,7.8,96.7575290186075,0,2,0,82,"없음",37,-22.4250325945241,36,,,,0,0,,,,,0,,,0,0,11823.6508589994,12893.6508589994
20261006,036570,NC,KOSPI,224500.0,-6.85,"게임엔터테인먼트",661.56,247.5007105,4836632939000.0,224500.0,0.66815144766147,2.67260579064588,28.4943820224719,25.410447761194,7.2,329.777193064469,2,3,0,79,"관망",54,0.892857142857143,74,20260602,14.3824027072758,5.37193305122116,0,0,20261001,224500.0,230500.0,316.918242355459,1,224500.0,"저항→지지",0,0,221673.356027528,245173.356027528
20261006,036580,"팜스코",KOSPI,2450.0,-1.21,"식품",0.48,0.9424368625,89983460350.0,2890.0,-15.3979238754325,,46.5417867435158,26.1290322580645,11.8,42.7422756870403,2,1,0,64,"없음",40,-20.6168831168831,39,20260708,11.1111111111111,4.97693281841065,0,0,,,,,0,,,0,0,2631.7514418476,2791.7514418476
20261006,036620,"감성코퍼레이션",KOSDAQ,3755.0,0.81,"섬유,의류,신발,호화품",7.27,7.83248448,337435354720.0,4000.0,-6.0,,67.4044265593561,24.3697478991597,7.2,61.2446552495696,0,2,0,84,"없음",41,-28.6527514231499,26,,,,1,0,,,,,1,3685.0,"지지 재탈환",0,0,3671.27086549555,4431.27086549555
20261006,036630,"세종텔레콤",KOSDAQ,7740.0,0.39,"다각화된통신서비스",0.24,0.896744645,108360000000.0,8870.0,-12.739571589628,,58.7209302325581,45.3083109919571,11.6,22.0424003408958,0,2,0,68,"없음",42,-9.048178613396,60,20260909,13.4471718249733,3.3984926543322,0,0,,,,,0,,,0,0,9490.38953917237,9490.38953917237
20261006,036640,HRS,KOSDAQ,5080.0,3.04,"화학",3.68,1.2521733625,83082384000.0,4980.0,1.20481927710843,1.20481927710843,32.2368421052632,12.5766871165644,14.8,208.063656544884,2,3,0,91,"없음",50,0.398406374501992,74,,,,1,0,20261006,4980.0,5040.0,213.702032475072,1,4980.0,"저항→지지",0,0,4879.10837549318,4879.10837549318
20261006,036670,"삼양케이씨아이",KOSDAQ,5040.0,-0.4,"화학",0.59,0.399626025,54231408000.0,5180.0,-2.7027027027027,,45.1612903225806,4.97131931166348,4.6,140.091745093024,0,2,0,83,"없음",33,-17.3770491803279,45,,,,0,0,,,,,0,,,0,0,4997.85416990102,5147.85416990102
20261006,036710,"심텍홀딩스",KOSDAQ,5100.0,2.82,"반도체와반도체장비",32.28,16.2800699475,269421545400.0,4780.0,7.53138075313808,4.81171548117155,43.7797416723318,22.1276595744681,7.4,170.843133374624,5,3,0,86,"없음",63,114.613778705637,98,20260810,20.5479452054794,7.64975034344124,0,0,20261002,4780.0,5010.0,169.995334545723,1,4100.0,"저항→지지",1,1,4430.93326048894,4430.93326048894
20261006,036800,"나이스정보통신",KOSDAQ,8260.0,-2.02,"상업서비스와공급품",12.59,11.05882826,375830000000.0,8320.0,-0.600961538461539,1.92307692307692,14.1711229946524,12.7791563275434,4.4,109.185557902966,5,2,0,54,"없음",60,69.120654396728,96,20261002,8.16326530612246,3.25031426232805,0,0,20261002,8320.0,8480.0,340.952279817466,1,8200.0,"저항→지지",0,0,7953.67357764415,7953.67357764415
20261006,036810,"에프에스티",KOSDAQ,35850.0,0.42,"반도체와반도체장비",60.75,40.459933125,776144935650.0,28450.0,26.1862917398945,6.15114235500879,28.8017195056421,24.7404844290657,6.6,109.748786503184,1,2,0,65,"관망",37,-1.64383561643836,72,20261001,11.0935023771791,2.60399383209557,0,0,20260921,28450.0,30200.0,250.301496055086,1,26850.0,"저항→지지",0,0,32580.0743332616,32580.0743332616
20261006,036830,"솔브레인홀딩스",KOSDAQ,49500.0,1.43,"전기제품",59.05,28.846101375,1014947059500.0,45800.0,8.18777292576419,6.87772925764192,30.2197802197802,21.3740458015267,9.8,189.0445214762,3,1,0,51,"없음",46,9.1409691629956,82,20261002,10.9977324263039,4.51004365529573,0,0,20261002,45800.0,48950.0,410.934890592215,1,40200.0,"지지 재탈환",1,1,44197.8392252072,44197.8392252072
20261006,036890,"진성티이씨",KOSDAQ,11270.0,-1.14,"기계",8.5,7.410683555,248307661210.0,13480.0,-16.3204747774481,,67.4666666666667,24.6630727762803,7.2,114.484673361147,1,1,0,72,"없음",27,-28.1528662420382,27,,,,0,0,,,,,0,,,0,0,12463.6748187214,13823.6748187214
20261006,036930,"주성엔지니어링",KOSDAQ,279000.0,17.72,"반도체와반도체장비",8735.56,3288.25051895,12968232759000.0,239500.0,16.0751565762004,16.0751565762004,43.7094058215059,56.3963963963964,10.8,232.376384263664,5,2,0,57,"돌파완료",53,357.990115321252,99,,,,0,0,20261006,239500.0,278000.0,238.33112423049,1,214000.0,"저항→지지",1,1,218284.234996525,218284.234996525
20261006,037030,"파워넷",KOSDAQ,4160.0,1.84,"전기제품",29.29,15.0523469275,106134046720.0,3950.0,4.81012658227848,5.06329113924051,37.3344370860927,31.0038119440915,9.8,195.909592795591,2,3,0,82,"없음",50,-20.6896551724138,39,20261002,10.6666666666667,3.4345960657724,0,0,20261002,3950.0,4150.0,337.887095210322,1,3375.0,"저항→지지",0,0,3707.14332531734,3707.14332531734
20261006,037070,"파세코",KOSDAQ,6850.0,0.88,"가정용기기와용품",2.63,3.87946057,137000000000.0,6510.0,3.84024577572965,1.0752688172043,84.7619047619048,37.3044524669073,8.4,4.91142241780006,0,2,0,85,"없음",49,-18.6522262334537,42,20260715,8.68385345997287,2.5334670174369,0,0,20260928,6510.0,6580.0,4.84096673549497,1,6510.0,"저항→지지",0,0,6146.69164227278,9016.69164227278
20261006,037230,"한국팩키지",KOSDAQ,1326.0,0.3,"포장재",0.17,0.907182999,39515233602.0,1495.0,-11.304347826087,,26.032315978456,18.3544303797468,2.8,11.5680054953563,0,2,0,59,"없음",40,-52.2162162162162,5,,,,0,0,,,,,1,1315.0,"지지 재탈환",0,0,1421.50415634457,1517.50415634457
20261006,037270,"YG PLUS",KOSPI,3080.0,-0.65,"방송과엔터테인먼트",3.3,2.9673601675,196082378800.0,3180.0,-2.35849056603774,,59.6096096096096,18.1446111869031,7.2,63.2903514814928,0,1,0,81,"없음",31,-39.4736842105263,14,,,,0,0,,,,,1,3090.0,"지지 재탈환",0,0,3061.97857929319,3426.97857929319
20261006,037330,"인지디스플레",KOSDAQ,725.0,5.99,"디스플레이장비및부품",0.43,0.2877328095,31816787400.0,768.0,-5.59895833333333,,70.9302325581395,20.1660735468565,7.2,72.6275765363503,0,3,0,84,"없음",50,-46.0163812360387,9,20260820,8.10810810810811,3.19659650529428,1,0,,,,,1,700.0,"지지 재탈환",0,0,697.706687472796,908.706687472796
20261006,037350,"성도이엔지",KOSDAQ,8500.0,0.95,"건설",13.72,9.631779485,129285000000.0,7990.0,5.75719649561952,4.50563204005006,71.6819221967964,14.9812734082397,3.4,119.168585007185,2,2,0,77,"없음",45,-9.04198062432723,60,20261001,8.02069857697283,3.00676478873033,0,0,20261001,7990.0,8350.0,236.902339952277,1,7990.0,"저항→지지",0,0,7836.4280013797,8166.4280013797
20261006,037370,EG,KOSDAQ,4220.0,-1.29,"비철금속",0.39,0.820112465,36397381840.0,4700.0,-9.04255319148936,,0.0,20.8139534883721,7.2,46.573850284139,0,2,0,64,"없음",37,-12.217659137577,54,20260914,8.87417218543047,4.81649060484248,0,0,,,,,1,3985.0,"저항→지지",0,0,4154.96064648772,4154.96064648772
20261006,037400,"우리엔터프라이즈",KOSDAQ,3325.0,-1.04,"디스플레이장비및부품",0.29,1.0289566425,17438524425.0,4010.0,-17.0822942643392,,66.6204986149584,21.2927756653992,7.0,37.7340271539711,0,2,0,61,"없음",42,-30.7291666666667,24,20260907,23.4177215189873,13.640483990203,0,0,,,,,0,,,0,0,3785.56194703764,3785.56194703764
20261006,037440,"희림",KOSDAQ,4095.0,-0.73,"건설",3.96,6.92291507,57012535125.0,4350.0,-6.20689655172414,,64.9242424242424,17.4406604747162,5.2,16.7880275223522,1,3,0,91,"없음",55,0.865265760197775,74,20260826,9.52380952380953,42.2743625642255,0,0,,,,,0,,,0,0,4153.90781890734,4523.90781890734
20261006,037460,"삼지전자",KOSDAQ,32600.0,-1.95,"통신장비",13.88,14.87819145,531983817200.0,31850.0,2.98273155416013,0.941915227629513,64.3278301886792,28.2853566958698,6.8,62.7106902505628,2,2,0,86,"없음",53,36.6666666666667,92,,,,0,0,20261001,31850.0,32150.0,67.0163937429231,1,31850.0,"저항→지지",0,0,30553.5937665123,36903.5937665123
20261006,037560,"LG헬로비전",KOSPI,1590.0,3.79,"방송과엔터테인먼트",1.59,1.4089820455,123140515350.0,1635.0,-4.09785932721713,,43.4449093444909,16.1073825503356,7.0,73.7279053678256,0,2,0,76,"없음",40,-29.2099322799097,25,20260602,10.8391608391608,65.7846367774143,0,0,,,,,1,1555.0,"지지 재탈환",0,0,1548.62566987921,1671.62566987921
20261006,037710,"광주신세계",KOSPI,33700.0,-1.46,"백화점과일반상점",4.24,5.982121625,257035696400.0,44100.0,-23.5827664399093,,93.5443565181175,44.7986577181208,13.2,21.9747843834354,2,2,0,57,"없음",52,-6.38888888888889,64,20260626,29.97542997543,21.9306096922841,0,0,,,,,0,,,0,0,33813.0549221216,47663.0549221216
20261006,037760,"쎄니트",KOSDAQ,2500.0,0.6,"철강",1.61,0.9889617075,84582302500.0,2540.0,-1.5748031496063,,20.2702702702703,9.63114754098361,6.0,224.513685707822,5,2,0,76,"없음",55,18.4834123222749,87,,,,1,0,,,,,1,2400.0,"저항→지지",0,0,2340.15912253872,2340.15912253872
20261006,037950,"엘컴텍",KOSDAQ,2745.0,-0.18,"전자장비와기기",0.2,0.6374222125,46361685735.0,3100.0,-8.70967741935484,,1.31771595900438,30.1675977653631,7.8,17.3994931234767,0,2,0,50,"없음",39,-27.1557271557272,28,,,,0,0,,,,,1,2660.0,"지지 재탈환",0,0,2740.0394382266,3180.0394382266
20261006,038010,"제일테크노스",KOSDAQ,5630.0,2.55,"조선",0.32,0.696389185,50670000000.0,5450.0,3.30275229357798,0.917431192660551,24.1141732283465,22.0713073005093,11.2,43.1047588985916,1,3,0,84,"없음",40,-6.01001669449082,65,,,,0,0,20261002,5450.0,5500.0,182.164866985155,1,5450.0,"저항→지지",0,0,5562.10027572797,5562.10027572797
20261006,038070,"서린바이오",KOSDAQ,4180.0,3.72,"생물공학",0.67,0.4862351225,38876825680.0,4955.0,-16.3471241170535,,0.0,28.3427495291902,6.0,67.7413159673465,0,2,0,50,"없음",36,-31.7133443163097,22,,,,1,0,,,,,1,3955.0,"지지 재탈환",0,0,4563.07552776495,4803.07552776495
20261006,038110,"에코플라스틱",KOSDAQ,2070.0,0.49,"자동차부품",3.17,2.8331592035,85220595900.0,2200.0,-5.90909090909091,,53.0331753554502,27.7092511013216,9.6,68.2095787381767,0,1,0,71,"없음",31,-44.2048517520216,10,,,,0,0,,,,,0,,,0,0,2039.57643657866,2109.57643657866
20261006,038290,"마크로젠",KOSDAQ,12600.0,0.08,"생명과학도구및서비스",2.51,1.565499815,136601640000.0,12930.0,-2.55220417633411,,45.377358490566,20.6349206349206,6.0,72.0865267942161,0,2,0,91,"없음",41,-20.7547169811321,39,,,,1,0,,,,,1,12300.0,"저항→지지",0,0,12016.5429423228,13576.5429423228
20261006,038390,"레드캡투어",KOSDAQ,9990.0,0.6,"도로와철도운송",1.61,0.83190921,167041011780.0,10490.0,-4.76644423260248,,19.4244604316547,22.8130360205832,20.6,137.482411406699,0,1,0,60,"없음",27,-4.21860019175455,67,,,,0,0,,,,,0,,,0,0,10077.2625908334,10077.2625908334
20261006,038460,"바이오스마트",KOSDAQ,2895.0,0.35,"전기장비",3.01,2.9028730175,73169799090.0,2945.0,-2.54668930390492,,25.4817987152034,18.7919463087248,7.0,90.6647279763615,1,2,0,82,"없음",40,-28.428927680798,26,,,,0,0,,,,,1,2730.0,"저항→지지",0,0,2708.30883217384,2743.30883217384
20261006,038540,"상상인",KOSDAQ,2000.0,5.82,"기타금융",1.98,0.976150897,110656626000.0,1979.0,1.01061141990905,1.01061141990905,32.662192393736,28.8801571709234,7.8,84.1406308831206,2,3,0,91,"없음",58,-7.88018433179723,62,20260806,11.0294117647059,39.7460267526965,0,0,20261006,1979.0,1999.0,84.728713361602,1,1918.0,"지지 재탈환",0,0,1916.33509613535,2366.33509613535
20261006,038620,"위즈코프",KOSDAQ,2250.0,6.64,"운송인프라",0.22,0.634972118,34078259250.0,1997.0,6.65998998497747,5.40811216825238,29.7738032614413,18.7409200968523,9.4,39.377271328313,0,3,0,86,"없음",34,-18.2341650671785,43,,,,0,0,20261001,1997.0,2105.0,170.815485943219,1,1959.0,"저항→지지",0,0,2013.24553904617,2013.24553904617
20261006,038680,"에스넷",KOSDAQ,3910.0,2.22,"IT서비스",3.96,2.5821181175,77858430220.0,4240.0,-7.07547169811321,,37.7289377289377,28.3671036948748,10.2,64.7230072475544,4,1,0,61,"없음",53,14.2028985507246,85,20260819,13.8297872340426,8.85111935551403,0,0,,,,,1,3610.0,"지지 재탈환",0,0,3739.73552513565,4124.73552513565
20261006,038870,"에코심플렉스",KOSDAQ,2130.0,2.65,"에너지장비및서비스",0.14,1.1608409845,29851841370.0,2285.0,-5.90809628008753,,34.1613491340018,13.1674442716433,7.0,20.3214329383766,0,2,0,71,"없음",35,-29.7385620915033,25,20260709,29.9760191846523,46.8871870127488,1,0,,,,,1,1940.0,"저항→지지",0,0,1956.26318217975,2206.26318217975
20261006,038880,"아이에이",KOSDAQ,3565.0,4.85,"자동차부품",0.71,0.60757044,26788917995.0,4100.0,-11.8292682926829,,52.8969957081545,40.2094240837696,6.6,90.9081746807631,0,2,0,57,"없음",37,-45.6390977443609,9,20260814,16.5986394557823,6.11126126355834,1,0,,,,,1,3345.0,"저항→지지",0,0,3503.5302168907,4403.5302168907
20261006,038950,"파인디지털",KOSDAQ,2890.0,-0.17,"전자제품",0.25,0.077105275,29509110850.0,3260.0,-11.3496932515337,,18.9069423929099,13.713405238829,3.6,219.359997645247,1,2,0,54,"없음",35,-10.939907550077,57,,,,0,0,,,,,0,,,0,0,2984.99350093302,2984.99350093302
20261006,039010,"현대에이치티",KOSDAQ,8120.0,-2.64,"통신장비",0.76,2.753406255,70035000000.0,8780.0,-6.94760820045558,,30.5921052631579,17.1021377672209,7.6,16.5425740161126,0,3,0,82,"없음",45,3.28697850821745,77,,,,0,0,,,,,1,7770.0,"저항→지지",0,0,7889.41122785834,7889.41122785834
20261006,039020,"이건홀딩스",KOSDAQ,2605.0,-1.88,"건축자재",1.79,2.3460574375,58833166945.0,2920.0,-10.958904109589,,21.2890625,34.1891891891892,5.4,56.8356103457601,0,2,0,71,"없음",32,-15.5844155844156,49,20260818,8.17843866171004,3.45087895313198,0,0,,,,,1,2520.0,"지지 재탈환",0,0,2651.32281577999,3431.32281577999
20261006,039030,"이오테크닉스",KOSDAQ,542000.0,1.88,"반도체와반도체장비",393.96,567.50753375,6677196100000.0,564000.0,-3.72340425531915,,40.0292184075968,16.7037861915368,6.4,62.3063598127665,4,1,0,60,"관망",55,41.222366710013,93,20260612,21.4285714285714,4.92000723450331,0,0,,,,,1,494500.0,"저항→지지",0,0,502432.06713103,502432.06713103
20261006,039130,"하나투어",KOSPI,30800.0,3.01,"호텔,레스토랑,레저",6.12,9.205717175,477089905600.0,35950.0,-15.0208623087622,,50.8298755186722,12.3529411764706,5.2,91.9058804904147,0,1,0,43,"없음",22,-23.5294117647059,34,,,,0,0,,,,,1,30400.0,"지지 재탈환",0,0,34039.2863616517,34039.2863616517
20261006,039200,"오스코텍",KOSDAQ,39050.0,6.69,"제약",67.74,38.78200265,1493981772800.0,37700.0,3.58090185676393,3.58090185676393,38.4615384615385,16.375,6.0,123.946090004923,0,3,0,84,"관망",43,-22.8260869565217,35,,,,1,0,20261006,37700.0,39050.0,125.387834408438,1,37700.0,"저항→지지",1,0,34599.0750884677,36149.0750884677
20261006,039240,"경남스틸",KOSDAQ,1941.0,-0.41,"철강",0.75,1.0149532425,52367411364.0,2125.0,-8.23529411764706,,41.8691588785047,23.5555555555556,9.6,67.9675859438907,0,1,0,87,"없음",25,-25.9962049335863,30,,,,1,0,,,,,0,,,0,0,1988.30816909774,1988.30816909774
20261006,039290,"인포뱅크",KOSDAQ,4130.0,-1.08,"IT서비스",0.16,0.2625818075,35906129140.0,4290.0,-3.72960372960373,,32.9437400950872,16.0511363636364,9.4,54.0697722266267,0,1,0,68,"없음",27,-12.7771911298838,53,,,,0,0,,,,,1,3995.0,"저항→지지",0,0,3848.9888253755,3848.9888253755
20261006,039310,"세중",KOSDAQ,1192.0,-1.49,"소프트웨어",0.21,0.431964461,21601027064.0,1499.0,-20.4803202134757,,23.4586466165414,26.7269205939316,4.0,15.4111343984361,1,1,0,50,"없음",35,-35.602377093463,18,20260812,10.3817816476892,3.3795721570965,0,0,,,,,0,,,0,0,1336.33161265959,1582.33161265959
20261006,039340,"한국경제TV",KOSDAQ,4820.0,0.0,"방송과엔터테인먼트",0.08,0.385552395,106040000000.0,5390.0,-10.2968460111317,,1.04166666666666,4.94845360824742,12.4,15.6194545981909,0,2,0,77,"없음",40,-2.32323232323232,71,,,,0,0,,,,,0,,,0,0,5179.40096214435,5179.40096214435
20261006,039420,"케이엘넷",KOSDAQ,2665.0,0.19,"IT서비스",0.21,0.3771416625,61153739010.0,2830.0,-5.8303886925795,,29.7202797202797,11.4139693356048,7.2,28.5749130698674,0,1,0,75,"없음",31,-2.9143897996357,70,,,,0,0,,,,,0,,,0,0,2681.61352972238,2786.61352972238
20261006,039440,"에스티아이",KOSDAQ,25800.0,-0.19,"반도체와반도체장비",30.24,22.95436374,400081812600.0,21650.0,19.3995381062356,5.08083140877598,55.0189633375474,27.3705179282869,7.2,116.77729243635,0,2,0,58,"없음",32,-9.13884007029877,60,20261001,11.6379310344828,5.92835981834136,0,0,20260929,21650.0,22750.0,309.010320311763,1,21650.0,"저항→지지",0,0,23743.8495379282,24593.8495379282
20261006,039490,"키움증권",KOSPI,253000.0,-2.5,"증권",148.36,167.25143625,6635763948000.0,279500.0,-9.12343470483005,,71.8120805369127,32.027972027972,11.2,64.7381511400734,1,1,0,73,"관망",34,-38.1242387332521,15,,,,0,0,,,,,0,,,0,0,255226.756299177,311726.756299177
20261006,039560,"다산네트웍스",KOSDAQ,3015.0,0.67,"통신장비",29.32,9.8981338775,129308731020.0,2720.0,10.8455882352941,10.4779411764706,4.08163265306122,28.3088235294118,13.0,443.878643981448,1,1,0,67,"없음",34,-36.2579281183932,17,20261002,16.247582205029,16.1482462740327,0,0,20261002,2720.0,3005.0,1903.50411230067,1,2445.0,"저항→지지",0,0,2817.6163351153,2817.6163351153
20261006,039570,"HDC랩스",KOSPI,7420.0,-0.93,"건설",0.32,0.44128118,192605399420.0,7840.0,-4.46428571428571,,37.9746835443038,16.4542294322132,21.6,40.0497093954013,0,3,0,90,"없음",45,-7.3019801980198,63,,,,0,0,,,,,0,,,0,0,7458.27471995649,7548.27471995649
20261006,039610,"화성밸브",KOSDAQ,6760.0,7.13,"기계",38.94,21.189619425,70374304000.0,7550.0,-10.4635761589404,,11.889035667107,23.5188509874327,9.6,281.958161387559,0,2,0,50,"없음",35,-10.2257636122178,58,20260930,16.4744645799012,8.18108693944307,0,0,,,,,1,6530.0,"저항→지지",0,0,6598.74066095482,6598.74066095482
20261006,039740,"한국정보공학",KOSDAQ,2965.0,-0.34,"판매업체",0.17,0.271119485,23774547105.0,3780.0,-21.031746031746,,10.6481481481481,17.7489177489178,6.8,31.3306539631993,2,1,0,52,"없음",36,-27.2838002436054,28,,,,0,0,,,,,1,2965.0,"지지 재탈환",0,0,3439.66428774431,3439.66428774431
20261006,039830,"오로라",KOSDAQ,15130.0,-3.69,"레저용장비와제품",10.83,7.925707325,162842525700.0,17240.0,-12.4709976798144,,58.6767266395821,45.2,8.0,72.0981722390707,2,2,0,74,"없음",50,63.4886240520043,95,20260921,8.34976988823142,2.52519841213,0,0,,,,,0,,,0,0,14925.4476425832,22685.4476425832
20261006,039840,"디오",KOSDAQ,9970.0,-1.68,"건강관리장비와용품",5.5,5.97501368,133755805160.0,11270.0,-11.357586512866,,39.4456289978678,30.7458143074581,7.0,144.527809808915,0,2,0,45,"없음",28,-38.7116564417178,14,,,,0,0,,,,,0,,,0,0,10407.4887726454,12277.4887726454
20261006,039860,"나노엔텍",KOSDAQ,4630.0,1.65,"생명과학도구및서비스",8.02,13.0456075325,176370835390.0,4925.0,-5.88832487309645,,59.7354886113152,38.5576923076923,9.8,36.485865530215,1,3,0,81,"없음",45,-10.5212355212355,58,20260722,29.8998569384835,5.41501399469256,0,0,,,,,1,4280.0,"저항→지지",0,0,4475.21473104855,4750.21473104855
20261006,039980,"폴라리스AI",KOSDAQ,5210.0,2.56,"IT서비스",2.86,4.756747215,74926124940.0,5430.0,-4.23572744014733,,75.4228139618568,25.15625,5.6,4.81143188000431,0,3,0,84,"없음",50,-33.5887611749681,20,20260807,9.47546531302876,5.16976529292183,0,0,,,,,0,,,0,0,5292.30310574549,6382.30310574549
20261006,040160,"누리플렉스",KOSDAQ,6480.0,4.01,"IT서비스",0.37,1.10021956,77004114480.0,7440.0,-16.9354838709677,,21.1538461538462,23.9304812834225,2.8,19.462433584571,2,2,0,55,"없음",50,-37.6387487386478,15,20260818,13.1531531531532,2.79027346191525,0,0,,,,,0,,,0,0,6568.04421922481,6568.04421922481
20261006,040300,YTN,KOSDAQ,2280.0,-0.44,"방송과엔터테인먼트",1.47,16.264402223,108703514400.0,3160.0,-28.006329113924,,0.0928792569659478,7.26840855106888,8.0,22.2342641460438,0,1,0,43,"없음",26,-24.4186046511628,32,20260915,18.961625282167,5.14457437667338,0,0,,,,,1,2080.0,"저항→지지",0,0,2901.71862330076,2901.71862330076
20261006,040350,"크레오에스지",KOSDAQ,3430.0,1.18,"IT서비스",2.07,4.4967776875,68106752280.0,4550.0,-25.7142857142857,,72.6068144943213,61.3414634146341,6.0,56.1178025373811,3,2,0,48,"없음",45,-4.11347517730496,67,20260608,26.4705882352941,3.81151239432808,0,0,,,,,0,,,0,0,3917.60402940537,7462.60402940537
20261006,040420,"정상제이엘에스",KOSDAQ,5840.0,0.0,"교육서비스",0.63,0.624463565,91556903680.0,5990.0,-2.50417362270451,,46.0122699386503,9.78792822185971,21.2,76.8787251880657,1,3,0,87,"없음",50,1.03806228373702,74,,,,0,0,,,,,0,,,0,0,5864.73511823318,5864.73511823318
20261006,040610,SG&G,KOSDAQ,3300.0,3.13,"자동차부품",0.15,0.617296545,56243873400.0,3285.0,-1.67427701674277,,51.7220172201722,11.8518518518519,6.4,19.1645637373246,0,1,0,81,"없음",31,-20.6388206388206,39,,,,1,0,,,,,1,3225.0,"저항→지지",0,0,3084.61086323646,3144.61086323646
20261006,040910,"아이씨디",KOSDAQ,4185.0,0.48,"디스플레이장비및부품",0.43,0.3319801375,76059340875.0,4895.0,-12.3595505617978,,0.0,14.3377885783718,9.6,94.6463020794475,2,1,0,47,"없음",32,-17.3410404624277,45,,,,1,0,,,,,1,4200.0,"지지 재탈환",0,0,4433.38019963461,4433.38019963461
20261006,041020,"폴라리스오피스",KOSDAQ,3230.0,1.25,"자동차부품",6.35,4.4483082,160478651390.0,3245.0,-0.154083204930663,,49.13217623498,13.1578947368421,7.8,49.4204119148646,0,3,0,92,"없음",50,-24.4755244755245,32,20260723,14.6840148698885,9.25470705091773,0,0,,,,,1,3100.0,"저항→지지",0,0,2957.97501609783,2957.97501609783
20261006,041190,"우리기술투자",KOSDAQ,6260.0,-1.88,"창업투자",156.66,230.02831896,499548000000.0,6610.0,-4.8411497730711,,42.478813559322,24.3323442136499,3.8,61.0370404875666,0,2,0,62,"관망",39,0.479233226837061,74,20260825,15.8432708688245,18.1649055761908,0,0,,,,,1,5750.0,"저항→지지",0,0,5921.57217596529,6381.57217596529
20261006,041440,"현대에버다임",KOSDAQ,6620.0,0.0,"기계",4.14,3.91108025,118112133440.0,7000.0,-5.71428571428571,,55.4817275747508,21.4397496087637,9.8,72.1904569005866,0,1,0,92,"없음",31,-21.3349225268176,38,,,,0,0,,,,,0,,,0,0,6796.35820881406,6796.35820881406
20261006,041460,"한국전자인증",KOSDAQ,3450.0,4.39,"IT서비스",3.7,1.6046593475,63583876050.0,3800.0,-9.21052631578947,,40.0981996726678,16.4804469273743,10.8,227.348191504002,0,1,0,73,"없음",29,-10.3896103896104,58,20260624,9.17573872472783,2.8976625050989,0,0,,,,,1,3390.0,"지지 재탈환",0,0,3548.75285413353,3548.75285413353
20261006,041510,"에스엠",KOSDAQ,78300.0,-1.14,"방송과엔터테인먼트",48.61,105.00294125,1792654227000.0,91000.0,-14.0659340659341,,27.9799247176913,12.8498727735369,8.2,56.1084842048936,0,1,0,62,"관망",29,-11.9369369369369,55,20260611,21.1459754433833,4.40309505508583,0,0,,,,,1,77100.0,"저항→지지",0,0,82739.7593126905,82739.7593126905
20261006,041520,"이엘씨",KOSDAQ,13050.0,0.23,"반도체와반도체장비",3.94,2.03316984,159062926500.0,12800.0,1.953125,0.859375,38.2302405498282,42.2776911076443,18.0,112.147935390359,5,1,0,52,"없음",58,52.8103044496487,94,20260814,11.2663755458515,7.46528118274873,0,0,20261001,12800.0,12910.0,114.720535923407,1,12800.0,"저항→지지",0,0,11934.298274879,12284.298274879
20261006,041650,"상신브레이크",KOSPI,2190.0,0.46,"자동차부품",0.06,0.15629815,47022475500.0,2250.0,-2.44444444444444,,18.7366926898509,15.1785714285714,9.8,22.339468186225,0,1,0,91,"없음",31,-13.2411067193676,53,,,,1,0,,,,,0,,,0,0,2304.02098087263,2304.02098087263
20261006,041830,"인바디",KOSDAQ,52200.0,0.19,"건강관리장비와용품",25.14,39.53914165,703702040400.0,63400.0,-17.5078864353312,,58.3065380493033,27.3524720893142,12.0,45.2427383265045,4,2,0,52,"수축중",60,89.4927536231884,97,20260806,23.4567901234568,6.85571277977908,0,0,,,,,0,,,0,0,56554.0231114716,66654.0231114716
20261006,041910,"폴라리스AI파마",KOSDAQ,5700.0,4.2,"제약",1.94,1.43897802,75715095000.0,5700.0,-1.92982456140351,,58.9704769114307,19.5826645264847,5.6,43.9072260280436,0,2,0,90,"없음",47,-20.9335219236209,39,20260723,8.72093023255813,6.16852574959328,1,0,,,,,1,5520.0,"저항→지지",0,0,5238.02343547247,5848.02343547247
20261006,041920,"메디아나",KOSDAQ,10250.0,0.89,"건강관리장비와용품",9.86,6.3958465,190631785750.0,10650.0,-3.47417840375587,,61.2267867191896,60.0121359223301,14.6,127.559346569966,1,2,0,58,"없음",35,-49.1089108910891,7,,,,0,0,,,,,1,8900.0,"저항→지지",0,0,9530.03586907828,9530.03586907828
20261006,041930,"SY동아",KOSDAQ,4995.0,0.2,"자동차부품",1.11,18.6294750575,75924000000.0,6260.0,-20.2875399361022,,59.0285110876452,13.8412017167382,9.8,10.4081202112681,0,1,0,52,"없음",26,-15.5668358714044,49,,,,0,0,,,,,0,,,0,0,5852.32446082684,5852.32446082684
20261006,041960,"코미팜",KOSDAQ,10490.0,6.17,"제약",44.68,23.95740717,782744928490.0,10690.0,-1.9644527595884,,22.5368063420159,11.7988394584139,3.4,166.404697382383,5,2,0,75,"없음",65,24.1706161137441,89,20260807,9.04325032765401,3.31894156054601,1,0,,,,,1,8990.0,"지지 재탈환",0,0,9677.23774771045,9677.23774771045
20261006,042000,"카페24",KOSDAQ,22900.0,10.63,"IT서비스",208.69,55.12025942,553680070100.0,19560.0,16.0531697341513,9.40695296523517,0.0,19.4910665944775,9.4,607.009060384715,0,2,0,61,"관망",24,-14.0151515151515,52,20261006,10.7317073170732,3.84445632307008,0,0,20261001,19560.0,21400.0,608.645396339797,1,19560.0,"저항→지지",1,1,18943.3757752021,18943.3757752021
20261006,042040,"케이피엠테크",KOSDAQ,5030.0,0.9,"화학",0.05,0.32197276,43615084730.0,5430.0,-7.36648250460405,,71.7462632154575,32.8571428571429,7.4,4.40700155115738,0,2,0,88,"없음",45,-60.0031806615776,3,20260917,10.1910828025478,5.32249115322491,0,0,,,,,1,4835.0,"저항→지지",0,0,4816.2660572299,5686.2660572299
20261006,042110,"에스씨디",KOSDAQ,1040.0,1.76,"전기제품",0.63,1.5052582545,50262746560.0,1048.0,-0.763358778625954,,81.0616284300495,22.4522292993631,8.4,13.8067352284438,0,3,0,96,"없음",50,-27.3235499650594,27,20260713,13.1340579710145,29.9082471156057,1,0,,,,,1,1020.0,"저항→지지",0,0,998.016256439873,1397.01625643987
20261006,042370,"비츠로테크",KOSDAQ,11730.0,3.44,"전기제품",175.85,165.995149785,307326293250.0,11970.0,-1.67084377610693,,0.0,22.210953346856,7.4,229.806725925613,3,1,0,59,"관망",50,8.08080808080808,81,20260917,29.2655367231638,70.1452230320287,1,0,,,,,1,8910.0,"저항→지지",0,0,10702.8906872435,10702.8906872435
20261006,042420,"네오위즈홀딩스",KOSDAQ,22250.0,-0.22,"게임엔터테인먼트",2.13,1.8211002,181165796750.0,25000.0,-12.4,,15.0668993600931,10.3157894736842,9.2,112.770120115568,0,1,0,64,"없음",22,-3.73626373626374,68,,,,0,0,,,,,0,,,0,0,23251.9605478436,23251.9605478436
20261006,042500,"링네트",KOSDAQ,4325.0,2.0,"IT서비스",8.03,4.3641100875,96409197800.0,4560.0,-4.82456140350877,,6.77618069815195,10.1307189542484,4.8,167.157752923335,2,1,0,67,"없음",37,13.3159268929504,85,,,,0,0,,,,,1,4205.0,"지지 재탈환",0,0,4258.86155466549,4288.86155466549
20261006,042510,"라온시큐어",KOSDAQ,14870.0,29.98,"소프트웨어",807.24,206.43679042,165143662360.0,12400.0,19.9193548387097,19.9193548387097,0.0,21.0986267166042,9.8,723.23060055422,4,1,0,40,"돌파완료",49,76.3938315539739,96,20261006,25.8037225042301,4.05755712567171,0,0,20261006,12400.0,14870.0,841.6687636195,1,9130.0,"저항→지지",1,1,12235.387904763,12235.387904763
20261006,042520,"한스바이오메드",KOSDAQ,22100.0,4.0,"건강관리장비와용품",17.01,22.49650267,315176210700.0,23750.0,-6.52631578947368,,59.4369369369369,32.4,7.2,60.6819281459312,0,1,0,57,"없음",31,-34.1246290801187,19,20260707,14.5739910313901,2.68858496516289,0,0,,,,,1,21700.0,"저항→지지",0,0,20628.9606543395,23278.9606543395
20261006,042600,"새로닉스",KOSDAQ,12040.0,8.08,"가정용기기와용품",8.24,2.44047265,149579830960.0,12480.0,-2.80448717948718,,22.5829216654905,23.6861051115911,4.6,361.310560461161,1,2,0,70,"없음",40,-19.6156394963552,41,20261006,10.9789569990851,3.97968427045385,1,0,,,,,1,11360.0,"지지 재탈환",0,0,11026.6230432066,12136.6230432066
20261006,042660,"한화오션",KOSPI,77400.0,-1.78,"조선",488.19,531.5659621,23716396695600.0,90900.0,-14.6314631463146,,81.1934900542496,22.1615720524017,9.6,68.5993361897683,0,1,0,82,"관망",30,-35.4409317803661,18,20260526,10.2291325695581,2.73944491867533,0,0,,,,,0,,,0,0,83738.593005387,92238.593005387
20261006,042700,"한미반도체",KOSPI,277000.0,1.84,"반도체와반도체장비",1300.62,1658.40149225,26401479400000.0,246500.0,13.184584178499,2.23123732251521,60.04921004921,45.8545454545455,10.6,71.894828331925,3,1,0,58,"관망",45,11.1553784860558,83,20260612,24.0549828178694,4.65749639164522,0,0,20260929,246500.0,252000.0,99.8949130213569,1,246500.0,"저항→지지",0,0,252012.952928568,252012.952928568
20261006,042940,"상지건설",KOSDAQ,5220.0,-1.88,"건설",2.07,1.586257832,35645876640.0,5940.0,-11.2794612794613,,72.3382770590091,27.1942446043165,7.2,53.8661905399186,0,2,0,74,"없음",45,-31.5673289183223,23,20260701,29.9198429576313,4.68992303924941,0,0,,,,,0,,,0,0,5298.97707252421,6241.97707252421
20261006,043150,"바텍",KOSDAQ,17680.0,-0.56,"건강관리장비와용품",4.74,4.072338065,262623246080.0,18000.0,-1.61111111111111,,65.7824933687003,26.752688172043,7.2,63.1828148770362,1,2,0,90,"없음",52,-18.1986143187067,43,20260811,12.2087132725431,9.62194028599256,0,0,,,,,0,,,0,0,17905.5008886967,22245.5008886967
20261006,043200,"파루",KOSDAQ,1274.0,2.33,"에너지장비및서비스",1.11,1.408989984,26629348018.0,1273.0,-2.356637863315,,75.3314724354501,23.4234234234234,4.0,22.3992231675594,0,2,0,90,"없음",47,-34.5789473684211,19,20260828,10.8189331329827,31.9002519612252,0,0,,,,,1,1204.0,"저항→지지",0,0,1311.89717011968,1553.89717011968
20261006,043260,"성호전자",KOSDAQ,32450.0,4.01,"전기제품",1183.16,1225.95042555,2448412467600.0,28700.0,12.8919860627178,9.40766550522648,34.6618357487923,37.5,6.4,125.719400217311,3,2,0,59,"수축중",49,-14.1721854304636,51,20260918,18.9189189189189,9.18191245193023,0,0,20261002,28700.0,31400.0,339.92775533121,1,19720.0,"저항→지지",0,0,27995.0960227703,27995.0960227703
20261006,043340,"에쎈테크",KOSDAQ,608.0,3.23,"기계",0.13,0.473340018,28880000000.0,973.0,-37.5128468653648,,29.4162826420891,43.3234421364985,7.8,24.379677595863,1,1,0,38,"없음",31,-42.8571428571429,11,20260805,15.421686746988,2.62140317781274,0,0,,,,,0,,,0,0,864.091923871281,902.091923871281
20261006,043360,"디지아이",KOSDAQ,2300.0,0.88,"컴퓨터와주변기기",0.24,0.5910615825,20700000000.0,2795.0,-18.2468694096601,,39.7727272727273,41.838134430727,4.0,36.9950103368411,2,2,0,56,"없음",52,-10.5675146771037,58,20260902,29.8876404494382,34.5808829816544,0,0,,,,,0,,,0,0,3200.23252877598,3200.23252877598
20261006,043370,"피에이치에이",KOSDAQ,11200.0,-1.23,"자동차부품",2.27,1.6163714,235200000000.0,11540.0,-2.94627383015598,,40.1648998822144,8.54184641932701,6.4,125.653405145906,0,1,0,73,"없음",27,-7.59075907590759,62,,,,0,0,,,,,0,,,0,0,10879.5356104813,10879.5356104813
20261006,043590,"웰킵스하이텍",KOSDAQ,1657.0,0.73,"전기제품",0.32,0.3528516635,22482807317.0,1768.0,-6.27828054298643,,54.3243243243243,50.1329787234042,17.4,42.7088859561818,3,1,0,40,"없음",50,27.4615384615385,90,20260721,13.0713712910986,5.66023855095417,0,0,,,,,1,1524.0,"저항→지지",0,0,1568.35670744828,1568.35670744828
20261006,043650,"국순당",KOSDAQ,3485.0,-0.71,"음료",0.28,6.7169342525,62236189440.0,4495.0,-22.8031145717464,,81.2008978675645,37.573385518591,13.8,10.8311078082013,0,1,0,57,"없음",30,-15.5717761557178,49,20260623,20.8516886930984,47.9358790022656,0,0,,,,,0,,,0,0,4189.79608244751,4189.79608244751
20261006,043710,"코스리거글로벌",KOSDAQ,3020.0,-1.47,"건강관리업체및서비스",0.08,0.38585731,52283756040.0,3910.0,-23.1457800511509,,2.09953343701399,31.0693641618497,10.0,32.2368129571377,0,1,0,45,"없음",22,-27.503015681544,27,,,,0,0,,,,,1,2920.0,"지지 재탈환",0,0,3377.26211176288,3377.26211176288
20261006,043910,"자연과환경",KOSDAQ,3210.0,0.78,"상업서비스와공급품",0.29,1.51705386,36398655450.0,4305.0,-25.4355400696864,,54.4491525423729,17.887323943662,7.8,8.91938250428817,0,1,0,52,"없음",30,-31.7021276595745,22,20260826,11.6138763197587,50.693920644025,0,0,,,,,0,,,0,0,3584.45903753518,3904.45903753518
20261006,044340,"위닉스",KOSDAQ,2760.0,-4.5,"가정용기기와용품",2.16,2.099749545,49330653000.0,2930.0,-5.80204778156997,,85.3530031612223,60.0,8.2,5.40342563838906,0,2,0,78,"없음",47,-41.8947368421053,12,20260727,10.0917431192661,8.12864086705497,0,0,,,,,0,,,0,0,2948.28639668164,6118.28639668164
20261006,044450,"KSS해운",KOSPI,11950.0,0.34,"해운사",10.45,18.077797025,269801423750.0,12750.0,-5.96078431372549,,0.0,9.25925925925926,6.6,101.016738847513,4,1,0,66,"없음",51,10.0,83,20260922,15.5155155155155,17.9417343011152,0,0,,,,,1,10580.0,"저항→지지",0,0,11827.7965981378,11827.7965981378
20261006,044480,"빌리언스",KOSDAQ,3200.0,5.26,"방송과엔터테인먼트",0.18,1.2978259375,21280585600.0,5330.0,-42.4953095684803,,30.6942053930006,66.1610268378063,17.6,32.6670832085877,0,1,0,39,"없음",22,-60.7051282051282,3,,,,0,0,,,,,0,,,0,0,4659.16964188586,4659.16964188586
20261006,044490,"태웅",KOSDAQ,37700.0,-0.66,"에너지장비및서비스",32.99,99.702189325,754278263700.0,39650.0,-4.41361916771753,,42.6943005181347,21.6316440049444,4.2,36.4033347357675,3,2,0,75,"수축중",57,-23.6656596173212,34,20260902,11.6941529235382,6.90784211727755,0,0,,,,,1,37550.0,"저항→지지",0,0,36922.9646812074,36922.9646812074
20261006,044780,"에이치케이",KOSDAQ,1374.0,4.17,"기계",0.15,0.564760711,25426951338.0,1645.0,-17.6899696048632,,16.522423288749,16.794380587484,4.0,22.1663994312627,1,1,0,37,"없음",31,-8.51351351351351,61,,,,0,0,,,,,1,1338.0,"지지 재탈환",0,0,1519.16335690187,1519.16335690187
20261006,044820,"코스맥스비티아이",KOSPI,23900.0,-3.63,"건강관리업체및서비스",7.52,6.51602765,229533711900.0,26450.0,-8.50661625708885,,18.4615384615385,26.5866209262436,6.8,75.9005318657033,5,2,0,54,"없음",70,54.140127388535,95,20260812,9.375,6.17437207276191,0,0,,,,,0,,,0,0,23217.458265436,25917.458265436
20261006,044960,"이글벳",KOSDAQ,3110.0,0.97,"제약",0.68,0.5012279825,39316256130.0,3155.0,-1.42630744849445,,51.8703241895262,10.4761904761905,12.2,95.8097757619364,0,1,0,81,"없음",27,-18.1578947368421,43,,,,0,0,,,,,0,,,0,0,3128.03486112136,3128.03486112136
20261006,044990,"에이치엔에스하이텍",KOSDAQ,12290.0,5.22,"전자장비와기기",1.69,1.25967145,94453873250.0,11610.0,3.96210163652024,0.775193798449612,20.4924543288324,31.6170555108608,12.0,100.208957165195,0,2,0,72,"없음",39,-16.8732782369146,46,20260730,11.1713665943601,3.75843918223747,0,0,20261002,11610.0,11700.0,91.7317717432321,1,11610.0,"저항→지지",0,0,10748.733297576,12348.733297576
20261006,045060,"오공",KOSDAQ,2090.0,0.72,"화학",0.2,0.455714695,35408725660.0,2215.0,-5.4176072234763,,13.5802469135803,10.3982300884956,6.4,39.7542081484932,0,2,0,74,"없음",41,-7.70925110132159,62,,,,0,0,,,,,1,2080.0,"지지 재탈환",0,0,2074.5056032429,2119.5056032429
20261006,045100,"한양이엔지",KOSDAQ,34250.0,-1.15,"반도체와반도체장비",24.9,26.307526575,599375000000.0,32650.0,5.05359877488515,8.26952526799387,63.5396518375242,21.3953488372093,9.4,84.5568866363583,4,3,0,80,"없음",58,15.2941176470588,86,20261001,9.10493827160495,4.80904100264182,0,0,20261001,32650.0,35350.0,377.072426013789,1,32650.0,"저항→지지",0,0,32533.3895425192,32583.3895425192
20261006,045300,"성우테크론",KOSDAQ,3035.0,4.12,"반도체와반도체장비",2.35,0.57872919,32010181420.0,2780.0,11.3309352517986,1.61870503597122,26.0869565217391,29.2947558770344,12.8,301.632281089053,2,3,0,84,"없음",41,8.21678321678322,81,,,,0,0,20261001,2780.0,2825.0,135.753121932172,1,2780.0,"저항→지지",1,1,2747.42144559271,2747.42144559271
20261006,045340,"토탈소프트",KOSDAQ,6790.0,0.3,"운송인프라",1.0,1.082443075,58109091600.0,6910.0,-1.59189580318379,,48.4536082474227,24.5945945945946,15.0,63.3463005588571,0,3,0,89,"없음",45,1.49253731343284,75,,,,0,0,,,,,1,6750.0,"지지 재탈환",0,0,6537.24535331124,6537.24535331124
20261006,045390,"대아티아이",KOSDAQ,3055.0,-1.93,"도로와철도운송",14.25,29.7598626525,215296166735.0,4025.0,-23.7267080745342,,48.1521739130435,23.8482384823848,6.2,28.9311897831504,0,1,0,41,"없음",30,-20.5692108667529,39,20260901,15.2845528455285,2.81849458952527,0,0,,,,,1,3015.0,"지지 재탈환",0,0,3472.33669232754,3637.33669232754
20261006,045510,"정원엔시스",KOSDAQ,1193.0,-2.53,"IT서비스",1.08,0.8511076435,37555588701.0,1259.0,-5.71882446386021,,0.0,14.512093411176,6.8,72.1190426988248,4,1,0,51,"없음",51,18.4630738522954,87,20260929,12.6629422718808,17.600656476665,0,0,,,,,1,1159.0,"저항→지지",0,0,1120.44322547391,1120.44322547391
20261006,045520,"크린앤사이언스",KOSDAQ,3240.0,-0.77,"화학",0.89,1.608481065,21060000000.0,3590.0,-9.74930362116992,,65.9394792399718,27.1103896103896,6.8,43.5130657336498,1,3,0,87,"없음",53,2.20820189274448,76,20260909,8.33333333333333,3.06096772603804,0,0,,,,,1,2580.0,"저항→지지",0,0,3216.47258649469,3216.47258649469
20261006,045660,"에이텍",KOSDAQ,8670.0,2.0,"컴퓨터와주변기기",0.77,0.859926195,71614200000.0,9200.0,-5.76086956521739,,23.3278955954323,17.6470588235294,4.8,43.6568782892417,0,2,0,70,"없음",41,-4.93421052631579,66,,,,0,0,,,,,1,8520.0,"지지 재탈환",0,0,8771.24309019832,9351.24309019832
20261006,045970,"코아시아",KOSDAQ,3985.0,3.64,"핸드셋",3.73,2.0344393075,104864780860.0,4000.0,-1.25,,34.8513204408401,26.7833109017497,5.6,101.73418509589,0,3,0,90,"없음",40,-13.3771929824561,52,,,,0,0,,,,,1,3750.0,"저항→지지",0,0,3520.89312946115,3520.89312946115
20261006,046120,"오르비텍",KOSDAQ,5390.0,-0.19,"에너지장비및서비스",19.13,89.1926843575,182480783870.0,6520.0,-17.4846625766871,,34.1317365269461,26.4595103578154,6.6,47.4415330172007,2,1,0,48,"관망",36,-50.1851851851852,6,20260908,29.8283261802575,30.1040394705651,0,0,,,,,1,5140.0,"저항→지지",0,0,5697.9042389084,5697.9042389084
20261006,046210,"HLB파나진",KOSDAQ,1390.0,13.01,"생명과학도구및서비스",47.04,5.8942916475,63283864400.0,1600.0,-13.6875,,33.5812133072407,11.3934426229508,4.4,1171.84874477504,0,1,0,49,"없음",29,-40.982905982906,12,20261006,11.4608555286521,11.4382931514289,1,0,,,,,1,1200.0,"저항→지지",0,0,1389.14535779431,1404.14535779431
20261006,046310,"백금T&A",KOSDAQ,2355.0,0.0,"통신장비",0.52,0.4335502125,38665899555.0,2425.0,-2.88659793814433,,39.8255813953488,25.987525987526,10.6,69.7184515648454,0,2,0,84,"없음",41,-17.6573426573427,44,,,,0,0,,,,,1,2285.0,"지지 재탈환",0,0,2282.46832189027,2287.46832189027
20261006,046390,"삼화네트웍스",KOSDAQ,2095.0,-0.24,"방송과엔터테인먼트",0.1,0.2046989245,36178917435.0,2220.0,-5.40540540540541,,45.5577632699404,19.3809523809524,13.0,21.2371295815517,0,1,0,77,"없음",35,-17.0616113744076,46,20260824,8.68486352357321,3.39012351231469,0,0,,,,,1,2040.0,"지지 재탈환",0,0,1976.43442749066,1976.43442749066
20261006,046440,"KG파이낸셜",KOSDAQ,4005.0,-0.87,"IT서비스",2.97,1.728573415,145182795930.0,4265.0,-4.92379835873388,,53.6912751677852,13.0434782608696,8.0,83.2743235317576,0,2,0,87,"없음",39,-14.8109243697479,50,,,,0,0,,,,,1,4040.0,"지지 재탈환",0,0,4081.98109357943,4301.98109357943
20261006,046890,"서울반도체",KOSDAQ,10900.0,0.09,"디스플레이장비및부품",23.92,27.05110461,635528860000.0,11530.0,-5.46400693842151,,48.7099296325254,15.2542372881356,6.6,81.1993824919499,2,1,0,54,"없음",37,25.7208765859285,89,,,,0,0,,,,,1,10070.0,"저항→지지",0,0,10523.4596364304,10523.4596364304
20261006,046940,"우원개발",KOSDAQ,2730.0,-0.55,"건설",1.98,1.88092747,49342975500.0,3125.0,-12.48,,83.5530445699937,48.7551867219917,12.2,65.833629614025,0,2,0,73,"없음",40,-36.6898148148148,17,20260702,15.8295281582953,48.9534402124398,0,0,,,,,0,,,0,0,2742.33248757377,3122.33248757377
20261006,047040,"대우건설",KOSPI,17740.0,0.74,"건설",663.23,1514.77638342,7289501498120.0,19700.0,-9.69543147208122,,40.3347947389398,27.3576309794989,5.0,55.474785307296,2,2,0,63,"관망",46,14.4051446945338,85,20260908,8.4736556219446,3.98867793194015,0,0,,,,,0,,,0,0,18649.1092108087,19299.1092108087
20261006,047050,"포스코인터내셔널",KOSPI,57300.0,1.24,"무역회사와판매업체",166.49,306.49088495,10080375752400.0,58700.0,-2.0442930153322,,21.6701902748414,17.9930795847751,9.6,22.1616269610203,2,1,0,82,"관망",50,-19.5804195804196,41,20260616,9.01502504173624,3.26482108614949,0,0,,,,,1,56700.0,"저항→지지",0,0,53738.2668459849,53738.2668459849
20261006,047080,"한빛소프트",KOSDAQ,1084.0,-0.46,"게임엔터테인먼트",0.71,0.5459566735,26907440408.0,1184.0,-7.93918918918919,,22.5886232481451,8.06945863125638,5.6,68.3344192370461,0,1,0,61,"없음",33,-15.5693261037955,49,20260901,11.144578313253,5.08166420022227,0,0,,,,,1,979.0,"저항→지지",0,0,1063.12997823674,1063.12997823674
20261006,047310,"파워로직스",KOSDAQ,3340.0,1.67,"핸드셋",5.42,2.9684670275,122279921700.0,3220.0,3.1055900621118,1.5527950310559,52.4641460234681,15.6297420333839,6.6,144.743644093372,0,3,0,90,"없음",38,-25.7270693512304,30,,,,0,0,20261002,3220.0,3270.0,122.397214427083,1,3220.0,"저항→지지",1,1,3041.46082037285,3041.46082037285
20261006,047400,"유니온머티리얼",KOSPI,904.0,-0.99,"자동차부품",1.53,3.140122214,37968000000.0,1114.0,-19.2100538599641,,0.0,26.2110726643599,5.8,85.8986891360869,0,2,0,40,"없음",30,-44.547134935305,10,20260914,9.54022988505747,5.36589711926544,0,0,,,,,1,875.0,"지지 재탈환",0,0,971.751017475719,1013.75101747572
20261006,047560,"이스트소프트",KOSDAQ,8430.0,8.49,"소프트웨어",11.21,2.97952278,99078481260.0,8380.0,1.07398568019093,1.07398568019093,29.3569431500466,27.7439024390244,8.2,306.074520121814,0,1,0,70,"없음",29,-32.24,22,,,,0,0,20261006,8380.0,8470.0,322.634552767669,1,7250.0,"지지 재탈환",1,0,7308.17777326201,8768.17777326201
20261006,047770,"코데즈컴바인",KOSDAQ,3605.0,-2.57,"섬유,의류,신발,호화품",19.79,49.6298340125,136422580210.0,3925.0,-7.77070063694268,,43.2872253864931,25.9036144578313,6.2,25.417793048066,2,2,0,68,"관망",55,-10.8374384236453,57,20260901,12.5356125356125,6.1468282928406,0,0,,,,,1,3415.0,"지지 재탈환",0,0,3822.60148111272,3872.60148111272
20261006,047810,"한국항공우주",KOSPI,129400.0,-3.07,"우주항공과국방",312.82,302.7846828,12613278845800.0,134500.0,-3.42007434944238,,65.1202749140894,23.6593059936909,7.6,67.1271912773147,2,3,0,93,"관망",53,-21.1293260473588,38,,,,0,0,,,,,1,127600.0,"지지 재탈환",0,0,122516.688629652,152916.688629652
20261006,047820,"초록뱀미디어",KOSDAQ,3185.0,0.16,"방송과엔터테인먼트",0.26,0.4030506725,77885767050.0,3450.0,-7.68115942028986,,49.5575221238938,18.0740740740741,9.6,58.720225965675,0,3,0,90,"없음",34,-26.865671641791,28,,,,0,0,,,,,0,,,0,0,3165.52081256681,3210.52081256681
20261006,047920,"HLB제약",KOSDAQ,13010.0,29.97,"제약",529.92,108.72111124,426719621560.0,13100.0,-0.687022900763359,,14.9181230907907,52.7238518771915,11.6,778.87231277561,1,1,0,40,"관망",30,-11.2611690880568,56,20261006,29.5816733067729,5.40991300389357,0,0,,,,,1,7980.0,"저항→지지",0,0,11108.3496302712,11108.3496302712
20261006,048410,"현대바이오",KOSDAQ,7160.0,1.56,"화장품",68.43,108.40523567,690979895520.0,7360.0,-2.58152173913043,,38.0310880829016,30.6954436450839,6.8,80.746316404791,2,2,0,54,"관망",52,-46.0902255639098,9,20260909,13.8977635782748,12.0194521587571,1,0,,,,,1,6980.0,"저항→지지",0,0,6739.00390706806,7349.00390706806
20261006,048430,"유라테크",KOSDAQ,5870.0,-0.17,"자동차부품",1.02,8.42700263,67622400000.0,7240.0,-18.9226519337017,,24.9146757679181,29.6296296296296,17.8,22.3164273347591,0,1,0,49,"없음",22,-21.1021505376344,38,,,,0,0,,,,,0,,,0,0,6758.77580312452,6758.77580312452
20261006,048470,"대동스틸",KOSDAQ,2930.0,5.4,"철강",1.96,1.1472178025,28274500000.0,3315.0,-12.0663650075415,,0.0,16.1812297734628,7.4,158.576221308561,0,2,0,55,"없음",25,-9.89180834621329,59,,,,1,0,,,,,0,,,0,0,2956.00182226113,2956.00182226113
20261006,048530,"인트론바이오",KOSDAQ,2840.0,1.25,"생명과학도구및서비스",2.2,1.6053245075,87732592720.0,3100.0,-8.06451612903226,,20.4582651391162,17.7330895795247,11.2,104.539554625241,0,1,0,66,"없음",25,-30.1470588235294,24,,,,0,0,,,,,1,2740.0,"지지 재탈환",0,0,2786.5631655542,2786.5631655542
20261006,048550,"SM C&C",KOSDAQ,1039.0,0.68,"광고",6.09,3.5603999145,100486490180.0,1230.0,-15.7723577235772,,53.7621359223301,46.6261061946903,7.6,93.0709935465944,1,2,0,50,"없음",41,-5.12820512820513,66,20260804,10.8847867600255,3.12329506824136,0,0,,,,,0,,,0,0,1045.66851732198,1623.66851732198
20261006,048770,"TPC로보틱스",KOSDAQ,4185.0,1.45,"기계",15.55,71.492971975,65696092335.0,4895.0,-15.2196118488253,,40.6386975579211,29.520295202952,3.0,46.5291265865443,3,2,0,58,"수축중",57,33.8709677419355,92,20260907,10.3404791929382,26.8263681468978,0,0,,,,,1,2985.0,"저항→지지",0,0,4723.94273207225,4723.94273207225
20261006,048830,"엔피케이",KOSDAQ,1045.0,-1.42,"화학",1.09,1.0093866855,19566499535.0,1218.0,-14.1215106732348,,4.16666666666667,17.1681415929204,10.4,156.54863989607,5,1,0,66,"없음",51,1.65208940719145,75,20260702,11.7084826762246,4.42263195981575,0,0,,,,,1,1019.0,"지지 재탈환",0,0,1104.45543195282,1104.45543195282
20261006,048870,"시너지이노베이션",KOSDAQ,1600.0,0.13,"건강관리장비와용품",1.89,3.520323506,140971140800.0,1648.0,-3.03398058252427,,25.9529602595296,18.0473372781065,10.6,39.3725519312433,0,1,0,72,"없음",27,-25.152224824356,31,,,,0,0,,,,,1,1499.0,"지지 재탈환",0,0,1537.22842921682,1599.22842921682
20261006,048910,"대원미디어",KOSDAQ,7300.0,2.38,"방송과엔터테인먼트",14.21,3.689476055,91826305800.0,7330.0,-0.545702592087312,,0.0,21.406411582213,9.4,396.684842877759,2,1,0,66,"없음",41,0.551724137931034,74,20260814,10.0790513833992,5.49523645121781,0,0,,,,,1,6750.0,"저항→지지",0,0,6656.98792301625,6656.98792301625
20261006,049070,"인탑스",KOSDAQ,19330.0,3.09,"핸드셋",21.38,16.61176494,304298659000.0,21100.0,-8.1042654028436,,64.3900141309468,21.608040201005,9.4,144.130220818125,3,2,0,64,"없음",52,21.3391739674593,88,20260907,8.74224478285393,11.4586227897742,1,0,,,,,1,18130.0,"저항→지지",0,0,19584.8928691934,19584.8928691934
20261006,049080,"기가레인",KOSDAQ,9930.0,2.69,"통신장비",27.32,75.49161346,84289156620.0,11970.0,-16.7084377610693,,58.2571095958756,38.950988822012,8.0,36.7790363648838,2,2,0,66,"관망",50,-17.6713459950454,44,20260916,28.6885245901639,5.1145977941373,0,0,,,,,1,9560.0,"저항→지지",0,0,10129.3379255184,13109.3379255184
20261006,049120,"파인디앤씨",KOSDAQ,2840.0,0.89,"디스플레이장비및부품",0.23,0.304052925,36035680800.0,3665.0,-22.5102319236016,,4.20954162768943,29.296875,12.4,24.083442457775,1,1,0,50,"없음",35,-16.1004431314623,48,20260827,9.93031358885017,4.58491445248952,0,0,,,,,0,,,0,0,3370.2524712078,3370.2524712078
20261006,049430,"코메론",KOSDAQ,22550.0,1.81,"기계",6.67,7.9869502,204032400000.0,23400.0,-1.70940170940171,,4.38184663536776,12.3595505617978,6.4,109.463040137607,5,3,0,79,"없음",61,12.1951219512195,84,,,,0,0,,,,,1,21000.0,"저항→지지",0,0,21354.1471554322,21354.1471554322
20261006,049470,"비트플래닛",KOSDAQ,2640.0,-2.58,"소프트웨어",1.74,9.7028529725,62158533360.0,3580.0,-26.2569832402235,,21.3794421092854,25.35,7.4,24.504980572046,0,1,0,42,"없음",26,-19.5121951219512,41,20260922,11.2522686025408,19.0210758553118,0,0,,,,,1,2530.0,"저항→지지",0,0,3060.0835313422,3060.0835313422
20261006,049480,"오픈베이스",KOSDAQ,2045.0,3.39,"컴퓨터와주변기기",13.92,4.539762201,64258773235.0,2085.0,-1.91846522781775,,44.8570209133589,35.9578947368421,11.8,376.675502719521,0,1,0,74,"없음",31,-2.85035629453682,70,20260709,13.1578947368421,19.9485215193541,0,0,,,,,1,1900.0,"저항→지지",0,0,1917.11068753711,1917.11068753711
20261006,049520,"유아이엘",KOSDAQ,3745.0,0.67,"핸드셋",1.08,1.51780187,115505630625.0,4005.0,-6.6167290886392,,49.6598639455782,12.8947368421053,9.4,43.4237843787793,2,3,0,86,"없음",55,-1.31926121372032,72,,,,0,0,,,,,0,,,0,0,3754.23066082993,3824.23066082993
20261006,049550,"잉크테크",KOSDAQ,3455.0,1.02,"컴퓨터와주변기기",0.38,0.2044339875,67739687035.0,3645.0,-5.21262002743484,,1.6600790513834,10.0308641975309,10.6,41.7461649419497,4,2,0,77,"없음",63,10.207336523126,83,,,,0,0,,,,,0,,,0,0,3516.32582330753,3516.32582330753
20261006,049630,"재영솔루텍",KOSDAQ,7410.0,1.93,"핸드셋",11.61,14.357278665,173135679990.0,7490.0,-0.534045393858478,,62.238398544131,35.5599214145383,6.4,39.647457629788,0,3,0,89,"없음",50,-45.6204379562044,9,20260814,29.9280575539568,15.7577236166024,0,0,,,,,1,7200.0,"저항→지지",0,0,6664.42812153839,9354.42812153839
20261006,049720,"고려신용정보",KOSDAQ,9120.0,-0.11,"상업서비스와공급품",1.78,1.584463745,130416000000.0,9340.0,-3.10492505353319,,68.8311688311688,26.1306532663317,9.6,11.9959225000866,0,3,0,94,"없음",46,-11.8792599805258,55,,,,0,0,,,,,0,,,0,0,9264.70768736263,11554.7076873626
20261006,049800,"우진플라임",KOSPI,1980.0,1.28,"기계",0.68,0.4893502595,39600000000.0,2400.0,-16.9166666666667,,5.2235294117647,14.1304347826087,9.8,166.11592815282,0,1,0,45,"없음",22,-20.24,40,,,,0,0,,,,,1,1971.0,"저항→지지",0,0,2172.95162578722,2172.95162578722
20261006,049830,"승일",KOSDAQ,6480.0,0.47,"포장재",0.04,0.057368025,39736085760.0,6570.0,-1.36986301369863,2.73972602739726,47.3790322580645,10.8469539375929,12.4,48.5024659502891,0,1,0,89,"없음",27,-12.78600269179,53,,,,0,0,20261002,6570.0,6750.0,5.71538969297893,0,,,0,0,6316.14818640707,6356.14818640707
20261006,049950,"미래컴퍼니",KOSDAQ,11440.0,-0.52,"디스플레이장비및부품",2.73,1.89415977,100876592960.0,11080.0,3.79061371841155,2.6173285198556,50.4163512490537,26.1710037174721,6.8,85.9093843824281,0,2,0,86,"없음",41,-11.9448698315467,55,20260813,13.2692307692308,19.7441141382417,0,0,20261001,11080.0,11370.0,106.106588248928,1,11080.0,"저항→지지",0,0,10729.0231128768,12379.0231128768
20261006,049960,"쎌바이오텍",KOSDAQ,15390.0,-1.35,"생물공학",0.75,1.14180566,144666000000.0,16400.0,-5.0,,38.0861244019139,14.0995260663507,7.6,46.1941572472933,4,2,0,76,"없음",55,11.2857142857143,83,,,,0,0,,,,,1,15030.0,"지지 재탈환",0,0,15379.7855039533,15859.7855039533
20261006,050120,"ES큐브",KOSDAQ,3335.0,0.3,"레저용장비와제품",0.05,0.195842455,45236226810.0,3460.0,-3.61271676300578,,14.3874643874644,20.6666666666667,6.0,9.59338155573495,5,1,0,60,"없음",60,40.7172995780591,93,20260615,17.6470588235294,22.3643218573271,0,0,,,,,1,3305.0,"저항→지지",0,0,3090.56315607277,3340.56315607277
20261006,050760,"에스폴리텍",KOSDAQ,1217.0,2.53,"화학",2.31,0.989959047,19879303126.0,1328.0,-6.09939759036145,,75.4283965728274,45.3734671125975,12.6,108.570966155751,0,1,0,71,"없음",31,-9.50653120464441,59,20260706,13.9568345323741,2.53795676582411,0,0,,,,,1,1229.0,"저항→지지",0,0,1201.33368413212,1201.33368413212
20261006,050860,"아세아텍",KOSDAQ,1720.0,1.24,"기계",0.37,0.189277017,38700000000.0,1831.0,-6.06226105953031,,8.83361921097771,10.1092896174863,4.6,93.8905315063461,1,1,0,77,"없음",32,-13.9139139139139,52,,,,0,0,,,,,1,1664.0,"저항→지지",0,0,1704.57942307503,1704.57942307503
20261006,050890,"쏠리드",KOSDAQ,10590.0,-0.09,"통신장비",171.85,154.58197752,643411695060.0,10270.0,3.40798442064265,4.08958130477118,25.3692441355343,23.6549165120594,6.8,153.728281783481,2,3,0,79,"관망",50,-15.9144893111639,48,,,,0,0,20261002,10270.0,10690.0,428.282428148078,1,10270.0,"저항→지지",0,0,9861.0839637495,9861.0839637495
20261006,050960,"수산아이앤티",KOSDAQ,8890.0,4.59,"소프트웨어",1.23,0.258626845,60016390000.0,8920.0,0.896860986547085,0.896860986547085,18.7800963081862,11.8214716525935,9.4,420.472061151947,2,1,0,74,"없음",39,1.35135135135135,75,,,,1,0,20261006,8920.0,9000.0,422.734915690212,1,8570.0,"지지 재탈환",0,0,8523.64265539037,8523.64265539037
20261006,051160,"지어소프트",KOSDAQ,13720.0,6.27,"판매업체",23.99,48.170825075,184981930560.0,13400.0,1.7910447761194,1.7910447761194,0.0,25.2577319587629,7.6,63.3850709924682,5,1,0,62,"돌파완료",58,73.0964467005076,96,20260917,17.5,54.2691985959006,0,0,20261006,13400.0,13640.0,64.0912321011037,1,12900.0,"저항→지지",1,1,11713.8300937016,11713.8300937016
20261006,051360,"토비스",KOSDAQ,11760.0,-1.34,"디스플레이장비및부품",1.1,1.4716936,110080797120.0,12680.0,-7.17665615141956,,62.3367697594502,19.8518518518519,6.8,15.4916120047202,5,1,0,84,"없음",54,25.1328938975122,89,,,,0,0,,,,,1,11480.0,"저항→지지",0,0,11816.2355522292,12636.2355522292
20261006,051370,"인터플렉스",KOSDAQ,7540.0,5.6,"전자장비와기기",27.26,17.744348715,175889138880.0,7800.0,-3.58974358974359,,19.6327683615819,24.4979919678715,6.8,241.94579466669,0,2,0,66,"없음",35,-37.3333333333333,16,20260922,14.1494435612083,35.0063216060784,0,0,,,,,1,6530.0,"저항→지지",0,0,7035.48916603031,7035.48916603031
20261006,051380,"피씨디렉트",KOSDAQ,1520.0,1.6,"컴퓨터와주변기기",0.16,0.231353251,23316909440.0,1580.0,-3.92405063291139,,48.2874412357287,22.7560718057022,7.8,29.1816177424236,0,2,0,81,"없음",43,-26.4891041162228,29,,,,0,0,,,,,0,,,0,0,1534.36755893527,1777.36755893527
20261006,051390,YW,KOSDAQ,4090.0,2.76,"판매업체",0.16,0.130858355,46443455120.0,4270.0,-6.3231850117096,,0.0,14.2857142857143,12.4,77.5236457437661,2,1,0,55,"없음",37,-3.49819059107358,69,,,,0,0,,,,,0,,,0,0,4083.79142198956,4083.79142198956
20261006,051490,"나라엠앤디",KOSDAQ,2740.0,6.61,"기계",0.51,0.4860389275,38908000000.0,2850.0,-5.26315789473684,,0.0,29.3948126801153,2.6,38.1305131829037,0,2,0,61,"없음",43,-22.9671897289586,35,,,,1,0,,,,,1,2510.0,"지지 재탈환",0,0,3189.52812125892,3189.52812125892
20261006,051500,"CJ프레시웨이",KOSDAQ,21650.0,-0.69,"식품과기본식료품소매",1.13,1.337926075,257019836900.0,24500.0,-11.6326530612245,,62.037037037037,9.09090909090909,9.4,69.265429881463,0,1,0,59,"없음",29,-29.2483660130719,25,,,,0,0,,,,,0,,,0,0,23089.7078303395,23489.7078303395
20261006,051600,"한전KPS",KOSPI,45400.0,1.0,"전기유틸리티",36.81,66.360819175,2043000000000.0,49700.0,-8.24949698189135,,35.7254290171607,14.5383104125737,5.2,65.78323993927,0,2,0,76,"없음",35,-17.8378378378378,44,20260612,29.6146044624746,2.54465085094633,0,0,,,,,0,,,0,0,46364.1029727711,47564.1029727711
20261006,051630,"진양화학",KOSPI,1408.0,-8.69,"화학",3.89,10.0373868205,29849600000.0,1949.0,-27.5012827090816,,0.0,52.4324324324324,10.0,60.5261965174494,0,1,0,42,"없음",26,-35.7727272727273,18,20260917,25.0,11.8975109891343,0,0,,,,,0,,,0,0,1734.46771315612,1734.46771315612
20261006,051780,"큐로홀딩스",KOSDAQ,2350.0,-4.28,"식품",1.95,0.790847835,17860056400.0,2875.0,-18.0869565217391,,16.7623421354765,36.6666666666667,10.6,301.555333025792,0,1,0,27,"없음",26,-32.034632034632,22,20260930,11.7505995203837,2.65048942252285,0,0,,,,,1,2320.0,"지지 재탈환",0,0,2421.07895047668,2726.07895047668
20261006,051900,"LG생활건강",KOSPI,265000.0,-2.21,"화장품",149.24,185.24196525,3968513595000.0,312000.0,-14.4230769230769,,42.560553633218,22.2056631892697,7.6,63.5433415426804,3,3,0,87,"관망",57,8.09716599190283,81,20260806,10.7692307692308,3.1929767681059,0,0,,,,,0,,,0,0,286879.755987574,310379.755987574
20261006,051910,"LG화학",KOSPI,277500.0,5.71,"화학",541.66,512.5638085,19589374627500.0,298000.0,-6.71140939597315,,51.5055467511886,17.9487179487179,9.8,107.543984969292,0,3,0,77,"관망",40,-7.02341137123746,63,,,,1,0,,,,,1,263500.0,"지지 재탈환",0,0,270756.63138734,272756.63138734
20261006,052020,"에스티큐브",KOSDAQ,7960.0,1.53,"판매업체",10.65,12.566380115,541146996360.0,8140.0,-2.21130221130221,,33.3333333333333,18.0232558139535,2.8,83.6969880549641,2,2,0,66,"없음",40,-52.6190476190476,5,,,,1,0,,,,,0,,,0,0,7562.55658888149,8532.55658888149
20261006,052220,iMBC,KOSDAQ,1638.0,-0.55,"방송과엔터테인먼트",0.32,9.3514987645,37674000000.0,2260.0,-26.5929203539823,,0.0,14.9462365591398,6.4,8.7215016594981,0,1,0,47,"없음",26,-42.6943005181347,11,,,,0,0,,,,,0,,,0,0,2055.39947277231,2055.39947277231
20261006,052260,"현대바이오랜드",KOSDAQ,5000.0,0.0,"화장품",37.91,103.144667585,150000000000.0,6240.0,-20.0320512820513,,0.0,12.9411764705882,5.6,94.7201621895311,2,2,0,64,"관망",42,24.4389027431421,89,20260929,25.0275633958104,40.4028421726178,0,0,,,,,1,4135.0,"저항→지지",0,0,5642.03126518182,5642.03126518182
20261006,052300,"오션인더블유",KOSDAQ,1577.0,-0.69,"건축제품",0.55,3.7450489585,25616989856.0,1770.0,-11.1299435028249,,0.0,13.5185185185185,4.8,20.3097631657517,1,1,0,41,"없음",34,6.06877950101146,79,20260918,18.4931506849315,18.4019052085563,0,0,,,,,1,1530.0,"저항→지지",0,0,1714.51711123381,1714.51711123381
20261006,052330,"코텍",KOSDAQ,10410.0,0.0,"디스플레이패널",1.33,1.4756344,184898141490.0,10990.0,-4.45859872611465,,32.7323162274619,29.5862068965517,20.0,66.7228956310095,3,1,0,78,"없음",46,6.92464358452139,79,,,,0,0,,,,,0,,,0,0,11252.5806651063,12332.5806651063
20261006,052400,"코나아이",KOSDAQ,36850.0,-2.25,"IT서비스",16.87,22.896729525,536657273350.0,39050.0,-5.7618437900128,,47.4082073434125,23.0769230769231,7.2,81.0370439582165,0,2,0,58,"없음",35,-32.4770642201835,21,,,,0,0,,,,,1,35850.0,"지지 재탈환",0,0,37709.1798827074,40409.1798827074
20261006,052420,"오성첨단소재",KOSDAQ,9840.0,0.72,"디스플레이장비및부품",1.17,2.35053666,95861368560.0,10390.0,-5.29355149181906,,41.49377593361,16.6988416988417,3.6,34.9311363304361,0,2,0,81,"없음",45,-24.8281130634072,32,20260831,8.26612903225807,6.8814278664254,1,0,,,,,1,9540.0,"저항→지지",0,0,9559.21994030362,10219.2199403036
20261006,052460,"아이크래프트",KOSDAQ,6220.0,-4.31,"IT서비스",10.07,12.8789528625,90861361920.0,6140.0,1.30293159609121,4.23452768729642,62.7835683629675,48.780487804878,6.0,22.8781322174753,4,2,0,47,"없음",69,76.7045454545455,96,20260803,12.3376623376623,2.5730405821797,0,0,20260929,6140.0,6400.0,34.4483644530475,1,6140.0,"저항→지지",0,0,5528.7070694776,7418.7070694776
20261006,052600,"한네트",KOSDAQ,2895.0,1.22,"IT서비스",0.14,0.2419359475,33476911500.0,3170.0,-9.46372239747634,,42.274678111588,15.0227617602428,9.8,35.4281086940905,0,2,0,81,"없음",40,-21.5846994535519,37,,,,0,0,,,,,0,,,0,0,2856.72011152173,3096.72011152173
20261006,052690,"한전기술",KOSPI,128800.0,1.34,"전기유틸리티",320.35,1015.8908114,4922736000000.0,154100.0,-16.0934458144062,,31.8358291735996,23.8552437223043,5.2,59.6065500897241,2,2,0,47,"관망",44,-14.5406477197621,51,20260908,16.5985282093214,5.92220249602849,0,0,,,,,0,,,0,0,136373.461748592,136373.461748592
20261006,052710,"아모텍",KOSDAQ,22550.0,8.94,"핸드셋",191.63,205.523119675,421252040000.0,19800.0,13.8888888888889,10.6060606060606,45.5855539201687,72.6985992145706,14.6,122.776257522667,3,1,0,49,"관망",45,105.523149835946,97,20260922,13.2748538011696,3.19997203279043,0,0,20261001,19800.0,21900.0,221.610566602891,1,19800.0,"저항→지지",1,1,18643.0254830116,18643.0254830116
20261006,052790,"액토즈소프트",KOSDAQ,4750.0,0.42,"게임엔터테인먼트",2.22,4.3195157625,51891598250.0,5150.0,-6.99029126213592,,21.002132196162,14.4329896907216,7.2,96.3924174224684,0,3,0,80,"없음",38,-9.45179584120983,60,20260928,24.25,95.5477975231379,0,0,,,,,1,4310.0,"저항→지지",0,0,4707.45785073776,4707.45785073776
20261006,052860,"아이앤씨",KOSDAQ,7700.0,0.13,"반도체와반도체장비",2.68,6.395534485,137574775800.0,8220.0,-7.05596107055961,,7.75295663600525,32.8723404255319,11.2,52.4472758374145,5,2,0,49,"없음",57,84.0963855421687,97,20260928,10.3092783505155,3.13774225523505,0,0,,,,,1,7120.0,"저항→지지",0,0,7266.91833143405,7266.91833143405
20261006,052900,"KX하이텍",KOSDAQ,1233.0,1.73,"반도체와반도체장비",9.76,8.097556408,94531754970.0,1015.0,20.9852216748768,2.5615763546798,45.3543307086614,29.5506473724296,6.4,80.4858178962156,2,2,0,82,"없음",35,16.0680529300567,86,,,,0,0,20260917,1015.0,1041.0,56.4586570518714,1,1015.0,"저항→지지",0,0,1147.06129398538,1200.06129398538
20261006,053030,"바이넥스",KOSDAQ,6610.0,3.12,"제약",3.19,3.768197105,216042482680.0,7530.0,-12.3505976095618,,55.2325581395349,20.6349206349206,9.4,59.4247520480868,0,2,0,70,"없음",28,-41.0714285714286,12,,,,0,0,,,,,1,6420.0,"저항→지지",0,0,6462.79423188246,7142.79423188246
20261006,053050,"지에스이",KOSDAQ,1897.0,0.37,"가스유틸리티",1.09,7.263649036,56886471509.0,2335.0,-18.8008565310493,,57.9099307159353,30.6372549019608,9.6,26.6562849158646,0,1,0,61,"없음",26,-31.304347826087,23,,,,0,0,,,,,1,1886.0,"저항→지지",0,0,2187.79599033369,2187.79599033369
20261006,053060,"세동",KOSDAQ,1230.0,0.57,"자동차부품",0.22,0.334439768,21718625370.0,1450.0,-15.1724137931034,,21.978021978022,19.3989071038251,6.6,37.5979101144664,1,1,0,50,"없음",27,4.68085106382979,78,,,,0,0,,,,,1,1228.0,"지지 재탈환",0,0,1364.30788669279,1383.30788669279
20261006,053080,"케이엔솔",KOSDAQ,9640.0,1.37,"기계",6.37,3.625728765,125318139480.0,9450.0,1.58730158730159,2.01058201058201,55.0065876152833,47.3641524736415,15.2,82.6355532503219,0,2,0,49,"없음",39,-6.88651794374394,63,,,,0,0,20261002,9450.0,9640.0,114.076347457696,1,9450.0,"저항→지지",0,0,8724.91501687725,10394.9150168772
20261006,053160,"프리엠스",KOSDAQ,8780.0,0.92,"기계",0.81,0.91809783,52680000000.0,11180.0,-19.6779964221825,,0.0,21.6300940438871,10.2,108.437311528757,4,2,0,69,"없음",55,29.7687861271676,90,20260616,14.7826086956522,13.5870119737118,0,0,,,,,0,,,0,0,9930.38935890999,9930.38935890999
20261006,053210,"스카이라이프",KOSPI,3970.0,-0.5,"방송과엔터테인먼트",0.64,1.0299971575,188666131350.0,5220.0,-23.3716475095785,,9.13140311804009,7.15137067938021,10.0,53.4416118994795,0,1,0,46,"없음",22,-15.0743099787686,50,,,,0,0,,,,,0,,,0,0,5008.06399221986,5008.06399221986
20261006,053260,"금강철강",KOSDAQ,7210.0,1.12,"철강",62.49,289.47653063,134971200000.0,9460.0,-24.1014799154334,,22.107369123041,28.4090909090909,7.2,40.9103031166601,5,2,0,45,"수축중",60,63.7400228050171,95,20260930,23.7878787878788,2.61964254132068,0,0,,,,,1,7050.0,"저항→지지",0,0,7831.76275496454,7831.76275496454
20261006,053270,"구영테크",KOSDAQ,1952.0,0.51,"자동차부품",0.07,0.602187713,53505110560.0,2100.0,-5.19047619047619,,25.1452282157676,14.0405616224649,9.4,8.05747469952944,0,1,0,81,"없음",31,-9.70521541950113,59,,,,0,0,,,,,1,1972.0,"지지 재탈환",0,0,1980.76846686548,1980.76846686548
20261006,053280,"예스24",KOSDAQ,2820.0,-2.08,"인터넷과카탈로그소매",1.51,1.61716562,70500000000.0,3000.0,-6.0,,33.8432122370937,18.5567010309278,10.6,173.489896704073,0,1,0,52,"없음",27,-16.4444444444444,47,,,,0,0,,,,,1,2815.0,"지지 재탈환",0,0,2945.13803806454,3170.13803806454
20261006,053290,"NE능률",KOSDAQ,1490.0,-3.75,"교육서비스",0.46,0.173949929,24624197430.0,1698.0,-6.30153121319199,,18.2677165354331,27.536231884058,9.6,122.025601648065,0,1,0,71,"없음",31,-24.0572792362768,33,20260715,14.1587301587301,2.63745904005032,0,0,,,,,0,,,0,0,1546.82985748127,1681.82985748127
20261006,053350,"이니텍",KOSDAQ,4800.0,0.21,"소프트웨어",4.78,3.1053127075,105701112000.0,4990.0,-3.40681362725451,,19.4708994708995,22.0828105395232,9.0,107.088226268532,2,1,0,79,"없음",41,50.390015600624,94,20260701,9.82658959537572,2.79043676834213,0,0,,,,,1,4805.0,"저항→지지",0,0,4468.8052974419,4468.8052974419
20261006,053450,"세코닉스",KOSDAQ,3350.0,-0.3,"전자장비와기기",0.78,0.9626659975,49555890050.0,3255.0,2.91858678955453,1.53609831029186,48.567335243553,21.195652173913,9.8,48.2581958767136,0,3,0,84,"없음",40,-32.7309236947791,21,,,,0,0,20261001,3255.0,3305.0,189.343544685507,1,3100.0,"저항→지지",0,0,3089.19051392918,3389.19051392918
20261006,053580,"웹케시",KOSDAQ,7230.0,3.14,"소프트웨어",0.63,0.77790081,93660572280.0,8180.0,-11.8581907090465,,0.0,15.7971014492754,9.8,35.7692014981984,0,1,0,75,"없음",29,-13.4453781512605,52,,,,0,0,,,,,1,6900.0,"지지 재탈환",0,0,7484.32076377886,7484.32076377886
20261006,053610,"프로텍",KOSDAQ,85600.0,0.71,"반도체와반도체장비",39.71,25.5216886,770400000000.0,65800.0,29.1793313069909,3.95136778115502,46.4438731790917,24.7933884297521,6.6,141.625510587523,4,3,0,80,"없음",51,64.7286821705426,95,,,,0,0,20260921,65800.0,68400.0,130.431656032412,1,65300.0,"저항→지지",0,0,77934.662322026,77934.662322026
20261006,053620,"태양",KOSDAQ,6560.0,-0.15,"가정용품",0.63,0.235442785,56416000000.0,8210.0,-20.0974421437272,,0.0,6.97329376854599,11.2,163.491901802995,2,1,0,76,"없음",32,-6.41940085592011,64,,,,0,0,,,,,0,,,0,0,7779.46973770687,7779.46973770687
20261006,053690,"한미글로벌",KOSPI,20700.0,0.24,"건설",11.09,51.937274775,226821285000.0,25100.0,-16.9322709163347,,42.9463992107859,29.4661190965092,9.8,20.9524189797302,2,1,0,62,"없음",40,-22.4907063197026,36,20260827,9.35251798561152,8.75228517922981,0,0,,,,,0,,,0,0,22226.0642199438,22226.0642199438
20261006,053700,"삼보모터스",KOSDAQ,4060.0,1.5,"자동차부품",3.82,3.79502765,108465973420.0,3980.0,1.25628140703518,1.63316582914573,53.183023872679,25.0505050505051,6.6,42.071087138962,0,3,0,96,"없음",52,-30.7560137457045,24,20260814,12.0098039215686,19.0311464624332,0,0,20261002,3980.0,4045.0,56.0403111734957,1,3980.0,"저항→지지",0,0,3815.45448191479,4645.45448191479
20261006,053800,"안랩",KOSDAQ,87200.0,13.25,"소프트웨어",588.05,84.9873651,970231323200.0,78800.0,11.4213197969543,11.4213197969543,0.0,14.6218487394958,14.8,978.287015715869,4,3,0,78,"돌파완료",68,48.3108108108108,94,20261006,11.9897959183674,8.21426379631863,0,0,20261006,78800.0,87800.0,1195.07605961713,1,69800.0,"저항→지지",1,1,71810.7948793931,71810.7948793931
20261006,053950,"경남제약",KOSDAQ,2070.0,3.71,"제약",2.19,20.663275335,40612673430.0,2695.0,-24.860853432282,,42.296918767507,30.1234567901235,9.6,21.9849566394939,0,1,0,50,"없음",30,-48.9281210592686,7,20260915,9.04761904761904,4.26214248818283,0,0,,,,,1,1922.0,"저항→지지",0,0,2288.77581679244,2288.77581679244
20261006,053980,"오상자이엘",KOSDAQ,2440.0,-0.2,"소프트웨어",0.76,0.89191322,46317990520.0,2450.0,-0.612244897959184,,48.2084690553746,18.5441941074523,5.6,18.7728713625,0,2,0,92,"없음",43,-20.1639344262295,40,,,,0,0,,,,,0,,,0,0,2380.18028171631,2745.18028171631
20261006,054040,"한국컴퓨터",KOSDAQ,4410.0,-0.45,"디스플레이장비및부품",0.75,0.875479985,70874388900.0,4635.0,-4.74649406688242,,47.5149105367793,17.4242424242424,7.2,48.2400983047043,1,2,0,92,"없음",48,-11.0775427995972,57,,,,0,0,,,,,0,,,0,0,4429.15884980581,5074.15884980581
20261006,054050,"NH농우바이오",KOSDAQ,7100.0,-0.84,"생물공학",0.84,1.248087705,113816983100.0,7600.0,-6.18421052631579,,43.6578171091445,12.9251700680272,15.4,61.2749629227931,1,1,0,82,"없음",32,-8.82352941176471,61,,,,0,0,,,,,1,7110.0,"저항→지지",0,0,7330.23408570385,7330.23408570385
20261006,054090,"삼진엘앤디",KOSDAQ,1019.0,1.9,"전자장비와기기",0.28,1.3674599,25433457408.0,1197.0,-15.8730158730159,,0.557768924302789,12.4517374517375,6.8,26.0387843368915,4,1,0,48,"없음",46,-3.17307692307692,69,,,,0,0,,,,,0,,,0,0,1047.55150612738,1047.55150612738
20261006,054210,"이랜텍",KOSDAQ,7230.0,6.48,"핸드셋",16.97,6.995850415,182855448300.0,7200.0,0.138888888888889,,50.8982035928144,24.802110817942,10.8,230.973508353177,0,3,0,84,"없음",35,-26.5784114052953,29,,,,1,0,,,,,1,7050.0,"저항→지지",1,0,6528.94107613906,7648.94107613906
20261006,054220,"비츠로시스",KOSDAQ,1729.0,2.01,"IT서비스",1.33,1.951169743,21769175064.0,1945.0,-11.6195372750643,,3.88538125303546,29.1387559808612,6.6,70.4866196908682,0,2,0,58,"없음",43,-35.2542372881356,18,20260813,14.6247594611931,7.89946663950023,0,0,,,,,1,1658.0,"저항→지지",0,0,1889.37745146633,1889.37745146633
20261006,054300,"팬스타엔터프라이즈",KOSDAQ,1012.0,-1.56,"해운사",2.58,2.267176627,58868996340.0,1129.0,-10.3631532329495,,36.127409891031,15.5668358714044,5.8,103.138557407616,0,2,0,77,"없음",39,0.0,73,20260701,18.1699346405229,5.65657561503813,0,0,,,,,0,,,0,0,1059.13045807948,1066.13045807948
20261006,054410,"케이피티유",KOSDAQ,2625.0,-6.91,"비철금속",0.97,0.22951211,15031915500.0,3630.0,-28.099173553719,,20.5726405090138,31.2664907651715,7.2,379.925403680531,0,2,0,65,"없음",30,-28.099173553719,27,20260715,15.1234567901235,9.7562643058963,0,0,,,,,0,,,0,0,3309.40789915526,3479.40789915526
20261006,054450,"텔레칩스",KOSDAQ,10430.0,0.19,"반도체와반도체장비",5.35,5.30810167,157954350190.0,10410.0,0.384245917387128,1.15273775216138,54.4905008635579,14.6666666666667,6.8,81.0275603282666,0,2,0,76,"없음",32,-10.4541559554413,58,,,,0,0,20261002,10410.0,10530.0,136.702400915751,1,10410.0,"저항→지지",0,0,9771.52105132509,9771.52105132509
20261006,054540,"삼영엠텍",KOSDAQ,7180.0,-0.55,"조선",5.44,5.13228283,93340000000.0,6940.0,3.1700288184438,3.45821325648415,55.4991539763113,22.2516556291391,6.6,32.6890700507863,0,1,0,92,"없음",37,-31.6793893129771,23,20260724,11.0091743119266,41.5102425741786,0,0,20261002,6940.0,7180.0,92.2858223362979,1,6940.0,"저항→지지",0,0,6631.93824637977,7331.93824637977
20261006,054620,APS,KOSDAQ,3950.0,1.94,"반도체와반도체장비",1.25,2.9381714625,72657172950.0,3995.0,-1.37672090112641,,45.565749235474,17.7272727272727,8.0,61.940051949097,1,1,0,79,"없음",32,-57.6799140708915,4,,,,1,0,,,,,1,3740.0,"지지 재탈환",0,0,3588.41513050052,4138.41513050052
20261006,054670,"대한뉴팜",KOSDAQ,5580.0,-0.18,"제약",1.04,0.669027205,80100453600.0,5850.0,-4.61538461538462,,40.0932400932401,10.4240282685512,9.4,117.361441520575,0,2,0,81,"없음",35,-20.3994293865906,40,,,,0,0,,,,,1,5570.0,"저항→지지",0,0,5449.22918490775,5819.22918490775
20261006,054780,"키이스트",KOSDAQ,2195.0,-4.57,"방송과엔터테인먼트",7.93,3.0782527795,43148855635.0,1495.0,48.1605351170569,4.74916387959866,0.0,35.3776630083925,10.2,371.943433732601,0,1,0,53,"없음",16,-14.1472868217054,52,20261002,9.06862745098038,11.6350630322623,0,0,20260923,1495.0,1566.0,1188.07783755083,1,1417.0,"저항→지지",0,0,2250.73086379864,2250.73086379864
20261006,054800,"아이디스홀딩스",KOSDAQ,14730.0,0.55,"컴퓨터와주변기기",0.91,1.017986755,152422445880.0,15100.0,-2.45033112582781,,21.0197710718002,9.72045743329098,6.6,109.46117647887,2,1,0,76,"없음",37,-4.28849902534113,67,,,,0,0,,,,,0,,,0,0,15111.9404176733,15111.9404176733
20261006,054920,"한컴위드",KOSDAQ,5550.0,11.78,"비철금속",781.74,159.0572553175,156604799550.0,5880.0,-5.10204081632653,,0.0,18.192627824019,7.2,1003.33719086571,2,1,0,41,"관망",45,11.7117117117117,84,20261006,11.377245508982,5.99617007306543,0,0,,,,,1,3835.0,"저항→지지",0,0,5159.00563431445,5159.00563431445
20261006,054930,"유신",KOSDAQ,17740.0,0.57,"건설",0.96,3.348911375,53220000000.0,22000.0,-19.4090909090909,,2.34798314268511,17.5,6.2,31.1610823331996,0,1,0,41,"없음",22,-23.4125269978402,34,,,,0,0,,,,,1,17600.0,"지지 재탈환",0,0,20165.9019421243,20165.9019421243
20261006,054940,"엑사이엔씨",KOSDAQ,3575.0,0.28,"반도체와반도체장비",2.17,2.97259788,23719084675.0,4970.0,-29.5774647887324,,55.3719008264463,39.0291262135922,10.8,31.2290029069551,3,2,0,50,"없음",57,-2.23463687150838,71,20260831,30.0,21.6109282947495,0,0,,,,,0,,,0,0,3620.8407578329,4680.8407578329
20261006,054950,"제이브이엠",KOSDAQ,24300.0,-0.61,"건강관리장비와용품",4.13,3.474127775,293784375600.0,24900.0,-2.40963855421687,,55.8823529411765,11.1111111111111,11.4,95.815425925334,1,2,0,80,"없음",46,3.62473347547974,78,20260730,12.4390243902439,6.18675060291437,0,0,,,,,1,23600.0,"저항→지지",0,0,23317.8406401247,24317.8406401247
20261006,055490,"테이팩스",KOSPI,16300.0,-2.4,"전자장비와기기",2.2,2.65335047,78022395000.0,17700.0,-5.42372881355932,,23.9972807613868,23.3383685800604,9.4,54.8724355602315,2,2,0,63,"없음",50,8.20943762120233,81,20260827,17.2464840858623,4.13974186066209,0,0,,,,,1,15500.0,"저항→지지",0,0,15994.0055035145,15994.0055035145
20261006,055550,"신한지주",KOSPI,103700.0,-1.05,"은행",763.92,1088.576053,48681989784300.0,115200.0,-9.89583333333333,,45.9862385321101,11.306765523633,9.6,68.4616804670817,4,1,0,80,"관망",49,18.3580387685291,87,,,,0,0,,,,,0,,,0,0,109002.929849655,109002.929849655
20261006,056080,"유진로봇",KOSDAQ,13070.0,3.24,"기계",68.02,49.80441256,499737802020.0,13000.0,0.307692307692308,,47.5425330812854,30.0382653061224,6.6,149.678400133364,1,2,0,71,"관망",40,-46.3374485596708,9,,,,0,0,,,,,1,12680.0,"저항→지지",1,0,11251.1120626818,13931.1120626818
20261006,056190,SFA,KOSDAQ,31650.0,1.93,"기계",59.94,41.584941475,1136512254000.0,29450.0,7.64006791171477,2.37691001697793,2.77161862527716,21.9907407407407,9.4,146.640172297762,3,3,0,83,"관망",53,21.9230769230769,88,20260915,15.8953722334004,4.99172431437765,0,0,20261001,29450.0,30150.0,215.395536083142,1,29450.0,"저항→지지",0,0,29301.5071693283,29301.5071693283
20261006,056360,"코위버",KOSDAQ,7010.0,5.89,"통신장비",23.32,12.73168004,68675568000.0,6920.0,0.722543352601156,0.722543352601156,1.36986301369862,25.0381679389313,6.8,281.368624459782,3,3,0,76,"없음",55,14.0752864157119,85,20260923,8.50340136054422,3.2913059250872,0,0,20261006,6920.0,6970.0,296.204547676212,1,5640.0,"저항→지지",1,1,6022.20846996093,6022.20846996093
20261006,056700,"신화인터텍",KOSDAQ,1413.0,-0.14,"디스플레이장비및부품",0.31,0.557422784,41167883583.0,1440.0,-2.43055555555556,,67.5133689839572,16.012084592145,14.8,45.3628741824887,0,3,0,86,"없음",39,-23.599782490484,34,,,,0,0,,,,,0,,,0,0,1391.80717416432,1466.80717416432
20261006,056730,CNT85,KOSDAQ,1295.0,8.73,"건설",0.66,0.2160536355,19194796915.0,1450.0,-13.7931034482759,,10.4594330400782,30.8679706601467,9.6,350.789007138021,0,2,0,67,"없음",25,-44.4444444444444,10,,,,0,0,,,,,1,1222.0,"지지 재탈환",0,0,1241.00121032079,1491.00121032079
20261006,057030,"YBM넷",KOSDAQ,2070.0,-2.13,"교육서비스",0.19,0.45745377,33767282790.0,2290.0,-6.11353711790393,,6.36523266022827,14.7974413646055,11.2,54.3153983493269,0,1,0,48,"없음",27,-17.9389312977099,44,,,,1,0,,,,,1,2100.0,"저항→지지",0,0,2208.62480133512,2208.62480133512
20261006,057680,"티사이언티픽",KOSDAQ,1750.0,1.16,"IT서비스",0.44,2.2577146205,27637590750.0,1953.0,-13.9784946236559,,22.9650019661817,29.4117647058824,3.8,25.2260779288367,0,2,0,63,"없음",40,-48.2439926062847,8,20260904,10.7970604861504,8.9725503154562,0,0,,,,,0,,,0,0,1939.11066970136,1939.11066970136
20261006,058110,"멕아이씨에스",KOSDAQ,1565.0,4.4,"건강관리장비와용품",0.86,1.0521907965,25119079450.0,1579.0,0.949968334388854,0.949968334388854,19.2677514792899,42.5796006475985,9.8,99.3222552696699,1,1,0,39,"없음",38,-53.9306358381503,5,20260813,9.7442143727162,2.66815518857661,1,0,20261006,1579.0,1594.0,100.175858436482,0,,,0,0,1749.30899363707,1749.30899363707
20261006,058400,KNN,KOSDAQ,6070.0,2.36,"방송과엔터테인먼트",1.29,1.45357356,80384840040.0,7680.0,-20.9635416666667,,0.0,28.6752827140549,14.8,106.36925312584,0,1,0,42,"없음",22,-16.7352537722908,47,,,,1,0,,,,,1,5980.0,"저항→지지",0,0,7104.38545028775,7104.38545028775
20261006,058430,"포스코스틸리온",KOSPI,4645.0,1.31,"비철금속",12.02,10.0094864625,278700000000.0,4960.0,-6.04838709677419,,53.8397328881469,24.9217935349322,9.8,89.0103492114738,2,3,0,92,"없음",53,3.55555555555556,77,20260617,17.2905525846702,32.7038474486041,0,0,,,,,1,4635.0,"지지 재탈환",0,0,4508.45790219214,4678.45790219214
20261006,058450,"한주에이알티",KOSDAQ,573.0,6.11,"방송과엔터테인먼트",1.36,1.1488509045,3093037956.0,1844.0,-68.9262472885032,,83.0347144456887,89.171270718232,8.6,193.200516719967,0,2,0,45,"없음",30,-82.227047146402,1,20260629,26.0677466863034,6.23883931809938,0,0,,,,,0,,,0,0,1423.66259556991,4409.66259556991
20261006,058470,"리노공업",KOSDAQ,87300.0,3.56,"반도체와반도체장비",1175.39,686.10769645,6653294505000.0,77500.0,12.6451612903226,5.67741935483871,35.5371900826446,32.9192546583851,11.2,195.010484422321,2,1,0,64,"관망",36,-7.52118644067797,63,,,,0,0,20261001,77500.0,81900.0,241.852122130431,1,77500.0,"저항→지지",1,1,78784.4473249226,78784.4473249226
20261006,058610,"에스피지",KOSDAQ,106800.0,3.89,"전기제품",480.19,396.30854295,2368542048000.0,107600.0,-0.743494423791822,,54.646017699115,33.4410339256866,6.6,74.9259288057162,2,3,0,81,"관망",65,2.10325047801147,76,20260915,19.6629213483146,4.41930401606852,1,0,,,,,1,101000.0,"저항→지지",0,0,94454.6588224192,110654.658822419
20261006,058630,"엠게임",KOSDAQ,4015.0,-0.5,"게임엔터테인먼트",2.64,1.8503136775,75371884610.0,4210.0,-5.22565320665083,,30.162703379224,18.7229437229437,7.0,179.802532581149,0,1,0,45,"없음",27,-20.2,40,,,,0,0,,,,,1,3980.0,"저항→지지",0,0,4567.52420193693,4687.52420193693
20261006,058650,"세아홀딩스",KOSPI,128800.0,0.94,"철강",0.24,1.0102243,522314396800.0,139900.0,-7.93423874195854,,51.1434511434511,24.3515850144092,15.2,21.9941348973607,1,1,0,77,"없음",30,-13.7307434695244,52,,,,0,0,,,,,0,,,0,0,132020.540586315,132020.540586315
20261006,058730,"다스코",KOSPI,3200.0,0.63,"건축자재",5.58,17.85909526,64804003200.0,4340.0,-25.6912442396313,,87.4813153961136,50.8620689655172,11.6,9.15995064628819,2,2,0,61,"없음",52,-9.28270042194093,60,20260902,10.5189340813464,5.22168179235615,0,0,,,,,0,,,0,0,3520.00957642408,4980.00957642408
20261006,058850,KTcs,KOSPI,2190.0,-0.45,"상업서비스와공급품",1.0,2.199830795,90675745500.0,2220.0,-0.675675675675676,,39.8157625383828,25.5474452554745,20.0,49.0618854270681,0,3,0,81,"없음",34,-14.5348837209302,51,,,,0,0,,,,,1,2140.0,"저항→지지",0,0,2145.89577294286,2220.89577294286
20261006,058860,KTis,KOSPI,2590.0,0.58,"상업서비스와공급품",2.2,8.2538888225,90137180000.0,2930.0,-10.7508532423208,,0.0,9.86717267552182,10.6,54.5389652250079,1,1,0,63,"없음",30,-5.08166969147005,66,,,,1,0,,,,,1,2565.0,"저항→지지",0,0,2785.70822833803,2785.70822833803
20261006,058970,"엠로",KOSDAQ,17170.0,1.9,"소프트웨어",3.88,3.381745445,212269172980.0,16970.0,1.35533294048321,1.35533294048321,56.233561283535,18.7569988801792,6.0,66.8052728426471,0,3,0,96,"없음",52,-36.0594795539033,17,20260828,11.75,7.46900222482417,0,0,20261006,16970.0,17200.0,66.901559975312,1,16570.0,"저항→지지",1,0,15399.2932479825,16989.2932479825
20261006,059090,"미코",KOSDAQ,23950.0,0.21,"반도체와반도체장비",60.99,84.652002885,800331833100.0,21650.0,10.3926096997691,2.07852193995381,32.7460743010341,30.0958861738324,10.0,89.3306109056881,5,3,0,78,"돌파완료",63,90.2866242038216,97,20260922,10.4477611940299,6.09223023094839,0,0,20260929,21650.0,22100.0,103.558658157825,1,22800.0,"저항→지지",0,0,22045.0228175419,22045.0228175419
20261006,059100,"아이컴포넌트",KOSDAQ,6700.0,-0.59,"디스플레이장비및부품",2.7,1.696438865,47374762000.0,7150.0,-6.29370629370629,,3.40017436791631,15.4381084840056,4.2,145.161233449109,5,3,0,76,"없음",61,27.8625954198473,90,,,,0,0,,,,,1,6560.0,"저항→지지",0,0,6477.92023662713,6487.92023662713
20261006,059120,"아진엑스텍",KOSDAQ,8050.0,1.13,"반도체와반도체장비",44.18,44.79649456,147396031300.0,7650.0,5.88235294117647,1.17647058823529,62.1879588839941,28.843537414966,9.2,41.8659361008455,3,2,0,56,"수축중",65,18.2481751824818,87,20260903,12.1753246753247,5.42125879506083,0,0,20261001,7650.0,7740.0,40.2123379265767,1,7650.0,"저항→지지",1,0,7031.15313310114,7291.15313310114
20261006,059210,"메타바이오메드",KOSDAQ,3760.0,2.59,"건강관리장비와용품",3.07,2.6058440575,102164633200.0,3840.0,-2.08333333333333,,30.1824212271973,17.8616352201258,9.6,107.036258291617,0,1,0,85,"없음",27,-9.50661853188929,59,,,,0,0,,,,,1,3680.0,"지지 재탈환",0,0,3630.95167740551,4005.95167740551
20261006,059270,"해성에어로보틱스",KOSDAQ,5500.0,0.36,"기계",1.28,3.834671955,61409144500.0,5620.0,-2.49110320284698,,37.4847374847375,32.996632996633,10.0,34.2751680801512,0,1,0,52,"없음",35,-43.3884297520661,10,20260601,13.1301289566237,2.73416352669494,0,0,,,,,1,5180.0,"지지 재탈환",0,0,4935.94153432619,5815.94153432619
20261006,060150,"인선이엔티",KOSDAQ,3000.0,0.5,"상업서비스와공급품",0.51,0.9877610575,136690836000.0,3000.0,0.833333333333333,0.833333333333333,39.5833333333333,17.6651305683564,10.4,32.2647219402736,0,3,0,86,"없음",38,-25.2163164400494,31,,,,0,0,20261006,3000.0,3025.0,31.6419711971032,1,2955.0,"저항→지지",0,0,2899.02624932892,3064.02624932892
20261006,060230,"제이케이시냅스",KOSDAQ,1351.0,-5.52,"전자장비와기기",2.17,2.4157797455,26405589518.0,1490.0,-11.2751677852349,,40.4233171408744,33.6075949367089,8.4,106.168086114229,0,1,0,49,"없음",29,-43.7446808510638,10,20260909,11.7892976588629,14.971995997005,0,0,,,,,1,1280.0,"저항→지지",0,0,1245.27257305957,1545.27257305957
20261006,060250,"NHN KCP",KOSDAQ,13720.0,-0.22,"IT서비스",21.07,40.617527825,551003582920.0,14000.0,-2.14285714285714,,43.6237373737374,22.0172201722017,3.8,28.7506465373229,0,2,0,90,"관망",47,-12.6275510204082,53,20260824,8.39210155148096,3.47016189274281,0,0,,,,,1,13230.0,"지지 재탈환",0,0,14734.9685217322,14734.9685217322
20261006,060260,"뉴보텍",KOSDAQ,792.0,-2.1,"건축제품",0.26,0.463248524,10567145952.0,1059.0,-25.2124645892351,,61.7177384548986,47.7333333333333,8.0,31.0287320194472,1,1,0,56,"없음",35,-36.741214057508,16,20260805,11.4529914529915,7.95020314607381,0,0,,,,,0,,,0,0,971.869814110947,1351.86981411095
20261006,060280,"큐렉소",KOSDAQ,9000.0,2.51,"건강관리장비와용품",33.06,16.29729088,371338110000.0,8460.0,6.6193853427896,2.00945626477541,41.8319169027384,26.1950286806883,6.6,172.777276217497,0,2,0,63,"없음",33,-38.2614647501711,15,,,,0,0,20261001,8460.0,8630.0,136.388809492366,1,8460.0,"저항→지지",1,0,7977.9105895823,9537.9105895823
20261006,060310,3S,KOSDAQ,1218.0,2.78,"기계",1.94,1.1438420915,64625910720.0,1278.0,-7.66823161189358,,27.5596072931276,22.5190839694656,6.4,104.634506177008,0,2,0,59,"없음",37,-2.88065843621399,70,20260527,16.0106737825217,6.40778863338291,0,0,,,,,1,1173.0,"저항→지지",0,0,1138.00462895408,1170.00462895408
20261006,060370,"LS마린솔루션",KOSDAQ,34850.0,2.8,"건설",73.39,45.2473879,1820524061900.0,36200.0,-4.00552486187845,,43.2082794307891,28.0952380952381,9.4,170.560372305699,3,2,0,71,"수축중",48,19.4158075601375,88,,,,0,0,,,,,1,34000.0,"저항→지지",0,0,32703.0156350337,32703.0156350337
20261006,060380,"동양에스텍",KOSDAQ,1330.0,0.3,"철강",0.04,0.139026843,26201000000.0,1332.0,-0.15015015015015,,36.9973190348526,8.08005930318755,4.6,16.3653813920275,0,2,0,80,"없음",35,-3.41321713870733,69,,,,0,0,,,,,1,1319.0,"저항→지지",0,0,1294.21958682367,1294.21958682367
20261006,060480,"국일신동",KOSDAQ,1104.0,28.82,"비철금속",8.66,2.771380373,12243360000.0,1650.0,-33.0909090909091,,0.0,27.9551337359793,7.6,518.850750626283,0,2,0,54,"없음",30,-37.3439273552781,16,20261006,28.8214702450408,4.82400104492158,0,0,,,,,1,935.0,"지지 재탈환",0,0,1434.58344486067,1434.58344486067
20261006,060540,"에스에이티",KOSDAQ,1330.0,-0.15,"핸드셋",0.15,0.9691544415,34756802220.0,1470.0,-6.19047619047619,,0.0,18.6008230452675,9.6,20.155635008507,3,2,0,59,"없음",50,10.1437699680511,83,,,,0,0,,,,,1,1339.0,"저항→지지",0,0,1400.17859040099,1400.17859040099
20261006,060560,"HC홈센타",KOSDAQ,2020.0,5.1,"건축자재",0.04,0.132674953,51283762020.0,2190.0,-8.9041095890411,,40.8308990587472,31.2065439672802,12.6,23.2778390226328,0,1,0,81,"없음",29,-50.3731343283582,6,20260701,15.8221302998966,3.81395582483426,1,0,,,,,1,1949.0,"지지 재탈환",0,0,1963.4686852824,1963.4686852824
20261006,060570,"드림어스컴퍼니",KOSDAQ,5000.0,0.2,"방송과엔터테인먼트",0.12,1.3935925775,74101570000.0,6260.0,-20.1277955271566,,24.7874427730543,16.5195460277427,5.4,15.3629678824817,0,1,0,46,"없음",30,-18.0327868852459,44,20260910,28.7779237844941,18.6741597625899,0,0,,,,,1,4535.0,"저항→지지",0,0,5548.33560931501,5548.33560931501
20261006,060590,"씨티씨바이오",KOSDAQ,3035.0,-1.78,"제약",0.99,0.95575717,73389395700.0,3130.0,-3.35463258785942,,42.9735234215886,14.3333333333333,9.4,78.9077615699168,0,2,0,59,"없음",33,-20.1846965699208,40,,,,0,0,,,,,0,,,0,0,2936.19167066508,3206.19167066508
20261006,060720,"KH바텍",KOSDAQ,11750.0,1.38,"핸드셋",7.42,10.403814145,278209943500.0,11490.0,2.088772845953,0.783289817232376,62.9448709002094,19.7019867549669,6.4,40.4185952490787,0,3,0,94,"없음",46,-6.60828025477707,64,,,,0,0,20261002,11490.0,11580.0,71.33532136629,1,11490.0,"저항→지지",0,0,10815.0391470269,11105.0391470269
20261006,060850,"영림원소프트랩",KOSDAQ,4385.0,-0.45,"소프트웨어",0.33,0.2912891575,35654435000.0,4865.0,-9.86639260020555,,36.6929133858268,19.4339622641509,6.6,87.1217887401705,0,1,0,59,"없음",25,-26.6722408026756,29,,,,0,0,,,,,0,,,0,0,4580.80145919325,5015.80145919325
20261006,060900,"에이전트AI",KOSDAQ,1661.0,1.59,"에너지장비및서비스",1.33,3.047948429,10869228546.0,3900.0,-57.7692307692308,,42.7407886231416,67.6100628930818,9.0,101.464461786662,0,1,0,36,"없음",22,-84.0515154449501,1,,,,0,0,,,,,0,,,0,0,3274.3137343768,4159.3137343768
20261006,060980,"HL홀딩스",KOSPI,37550.0,-2.21,"자동차부품",7.06,4.69391435,336310829850.0,40600.0,-6.03448275862069,,43.3962264150943,10.8040201005025,9.6,146.527959098168,0,2,0,69,"없음",30,-8.73205741626794,61,,,,0,0,,,,,0,,,0,0,38423.9052780476,39673.9052780476
20261006,061040,"알에프텍",KOSDAQ,7300.0,0.14,"핸드셋",0.32,0.29527211,66052027900.0,7800.0,-6.79487179487179,,10.8665749656121,20.0797872340426,8.0,53.892767938238,0,1,0,79,"없음",35,-11.330650079278,56,20260826,11.8181818181818,3.23157844930919,0,0,,,,,0,,,0,0,7000.54424866803,7000.54424866803
20261006,061090,"세나테크놀로지",KOSDAQ,42100.0,0.84,"통신장비",7.09,6.0286829,230183855000.0,38900.0,,,,50.4,16.8,68.7965729048081,0,0,0,0,"없음",,19.9426111908178,88,20260930,13.3333333333333,3.23233316644017,0,0,,,,,1,38900.0,"저항→지지",0,0,37549.1214096408,45049.1214096408
20261006,061250,"화일약품",KOSDAQ,6440.0,1.42,"제약",0.29,3.807044335,54209240960.0,10190.0,-37.0951913640824,,17.4038461538462,28.6206896551724,12.6,17.3716811816714,0,1,0,30,"없음",26,-34.5918367346939,19,20260915,12.0689655172414,9.19421465774989,0,0,,,,,0,,,0,0,9262.75716928173,9262.75716928173
20261006,061970,"LB세미콘",KOSDAQ,4850.0,2.11,"반도체와반도체장비",18.79,15.246573325,339902579100.0,4975.0,-3.01507537688442,,60.2126468942361,41.1251980982567,6.0,55.4021643517362,2,2,0,75,"없음",55,27.0405476566614,90,20260818,18.1525241675618,4.21164374813773,0,0,,,,,1,4230.0,"저항→지지",0,0,4331.98444407619,5666.98444407619
20261006,062040,"산일전기",KOSPI,234000.0,3.08,"전기장비",772.71,587.39307445,7170426900000.0,215000.0,9.53488372093023,5.58139534883721,56.4125560538117,37.0652173913044,9.8,123.191617314643,3,1,0,67,"관망",48,74.5737583395108,96,20260827,13.9061616732617,3.46955672620211,0,0,20261002,215000.0,227000.0,160.038176032987,1,207500.0,"저항→지지",1,1,202335.628381241,202335.628381241
20261006,063080,"컴투스홀딩스",KOSDAQ,12500.0,0.48,"게임엔터테인먼트",1.5,2.557764615,82439900000.0,12770.0,-2.03602192638998,,49.2447129909366,20.284135753749,9.4,47.6762534751413,0,1,0,48,"없음",31,-25.4469606674613,31,20260625,11.9130434782609,3.39068445081157,1,0,,,,,1,11870.0,"지지 재탈환",0,0,12096.7874280813,14676.7874280813
20261006,063160,"종근당바이오",KOSPI,13520.0,5.71,"제약",3.74,1.0163164,74170206240.0,14000.0,-2.21428571428571,,20.8670095518001,15.7046979865772,2.6,478.323953087801,0,2,0,63,"없음",30,-26.9866666666667,28,,,,1,0,,,,,1,13260.0,"지지 재탈환",0,0,13609.1709241303,13609.1709241303
20261006,063170,"서울옥션",KOSDAQ,5670.0,1.8,"판매업체",0.8,1.38033167,100780093890.0,6480.0,-12.8086419753086,,2.53411306042885,19.2913385826772,9.8,40.0407272024322,0,1,0,81,"없음",26,-19.2857142857143,42,,,,0,0,,,,,0,,,0,0,5845.59049149243,5845.59049149243
20261006,063440,"SM Life Design",KOSDAQ,1103.0,1.19,"방송과엔터테인먼트",0.66,0.785217536,49987258492.0,1106.0,-1.08499095840868,,38.6951631046119,19.4515852613539,10.2,78.6011772897019,0,3,0,78,"없음",40,-28.6366601435095,26,20260917,8.00800800800801,7.90889670964668,0,0,,,,,1,1021.0,"저항→지지",0,0,1036.19582392258,1097.19582392258
20261006,063570,"NICE인프라",KOSDAQ,3320.0,0.3,"상업서비스와공급품",0.22,0.4049991125,113370456960.0,3495.0,-5.0071530758226,,27.4666666666667,20.3366058906031,14.8,29.5601992806254,0,1,0,76,"없음",31,-17.103620474407,45,,,,0,0,,,,,1,3210.0,"지지 재탈환",0,0,3298.23683607093,3318.23683607093
20261006,063760,"이엘피",KOSDAQ,2145.0,-0.23,"디스플레이장비및부품",0.52,0.5882356975,20002403850.0,2585.0,-16.6344294003868,,30.5243445692884,23.2209737827715,9.4,112.712352982899,2,1,0,37,"없음",32,-20.9174311926606,39,,,,0,0,,,,,0,,,0,0,2335.50697488254,2420.50697488254
20261006,064240,"홈캐스트",KOSDAQ,1799.0,0.95,"전문소매",0.72,0.6065617585,62414957549.0,1954.0,-8.44421699078813,,0.0,22.6857887874837,9.6,74.2928046925602,0,1,0,48,"없음",25,-6.72575599582899,64,,,,0,0,,,,,0,,,0,0,2123.30676782964,2123.30676782964
20261006,064260,"다날",KOSDAQ,4680.0,2.86,"IT서비스",46.22,57.0861819825,354020738760.0,4685.0,0.213447171824973,,51.8465909090909,29.5918367346939,5.8,26.039127898339,0,2,0,86,"관망",51,-21.2248322147651,38,20260820,9.58019375672767,3.12255018994911,0,0,,,,,1,4605.0,"지지 재탈환",0,0,4877.89780502265,5307.89780502265
20261006,064290,"인텍플러스",KOSDAQ,60400.0,2.2,"반도체와반도체장비",126.25,212.620870125,785102031200.0,58100.0,3.95869191049914,1.72117039586919,20.2824858757062,20.7446808510638,6.0,56.4112032521835,5,2,0,67,"돌파완료",65,259.30993456276,99,20260818,17.3139158576052,2.65240060953884,0,0,20261002,58100.0,59100.0,130.116127550721,1,51200.0,"저항→지지",0,0,53434.0552062726,53434.0552062726
20261006,064350,"현대로템",KOSPI,112300.0,-3.61,"2026년 3분기 경영실적 발표",402.77,391.15108415,12256679503900.0,131800.0,-14.5675265553869,,73.4554750745633,36.3583815028902,9.6,89.3395971551949,0,1,0,63,"관망",26,-33.5693215339233,20,,,,0,0,,,,,0,,,0,0,119144.068551209,160744.068551209
20261006,064400,"LG씨엔에스",KOSPI,73300.0,1.95,"IT서비스",419.57,320.90444685,7101739988400.0,77200.0,-4.40414507772021,,67.0416197975253,17.6890156918688,9.8,81.7384524969169,3,2,0,82,"수축중",60,32.258064516129,92,20260601,26.274165202109,3.80945242236454,0,0,,,,,1,72000.0,"지지 재탈환",0,0,70849.6919649265,77649.6919649265
20261006,064480,"브리지텍",KOSDAQ,2590.0,0.58,"IT서비스",0.19,0.5821626125,30956975000.0,3030.0,-14.5214521452145,,64.6520146520147,21.9015280135823,11.8,25.5522349859755,0,2,0,58,"없음",28,-38.7706855791962,14,,,,0,0,,,,,1,2575.0,"지지 재탈환",0,0,2657.39365051484,2862.39365051484
20261006,064520,"테크엘",KOSDAQ,1499.0,0.67,"반도체와반도체장비",0.09,0.0919138015,33504241938.0,1699.0,-12.3013537374926,,1.45719489981785,26.5968586387435,2.6,76.5302827978624,0,2,0,47,"없음",25,-12.3529411764706,54,,,,0,0,,,,,0,,,0,0,1706.13092425734,1706.13092425734
20261006,064550,"바이오니아",KOSDAQ,8820.0,2.92,"생물공학",12.44,59.18436188,227646766620.0,10880.0,-18.9338235294118,,58.0497382198953,26.3736263736264,6.0,26.1774025425179,0,1,0,53,"관망",30,-19.672131147541,41,20260901,25.1422070534699,14.7920076084222,0,0,,,,,0,,,0,0,9798.74697226491,10098.7469722649
20261006,064760,"티씨케이",KOSDAQ,296000.0,0.0,"반도체와반도체장비",146.31,192.47103675,3309107136000.0,288500.0,2.94627383015598,3.29289428076256,46.144578313253,47.7099236641221,11.2,66.7584705978651,4,2,0,62,"돌파완료",56,29.9781181619256,90,,,,0,0,20260929,288500.0,298000.0,111.61151541079,1,288500.0,"저항→지지",0,0,278487.659139437,278487.659139437
20261006,064800,"포니링크",KOSDAQ,2215.0,7.26,"전문소매",0.33,1.262618864,56618631685.0,3150.0,-32.6984126984127,,25.2858683926645,21.2107623318386,11.2,19.9960460290209,0,1,0,39,"없음",30,-40.7821229050279,13,20260826,9.44350758853287,3.7672214641065,0,0,,,,,0,,,0,0,2693.69702429047,3083.69702429047
20261006,064820,"케이프",KOSDAQ,7920.0,-0.25,"증권",1.32,2.771258015,244412902800.0,8140.0,-2.94840294840295,,67.7797833935018,23.4920634920635,6.6,21.4073627671716,0,1,0,91,"없음",31,-19.4699286442406,41,,,,0,0,,,,,1,7650.0,"지지 재탈환",0,0,7506.42052387399,9346.42052387399
20261006,064850,"에프앤가이드",KOSDAQ,20450.0,-2.85,"IT서비스",8.66,7.130451465,233341289400.0,22550.0,-9.97782705099778,,50.9438359356793,19.1442676906199,8.0,105.095607318628,2,2,0,78,"없음",38,7.57816640169581,80,,,,0,0,,,,,1,18410.0,"저항→지지",0,0,19619.6288410741,20719.6288410741
20261006,064960,"SNT모티브",KOSPI,26850.0,-0.37,"자동차부품",16.0,15.199638575,712606303200.0,28450.0,-5.4481546572935,,33.8624338624339,12.5226860254083,9.4,86.5811710549482,0,2,0,63,"없음",30,-15.9375,48,,,,0,0,,,,,1,26500.0,"저항→지지",0,0,26438.1480178087,26988.1480178087
20261006,065060,"지엔코",KOSDAQ,3390.0,-0.29,"섬유,의류,신발,호화품",0.19,0.2319830125,20307408540.0,3740.0,-9.35828877005348,,21.9558964525407,21.8844984802432,12.2,65.1918603338076,2,1,0,43,"없음",39,6.60377358490566,79,20260715,26.4591439688716,9.39731119897298,0,0,,,,,1,3250.0,"지지 재탈환",0,0,3263.48877129417,3263.48877129417
20261006,065130,"탑엔지니어링",KOSDAQ,3185.0,4.94,"핸드셋",2.3,0.85818053,50972740000.0,2920.0,8.04794520547945,1.54109589041096,29.2358803986711,26.71875,11.2,229.078841840308,0,3,0,81,"없음",31,4.64344941956882,78,,,,0,0,20261001,2920.0,2965.0,246.686830731383,1,2920.0,"저항→지지",1,1,2845.43160498053,2845.43160498053
20261006,065150,"대산F&B",KOSDAQ,1245.0,7.24,"식품",14.9,0.9981146905,19843108800.0,1414.0,-10.6082036775106,,39.1993658343242,28.5714285714286,4.6,2060.73885204883,0,2,0,49,"없음",28,-56.3385146804836,4,,,,1,0,,,,,0,,,0,0,1282.02764676001,2703.02764676001
20261006,065350,"신성델타테크",KOSDAQ,33800.0,3.84,"가정용기기와용품",36.55,27.9457752,928957442400.0,32550.0,3.84024577572965,0.768049155145929,66.9980119284294,22.3367697594502,9.4,85.9976763735493,0,3,0,90,"없음",47,-38.2084095063985,15,20260629,20.9964412811388,2.96153782199364,0,0,20261002,32550.0,32800.0,77.8807513784617,1,32550.0,"저항→지지",1,1,30451.8894458813,30551.8894458813
20261006,065370,"위세아이텍",KOSDAQ,3000.0,0.33,"소프트웨어",0.43,0.1683821025,22151862000.0,3045.0,0.0,,40.3819918144611,24.5481927710843,8.2,110.335233218101,0,2,0,88,"없음",45,-36.5625,17,20260720,8.19964349376114,4.45958405901035,1,0,,,,,0,,,0,0,2758.98031287905,2988.98031287905
20261006,065440,"이루온",KOSDAQ,1634.0,1.11,"IT서비스",18.06,9.945255841,44567382680.0,1627.0,1.41364474492932,1.41364474492932,23.3100233100233,21.280487804878,6.8,311.001518441856,1,1,0,61,"없음",38,-21.4285714285714,37,20261002,15.2313167259786,34.8668813188198,0,0,20261006,1627.0,1650.0,328.117867670652,1,1415.0,"저항→지지",0,0,1612.70886877752,1612.70886877752
20261006,065450,"빅텍",KOSDAQ,2980.0,-4.49,"우주항공과국방",26.28,28.6426139575,87897492940.0,3330.0,-10.2102102102102,,0.778210116731526,22.360248447205,9.6,154.989063609091,1,2,0,62,"없음",33,-35.0,18,,,,0,0,,,,,1,2975.0,"저항→지지",0,0,3014.30593648539,3014.30593648539
20261006,065500,"오리엔트정공",KOSDAQ,1000.0,-1.19,"자동차부품",0.93,0.7592907715,35742912000.0,1078.0,-7.05009276437848,,45.4323001631321,24.8665141113654,8.0,107.577774301193,0,1,0,54,"없음",25,-50.64039408867,6,,,,0,0,,,,,0,,,0,0,1082.14023536294,1208.14023536294
20261006,065510,"휴비츠",KOSDAQ,6990.0,-1.41,"건강관리장비와용품",0.82,1.38196746,76036486050.0,6990.0,0.858369098712446,1.57367668097282,38.4615384615385,15.2702702702703,11.2,39.6175158659185,0,3,0,89,"없음",38,-9.61538461538462,59,,,,0,0,20261002,6990.0,7100.0,160.586591917276,1,6990.0,"저항→지지",0,0,6768.07390454354,6918.07390454354
20261006,065530,"와이어블",KOSDAQ,1512.0,0.47,"무선통신서비스",16.57,9.562198936,72332203608.0,1398.0,8.15450643776824,8.58369098712446,0.224047796863325,15.2029520295203,8.0,315.30133144643,1,2,0,51,"없음",37,-18.0931744312026,43,20261002,18.3164458300857,45.3339299649935,0,0,20261002,1398.0,1518.0,4989.42039895418,1,1232.0,"저항→지지",0,0,1474.23019652014,1474.23019652014
20261006,065650,"하이퍼코퍼레이션",KOSDAQ,1373.0,2.69,"컴퓨터와주변기기",0.41,0.290693823,15028840151.0,1869.0,-25.8962011771001,,4.3178686265503,43.3115468409586,10.6,151.828215724225,0,1,0,38,"없음",26,-60.8092812676853,3,20260901,11.4723926380368,3.86509445341083,0,0,,,,,0,,,0,0,1584.38766956532,2010.38766956532
20261006,065660,"안트로젠",KOSDAQ,14930.0,-0.73,"제약",1.27,2.40849966,149391073000.0,15550.0,-3.47266881028939,,74.891649812193,22.9840921557872,8.0,30.3262497450008,0,1,0,88,"없음",35,-65.0523864959255,3,20260710,29.940119760479,2.75331942005742,0,0,,,,,1,14700.0,"지지 재탈환",0,0,14581.6375023527,18441.6375023527
20261006,065680,"우주일렉트로",KOSDAQ,24700.0,-2.37,"핸드셋",1.34,5.0904537,223299633700.0,28450.0,-13.3567662565905,,47.4167623421355,41.8856259659969,10.8,28.1430990862902,0,2,0,57,"없음",30,-5.3742802303263,66,20260922,15.2619589977221,10.3844247339612,0,0,,,,,1,24300.0,"저항→지지",0,0,24849.12444688,28749.12444688
20261006,065690,"파커스",KOSDAQ,1917.0,1.7,"컴퓨터와주변기기",0.28,0.647894251,23031809919.0,1889.0,1.48226574907358,1.48226574907358,38.3386581469649,12.085635359116,10.0,28.834622698933,5,3,0,89,"없음",75,40.6456346294938,93,20260722,9.00000000000001,4.61914856220045,1,0,20261006,1889.0,1917.0,26.9532102660685,0,,,0,0,1792.51146432196,1792.51146432196
20261006,065710,"서호전기",KOSDAQ,43050.0,-0.69,"운송인프라",2.72,3.2752526,221707500000.0,46200.0,-6.81818181818182,,51.7138599105812,20.9580838323353,13.6,79.2308421520055,1,3,0,87,"없음",45,1.17508813160987,74,20260625,8.39954597048809,3.31203385714781,0,0,,,,,0,,,0,0,43963.9308306433,44863.9308306433
20261006,065770,CS,KOSDAQ,944.0,18.89,"통신장비",20.9,2.2802452025,9926220416.0,970.0,-2.68041237113402,,66.7859272510435,57.7222222222222,5.0,708.999078471445,1,2,0,61,"없음",40,-55.1117451260105,4,20261006,18.8916876574307,15.4439192428986,1,0,,,,,1,820.0,"지지 재탈환",0,0,1020.96298280976,2158.96298280976
20261006,065950,"웰크론",KOSDAQ,1120.0,-0.88,"건설",0.5,0.461342625,31619058240.0,1305.0,-14.176245210728,,62.1773815110277,42.6751592356688,10.6,56.8516527546423,0,1,0,59,"없음",30,-31.1193111931119,23,20260715,21.871921182266,10.4605066332067,0,0,,,,,0,,,0,0,1182.61045182517,1447.61045182517
20261006,066130,"하츠",KOSDAQ,3500.0,0.86,"가정용기기와용품",0.37,0.382929055,44800000000.0,3925.0,-10.828025477707,,0.0,15.8854166666667,7.0,54.6757624986258,0,1,0,36,"없음",29,-16.8646080760095,46,,,,0,0,,,,,0,,,0,0,3639.83838901847,3639.83838901847
20261006,066310,"큐에스아이",KOSDAQ,9170.0,6.38,"반도체와반도체장비",19.83,8.11214809,85020764570.0,8900.0,1.91011235955056,1.91011235955056,21.4123006833713,27.5675675675676,10.0,340.905323569282,2,3,0,77,"없음",45,-14.6754468485419,50,,,,0,0,20261006,8900.0,9070.0,360.819098390057,1,7750.0,"저항→지지",1,1,7931.14554362675,7931.14554362675
20261006,066360,"체리부로",KOSDAQ,1469.0,-0.47,"식품",0.26,0.417800432,35220754283.0,1645.0,-9.30091185410334,,1.04311543810848,35.8695652173913,15.6,57.3350534698405,2,1,0,49,"없음",39,-34.9040139616056,19,20260611,8.41248303934872,11.916565843249,0,0,,,,,1,1354.0,"저항→지지",0,0,1494.88570551505,1494.88570551505
20261006,066430,"아이로보틱스",KOSDAQ,2055.0,-0.24,"화학",4.92,10.1122006275,80460393180.0,2205.0,-6.34920634920635,,65.9602649006623,19.9588477366255,5.4,14.0266152516047,2,3,0,90,"없음",60,9.20148069804336,82,20260814,13.9269406392694,6.38108952651725,0,0,,,,,1,2050.0,"지지 재탈환",0,0,2051.5109904614,2546.5109904614
20261006,066570,"LG전자",KOSPI,231000.0,6.94,"전자제품",2784.08,1465.1725453,37626351378000.0,221000.0,5.42986425339367,5.42986425339367,47.8242501056189,18.4449244060475,6.4,137.624107314712,4,3,0,87,"돌파완료",62,120.643939393939,98,,,,0,0,20261006,221000.0,233000.0,136.209039136147,0,,,1,1,203480.576336707,209480.576336707
20261006,066590,"스모트로닉",KOSDAQ,2285.0,-1.3,"자동차부품",2.93,1.7491690425,88379086045.0,2830.0,-18.5512367491166,,79.1666666666667,43.3198380566802,10.0,32.1022043605309,0,1,0,59,"없음",30,-13.8317757009346,52,20260721,30.0,20.6595555725374,0,0,,,,,1,2300.0,"지지 재탈환",0,0,2295.57185373401,3475.57185373401
20261006,066620,"국보디자인",KOSDAQ,24300.0,-1.82,"건설",0.76,0.83085445,182250000000.0,26250.0,-7.42857142857143,,25.2173913043478,12.1495327102804,6.4,59.3036261676535,4,2,0,82,"없음",59,10.7061503416856,83,,,,0,0,,,,,0,,,0,0,25086.0742200206,25486.0742200206
20261006,066670,"디티씨",KOSDAQ,3310.0,0.15,"핸드셋",1.46,0.5076575475,61870248580.0,3490.0,-5.15759312320917,,0.579150579150586,14.3667296786389,9.4,239.884719097711,4,1,0,43,"없음",47,28.5436893203883,90,,,,0,0,,,,,1,3275.0,"저항→지지",0,0,3149.26830321898,3149.26830321898
20261006,066700,"테라젠이텍스",KOSDAQ,2305.0,1.77,"제약",0.56,1.1761038925,85636226680.0,2400.0,-4.16666666666667,,17.9802955665025,24.1935483870968,9.2,19.9101732290942,0,1,0,66,"없음",31,-17.5627240143369,45,,,,1,0,,,,,1,2270.0,"저항→지지",0,0,2185.24639817352,2265.24639817352
20261006,066900,"디에이피",KOSDAQ,1799.0,1.3,"전자장비와기기",0.08,0.1447963045,40917360897.0,1810.0,-0.607734806629834,,50.3201707577375,14.8483235763704,7.8,49.4764778845687,2,2,0,77,"없음",43,28.0427046263345,90,,,,0,0,,,,,1,1775.0,"저항→지지",0,0,1649.29878646448,1734.29878646448
20261006,066910,"손오공",KOSDAQ,1750.0,-1.41,"레저용장비와제품",0.53,0.4714937935,26926606000.0,2055.0,-13.6739659367397,,75.8957654723127,58.9487516425756,10.2,47.0941583006123,0,2,0,60,"없음",42,-39.864406779661,13,20260720,29.9781181619256,45.8060708769779,0,0,,,,,0,,,0,0,1834.40166979067,3559.40166979067
20261006,066970,"엘앤에프",KOSPI,123800.0,8.69,"전기제품",822.74,619.37660265,5036949579200.0,117900.0,5.59796437659033,5.59796437659033,40.8209437621202,29.1327913279133,4.6,132.15627985038,1,2,0,56,"관망",49,-13.4815844336345,52,20260824,16.3636363636364,2.61664007698812,0,0,20261006,117900.0,124500.0,134.078359286607,1,111500.0,"지지 재탈환",0,0,114412.020521631,131212.020521631
20261006,066980,"한성크린텍",KOSDAQ,1695.0,11.29,"건설",21.19,4.1904702535,91142189085.0,1555.0,5.40192926045016,5.40192926045016,73.5376044568245,29.0049751243781,6.2,311.569366444839,3,3,0,93,"없음",60,22.6796407185629,88,20260811,16.5223184543638,3.89320065385895,0,0,20261006,1555.0,1639.0,322.518805323289,1,1474.0,"지지 재탈환",0,0,1532.40967066051,1783.40967066051
20261006,067000,"조이시티",KOSDAQ,1203.0,-1.8,"게임엔터테인먼트",5.14,7.5487122875,84093845538.0,1380.0,-13.2608695652174,,29.2857142857143,16.7987321711569,7.0,108.042441612293,0,3,0,77,"없음",29,-48.4051724137931,8,,,,0,0,,,,,1,1179.0,"저항→지지",0,0,1250.5502288474,1250.5502288474
20261006,067010,"이씨에스",KOSDAQ,2590.0,2.98,"IT서비스",1.31,1.31900358,28201215000.0,2590.0,-1.93050193050193,,21.3333333333333,5.95009596928983,2.2,95.9423128454071,4,2,0,75,"없음",57,16.5137614678899,86,20260819,11.5023474178404,20.6318259867908,1,0,,,,,1,2460.0,"저항→지지",0,0,2435.49147007913,2435.49147007913
20261006,067080,"대화제약",KOSDAQ,12050.0,3.79,"제약",8.83,6.683051275,224330632500.0,11680.0,3.42465753424658,3.42465753424658,61.6071428571429,14.4262295081967,4.2,92.418572466119,0,2,0,87,"없음",43,-14.7494707127735,50,20260810,20.6349206349206,4.07676722079951,1,0,20261006,11680.0,12080.0,92.1564684475301,1,11130.0,"저항→지지",1,0,10774.28946491,11284.28946491
20261006,067160,SOOP,KOSDAQ,36800.0,1.38,"양방향미디어와서비스",15.8,11.71408515,411732825600.0,37650.0,-2.39043824701195,,69.9878493317132,20.6629834254144,7.2,90.1524270042159,0,3,0,96,"없음",39,-37.6061120543294,15,,,,0,0,,,,,0,,,0,0,36331.971890411,47831.971890411
20261006,067170,"오텍",KOSDAQ,2840.0,-0.18,"기계",20.02,11.5768144825,78006527080.0,2780.0,2.33812949640288,3.05755395683453,49.8144023756496,46.031746031746,12.0,151.990107159549,3,2,0,49,"없음",51,59.8314606741573,95,20261002,8.31758034026464,8.16578672330013,0,0,20261002,2780.0,2865.0,621.239999944635,1,2780.0,"저항→지지",0,0,2575.94812382448,2660.94812382448
20261006,067280,"멀티캠퍼스",KOSDAQ,26550.0,1.34,"교육서비스",1.36,2.407846425,157355982450.0,25200.0,5.35714285714286,2.57936507936508,17.1936758893281,16.1793372319688,15.0,79.5130929524844,1,1,0,60,"없음",36,-2.92504570383912,70,20260922,9.28725701943844,19.8180627139803,0,0,20260923,25200.0,25850.0,247.09306949592,1,23950.0,"저항→지지",1,1,25098.7203572537,25098.7203572537
20261006,067290,"JW신약",KOSDAQ,2945.0,-0.67,"제약",38.47,566.0959717975,165029268335.0,4335.0,-32.1799307958478,,53.4364979785306,36.8869936034115,10.2,9.1714663137087,4,2,0,61,"수축중",65,54.0880503144654,94,20260908,8.65921787709498,4.06785806764442,0,0,,,,,1,2400.0,"저항→지지",0,0,3760.28666209766,3760.28666209766
20261006,067310,"하나마이크론",KOSDAQ,52700.0,2.33,"반도체와반도체장비",1197.63,861.5335288,3504068796300.0,47850.0,10.5538140020899,6.58307210031348,48.5777496839444,25.0288350634371,6.4,129.260955251854,4,2,0,70,"돌파완료",60,90.2877697841727,97,20260921,17.1206225680934,4.77388880128897,0,0,20261001,47850.0,51000.0,165.813886472708,1,47850.0,"저항→지지",0,0,48377.3679206233,48377.3679206233
20261006,067370,"선바이오",KOSDAQ,5420.0,0.37,"생물공학",0.12,0.492301765,66199018220.0,5880.0,-7.82312925170068,,47.7356181150551,35.5745721271394,14.4,18.3710056606995,1,1,0,53,"없음",34,1.68855534709193,75,20260618,29.8769771528998,55.122264890235,0,0,,,,,0,,,0,0,6228.52221546093,6228.52221546093
20261006,067390,"아스트",KOSDAQ,5760.0,1.59,"우주항공과국방",2.47,5.06191955,242586760320.0,6640.0,-13.5542168674699,,19.9661590524535,20.675944333996,9.6,64.4341824213881,1,3,0,82,"없음",40,-18.2336182336182,43,20260911,8.06174957118353,4.99897638021257,0,0,,,,,1,5520.0,"저항→지지",0,0,6042.93765961605,6042.93765961605
20261006,067570,"엔브이에이치코리아",KOSDAQ,1652.0,1.1,"자동차부품",0.1,0.971005113,69664840000.0,2115.0,-22.6004728132388,,0.0,12.177729018102,7.0,6.2440156741151,0,1,0,49,"없음",26,-22.4170616113744,36,,,,0,0,,,,,0,,,0,0,1955.92447619662,1955.92447619662
20261006,067630,"HLB생명과학",KOSDAQ,4470.0,25.03,"건강관리장비와용품",276.49,41.9167600625,544969249260.0,4390.0,1.82232346241458,1.82232346241458,0.0,27.3946360153257,9.6,975.224311788094,2,2,0,54,"관망",40,17.4770039421813,86,20261006,25.034965034965,7.80881829605063,0,0,20261006,4390.0,4470.0,1190.79686760567,1,2865.0,"저항→지지",1,1,3724.14609798697,3724.14609798697
20261006,067730,"로지시스",KOSDAQ,2225.0,2.3,"IT서비스",0.16,0.191646425,21524476450.0,2340.0,-5.34188034188034,,35.4304635761589,13.9072847682119,9.8,49.6416114621652,0,2,0,80,"없음",41,-15.2963671128107,49,,,,1,0,,,,,1,2180.0,"지지 재탈환",0,0,2188.81314906332,2188.81314906332
20261006,067830,"세이브존I&C",KOSPI,2360.0,3.28,"백화점과일반상점",0.74,0.636700525,96856512200.0,2445.0,-1.84049079754601,,15.5893536121673,11.8811881188119,6.4,86.6093977133065,0,1,0,65,"없음",27,-18.0887372013652,44,,,,1,0,,,,,1,2330.0,"지지 재탈환",0,0,2356.51457732807,2371.51457732807
20261006,067900,"와이엔텍",KOSDAQ,5850.0,-1.68,"해운사",0.91,1.014997375,106468005150.0,6110.0,-2.29132569558101,,63.6498516320475,25.5555555555556,13.4,66.2906467913304,0,3,0,88,"없음",43,-10.0903614457831,58,20260624,13.109243697479,11.2081981854933,0,0,,,,,0,,,0,0,5823.10275488555,6013.10275488555
20261006,067920,"이글루",KOSDAQ,6560.0,11.95,"IT서비스",109.46,10.11246432,72134540640.0,6940.0,-6.34005763688761,,0.0,28.4603421461897,17.8,1737.6956348415,3,1,0,42,"없음",50,9.61214165261383,82,20261006,10.3565365025467,20.2463693884624,0,0,,,,,1,5800.0,"저항→지지",0,0,6337.14613366254,6337.14613366254
20261006,067990,"도이치모터스",KOSDAQ,3995.0,1.65,"자동차",2.25,1.8840124625,116580292250.0,3775.0,5.96026490066225,0.662251655629139,67.8082191780822,20.2733485193622,15.0,67.841958674595,0,1,0,59,"없음",31,-8.67579908675799,61,20260629,12.8378378378378,3.1344025341998,0,0,20260922,3775.0,3800.0,31.8301841615472,1,3825.0,"저항→지지",1,0,3797.33497838438,3882.33497838438
20261006,068050,"팬엔터테인먼트",KOSDAQ,1009.0,-12.26,"방송과엔터테인먼트",0.94,0.2510059805,27943322684.0,1547.0,-34.2598577892696,,8.27309236947792,20.6060606060606,14.8,300.437060564107,0,1,0,44,"없음",22,-34.8494554772582,19,,,,0,0,,,,,0,,,0,0,1416.60105770771,1416.60105770771
20261006,068100,"케이웨더",KOSDAQ,2365.0,1.07,"IT서비스",0.07,0.17253516,28208622640.0,2450.0,-5.71428571428571,,54.6364242828552,17.102615694165,9.8,32.4560209895685,0,3,0,97,"없음",45,-13.4831460674157,52,,,,0,0,,,,,0,,,0,0,2244.94347864766,2279.94347864766
20261006,068270,"셀트리온",KOSPI,182300.0,-0.16,"제약",623.17,692.3440221,42406111184800.0,182800.0,-0.218818380743982,,61.2280701754386,13.5643564356436,6.0,64.2755921201699,1,2,0,88,"관망",45,-2.96014130365389,70,,,,0,0,,,,,1,180300.0,"지지 재탈환",0,0,181194.045766318,202094.045766318
20261006,068290,"삼성출판사",KOSPI,6280.0,2.95,"출판",1.11,0.48505812,62800000000.0,6530.0,-4.13476263399694,,51.4644351464435,21.090387374462,10.2,213.188040704802,0,1,0,73,"없음",31,-29.1053227633069,25,20260602,30.0,5.54354860583006,1,0,,,,,1,6190.0,"지지 재탈환",0,0,6036.99201083532,6606.99201083532
20261006,068330,"일신바이오",KOSDAQ,1027.0,-0.19,"생명과학도구및서비스",0.32,0.720185438,45409975780.0,1149.0,-11.2271540469974,,26.8770402611534,15.0698602794411,9.8,30.8148782062326,0,1,0,54,"없음",29,-27.1948608137045,28,,,,0,0,,,,,0,,,0,0,1056.5348738878,1056.5348738878
20261006,068760,"셀트리온제약",KOSDAQ,39550.0,2.99,"제약",31.05,32.515546575,1756112230600.0,39900.0,-0.75187969924812,,52.4642289348172,19.5744680851064,7.2,93.8927700043575,0,3,0,88,"관망",36,-27.7372262773723,27,,,,1,0,,,,,1,38400.0,"지지 재탈환",0,0,39360.3362622617,44360.3362622617
20261006,068790,DMS,KOSDAQ,8300.0,2.98,"디스플레이장비및부품",12.9,3.838612135,184128229200.0,8160.0,0.612745098039216,0.612745098039216,38.4531590413943,27.3348519362187,10.0,171.815561223772,2,3,0,88,"없음",52,8.02631578947368,80,20260721,11.5032679738562,4.38020789187362,1,0,20261006,8160.0,8210.0,170.818320820246,1,7200.0,"저항→지지",0,0,7461.59402875601,7971.59402875601
20261006,068930,"디지털대성",KOSDAQ,9200.0,-0.76,"교육서비스",2.92,8.88830481,254613146400.0,10000.0,-8.5,,0.0,8.92018779342723,7.4,57.0514072633447,5,3,0,86,"없음",60,8.92857142857143,81,20260730,9.64539007092198,5.01693629013176,0,0,,,,,1,8700.0,"저항→지지",0,0,9286.18362031338,9286.18362031338
20261006,069080,"웹젠",KOSDAQ,11990.0,2.39,"게임엔터테인먼트",12.61,8.938934175,371289234250.0,11720.0,2.21843003412969,2.21843003412969,52.9529529529529,18.1464174454829,7.6,116.345629458345,0,2,0,83,"없음",32,-0.249791840133222,73,,,,0,0,20261006,11720.0,11980.0,115.952502390403,1,11630.0,"저항→지지",1,0,10986.3862285105,12056.3862285105
20261006,069140,"누리플랜",KOSDAQ,1780.0,2.65,"건설",0.4,0.408649121,26870531120.0,1810.0,-1.65745856353591,,40.242198416395,13.3854166666667,3.8,67.9888983527149,0,3,0,88,"없음",49,-12.3152709359606,54,20260602,10.1413644744929,3.14833614588822,0,0,,,,,0,,,0,0,1718.34862034703,1803.34862034703
20261006,069260,"TKG휴켐스",KOSPI,15840.0,-0.94,"화학",6.37,8.447988225,647516833920.0,18390.0,-13.4312126155519,,32.9864724245578,6.17807389460933,6.4,73.6961553746898,0,1,0,45,"없음",22,-11.4079020589872,56,,,,0,0,,,,,0,,,0,0,17510.04276829,17510.04276829
20261006,069330,"유아이디",KOSDAQ,1170.0,2.9,"디스플레이장비및부품",1.04,0.479441406,19834511580.0,1310.0,-10.8396946564885,,29.5273499734466,19.1709844559585,7.6,79.0952931089949,4,1,0,70,"없음",53,12.7413127413127,84,20260723,9.25925925925926,10.3353513580439,0,0,,,,,0,,,0,0,1171.64713221425,1171.64713221425
20261006,069410,"엔텔스",KOSDAQ,2510.0,0.0,"IT서비스",0.56,0.363990625,25714508240.0,2790.0,-9.49820788530466,,43.0434782608696,23.7435008665511,9.8,129.640933694029,0,3,0,85,"없음",34,-45.6989247311828,9,,,,0,0,,,,,0,,,0,0,2550.99130832692,2950.99130832692
20261006,069510,"에스텍",KOSDAQ,14100.0,5.46,"전자장비와기기",0.71,0.64410514,153831000000.0,13800.0,-3.91304347826087,,0.0,6.47803425167535,3.6,85.8229638549611,1,2,0,63,"없음",38,-10.2234258632363,58,,,,0,0,,,,,1,13100.0,"저항→지지",0,0,12919.8782150344,12919.8782150344
20261006,069620,"대웅제약",KOSPI,109300.0,0.28,"제약",16.66,17.4693084,1266412647500.0,128900.0,-15.2831652443755,,68.3834586466165,21.0684725357412,9.4,61.8461533614471,0,1,0,55,"없음",26,-31.75,22,,,,0,0,,,,,1,107500.0,"지지 재탈환",0,0,112438.19234716,125438.19234716
20261006,069640,"한세엠케이",KOSPI,1390.0,-0.57,"섬유,의류,신발,호화품",0.33,0.5003859705,30212318590.0,1508.0,-7.42705570291777,,0.0,16.6110740493662,7.6,65.2244769786667,3,1,0,40,"없음",44,19.3162393162393,88,20260804,14.9593495934959,3.69558910276418,0,0,,,,,1,1370.0,"지지 재탈환",0,0,1451.06825569915,1451.06825569915
20261006,069730,"DSR제강",KOSPI,5440.0,-0.18,"철강",0.49,1.430281415,78336000000.0,5980.0,-9.03010033444816,,40.6185567010309,19.327731092437,9.6,23.5467376774014,4,3,0,87,"없음",54,11.4754098360656,83,,,,0,0,,,,,1,5320.0,"지지 재탈환",0,0,5549.48316925209,5719.48316925209
20261006,069920,"엑시온그룹",KOSDAQ,1400.0,3.78,"건설",23.48,4.438894287,33766905200.0,1466.0,-4.50204638472033,,46.8194004387034,35.419734904271,6.2,234.303949297208,0,2,0,60,"없음",40,-56.2363238512035,4,20261002,29.9614643545279,5.29120121996403,0,0,,,,,1,1280.0,"저항→지지",0,0,1165.55084131819,1328.55084131819
20261006,069960,"현대백화점",KOSPI,87500.0,-1.46,"백화점과일반상점",65.29,110.93604695,1886929800000.0,101900.0,-13.8370951913641,,78.0857514075357,61.1711711711712,14.6,50.7779380277666,2,1,0,68,"관망",43,10.8585858585859,83,20260604,14.7783251231527,3.51989370274878,0,0,,,,,0,,,0,0,93105.3387616603,153005.33876166
20261006,070300,"퀀텀레일",KOSDAQ,587.0,-2.98,"핸드셋",7.01,13.118803744,20853015923.0,1673.0,-64.9133293484758,,40.3548941041786,71.5508021390374,7.6,129.715958546113,2,1,0,28,"없음",36,-69.773429454171,2,20260820,9.8901098901099,13.0217219309483,0,0,,,,,0,,,0,0,1355.16308838461,1867.16308838461
20261006,070590,"인티큐브",KOSDAQ,2125.0,-1.39,"IT서비스",0.23,0.5344468875,29493982125.0,2210.0,-3.84615384615385,,4.85714285714286,9.1324200913242,3.4,52.1101694341786,3,1,0,63,"없음",42,9.9327470253492,82,,,,0,0,,,,,1,1979.0,"저항→지지",0,0,1998.2838803437,1998.2838803437
20261006,070960,"모나용평",KOSPI,1996.0,-0.45,"호텔,레스토랑,레저",0.86,0.791629917,96074132668.0,2150.0,-7.30232558139535,,28.5004516711834,29.811320754717,6.4,71.4238713358744,0,3,0,89,"없음",42,-31.7465753424658,22,,,,0,0,,,,,1,1978.0,"지지 재탈환",0,0,1985.42008157316,2435.42008157316
20261006,071050,"한국금융지주",KOSPI,178100.0,-1.71,"증권",232.45,288.57381125,9924799175200.0,193200.0,-7.66045548654244,,73.5084306095979,12.772427774962,5.0,67.5137173002019,2,1,0,59,"관망",39,-11.9012345679012,55,,,,0,0,,,,,1,178200.0,"지지 재탈환",0,0,179864.147378412,224964.147378412
20261006,071090,"하이스틸",KOSPI,3545.0,2.9,"철강",36.6,63.77558972,71578764695.0,4270.0,-17.3302107728337,,3.63636363636364,15.3532608695652,3.0,118.524660825273,1,2,0,50,"없음",37,4.12979351032448,78,20260930,23.4756097560976,8.64629377595965,1,0,,,,,1,3190.0,"저항→지지",0,0,3749.35189380708,3749.35189380708
20261006,071200,"인피니트헬스케어",KOSDAQ,11920.0,1.71,"건강관리기술",2.95,24.10746239,290805779360.0,14080.0,-15.3409090909091,,2.06043956043956,22.9508196721311,7.2,19.2384138420249,5,1,0,48,"없음",55,100.0,97,20260915,13.1741821396994,24.0932265811115,0,0,,,,,1,9940.0,"저항→지지",0,0,12606.6111491017,12606.6111491017
20261006,071280,"로체시스템즈",KOSDAQ,9030.0,4.76,"반도체와반도체장비",24.8,12.87920928,138128325090.0,7650.0,18.0392156862745,3.92156862745098,28.169014084507,26.2177650429799,9.4,164.619100024383,1,1,0,63,"없음",31,25.5910987482615,89,20260923,9.35350756533699,4.82635470818504,0,0,20260923,7650.0,7950.0,406.930780468888,1,7650.0,"저항→지지",1,1,7883.55509055353,7883.55509055353
20261006,071320,"지역난방공사",KOSPI,78800.0,-0.88,"복합유틸리티",7.77,9.6541073,912405027200.0,80400.0,-1.86567164179104,,48.5477178423236,10.3857566765579,9.4,61.8920440813663,0,3,0,93,"없음",40,9.2797783933518,82,20260810,11.6279069767442,3.29876579274082,0,0,,,,,1,75700.0,"저항→지지",0,0,76304.9616109133,76304.9616109133
20261006,071670,"에이테크솔루션",KOSDAQ,5530.0,4.34,"기계",1.88,0.7859072175,55300000000.0,5480.0,-0.364963503649635,,69.5505238256168,17.6991150442478,6.6,197.015362173187,0,1,0,67,"없음",31,-34.375,19,20260624,9.47075208913648,5.99951196362926,0,0,,,,,1,5140.0,"저항→지지",0,0,4889.21479871584,5059.21479871584
20261006,071840,"롯데하이마트",KOSPI,5990.0,0.17,"전문소매",0.34,0.65142917,141410194880.0,6690.0,-10.6128550074738,,0.0,12.5188536953243,9.4,42.7002451130243,0,1,0,52,"없음",25,-22.9381443298969,35,,,,0,0,,,,,0,,,0,0,6268.83916626148,6268.83916626148
20261006,071850,"캐스텍코리아",KOSDAQ,1224.0,-1.45,"자동차부품",0.2,0.0901482785,29695388112.0,1360.0,-10.0,,1.54405086285194,17.425320056899,7.8,291.038511436877,0,1,0,46,"없음",25,-18.1270903010033,43,,,,0,0,,,,,0,,,0,0,1236.18576362375,1358.18576362375
20261006,071970,"HD현대마린엔진",KOSPI,47350.0,-3.56,"조선",95.99,85.93835515,1606182788250.0,52500.0,-9.14285714285714,,71.672526368659,24.7572815533981,6.8,101.930461968627,0,3,0,80,"없음",42,-30.5676855895196,24,20260701,17.4061433447099,2.53802364454642,0,0,,,,,0,,,0,0,48298.4610979073,64198.4610979073
20261006,072020,"중앙백신",KOSDAQ,9150.0,-0.11,"제약",1.22,0.63839468,84699546150.0,9710.0,-4.84037075180227,,33.2574031890661,12.5638406537283,12.2,161.034454663529,1,1,0,79,"없음",32,2.66666666666667,77,,,,1,0,,,,,1,9200.0,"지지 재탈환",0,0,9343.05576152424,9343.05576152424
20261006,072130,"유엔젤",KOSPI,4705.0,-1.57,"IT서비스",1.4,1.237085845,59732111070.0,6070.0,-22.4876441515651,,16.046511627907,20.9302325581395,12.2,100.704418000274,1,1,0,68,"없음",27,-6.83168316831683,64,,,,0,0,,,,,0,,,0,0,5608.24516494324,5608.24516494324
20261006,072470,"우리산업홀딩스",KOSDAQ,2330.0,-1.89,"자동차부품",0.26,0.17126034,44007504530.0,2440.0,-2.86885245901639,,41.7821782178218,18.3636363636364,7.0,101.297175286525,0,2,0,63,"없음",37,-32.0916905444126,22,,,,0,0,,,,,1,2330.0,"지지 재탈환",0,0,2344.82072515928,2514.82072515928
20261006,072710,"농심홀딩스",KOSPI,88900.0,-0.22,"식품",1.34,1.5482938,412299531000.0,95500.0,-6.80628272251309,,15.7563025210084,8.15217391304348,11.2,45.1898844181802,1,2,0,79,"없음",48,-2.1978021978022,71,,,,0,0,,,,,0,,,0,0,90562.8774625272,90662.8774625272
20261006,072870,"메가스터디",KOSDAQ,13160.0,0.38,"교육서비스",2.1,2.002298345,156879820440.0,13500.0,-1.48148148148148,,23.5188509874327,9.21052631578947,12.2,85.280318343264,5,3,0,90,"없음",61,9.82658959537572,82,,,,1,0,,,,,1,13260.0,"지지 재탈환",0,0,12914.2543485881,13114.2543485881
20261006,072950,"빛샘전자",KOSDAQ,17430.0,1.04,"전자장비와기기",323.81,642.26386885,140356992300.0,16330.0,6.42988364972443,5.63380281690141,0.0,28.3542039355993,6.8,89.2928754612937,3,1,0,43,"관망",50,159.402985074627,98,20260930,8.3453237410072,3.1471015521232,0,0,20261002,16330.0,17250.0,500.064454891008,1,9810.0,"저항→지지",0,0,15407.0968194359,15407.0968194359
20261006,072990,"에이치시티",KOSDAQ,3055.0,-1.93,"전자장비와기기",0.28,2.805658395,44292019330.0,3730.0,-15.4155495978552,,32.3162274618585,19.7786998616874,8.2,18.1608634833599,0,1,0,48,"없음",22,-26.1988304093567,29,,,,0,0,,,,,1,3105.0,"저항→지지",0,0,3421.45038858309,3421.45038858309
20261006,073010,"케이에스피",KOSDAQ,3225.0,-2.12,"조선",5.32,23.400072155,129616781250.0,3820.0,-14.6596858638743,,27.4509803921569,20.2985074626866,6.6,45.1694216544634,0,1,0,57,"없음",30,-0.153139356814701,73,20260910,20.0716845878136,53.0982499908125,0,0,,,,,1,3070.0,"저항→지지",0,0,3451.51940208344,3451.51940208344
20261006,073110,"엘엠에스",KOSDAQ,5180.0,-1.15,"디스플레이장비및부품",0.12,0.124717585,46080010900.0,5400.0,-3.7037037037037,,52.1461187214612,38.75,13.0,77.1987015487882,1,3,0,84,"없음",41,2.16110019646365,76,,,,0,0,,,,,1,5040.0,"저항→지지",0,0,5037.52806064232,5037.52806064232
20261006,073240,"금호타이어",KOSPI,6710.0,-2.33,"자동차부품",56.87,97.357546895,1927516525770.0,7010.0,-3.99429386590585,,71.172574990261,26.7796610169492,6.6,19.7565031619724,3,1,0,59,"없음",53,13.109243697479,84,20260710,30.0,3.56998278939774,0,0,,,,,0,,,0,0,7088.94067178445,8068.94067178445
20261006,073490,"LIG아큐버",KOSDAQ,34800.0,-1.14,"통신장비",21.49,16.3730666,264613840800.0,33550.0,3.87481371087928,1.04321907600596,45.1530612244898,16.4652567975831,6.0,115.759090964167,2,3,0,84,"없음",50,-8.40998685939553,61,20260715,20.5020920502092,3.025669226075,0,0,20261001,33550.0,33900.0,111.043860148315,1,32900.0,"저항→지지",0,0,32498.0706405893,32498.0706405893
20261006,073540,"에프알텍",KOSDAQ,2745.0,1.48,"통신장비",0.87,0.8589799725,31293000000.0,2790.0,-1.25448028673835,,6.04288499025342,23.8178633975482,6.0,73.038980343014,2,2,0,66,"없음",45,7.6171875,80,,,,1,0,,,,,1,2390.0,"저항→지지",0,0,2487.1352800094,2552.1352800094
20261006,073560,"우리손에프앤지",KOSDAQ,1510.0,0.13,"식품",0.54,0.8452674955,104548840930.0,1659.0,-9.22242314647378,,35.2028639618138,13.3757961783439,10.6,36.2570234265259,2,1,0,72,"없음",35,-6.80693069306931,64,,,,0,0,,,,,1,1505.0,"지지 재탈환",0,0,1592.39100391367,1592.39100391367
20261006,073570,"리튬포어스",KOSDAQ,2950.0,-2.32,"핸드셋",3.87,2.1389244045,35510117600.0,1863.0,58.3467525496511,5.15297906602254,0.0,57.7380952380952,17.4,182.998739207808,1,2,0,49,"없음",25,-14.838337182448,50,20261002,18.1996086105675,11.9027130749755,0,0,20260916,1863.0,1959.0,63.4398186533578,1,1860.0,"저항→지지",0,0,2857.4914743904,2857.4914743904
20261006,074430,"아미노로직스",KOSDAQ,1047.0,1.26,"제약",0.47,1.34909036,93541065624.0,1119.0,-3.66398570151921,,25.7874015748032,24.9056603773585,6.0,34.0095531539228,1,2,0,79,"없음",46,-20.9677419354839,39,,,,1,0,,,,,1,1049.0,"지지 재탈환",0,0,1083.29632564135,1214.29632564135
20261006,074600,"원익QnC",KOSDAQ,32850.0,1.7,"반도체와반도체장비",61.27,54.212802675,863560800000.0,32700.0,0.305810397553517,,67.6521739130435,40.2092675635277,11.2,81.6477945828841,3,2,0,50,"수축중",56,10.0671140939597,83,20260612,16.4364640883978,4.11896546540305,0,0,,,,,1,27450.0,"저항→지지",0,0,29829.90641116,29829.90641116
20261006,075130,"플랜티넷",KOSDAQ,2145.0,1.18,"소프트웨어",0.64,0.599738265,34582376400.0,2285.0,-6.12691466083151,,11.5983026874116,12.3348017621145,7.0,99.4622415291503,0,1,0,65,"없음",27,-2.27790432801822,71,,,,0,0,,,,,1,2130.0,"저항→지지",0,0,2127.16128053728,2127.16128053728
20261006,075180,"새론오토모티브",KOSPI,2930.0,0.51,"자동차부품",0.31,0.7437300125,56256000000.0,3220.0,-9.00621118012422,,30.9045226130653,12.046204620462,12.4,49.2674447019794,0,2,0,61,"없음",33,-3.45963756177924,69,,,,0,0,,,,,0,,,0,0,3017.47793066139,3017.47793066139
20261006,075580,"세진중공업",KOSPI,10020.0,0.0,"조선",11.9,10.336571595,569631549120.0,10670.0,-5.99812558575445,,74.7982619490999,22.7235438884331,6.4,67.6773809011355,0,3,0,81,"없음",45,-35.3737113402062,18,,,,0,0,,,,,1,9970.0,"지지 재탈환",0,0,9743.37252262342,12933.3725226234
20261006,075970,"동국알앤에스",KOSDAQ,1672.0,-0.18,"비철금속",0.28,0.2951076615,30764800000.0,1750.0,-4.34285714285714,,2.3489932885906,21.395881006865,10.4,91.4145540215173,0,1,0,62,"없음",27,-23.2110091743119,34,,,,1,0,,,,,1,1640.0,"저항→지지",0,0,1643.20819421045,1643.20819421045
20261006,076080,"웰크론한텍",KOSDAQ,1014.0,-0.59,"건설",0.17,0.324497138,22910474184.0,1254.0,-19.1387559808612,,6.65597433841219,27.9866332497911,8.2,21.513229052557,0,1,0,54,"없음",26,-18.4887459807074,43,,,,0,0,,,,,0,,,0,0,1101.90154074112,1101.90154074112
20261006,076610,"해성옵틱스",KOSDAQ,1176.0,2.8,"핸드셋",8.52,9.02909858,71634900456.0,1379.0,-15.3734590282814,,59.7026918441141,33.0,9.6,48.1793811970782,2,1,0,66,"없음",40,-20.3412969283276,40,20260810,29.9338999055713,4.82915376249565,0,0,,,,,0,,,0,0,1193.1723458375,1549.1723458375
20261006,077360,"덕산하이메탈",KOSDAQ,14480.0,3.06,"반도체와반도체장비",123.97,113.203456635,657927788960.0,14260.0,0.91164095371669,0.91164095371669,38.7529976019185,23.3304423243712,6.8,102.919859588154,3,3,0,76,"관망",55,45.3535353535353,93,,,,0,0,20261006,14260.0,14390.0,104.228976887451,1,10840.0,"저항→지지",0,0,12741.1161956082,12741.1161956082
20261006,077500,"유니퀘스트",KOSPI,10100.0,-2.88,"반도체와반도체장비",26.14,29.0157514,218161030200.0,10850.0,-6.45161290322581,,0.0,28.3831282952548,9.8,109.871929066441,5,2,0,55,"없음",60,79.9645390070922,96,20260923,8.66983372921615,3.89181030579286,0,0,,,,,1,7960.0,"저항→지지",0,0,9573.26254881416,9573.26254881416
20261006,077970,"STX엔진",KOSPI,23100.0,1.99,"조선",26.66,31.359690475,927420255300.0,24650.0,-6.28803245436105,,66.1321359846055,31.2803889789303,7.4,74.2481992659076,0,1,0,71,"없음",27,-24.6329526916803,32,,,,0,0,,,,,1,22650.0,"지지 재탈환",0,0,23144.4549061374,28094.4549061374
20261006,078000,"텔코웨어",KOSPI,14000.0,3.63,"소프트웨어",0.16,0.260373485,129361078000.0,14000.0,-2.92857142857143,,28.7431693989071,13.9792899408284,11.8,33.5088963165536,0,1,0,74,"없음",31,-17.8851963746224,44,,,,0,0,,,,,1,13360.0,"저항→지지",0,0,13164.0765459151,13164.0765459151
20261006,078020,"LS증권",KOSDAQ,6490.0,-0.15,"증권",1.63,2.756553795,360072923100.0,6750.0,-3.85185185185185,,53.5117056856187,11.7647058823529,6.6,43.1817809162558,2,3,0,91,"없음",55,-2.84431137724551,70,,,,0,0,,,,,1,6470.0,"지지 재탈환",0,0,6360.84493222497,6690.84493222497
20261006,078070,"유비쿼스홀딩스",KOSDAQ,9240.0,0.76,"통신장비",2.2,1.749528365,157623709320.0,9440.0,-1.69491525423729,,23.145212428662,18.8275084554679,9.4,99.9888367120613,1,3,0,79,"없음",41,-36.1321403991741,17,,,,0,0,,,,,1,8290.0,"지지 재탈환",0,0,8566.91179831021,9046.91179831021
20261006,078130,"국일제지",KOSDAQ,3880.0,4.86,"종이와목재",5.55,2.80784334,437433477560.0,4380.0,-12.6712328767123,,28.8648648648649,26.1401557285873,10.4,169.396048489547,2,1,0,44,"없음",32,21.4285714285714,88,,,,0,0,,,,,1,3620.0,"저항→지지",0,0,3998.72783021944,4113.72783021944
20261006,078140,"대봉엘에스",KOSDAQ,7680.0,1.32,"제약",1.07,2.173857545,85144926720.0,8970.0,-14.38127090301,,30.2694136291601,18.0790960451977,7.0,56.229280342608,0,1,0,45,"없음",26,-19.6652719665272,41,20260928,8.86766712141882,25.1908818153602,1,0,,,,,1,7590.0,"저항→지지",0,0,8364.60922074016,8364.60922074016
20261006,078150,"HB테크놀러지",KOSDAQ,2430.0,5.19,"디스플레이장비및부품",56.52,39.4913291,230659969140.0,2280.0,6.57894736842105,1.97368421052632,50.2348796241926,19.3621867881549,6.8,212.740558308212,3,1,0,60,"관망",45,21.1970074812968,88,,,,0,0,20261001,2280.0,2325.0,223.428442867152,1,2130.0,"저항→지지",1,1,2154.91364826241,2154.91364826241
20261006,078160,"메디포스트",KOSDAQ,10390.0,7.0,"생물공학",16.3,4.05099841,407335825170.0,9400.0,10.6382978723404,3.08510638297872,61.5663524292966,23.0188679245283,7.2,271.713619897252,0,3,0,93,"없음",38,-50.9433962264151,6,20260804,17.5208581644815,2.61554135854934,0,0,20261002,9400.0,9690.0,121.809201851247,1,9170.0,"저항→지지",1,0,8893.79784154234,9653.79784154234
20261006,078340,"컴투스",KOSDAQ,37250.0,-0.67,"게임엔터테인먼트",24.97,37.47677305,450401409250.0,38450.0,-2.86085825747724,,52.2697795071336,25.4878048780488,5.0,53.750188198135,4,2,0,84,"수축중",60,18.7599364069952,87,20260826,8.80000000000001,4.39861835891238,0,0,,,,,1,36600.0,"저항→지지",0,0,35029.4861988424,37579.4861988424
20261006,078350,"한양디지텍",KOSDAQ,36350.0,0.97,"반도체와반도체장비",89.09,136.4188312,554133285700.0,29600.0,22.8040540540541,7.93918918918919,0.0,25.6331877729258,5.0,87.211999632808,4,2,0,57,"돌파완료",42,30.0536672629696,91,20260921,13.9676113360324,4.07475367354053,0,0,20260930,29600.0,31950.0,250.370349180532,1,29600.0,"저항→지지",0,0,32923.0052299315,32923.0052299315
20261006,078520,"에이블씨엔씨",KOSPI,11070.0,1.56,"화장품",4.5,8.423162005,276345125820.0,11100.0,-1.35135135135135,1.35135135135135,51.3105639396346,25.2479023646072,4.6,36.678091497997,2,2,0,86,"없음",45,-8.59766277128548,61,,,,0,0,20261001,11100.0,11250.0,105.328551466357,1,10800.0,"지지 재탈환",0,0,10668.5587699445,12798.5587699445
20261006,078590,"휴림에이텍",KOSDAQ,2725.0,0.55,"자동차부품",1.02,2.13062177,27218201975.0,3175.0,-14.6456692913386,,78.1991482457919,29.6096904441454,5.4,8.58733741074591,0,2,0,66,"없음",42,-64.5380790369013,3,20260825,14.6853146853147,5.59860586294088,0,0,,,,,0,,,0,0,2885.50346179404,3915.50346179404
20261006,078600,"대주전자재료",KOSDAQ,111800.0,3.23,"전자장비와기기",338.07,136.61547375,1755722628400.0,97700.0,14.5342886386899,11.2589559877175,45.2440033085194,27.2167487684729,9.8,188.350496506068,3,2,0,60,"수축중",39,-11.2609040444092,57,20261002,11.4871794871795,5.01068247438894,0,0,20261002,97700.0,108700.0,385.122437169007,1,88100.0,"저항→지지",1,1,99095.3246087676,99095.3246087676
20261006,078860,"아이오케이이엔엠",KOSDAQ,2840.0,-1.73,"방송과엔터테인먼트",0.12,2.044026215,17543213920.0,3295.0,-13.8088012139605,,35.2331606217617,19.8979591836735,5.6,11.9750003703902,0,1,0,37,"없음",26,-51.4114627887083,6,20260922,13.5593220338983,7.08595785106636,0,0,,,,,1,2795.0,"저항→지지",0,0,2978.93491917047,2978.93491917047
20261006,078890,"가온그룹",KOSDAQ,4735.0,0.74,"전자제품",3.95,2.67308572,87242105105.0,4800.0,-2.08333333333333,,45.9016393442623,19.1836734693878,6.6,110.393412231124,0,3,0,78,"없음",39,-18.2608695652174,43,,,,0,0,,,,,1,4650.0,"저항→지지",0,0,4326.61802733638,4426.61802733638
20261006,078930,GS,KOSPI,105200.0,-1.13,"석유와가스",361.88,450.5597268,9772606074000.0,117400.0,-9.6252129471891,,42.921686746988,30.3607214428858,9.6,69.2089628846437,4,1,0,59,"관망",53,66.3009404388715,95,20260723,11.1638954869359,2.52843009785604,0,0,,,,,1,105300.0,"지지 재탈환",0,0,117545.199932265,119845.199932265
20261006,079000,"와토스코리아",KOSDAQ,3520.0,-2.36,"건축제품",0.42,0.4160564725,25344000000.0,4300.0,-17.6744186046512,,79.54802259887,22.6019845644983,7.0,61.0314250546359,0,1,0,56,"없음",30,-49.9292786421499,7,20260624,29.8429319371728,4.99655258335462,0,0,,,,,0,,,0,0,3902.32579003241,4412.32579003241
20261006,079160,"CJ CGV",KOSPI,4955.0,-0.6,"방송과엔터테인먼트",13.18,18.36516926,820462759135.0,5690.0,-13.0052724077329,,27.2632674297607,15.3713298791019,7.0,46.1837603867817,1,2,0,74,"없음",45,3.01768990634755,77,20260730,13.8364779874214,4.9700215511023,0,0,,,,,0,,,0,0,5473.68609505739,5473.68609505739
20261006,079170,"한창산업",KOSDAQ,5510.0,-0.72,"비철금속",0.11,0.46231373,28652000000.0,6140.0,-9.77198697068404,2.60586319218241,3.87409200968524,10.2296450939457,9.8,18.8874174673391,0,1,0,47,"없음",33,-13.302034428795,53,20260803,8.53391684901532,4.01840836441919,0,0,20260918,6140.0,6300.0,98.0538972533131,0,,,0,0,5810.73114088729,5810.73114088729
20261006,079190,"케스피온",KOSDAQ,1709.0,16.89,"핸드셋",8.0,2.315166403,34763736294.0,1815.0,-5.84022038567493,,10.4774110861903,46.4394710071211,6.4,138.915039904763,1,2,0,51,"없음",38,14.4675150703282,85,20261006,16.8946648426813,3.52230511140061,0,0,,,,,1,1180.0,"지지 재탈환",0,0,1456.50997740245,1607.50997740245
20261006,079370,"제우스",KOSDAQ,14420.0,1.19,"반도체와반도체장비",86.46,65.02323785,447264995800.0,11190.0,29.579982126899,1.96604110813226,0.0,41.7699115044248,13.0,185.067037867026,1,1,0,52,"관망",34,0.276625172890733,73,20261001,10.2839600920952,4.29532242418141,0,0,20260921,11190.0,11410.0,111.139323412157,1,11190.0,"저항→지지",0,0,13239.6351957093,13239.6351957093
20261006,079430,"현대리바트",KOSPI,5600.0,-0.18,"가구",0.86,0.70107404,112639531200.0,5820.0,-2.74914089347079,,0.0,15.8415841584158,12.0,68.394060145912,0,2,0,85,"없음",43,-16.8869309838473,46,,,,0,0,,,,,0,,,0,0,5834.64698296526,5834.64698296526
20261006,079550,"LIG디펜스앤에어로스페이스",KOSPI,709000.0,-6.96,"우주항공과국방",718.99,572.072097,15598000000000.0,780000.0,-8.71794871794872,,49.780316344464,28.3042394014963,9.6,89.2948051501235,2,1,0,73,"관망",43,16.5302782324059,86,20260616,18.5798816568047,4.43589910476818,0,0,,,,,1,674000.0,"지지 재탈환",0,0,688375.112452038,747375.112452038
20261006,079810,"APS이노베이션",KOSDAQ,3745.0,1.49,"전기제품",2.22,2.69753234,80622712030.0,3850.0,-2.33766233766234,,31.8687589158345,30.1538461538462,12.8,70.5162024232597,0,2,0,67,"없음",43,-11.2160566706021,57,,,,0,0,,,,,1,3605.0,"저항→지지",0,0,3829.86433143246,3829.86433143246
20261006,079900,"전진건설로봇",KOSPI,40000.0,-0.5,"기계",11.4,33.139885975,583701800000.0,43150.0,-6.95249130938586,,58.5746102449889,16.4383561643836,5.2,31.757080962996,0,3,0,90,"없음",50,-23.8140417457305,33,20260903,11.7804551539491,8.54024763343694,0,0,,,,,0,,,0,0,40757.3776903598,40757.3776903598
20261006,079940,"가비아",KOSDAQ,38700.0,-1.53,"IT서비스",6.16,39.442126275,519380470800.0,42450.0,-8.8339222614841,,6.29800307219663,25.2609603340292,9.8,26.8704694989898,4,1,0,48,"관망",49,53.2673267326733,94,,,,0,0,,,,,1,38050.0,"지지 재탈환",0,0,41106.3495315098,44456.3495315098
20261006,079960,"동양이엔피",KOSDAQ,17100.0,0.29,"전기제품",2.13,3.943390875,129133351800.0,21350.0,-20.1405152224824,,57.7240566037736,21.8138424821002,9.4,45.528089143977,0,1,0,39,"없음",22,-36.1423220973783,17,,,,0,0,,,,,1,16900.0,"지지 재탈환",0,0,17182.1235718109,20142.1235718109
20261006,079980,"휴비스",KOSPI,1964.0,1.97,"섬유,의류,신발,호화품",0.42,0.592526088,67758000000.0,2000.0,-2.85,,42.1955403087479,16.6666666666667,9.6,28.2127680237864,0,3,0,94,"없음",46,-27.5,27,,,,0,0,,,,,0,,,0,0,1896.95208137527,2001.95208137527
20261006,080010,"이상네트웍스",KOSDAQ,7420.0,0.68,"다각화된소비자서비스",0.44,0.23232913,72976226820.0,7600.0,-2.5,,5.49199084668193,12.760736196319,7.8,122.379091138218,4,1,0,53,"없음",47,16.3265306122449,86,,,,0,0,,,,,1,7400.0,"저항→지지",0,0,7058.4785408581,7658.4785408581
20261006,080160,"모두투어",KOSDAQ,8060.0,-1.23,"호텔,레스토랑,레저",3.29,11.369529745,152334000000.0,11180.0,-27.4597495527728,,3.47432024169183,26.0576923076923,17.8,54.0563343254086,0,1,0,65,"없음",22,-25.6645279560037,30,,,,0,0,,,,,0,,,0,0,10449.4034831108,10449.4034831108
20261006,080220,"제주반도체",KOSDAQ,93300.0,0.97,"반도체와반도체장비",1863.17,1105.50806455,3213516318900.0,80100.0,16.4794007490637,11.6104868913858,64.7148676171079,28.9029535864979,7.2,123.233259504479,4,2,0,64,"돌파완료",58,165.811965811966,98,20261001,13.8853503184713,3.59424971354492,0,0,20261001,80100.0,89400.0,244.032978557819,1,80100.0,"저항→지지",0,0,83373.1119610973,83373.1119610973
20261006,080420,"모다이노칩",KOSDAQ,1604.0,2.49,"전문소매",0.06,0.0409687885,127873481688.0,1665.0,-8.04804804804805,,18.1122448979592,17.741935483871,7.8,104.971781180775,0,3,0,83,"없음",42,-20.0104493207941,40,20260805,12.1174266083698,3.86678186037845,0,0,,,,,0,,,0,0,1654.5696939091,1706.5696939091
20261006,080470,"성창오토텍",KOSDAQ,2760.0,2.41,"자동차부품",0.26,0.1914224525,20148000000.0,3690.0,-25.609756097561,,0.664451827242519,15.7051282051282,6.6,126.832135858916,0,2,0,82,"없음",28,-28.3289817232376,26,,,,0,0,,,,,0,,,0,0,3389.10975651259,3389.10975651259
20261006,080520,"오디텍",KOSDAQ,3020.0,5.23,"반도체와반도체장비",0.28,0.259130305,34193699340.0,3035.0,-4.44810543657331,,29.4029850746269,15.9375,7.0,93.7561331716774,1,1,0,67,"없음",32,-17.1428571428571,45,,,,0,0,,,,,1,2865.0,"저항→지지",0,0,2721.25012097865,2876.25012097865
20261006,080530,"코디",KOSDAQ,2485.0,1.84,"화장품",0.4,0.2020942725,27513134740.0,3240.0,-23.4567901234568,,8.40336134453781,22.4137931034483,7.0,109.668345523831,0,1,0,66,"없음",26,-37.2945638432364,16,20260811,12.3404255319149,7.90667945030361,0,0,,,,,0,,,0,0,2825.92357722803,2825.92357722803
20261006,080580,"오킨스전자",KOSDAQ,28700.0,-1.88,"반도체와반도체장비",116.31,106.399314095,605310408500.0,26550.0,8.66290018832392,9.79284369114878,1.54373927958835,18.5714285714286,6.4,108.909461415831,4,2,0,56,"돌파완료",58,52.0822351080654,94,20261002,12.984496124031,3.70058381709086,0,0,20261002,26550.0,29150.0,380.124329764862,1,21350.0,"저항→지지",0,0,25693.8627984297,25693.8627984297
20261006,081000,"일진다이아",KOSPI,9600.0,1.48,"비철금속",1.77,2.29519685,136348560000.0,9840.0,-1.52439024390244,,39.3382352941177,13.3268482490272,3.2,59.8492624528078,0,2,0,85,"없음",37,-23.0341540905481,35,20260812,15.938864628821,9.35195337097834,1,0,,,,,1,9360.0,"지지 재탈환",0,0,9507.06536070393,10227.0653607039
20261006,081150,"티플랙스",KOSDAQ,2590.0,-0.58,"비철금속",1.83,1.4484288275,62855161180.0,2700.0,-3.14814814814815,,37.8217821782178,21.280276816609,11.2,104.689303516555,1,1,0,81,"없음",32,-21.7065868263473,37,,,,1,0,,,,,1,2600.0,"지지 재탈환",0,0,2527.11846053443,2632.11846053443
20261006,081180,"쎄크",KOSDAQ,7100.0,5.97,"전자장비와기기",17.01,8.101666505,62661298500.0,7370.0,-2.71370420624152,,6.70212765957447,24.1961414790997,6.8,295.178885582188,0,2,0,56,"없음",35,-37.489102005231,16,20260916,9.40499040307101,16.8497732510227,0,0,,,,,1,6580.0,"저항→지지",0,0,6289.31689421121,6289.31689421121
20261006,081580,"성우전자",KOSDAQ,2415.0,-0.82,"핸드셋",1.44,1.0253717225,37452165345.0,2510.0,-3.78486055776892,,0.0,34.0659340659341,18.4,158.873995569825,2,1,0,60,"없음",37,-20.6896551724138,39,,,,0,0,,,,,1,2385.0,"저항→지지",0,0,2473.1932067636,2473.1932067636
20261006,081660,"미스토홀딩스",KOSPI,39050.0,0.26,"섬유,의류,신발,호화품",25.98,47.803405825,2073236352000.0,41450.0,-5.91073582629674,,64.1051567239636,21.3149522799576,7.6,56.6212991751534,0,1,0,66,"없음",31,-4.8780487804878,66,20260611,8.79801734820322,4.81782435782264,0,0,,,,,1,38550.0,"지지 재탈환",0,0,39310.1086029065,45510.1086029065
20261006,082210,"옵트론텍",KOSDAQ,1810.0,0.84,"전자장비와기기",0.88,0.9831187585,63283627300.0,2100.0,-13.952380952381,,32.9595185995624,26.2037037037037,8.0,56.1740588513781,1,1,0,53,"없음",35,-4.54305335446381,67,20260706,16.2483487450462,3.1628874425291,0,0,,,,,1,1796.0,"저항→지지",0,0,1935.09255852505,2060.09255852505
20261006,082270,"젬백스",KOSDAQ,11090.0,-0.54,"반도체와반도체장비",10.17,11.37655847,504379709830.0,10790.0,3.70713623725672,3.42910101946247,51.031894934334,24.904214559387,7.4,54.2456272461328,0,3,0,93,"없음",40,-67.039764359352,2,,,,0,0,20261001,10790.0,11160.0,125.789502884332,1,10790.0,"저항→지지",0,0,10430.3271097167,11750.3271097167
20261006,082740,"한화엔진",KOSPI,47500.0,-2.26,"조선",298.89,384.403500925,3963739245000.0,50300.0,-5.06958250497018,,53.0557421087979,31.1538461538462,9.6,85.3038131264419,2,1,0,60,"관망",45,9.64408725602755,82,20260917,11.8503118503118,3.32685535399301,0,0,,,,,0,,,0,0,48139.8537507123,48139.8537507123
20261006,082800,"비보존 제약",KOSDAQ,2970.0,0.34,"제약",3.34,4.7770423975,180337408020.0,3540.0,-16.8079096045198,,53.8461538461538,35.2112676056338,12.2,26.730280075281,0,2,0,62,"없음",42,-8.68217054263566,61,20260819,18.3600713012478,41.2460302185761,0,0,,,,,0,,,0,0,2880.89279071854,3255.89279071854
20261006,082850,"우리바이오",KOSDAQ,4660.0,2.42,"디스플레이장비및부품",1.19,5.0960244725,45161527900.0,7090.0,-34.2736248236954,,62.7519110493398,50.5555555555556,12.2,53.7937557036133,0,2,0,46,"없음",42,-48.4513274336283,8,20260907,29.9888517279822,21.486558647018,0,0,,,,,1,4485.0,"지지 재탈환",0,0,6584.17084588094,6584.17084588094
20261006,082920,"비츠로셀",KOSDAQ,30150.0,1.86,"전기제품",81.45,91.9955919,1360955231550.0,30400.0,-0.493421052631579,,55.0163576881134,30.098452883263,6.0,72.979200697167,2,2,0,70,"관망",48,-15.0280898876404,50,,,,1,0,,,,,1,28725.0,"저항→지지",0,0,26426.168457546,32126.168457546
20261006,083310,"엘오티베큠",KOSDAQ,13300.0,3.1,"반도체와반도체장비",31.69,10.61523432,236873438900.0,11240.0,18.6832740213523,6.13879003558719,37.5274323335772,20.1834862385321,6.4,279.040457500939,1,2,0,65,"없음",27,12.1008403361345,84,20260818,13.3918770581778,6.01233331845343,0,0,20261001,11240.0,11930.0,281.368887289918,1,11240.0,"저항→지지",1,1,11852.57168487,11852.57168487
20261006,083420,"그린케미칼",KOSPI,4715.0,0.32,"화학",0.44,0.770843825,113160000000.0,4890.0,-2.35173824130879,,51.9695044472681,17.831541218638,6.6,20.5228661199222,0,3,0,98,"없음",46,-16.520979020979,47,,,,0,0,,,,,1,4710.0,"지지 재탈환",0,0,4577.4685896566,5267.4685896566
20261006,083450,GST,KOSDAQ,56100.0,4.66,"반도체와반도체장비",104.81,69.17642855,1033923000000.0,47800.0,16.5271966527197,1.04602510460251,46.1086637298091,23.5955056179775,7.2,135.186083179691,5,3,0,78,"돌파완료",66,124.596774193548,98,20260929,8.97959183673469,2.70254068496478,0,0,20260921,47800.0,48300.0,83.4737506463784,1,47800.0,"저항→지지",1,1,49420.5415890888,49420.5415890888
20261006,083470,"이엠앤아이",KOSDAQ,935.0,5.06,"디스플레이장비및부품",0.8,0.642680531,19953207615.0,923.0,1.08342361863489,1.08342361863489,57.7079697498546,21.6666666666667,8.0,43.1072777753838,2,2,0,64,"없음",55,-5.85267406659939,65,,,,1,0,20261006,923.0,933.0,41.8871700019393,1,911.0,"저항→지지",0,0,834.950531501717,974.950531501717
20261006,083500,"에프엔에스테크",KOSDAQ,14700.0,0.82,"디스플레이장비및부품",7.48,8.294542895,122103741900.0,11800.0,24.0677966101695,3.64406779661017,55.4372975474317,23.4227701232777,7.2,70.9109231749489,1,3,0,81,"없음",38,-7.80856423173804,62,20260928,8.17661488143908,4.57856360005805,0,0,20260923,11800.0,12230.0,106.716277673443,1,11800.0,"저항→지지",0,0,13458.0993465024,13758.0993465024
20261006,083550,"케이엠",KOSDAQ,3345.0,1.06,"섬유,의류,신발,호화품",0.23,0.375759025,45345371925.0,3500.0,-4.42857142857143,,26.7857142857143,19.1335740072202,9.8,43.6892595147031,2,2,0,82,"없음",53,-5.77464788732394,65,,,,0,0,,,,,1,3290.0,"저항→지지",0,0,3229.54548506562,3229.54548506562
20261006,083640,"인콘",KOSDAQ,5210.0,-0.57,"전자장비와기기",0.18,0.359928065,23922590280.0,6300.0,-17.3015873015873,,28.426092160383,30.5477920626048,7.0,34.9274583557227,0,2,0,59,"없음",40,-46.6079114572658,9,20260812,8.53556485355649,6.22877777352995,0,0,,,,,0,,,0,0,5780.22390397561,6586.22390397561
20261006,083650,"비에이치아이",KOSDAQ,58300.0,-2.02,"에너지장비및서비스",115.92,277.84265785,1804057062500.0,62400.0,-6.25,,42.3052157115261,30.1369863013699,9.8,53.4268078749475,2,1,0,58,"관망",45,-36.7567567567568,16,20260907,12.8333333333333,3.49973314282442,0,0,,,,,0,,,0,0,63017.8229766194,63017.8229766194
20261006,083660,"CSA 코스믹",KOSDAQ,1400.0,0.07,"화장품",0.14,0.621897329,24393822600.0,1920.0,-25.1041666666667,,54.2779062434307,45.2798663324979,12.4,11.1028027664585,0,2,0,57,"없음",42,-31.9451017510648,22,20260826,30.0,11.3307707092062,0,0,,,,,0,,,0,0,1632.33147943091,2112.33147943091
20261006,083790,"CG인바이츠",KOSDAQ,942.0,1.29,"생명과학도구및서비스",1.15,1.503041707,72434319444.0,1015.0,-7.78325123152709,,41.9152276295133,33.2399626517274,7.6,72.2127681079798,0,2,0,59,"없음",37,-36.8846931894808,16,20260820,11.0381077529566,3.5443303847897,0,0,,,,,0,,,0,0,891.306655620259,947.306655620259
20261006,083930,"아바코",KOSDAQ,12790.0,1.11,"전기제품",3.92,3.716473585,187722014710.0,12000.0,6.0,0.833333333333333,46.4635473340588,15.0978564771668,9.4,78.4844724241709,0,2,0,82,"없음",33,1.51636073423783,75,,,,0,0,20260923,12000.0,12100.0,48.3796962404044,1,12000.0,"저항→지지",0,0,11999.4481717266,11999.4481717266
20261006,084010,"대한제강",KOSPI,9280.0,5.94,"철강",26.22,17.196329885,318968410880.0,10120.0,-8.300395256917,,0.0,15.5932203389831,6.8,315.73305280822,0,2,0,52,"없음",32,-8.84086444007858,61,20261001,12.6582278481013,116.57804359789,0,0,,,,,1,8580.0,"저항→지지",0,0,9238.6656169414,9238.6656169414
20261006,084110,"휴온스글로벌",KOSDAQ,23250.0,3.1,"제약",4.46,7.112732525,294340629000.0,30900.0,-24.9190938511327,,63.448275862069,31.1643835616438,10.6,45.8252625618082,0,1,0,44,"없음",22,-65.0075414781297,3,,,,0,0,,,,,1,22750.0,"저항→지지",0,0,22415.6905965526,28565.6905965526
20261006,084370,"유진테크",KOSDAQ,181200.0,2.49,"반도체와반도체장비",242.1,263.5393675,4152386810400.0,156300.0,15.6110044785669,6.84580934101088,56.5319964612209,51.8186905428092,11.2,83.0146613797349,4,1,0,56,"돌파완료",50,63.2339656729901,95,20260611,15.1065203357005,2.59751437188422,0,0,20260929,156300.0,167000.0,96.0757524156462,1,156300.0,"저항→지지",0,0,163516.784663026,163516.784663026
20261006,084690,"대상홀딩스",KOSPI,7900.0,0.89,"식품",1.47,2.07880233,286079050200.0,8430.0,-5.93119810201661,,49.7287522603978,17.5796178343949,9.6,57.9346256868193,0,1,0,86,"없음",31,-11.5942028985507,56,,,,0,0,,,,,1,7850.0,"지지 재탈환",0,0,8009.95500153164,8009.95500153164
20261006,084730,"팅크웨어",KOSDAQ,6970.0,-0.14,"전자제품",0.43,1.343151385,77432685280.0,7020.0,-1.99430199430199,,22.4820143884892,30.0245098039216,4.0,7.82716269828308,0,2,0,86,"없음",43,-15.6862745098039,49,,,,0,0,,,,,1,6610.0,"저항→지지",0,0,7564.85986829363,7564.85986829363
20261006,084850,"아이티엠반도체",KOSDAQ,7990.0,-2.8,"전자장비와기기",1.71,1.265183415,181236642660.0,8200.0,-2.92682926829268,,71.0896309314587,21.1217183770883,9.8,85.9088790112319,1,1,0,69,"없음",32,-26.3644773358002,29,,,,0,0,,,,,0,,,0,0,8135.30735713957,8325.30735713957
20261006,084870,"TBH글로벌",KOSPI,2215.0,1.14,"섬유,의류,신발,호화품",0.13,0.7293386,45315037040.0,2410.0,-8.29875518672199,,8.0188679245283,18.3294663573086,10.6,11.1761592447021,5,2,0,65,"없음",70,3.75586854460094,78,20260821,11.6822429906542,4.34528245497773,0,0,,,,,0,,,0,0,2143.86716590655,2183.86716590655
20261006,084990,"헬릭스미스",KOSDAQ,3790.0,2.57,"생물공학",5.76,7.658432815,174691700630.0,4170.0,-9.35251798561151,,37.1676186724444,25.1315789473684,7.2,94.0079813807669,0,3,0,83,"없음",35,-54.5673076923077,5,20260930,18.167701863354,29.5398240407109,0,0,,,,,1,3230.0,"저항→지지",0,0,3728.59705538961,3728.59705538961
20261006,085310,"엔케이",KOSPI,8800.0,-0.79,"조선",1.51,0.857839875,65279051200.0,9800.0,-9.69387755102041,,28.7488908606921,24.5785270629991,2.6,106.306101634289,0,2,0,65,"없음",33,-17.9035250463822,44,,,,0,0,,,,,0,,,0,0,10327.3358644074,10327.3358644074
20261006,085620,"미래에셋생명",KOSPI,20400.0,4.62,"생명보험",23.01,23.311253595,2757672000000.0,31000.0,-34.3548387096774,,74.0177439797212,65.3887399463807,14.6,50.8848848557237,4,2,0,52,"없음",62,26.1624302541847,90,20260820,15.4013015184382,4.4021541173203,1,0,,,,,1,19060.0,"지지 재탈환",0,0,19068.0686103824,28218.0686103824
20261006,085660,"차바이오텍",KOSDAQ,8670.0,2.48,"건강관리업체및서비스",17.63,15.11156114,806074574820.0,8570.0,1.16686114352392,1.16686114352392,55.4455445544554,23.728813559322,7.2,71.3709450041277,0,2,0,78,"없음",37,-50.028818443804,6,,,,1,0,20261006,8570.0,8670.0,71.4089184275234,1,8270.0,"저항→지지",0,0,7941.38544056569,9251.38544056569
20261006,085670,"뉴프렉스",KOSDAQ,3755.0,1.35,"전자장비와기기",24.33,11.1509597225,92000357555.0,3690.0,2.4390243902439,1.49051490514905,16.8280871670702,36.4275668073136,10.2,307.966524149569,0,1,0,54,"없음",33,-25.296442687747,31,20261002,8.39363241678726,4.56551629469765,0,0,20261002,3690.0,3745.0,480.61592254857,1,3690.0,"저항→지지",0,0,3505.51543194143,3505.51543194143
20261006,085810,"알티캐스트",KOSDAQ,1350.0,-2.74,"건설",0.13,0.3046457105,19084886550.0,1665.0,-15.0750750750751,,1.98645598194131,39.9367755532139,6.4,63.6286027995258,0,1,0,28,"없음",26,-45.3420950908388,9,20260706,8.31586303284417,2.8298516203455,0,0,,,,,1,1398.0,"지지 재탈환",0,0,1416.53471154536,1632.53471154536
20261006,085910,"네오티스",KOSDAQ,20000.0,16.55,"자동차부품",114.75,36.917541905,275896360000.0,18370.0,8.87316276537833,8.87316276537833,46.0168163032635,45.9307359307359,7.0,318.352644210288,2,2,0,60,"관망",36,-0.249376558603491,73,20261006,16.5501165501166,2.81349373638009,0,0,20261006,18370.0,20000.0,335.857269853313,1,15410.0,"지지 재탈환",1,0,15352.8807272906,20082.8807272906
20261006,086040,"바이오톡스텍",KOSDAQ,2285.0,0.44,"생명과학도구및서비스",0.13,0.1759729875,36464594395.0,2340.0,-2.56410256410256,,44.022770398482,14.9514563106796,4.4,47.3599679800825,0,3,0,87,"없음",39,-25.8536585365854,30,,,,0,0,,,,,1,2255.0,"지지 재탈환",0,0,2292.35995810119,2382.35995810119
20261006,086060,"진바이오텍",KOSDAQ,4985.0,-0.2,"제약",0.46,0.5912067775,42923776195.0,5060.0,-1.48221343873518,,0.683060109289614,16.3498098859316,9.8,53.9192110005621,5,1,0,77,"없음",56,2.25641025641026,76,20260714,9.68443960826986,3.36472003074834,0,0,,,,,1,4950.0,"저항→지지",0,0,4635.88015668994,4815.88015668994
20261006,086280,"현대글로비스",KOSPI,200500.0,-0.5,"항공화물운송과물류",148.69,281.82076535,15037500000000.0,216000.0,-7.17592592592593,,58.5987261146497,14.9302325581395,9.6,48.0698207804664,1,2,0,83,"관망",40,-3.37349397590361,69,,,,0,0,,,,,1,199000.0,"지지 재탈환",0,0,200823.131160418,200823.131160418
20261006,086390,"유니테스트",KOSDAQ,15400.0,1.32,"반도체와반도체장비",47.53,26.83148447,325465540400.0,13450.0,14.6468401486989,4.46096654275093,34.9179400113186,44.6280991735537,9.8,127.859277920437,1,2,0,63,"없음",33,-2.21940393151554,71,,,,0,0,20260930,13450.0,14050.0,170.387587334312,1,13450.0,"저항→지지",0,0,14018.3928734276,14018.3928734276
20261006,086450,"동국제약",KOSDAQ,21800.0,-4.18,"제약",98.98,93.47256566,986023156000.0,22400.0,-2.67857142857143,2.23214285714286,25.544267053701,21.2053571428571,7.0,100.827333445214,3,2,0,48,"수축중",52,-7.6271186440678,62,20260828,15.343347639485,3.34621662716336,0,0,20261002,22400.0,22900.0,174.445037309571,0,,,0,0,21052.2691462,21052.2691462
20261006,086520,"에코프로",KOSDAQ,95300.0,7.2,"화학",1264.23,512.8479483,12939467285600.0,92300.0,3.57529794149512,3.57529794149512,63.9355742296919,25.2358490566038,9.8,172.803991027512,0,2,0,64,"관망",39,-31.4695340501792,23,,,,0,0,20261006,92300.0,95600.0,175.545782766822,1,83000.0,"저항→지지",1,0,80824.1720322063,86224.1720322063
20261006,086670,"비엠티",KOSDAQ,19530.0,3.12,"기계",12.38,9.344908945,193852534050.0,19740.0,-1.46909827760892,,28.1501340482574,20.8891269416176,7.2,107.611010909987,5,3,0,88,"없음",63,30.8882907133244,91,20260810,9.55569080949483,20.7098437019697,1,0,,,,,1,17500.0,"저항→지지",0,0,18212.2567006071,18212.2567006071
20261006,086710,"선진뷰티사이언스",KOSDAQ,7010.0,0.86,"화장품",0.43,0.43067302,85544992800.0,7470.0,-5.62248995983936,,55.0772626931567,19.9516324062878,4.6,28.9504833759044,0,2,0,79,"없음",47,-26.4091858037578,29,20260701,9.98487140695916,3.48027980354219,1,0,,,,,1,6800.0,"지지 재탈환",0,0,7066.23017163154,8116.23017163154
20261006,086790,"하나금융지주",KOSPI,129100.0,0.0,"은행",632.67,899.6737635,34982215381000.0,141900.0,-8.94996476391825,,49.1340018231541,17.4736842105263,10.6,66.287230954783,4,3,0,88,"관망",58,21.2007504690432,88,,,,0,0,,,,,0,,,0,0,132845.311526369,133345.311526369
20261006,086820,"바이오솔루션",KOSDAQ,6790.0,1.34,"생물공학",7.19,3.72101739,176024537150.0,7990.0,-15.5193992490613,,6.88836104513064,21.2962962962963,5.4,135.731486397736,1,2,0,47,"없음",37,-42.8450465707028,11,20260818,8.69565217391304,4.28343000764329,1,0,,,,,0,,,0,0,6967.46588648854,6967.46588648854
20261006,086890,"이수앱지스",KOSDAQ,3955.0,2.86,"제약",4.89,3.1605519825,161265085450.0,4175.0,-4.67065868263473,,18.3060109289618,25.8974358974359,9.6,83.9767110998441,0,3,0,84,"없음",40,-10.8622620380739,57,20260723,16.3398692810458,23.8414648913241,0,0,,,,,1,3720.0,"저항→지지",0,0,3796.5750136449,3796.5750136449
20261006,086900,"메디톡스",KOSDAQ,67200.0,0.9,"생물공학",5.83,10.73837875,490458998400.0,73900.0,-8.7956698240866,,69.6629213483146,19.7062423500612,7.4,34.8007828296617,0,2,0,78,"없음",39,-33.4649555774926,20,,,,0,0,,,,,0,,,0,0,69218.6683632359,77018.6683632359
20261006,086960,"MDS테크",KOSDAQ,2455.0,3.81,"소프트웨어",22.06,29.9586744595,104407884850.0,2620.0,-6.6793893129771,,0.0,19.2708333333333,9.4,138.946998464461,0,1,0,50,"없음",31,-11.7009750812568,55,20260929,11.214953271028,16.6262769301435,0,0,,,,,1,2040.0,"저항→지지",0,0,2363.30036799926,2363.30036799926
20261006,086980,"쇼박스",KOSDAQ,1725.0,-0.4,"방송과엔터테인먼트",0.87,1.358294683,107705550000.0,2005.0,-14.2643391521197,,53.5045478865704,19.6190476190476,9.6,47.3420578982741,0,1,0,72,"없음",26,-35.6179775280899,18,,,,0,0,,,,,0,,,0,0,1860.37644021402,2120.37644021402
20261006,087010,"펩트론",KOSDAQ,130100.0,0.46,"생물공학",176.84,200.1532768,3033587235000.0,162000.0,-19.6296296296296,,57.2457505041775,39.5652173913043,6.8,82.5809203351883,0,1,0,48,"관망",26,-55.6388415672913,4,,,,0,0,,,,,0,,,0,0,142369.411570145,181869.411570145
20261006,087600,"픽셀플러스",KOSDAQ,3885.0,2.37,"반도체와반도체장비",0.23,0.1350455875,31727077830.0,4795.0,-18.978102189781,,0.0,32.4510932105869,11.2,156.561474530009,0,1,0,47,"없음",22,-34.9246231155779,19,,,,0,0,,,,,0,,,0,0,4221.77715600791,4221.77715600791
20261006,088130,"동아엘텍",KOSDAQ,5730.0,-0.69,"디스플레이장비및부품",4.15,3.92882597,100190849220.0,6000.0,-4.16666666666667,,31.2399355877617,22.9166666666667,9.4,92.2130992661045,2,3,0,88,"없음",44,-15.3166421207658,49,,,,0,0,,,,,1,5650.0,"저항→지지",0,0,5382.52913116027,5382.52913116027
20261006,088260,"이리츠코크렙",KOSPI,3215.0,-0.92,"부동산",4.24,1.8443867625,203643211850.0,3360.0,-4.01785714285714,,28.2967032967033,12.0826709062003,9.2,169.826133903704,0,3,0,89,"없음",36,-31.9620253164557,22,,,,0,0,,,,,0,,,0,0,3167.34116474795,3252.34116474795
20261006,088280,"쏘닉스",KOSDAQ,3285.0,1.7,"핸드셋",2.81,4.1846832325,56851819650.0,3830.0,-14.621409921671,,7.28196443691787,25.0440917107584,6.8,97.7069027087468,2,1,0,42,"없음",36,4.64,78,20260909,12.4260355029586,9.87554516849294,0,0,,,,,1,2520.0,"저항→지지",0,0,3218.18548626124,3218.18548626124
20261006,088290,"이원컴포텍",KOSDAQ,2510.0,-0.4,"자동차부품",0.11,0.1660208325,20019940720.0,2405.0,4.36590436590437,4.98960498960499,32.9568491167101,25.0936329588015,7.4,52.4530016822079,0,2,0,60,"없음",39,15.9353348729792,86,20260803,10.8695652173913,4.09957689083004,0,0,20261001,2405.0,2525.0,367.169408438844,1,2405.0,"저항→지지",0,0,2173.09061530644,2308.09061530644
20261006,088340,"유라클",KOSDAQ,6500.0,1.25,"소프트웨어",0.43,1.38372437,28368392000.0,7130.0,-9.39691444600281,,15.9302325581395,18.925831202046,7.6,47.1370731013593,0,1,0,42,"없음",25,-43.4820647419073,10,,,,0,0,,,,,0,,,0,0,7785.00471928239,7785.00471928239
20261006,088350,"한화생명",KOSPI,5310.0,-0.38,"생명보험",79.41,191.71877147,4611894300000.0,6260.0,-15.6549520766773,,36.5019011406844,20.763358778626,4.0,37.4972856788596,4,2,0,71,"수축중",63,19.1873589164786,87,20260814,11.9284294234592,4.67225920058883,0,0,,,,,0,,,0,0,5995.41778574405,5995.41778574405
20261006,088390,"이녹스",KOSDAQ,8370.0,1.45,"레저용장비와제품",0.43,0.41123903,78559514280.0,8860.0,-4.06320541760722,,37.8378378378378,32.9842931937173,10.6,80.9694838074815,0,1,0,80,"없음",27,-25.764192139738,30,,,,1,0,,,,,1,7960.0,"저항→지지",0,0,8031.08485251572,8031.08485251572
20261006,088790,"진도",KOSPI,2350.0,-5.05,"섬유,의류,신발,호화품",0.87,1.0855995425,29252198400.0,2500.0,-6.2,2.4,25.3363228699552,18.9837398373984,7.4,86.4749205495115,3,2,0,67,"없음",50,-8.21917808219178,62,20260901,11.9331742243437,8.13072802715956,0,0,20260930,2500.0,2560.0,204.806749743972,1,2205.0,"저항→지지",0,0,2347.72466468793,2347.72466468793
20261006,088800,"에이스테크",KOSDAQ,2475.0,3.34,"통신장비",21.6,15.483449171,186878424150.0,2840.0,-12.1478873239437,,0.0,28.0257510729614,8.0,236.788346584644,0,1,0,40,"없음",26,-34.8563968668407,19,20261002,9.63302752293578,7.72647992996913,0,0,,,,,1,1900.0,"저항→지지",0,0,2444.81650300188,2444.81650300188
20261006,088910,"동우팜투테이블",KOSDAQ,1970.0,0.61,"식품",0.34,0.76974115,50671875080.0,2125.0,-7.71764705882353,,74.6502057613169,28.0221811460259,13.8,40.8537559893126,1,3,0,83,"없음",40,-16.9067796610169,46,20260623,13.716814159292,16.0789276890661,0,0,,,,,0,,,0,0,2020.08161964481,2130.08161964481
20261006,088980,"맥쿼리인프라",KOSPI,9770.0,-0.2,"운송인프라",64.48,66.986002215,4679067871610.0,10090.0,-3.07234886025768,,40.7407407407407,8.26771653543307,8.4,58.5401032763249,0,2,0,88,"없음",44,-12.8342245989305,53,,,,0,0,,,,,0,,,0,0,9830.56040244664,10040.5604024466
20261006,089010,"켐트로닉스",KOSDAQ,29000.0,3.39,"전자장비와기기",47.64,38.577584875,486330783000.0,24300.0,20.1646090534979,3.29218106995885,29.1457286432161,32.1503131524008,11.2,173.568513098137,1,1,0,73,"관망",30,11.8773946360153,84,,,,0,0,20260928,24300.0,25100.0,798.792069748624,1,24300.0,"저항→지지",0,0,27450.4509141607,27450.4509141607
20261006,089030,"테크윙",KOSDAQ,57200.0,4.19,"반도체와반도체장비",409.52,354.4374564,2119468494000.0,51000.0,12.7450980392157,1.17647058823529,52.3182598740698,40.1041666666667,9.8,110.592161367696,3,1,0,54,"관망",45,26.9315673289183,90,20261001,8.77862595419847,2.61487312817024,0,0,20260929,51000.0,51600.0,111.208586750056,1,49800.0,"저항→지지",0,0,51211.5322091121,51211.5322091121
20261006,089140,"넥스턴앤롤코리아",KOSDAQ,2320.0,7.41,"기계",6.99,0.973493245,35533662880.0,2190.0,5.47945205479452,5.47945205479452,57.4992747316507,21.8992248062016,6.4,460.181071060712,1,1,0,85,"없음",36,9.47867298578199,82,20260630,15.5405405405405,4.02057515910993,1,0,20261006,2190.0,2310.0,492.642091131613,0,,,1,0,1960.57580056244,2350.57580056244
20261006,089150,"케이씨티",KOSDAQ,1645.0,0.73,"컴퓨터와주변기기",0.42,0.4384653075,28211750000.0,1920.0,-14.7395833333333,,63.0734966592428,24.974358974359,9.8,78.1037251968099,0,1,0,62,"없음",22,-52.4818577648766,5,,,,0,0,,,,,0,,,0,0,1746.35860018373,1956.35860018373
20261006,089230,"THE E&M",KOSDAQ,1834.0,-1.19,"양방향미디어와서비스",7.99,4.1793952835,72298763236.0,2230.0,-17.2645739910314,,24.3916083916084,46.8877551020408,10.8,153.855299790596,2,1,0,50,"없음",36,-33.0308529945554,21,20260714,21.8,7.7829369653014,0,0,,,,,1,1827.0,"지지 재탈환",0,0,1935.44234094631,2130.44234094631
20261006,089470,"HDC현대EP",KOSPI,4040.0,6.32,"자동차부품",1.23,1.48070799,128876000000.0,4090.0,-6.23471882640587,,38.3030303030303,24.0454076367389,8.2,37.3231448194906,0,1,0,71,"없음",35,-18.9217758985201,42,20260804,11.260053619303,9.01929902695116,0,0,,,,,0,,,0,0,3879.68148190061,4514.68148190061
20261006,089590,"제주항공",KOSPI,4510.0,0.56,"항공사",7.78,12.1436843225,363690842350.0,4750.0,-5.26315789473684,,9.20863309352518,29.3439716312057,15.2,96.627940678425,0,1,0,60,"없음",31,-9.81963927855711,59,20260615,18.6635944700461,26.0101649648313,0,0,,,,,0,,,0,0,4622.58378833195,4622.58378833195
20261006,089600,"KT나스미디어",KOSDAQ,12570.0,3.97,"광고",1.98,2.444893205,143380459200.0,13350.0,-6.14232209737828,,20.2877697841727,14.6364494806421,14.8,49.2176790940637,3,1,0,63,"없음",50,10.1054481546573,83,20260807,11.9417475728155,20.028074852809,0,0,,,,,0,,,0,0,12837.747858647,12847.747858647
20261006,089790,"제이티",KOSDAQ,6990.0,3.86,"반도체와반도체장비",8.23,8.39928722,72105435870.0,6190.0,8.56219709208401,5.65428109854604,10.0691775557264,21.689259645464,6.4,95.0733219552153,3,2,0,49,"없음",47,34.1317365269461,92,20260901,20.2469135802469,40.5606430055089,0,0,20261001,6190.0,6540.0,249.995596719934,1,6190.0,"저항→지지",0,0,6238.10037448033,6238.10037448033
20261006,089850,"유비벨록스",KOSDAQ,4400.0,1.85,"전자제품",0.25,0.273842865,64812875600.0,4355.0,0.574052812858783,0.574052812858783,22.4965706447188,14.027149321267,9.4,55.2518919086911,0,3,0,93,"없음",46,-13.6094674556213,52,,,,1,0,20261006,4355.0,4380.0,55.2131758494521,1,4295.0,"저항→지지",0,0,4024.91150666935,4069.91150666935
20261006,089860,"롯데렌탈",KOSPI,51000.0,-1.16,"도로와철도운송",36.42,37.980331625,1851778788000.0,52100.0,-2.30326295585413,,42.8165007112376,16.4251207729469,9.6,55.9172363406736,5,2,0,72,"없음",73,66.3398692810458,96,20260901,8.55332629355861,2.58049940980124,0,0,,,,,1,49700.0,"저항→지지",0,0,48690.0065227146,49690.0065227146
20261006,089890,"코세스",KOSDAQ,35450.0,-3.01,"반도체와반도체장비",88.55,59.861775475,587936902900.0,29950.0,18.5308848080134,0.834724540901502,42.9110105580694,23.7226277372263,5.2,123.187138076827,3,2,0,55,"수축중",47,88.1293057763646,97,20261001,10.3186646433991,2.86921782068486,0,0,20260928,29950.0,30200.0,129.500456947626,1,29950.0,"저항→지지",0,0,33006.7977593692,33006.7977593692
20261006,089970,"브이엠",KOSDAQ,70100.0,6.05,"반도체와반도체장비",507.4,393.37482655,1861580156500.0,63500.0,10.8661417322835,10.5511811023622,71.5712988192552,37.2628726287263,7.2,118.555727612645,3,2,0,51,"수축중",51,81.6774193548387,97,20260604,28.2287822878229,2.64438597487437,0,0,20261001,63500.0,70200.0,148.477608363138,1,63500.0,"저항→지지",0,0,61063.7290903121,107363.729090312
20261006,089980,"상아프론테크",KOSDAQ,16930.0,2.54,"전자장비와기기",8.69,7.31231919,270694396410.0,18640.0,-8.8519313304721,,23.2894736842105,9.2387768379961,5.0,159.712277143764,1,1,0,44,"없음",34,-21.1600928074246,38,20260918,8.69276708692768,29.3952380130186,0,0,,,,,1,15450.0,"저항→지지",0,0,17084.4221060788,17084.4221060788
20261006,090080,"평화산업",KOSPI,1013.0,0.5,"자동차부품",0.92,1.057705601,55615988367.0,1050.0,-4.28571428571429,,0.0,16.4976958525346,6.0,41.0856438093065,3,2,0,81,"없음",56,8.88407367280607,81,,,,0,0,,,,,1,985.0,"저항→지지",0,0,1057.9494395899,1057.9494395899
20261006,090150,"아이윈",KOSDAQ,5950.0,-1.16,"자동차부품",0.07,0.680062405,24915797550.0,6220.0,-4.18006430868167,,48.5094850948509,29.4871794871795,6.0,5.94170073830044,0,2,0,88,"없음",47,-23.6875800256082,33,20260819,30.0,94.8267099703791,0,0,,,,,0,,,0,0,5635.99449975523,7215.99449975523
20261006,090350,"노루페인트",KOSPI,8190.0,1.11,"건축자재",4.56,2.17438989,163800000000.0,8240.0,-0.364077669902913,,39.8963730569948,7.63157894736842,9.6,155.359503818349,2,1,0,71,"없음",37,-0.243013365735115,73,,,,0,0,,,,,1,8000.0,"저항→지지",1,0,7808.0743039763,7958.0743039763
20261006,090360,"로보스타",KOSDAQ,82000.0,3.4,"기계",91.1,91.0815711,799500000000.0,82000.0,0.121951219512195,,60.8678343949044,24.9460043196544,6.6,74.2230196404279,2,3,0,93,"관망",63,46.6071428571429,94,20260722,12.3938879456706,2.68180221270301,0,0,,,,,1,80200.0,"저항→지지",0,0,74147.662948622,83047.662948622
20261006,090370,"메타랩스",KOSPI,1172.0,-1.18,"상업서비스와공급품",0.22,0.909838652,32001095508.0,1328.0,-13.1777108433735,,39.639079029247,23.4453781512605,12.4,19.2986221162409,0,1,0,54,"없음",30,-17.9943100995733,44,20260901,10.5072463768116,72.9766633871638,0,0,,,,,0,,,0,0,1176.82029050239,1250.82029050239
20261006,090410,"덕신이피씨",KOSDAQ,3405.0,1.04,"건축자재",0.32,0.5684118675,31383268695.0,3700.0,-7.97297297297297,,72.8540305010893,57.5240919199407,12.6,35.777991061415,0,1,0,52,"없음",33,-41.343669250646,12,20260701,15.3679653679654,21.2838699443074,0,0,,,,,0,,,0,0,3591.79237961425,4161.79237961425
20261006,090430,"아모레퍼시픽",KOSPI,132300.0,-0.3,"화장품",313.62,283.58807785,7738592015700.0,149400.0,-10.9772423025435,,35.6118143459916,13.4099616858238,11.8,81.9638400994116,3,1,0,66,"관망",48,-3.06122448979592,70,20260730,9.9261689909762,3.45728484624801,0,0,,,,,0,,,0,0,137985.233224288,141085.233224288
20261006,090460,"비에이치",KOSPI,22500.0,8.17,"전자장비와기기",246.98,217.022841145,758509605000.0,21150.0,6.85579196217494,6.85579196217494,42.321083172147,24.2849974912193,6.8,108.241601720666,2,2,0,56,"관망",54,12.7182044887781,84,20260901,20.6801974766868,5.46069028917434,1,0,20261006,21150.0,22600.0,109.827604577915,1,19930.0,"저항→지지",0,0,20351.0753320822,20351.0753320822
20261006,090470,"제이스로보틱스",KOSDAQ,4250.0,4.94,"전자장비와기기",0.43,1.5815872375,74275524500.0,5990.0,-30.7178631051753,,39.2328398384926,25.1360174102285,10.8,19.2739582686336,1,1,0,47,"없음",35,-50.1201923076923,6,20260828,13.4751773049645,6.28357431355456,0,0,,,,,1,4105.0,"지지 재탈환",0,0,4198.13842505566,5248.13842505566
20261006,090850,"현대이지웰",KOSDAQ,4915.0,-0.2,"상업서비스와공급품",1.51,1.5574088975,110478893245.0,5090.0,-3.53634577603143,,71.8527315914489,25.4303599374022,9.0,46.5266474187163,1,2,0,90,"없음",52,-21.939586645469,37,20260529,8.23754789272031,4.45984622179255,0,0,,,,,0,,,0,0,4832.71963526561,6132.71963526561
20261006,091120,"이엠텍",KOSDAQ,5920.0,2.96,"핸드셋",1.1,1.8779701875,101426981120.0,5770.0,1.55979202772964,1.55979202772964,0.0,18.854415274463,10.6,52.268104886538,0,1,0,68,"없음",33,-6.08974358974359,65,20260928,14.8225469728601,6.85034348217561,0,0,20261006,5770.0,5860.0,51.9901504799732,1,5170.0,"저항→지지",0,0,5219.54046989573,5219.54046989573
20261006,091340,"S&K폴리텍",KOSDAQ,2750.0,3.97,"전자장비와기기",2.01,1.4472520975,32185232750.0,2745.0,0.0,,14.9484536082474,18.8157894736842,12.8,188.657672078665,4,1,0,64,"없음",49,13.4297520661157,85,,,,1,0,,,,,1,2390.0,"저항→지지",0,0,2531.81896001596,2531.81896001596
20261006,091440,"한울소재과학",KOSDAQ,2770.0,-0.89,"통신장비",3.5,8.690912175,102357959640.0,3450.0,-19.7101449275362,,33.4486735870819,36.3291139240506,6.4,44.3523519561301,2,1,0,48,"없음",36,-3.65217391304348,68,20260713,19.7628458498024,3.7035358009887,0,0,,,,,0,,,0,0,3014.04225837702,3514.04225837702
20261006,091580,"상신이디피",KOSDAQ,24900.0,11.66,"전기제품",148.48,64.65072065,331872653100.0,24150.0,2.89855072463768,2.89855072463768,11.7535184480791,28.1901041666667,9.6,229.195380386098,4,1,0,53,"돌파완료",65,42.7340608845491,93,20260827,10.3194103194103,3.66171409541593,0,0,20261006,24150.0,24850.0,239.115105160869,1,22200.0,"저항→지지",1,1,21000.2645301091,21000.2645301091
20261006,091590,"남화토건",KOSDAQ,5750.0,-4.8,"건설",9.33,26.06264224,67505000000.0,7940.0,-26.448362720403,,77.6146239136949,70.0574241181296,12.6,17.4188127908647,4,2,0,65,"없음",62,52.6797385620915,94,20260902,20.933734939759,3.60452781995999,0,0,,,,,0,,,0,0,6857.73039123831,7167.73039123831
20261006,091700,"파트론",KOSDAQ,5280.0,1.34,"핸드셋",2.68,4.335850245,264000000000.0,5480.0,-4.37956204379562,,37.0466321243523,16.243654822335,9.4,46.4302865216253,0,3,0,94,"없음",36,-31.2335958005249,23,,,,0,0,,,,,0,,,0,0,5236.45475257074,5586.45475257074
20261006,091810,"트리니티항공",KOSPI,2645.0,2.32,"항공사",1.47,1.599952865,270070610695.0,3295.0,-19.7268588770865,,59.0909090909091,50.5020080321285,15.2,101.357320297036,0,2,0,52,"없음",32,-37.3222748815166,16,20260615,13.3079847908745,9.06592467111092,1,0,,,,,0,,,0,0,2651.89629347808,3096.89629347808
20261006,091970,"LSK아이로봇",KOSDAQ,3575.0,0.28,"화학",0.28,0.6653892175,26936838500.0,4145.0,-13.6308805790109,,63.4205721241631,28.5867237687366,8.2,18.2686347282166,4,1,0,54,"없음",50,14.9277688603531,86,20260709,8.03443328550932,2.86541263002917,0,0,,,,,0,,,0,0,3663.46470349838,4188.46470349838
20261006,092040,"아미코젠",KOSDAQ,990.0,0.2,"생물공학",1.59,3.9579795175,69948833130.0,1083.0,-8.58725761772853,,67.1450737005431,23.219512195122,4.4,25.2687097380748,0,2,0,71,"없음",45,-39.0769230769231,14,20260623,17.3677069199457,7.27223376004482,0,0,,,,,1,939.0,"저항→지지",0,0,958.397734160736,1162.39773416074
20261006,092070,"디엔에프",KOSDAQ,14900.0,0.88,"반도체와반도체장비",11.06,4.84138487,172420684200.0,14690.0,1.63376446562287,1.63376446562287,43.5883905013193,24.7793618465716,6.8,249.838467225316,1,2,0,62,"없음",37,-19.2099567099567,42,,,,0,0,20261006,14690.0,14930.0,258.896630285779,1,12800.0,"저항→지지",1,0,13247.4479947983,13697.4479947983
20261006,092130,"이크레더블",KOSDAQ,14200.0,-0.56,"상업서비스와공급품",0.57,0.412658295,171019120000.0,14530.0,-1.8582243633861,,7.93918918918919,6.25429553264605,2.6,103.814582327378,0,2,0,71,"없음",35,-1.6551724137931,72,,,,0,0,,,,,1,14180.0,"지지 재탈환",0,0,13923.773303956,13933.773303956
20261006,092200,"디아이씨",KOSPI,5910.0,2.96,"자동차부품",12.92,12.08259858,229831442790.0,6000.0,-1.66666666666667,,44.758064516129,28.6252354048964,9.6,45.6466878490379,0,3,0,87,"없음",50,-28.3110571081409,26,20260814,25.3333333333333,14.0520495102532,0,0,,,,,1,5510.0,"지지 재탈환",0,0,5306.01339125901,6346.01339125901
20261006,092220,KEC,KOSPI,3250.0,1.09,"반도체와반도체장비",11.7,21.324540555,130496041000.0,3130.0,5.11182108626198,2.55591054313099,31.9591390003648,18.9655172413793,6.8,90.7172765000879,1,1,0,61,"없음",36,-59.2569659442724,3,20260921,10.5719237435009,4.10568368726031,0,0,20261001,3130.0,3210.0,112.503812084038,1,3130.0,"저항→지지",0,0,3000.38752876991,3000.38752876991
20261006,092230,"KPX홀딩스",KOSPI,95900.0,-0.21,"화학",2.09,1.7861973,378690783100.0,101800.0,-6.48330058939096,,13.7190082644628,8.56820744081172,11.4,68.1608347843329,5,1,0,53,"없음",56,21.5836526181354,88,,,,0,0,,,,,1,95000.0,"지지 재탈환",0,0,94687.8987489947,98287.8987489947
20261006,092300,"현우산업",KOSDAQ,2825.0,6.81,"전자장비와기기",5.54,2.104949235,56923385575.0,2655.0,6.4030131826742,6.4030131826742,44.8333333333333,24.0816326530612,9.6,216.288087659077,0,2,0,52,"없음",37,-7.22495894909688,63,20260814,10.7569721115538,5.95971984103482,0,0,20261006,2655.0,2825.0,222.164040795601,1,2500.0,"저항→지지",1,0,2421.47678317328,2896.47678317328
20261006,092440,"기신정기",KOSPI,1829.0,-0.05,"기계",0.64,1.707002821,53406800000.0,1970.0,-6.6497461928934,,3.6958066808813,8.56849666495639,11.2,45.3846624684504,0,1,0,51,"없음",27,-17.9017857142857,44,,,,0,0,,,,,0,,,0,0,1919.53813690331,1919.53813690331
20261006,092460,"한라IMS",KOSDAQ,16950.0,0.71,"조선",3.98,2.16290738,290009076000.0,16980.0,-0.176678445229682,,64.7991543340381,23.3280674038968,9.2,84.1941656253517,3,1,0,93,"없음",42,18.3659217877095,87,,,,1,0,,,,,1,16380.0,"지지 재탈환",0,0,16353.0785138344,17823.0785138344
20261006,092600,"앤씨앤",KOSDAQ,2560.0,1.19,"전자제품",2.32,9.583034096,12842759680.0,3645.0,-29.7668038408779,,4.33948693358907,24.400871459695,4.4,47.6039071488632,1,1,0,41,"없음",31,-42.2773393461105,11,20260911,29.8024149286498,9.43612479107806,0,0,,,,,1,1988.0,"저항→지지",0,0,3955.32212901868,3955.32212901868
20261006,092730,"네오팜",KOSDAQ,22600.0,-2.16,"화장품",11.01,12.577225025,362232551400.0,25000.0,-10.0,,21.3615023474178,19.8076923076923,7.0,70.7508963125365,5,2,0,61,"없음",62,32.7433628318584,92,20260810,13.9479905437352,5.83812377690802,0,0,,,,,1,21500.0,"지지 재탈환",0,0,22596.2437879495,23596.2437879495
20261006,092780,DYP,KOSPI,3400.0,-1.45,"자동차부품",1.25,4.6802404525,44772764000.0,5120.0,-33.59375,,1.34994807892005,28.0701754385965,12.8,67.1535899150704,1,1,0,50,"없음",31,-21.2050984936269,38,20260918,29.9524564183835,23.8676549707439,0,0,,,,,1,3335.0,"저항→지지",0,0,4633.8823553834,4633.8823553834
20261006,092790,"넥스틸",KOSPI,14250.0,1.21,"철강",92.94,187.476186075,370528500000.0,15560.0,-8.3547557840617,,24.9547920433996,22.9547259729944,9.6,83.8000912471738,3,2,0,55,"수축중",50,31.4285714285714,91,20260617,8.35579514824798,5.75756938768631,1,0,,,,,1,14250.0,"저항→지지",0,0,14286.0423847273,14286.0423847273
20261006,092870,"엑시콘",KOSDAQ,53600.0,1.9,"반도체와반도체장비",158.4,153.766734425,699522719200.0,32800.0,64.3292682926829,2.74390243902439,0.0,49.0680100755667,11.4,91.7444731739164,4,1,0,48,"돌파완료",50,111.372549019608,98,20260923,13.9473684210526,3.455919087285,0,0,20260917,32800.0,33700.0,83.2503067572928,1,32800.0,"저항→지지",0,0,48299.8226850946,48299.8226850946
20261006,093050,LF,KOSPI,23700.0,-2.07,"섬유,의류,신발,호화품",11.82,5.346206125,692988000000.0,23900.0,-0.836820083682008,1.25523012552301,40.650406504065,11.2554112554113,9.4,207.334999081816,4,1,0,58,"없음",47,-2.06611570247934,71,,,,0,0,20261002,23900.0,24200.0,198.513952640662,1,22650.0,"저항→지지",0,0,22575.5299590512,22575.5299590512
20261006,093190,"빅솔론",KOSDAQ,8170.0,0.12,"컴퓨터와주변기기",0.5,0.961614705,157181853850.0,8590.0,-4.88940628637951,,42.7170868347339,16.5437302423604,6.8,17.3843954678338,4,3,1,95,"없음",70,12.3796423658872,84,20260813,10.1190476190476,15.5892173788646,0,0,,,,,0,,,0,0,8127.90170264678,8837.90170264678
20261006,093320,"케이아이엔엑스",KOSDAQ,128100.0,1.67,"IT서비스",8.5,14.8176602,625128000000.0,148700.0,-13.4498991257566,,48.8849765258216,17.8714859437751,9.4,53.4040595710425,3,1,0,54,"없음",41,28.7,90,20260615,8.4664536741214,5.73192318562482,0,0,,,,,1,128000.0,"지지 재탈환",0,0,134119.022958341,149119.022958341
20261006,093370,"후성",KOSPI,16230.0,-0.98,"화학",659.5,662.20764265,1740754005900.0,15050.0,7.9734219269103,3.98671096345515,49.6664645239539,22.6594301221167,6.4,111.57780555208,4,2,0,65,"돌파완료",58,131.481481481481,98,20260615,17.832719621252,3.4491744686862,0,0,20261001,15050.0,15650.0,241.09044683051,1,15050.0,"저항→지지",0,0,14243.7125855533,14243.7125855533
20261006,093380,"풍강",KOSDAQ,3080.0,6.02,"자동차부품",0.31,1.1147566925,30428284040.0,3280.0,-13.5670731707317,,4.23572744014732,14.1337386018237,3.4,37.7088461803768,3,1,0,53,"없음",41,10.7421875,83,20260702,24.1784037558686,134.924141817778,0,0,,,,,0,,,0,0,3065.68547812111,3065.68547812111
20261006,093520,"매커스",KOSDAQ,29500.0,0.0,"반도체와반도체장비",3.86,4.685555925,351104191500.0,30000.0,-2.33333333333333,,32.2803195352215,18.1506849315068,6.4,47.8977488130269,5,3,1,89,"없음",61,30.5122494432071,91,,,,0,0,,,,,1,29000.0,"저항→지지",0,0,27327.2880822275,27327.2880822275
20261006,093640,"케이알엠",KOSDAQ,4770.0,1.49,"반도체와반도체장비",1.53,1.4097298625,156664525320.0,5100.0,-6.47058823529412,,0.0,19.4557823129252,12.8,80.7915997789415,5,2,0,56,"없음",58,0.952380952380952,74,,,,1,0,,,,,0,,,0,0,4524.2581487176,4524.2581487176
20261006,093920,"서원인텍",KOSDAQ,4870.0,1.04,"핸드셋",0.2,0.35603671,90582000000.0,4990.0,-2.40480961923848,,5.00000000000001,7.66871165644172,9.4,37.6230319024958,1,2,0,79,"없음",40,-2.20883534136546,71,,,,0,0,,,,,1,4800.0,"지지 재탈환",0,0,4776.49635733772,4776.49635733772
20261006,094170,"동운아나텍",KOSDAQ,25700.0,-3.93,"반도체와반도체장비",25.5,19.8276612,537385355200.0,37300.0,-30.9651474530831,,68.6663361427863,28.169014084507,7.2,104.827564050558,2,1,0,49,"없음",36,-13.7353433835846,52,20260731,15.203426124197,2.64632705505911,0,0,,,,,0,,,0,0,28432.4491553243,33682.4491553243
20261006,094280,"효성ITX",KOSPI,11900.0,0.0,"상업서비스와공급품",0.18,0.536102185,137542580000.0,12150.0,-1.81069958847737,,40.9090909090909,9.07668231611894,10.0,25.6925338806644,0,2,0,89,"없음",35,-1.40495867768595,72,,,,0,0,,,,,0,,,0,0,12125.7541180431,12405.7541180431
20261006,094360,"칩스앤미디어",KOSDAQ,12870.0,0.16,"반도체와반도체장비",11.35,15.93827992,274842376380.0,13090.0,-1.2987012987013,,55.0707547169811,13.884007029877,6.6,101.034171361004,0,1,0,71,"없음",31,-15.2230971128609,49,20260921,10.239852398524,7.22525478458031,0,0,,,,,1,11030.0,"저항→지지",0,0,11952.7841898384,11952.7841898384
20261006,094480,"갤럭시아머니트리",KOSDAQ,5880.0,-0.68,"IT서비스",10.73,30.0612524,230671447440.0,5970.0,-1.34003350083752,,46.0275771503611,30.0862068965517,9.8,20.4435852968466,0,1,0,57,"관망",35,-24.4871794871795,32,20260821,12.6142595978062,34.3328378740754,0,0,,,,,1,5440.0,"지지 재탈환",0,0,5805.96610327705,6115.96610327705
20261006,094800,"맵스리얼티",KOSPI,7720.0,-1.91,"부동산",1.35,10.58283774,716681035320.0,8000.0,-3.5,,14.8148148148148,21.9219219219219,14.8,17.7745318768697,5,2,0,65,"없음",60,12.536443148688,84,20260611,14.5129224652087,4.8473342218332,0,0,,,,,1,7230.0,"저항→지지",0,0,7478.85024995934,7478.85024995934
20261006,094820,"일진파워",KOSDAQ,12650.0,4.55,"건설",12.79,12.419845965,190745668850.0,12650.0,-0.316205533596838,,50.3892427459306,21.037037037037,6.6,99.1977825654498,1,3,0,89,"없음",44,-22.638036809816,36,,,,1,0,,,,,0,,,0,0,11573.0843373164,12313.0843373164
20261006,094840,"슈프리마에이치큐",KOSDAQ,13360.0,0.45,"전자장비와기기",4.02,2.5470335,131009616240.0,13300.0,-0.150375939849624,,43.3768016472203,26.9230769230769,8.6,102.582090535112,5,3,1,92,"없음",68,75.8940397350993,96,20260731,8.16618911174785,3.93662814333004,0,0,,,,,1,12550.0,"저항→지지",0,0,12172.9440908882,14282.9440908882
20261006,094850,"참좋은여행",KOSDAQ,4225.0,-0.24,"호텔,레스토랑,레저",0.45,1.1269076425,59150000000.0,4850.0,-13.4020618556701,,41.0364145658263,20.3252032520325,15.2,34.1153567155018,0,2,0,72,"없음",38,-15.0657229524773,50,,,,0,0,,,,,0,,,0,0,4548.98774692472,4618.98774692472
20261006,094860,"네오리진",KOSDAQ,1598.0,1.85,"게임엔터테인먼트",2.02,1.73410328,84869802372.0,1976.0,-19.1295546558704,,0.0,24.9834327369119,11.4,112.429746467703,4,1,0,43,"없음",46,19.2537313432836,87,20260928,12.9470672389127,2.80329686797542,0,0,,,,,1,1550.0,"저항→지지",0,0,1782.10721453409,1782.10721453409
20261006,094940,"푸른로보틱스",KOSDAQ,6230.0,-0.16,"컴퓨터와주변기기",1.68,3.346202,52091434780.0,7900.0,-21.3924050632911,,67.0289855072464,24.6467817896389,10.0,12.1118988561376,0,2,0,59,"없음",42,-31.9078947368421,22,20260819,15.9701492537313,27.2430310219974,0,0,,,,,0,,,0,0,6249.70181119035,7419.70181119035
20261006,094970,"제이엠티",KOSDAQ,2830.0,-1.74,"디스플레이장비및부품",1.46,1.807635145,47397519200.0,2815.0,0.355239786856128,1.9538188277087,57.9666160849772,27.8164116828929,8.0,40.5226882096009,1,3,0,93,"없음",55,-8.42787682333874,61,20260803,14.2857142857143,5.94451755913959,0,0,20261002,2815.0,2870.0,92.8141970251055,1,2815.0,"저항→지지",0,0,2669.70626501116,3364.70626501116
20261006,095190,"신화프리텍",KOSDAQ,1831.0,-1.82,"기계",0.77,1.755107952,119491905922.0,1923.0,-2.75611024440978,,15.6041016495765,29.954954954955,9.6,35.6469580119966,0,2,0,67,"없음",47,-14.41647597254,51,20260720,9.04255319148937,2.83377610514394,0,0,,,,,0,,,0,0,2034.06241909503,2034.06241909503
20261006,095270,"웨이브일렉트로",KOSDAQ,4640.0,-0.32,"우주항공과국방",1.27,1.58815127,66687963840.0,4495.0,3.44827586206897,1.89098998887653,12.9142857142857,20.0,6.4,61.0009201535357,1,3,0,84,"없음",47,-0.214592274678112,73,20260616,8.45588235294117,6.04073915989964,0,0,20261001,4495.0,4580.0,103.581100949994,1,4495.0,"저항→지지",0,0,4211.7078889739,4211.7078889739
20261006,095340,ISC,KOSDAQ,206500.0,0.24,"반도체와반도체장비",293.18,321.2670537,4377192477000.0,221500.0,-6.77200902934537,1.12866817155756,25.1039068994181,21.2719298245614,6.2,86.8036145251827,3,3,0,85,"관망",60,-11.3733905579399,56,20260612,20.7349081364829,5.70942132538284,0,0,20261001,221500.0,224000.0,107.027528177215,1,203500.0,"저항→지지",0,0,198753.980078358,198753.980078358
20261006,095500,"미래나노텍",KOSDAQ,7230.0,1.69,"디스플레이장비및부품",8.28,4.47659665,224202292770.0,6770.0,6.64697193500739,5.02215657311669,79.0745856353591,19.8717948717949,7.6,104.741270234709,0,3,0,91,"없음",43,-25.1813471502591,31,20260703,24.1331484049931,12.3773491041395,0,0,20261002,6770.0,7110.0,177.200331077299,0,,,1,0,6580.02390922123,7230.02390922123
20261006,095570,"AJ네트웍스",KOSPI,4280.0,-0.23,"도로와철도운송",2.85,2.9661326075,193681808520.0,4380.0,-2.96803652968037,,45.4361054766734,10.6407322654462,12.4,59.3106864959145,0,1,0,69,"없음",27,-16.0079051383399,48,,,,0,0,,,,,1,4210.0,"저항→지지",0,0,4159.61283067035,4429.61283067035
20261006,095610,"테스",KOSDAQ,176300.0,-0.62,"반도체와반도체장비",474.14,584.3939701,3413168000000.0,166300.0,6.19362597714973,3.00661455201443,65.1415571284125,57.7105831533477,10.8,67.7986814584539,4,1,0,56,"돌파완료",51,218.772563176895,99,,,,0,0,20260929,166300.0,171300.0,80.5861774217711,1,166300.0,"저항→지지",0,0,162637.378154192,206737.378154192
20261006,095660,"네오위즈",KOSDAQ,18290.0,1.39,"게임엔터테인먼트",8.93,6.756797835,395730835110.0,18450.0,-0.813008130081301,,45.2229299363057,14.1293532338308,7.0,98.3074259956778,0,2,0,84,"없음",35,-24.3801652892562,33,,,,1,0,,,,,1,17540.0,"지지 재탈환",0,0,17354.3997480841,19004.3997480841
20261006,095700,"제넥신",KOSDAQ,2825.0,1.99,"생물공학",2.09,5.257963245,128651895550.0,3630.0,-22.1763085399449,,57.3521716378859,34.4072164948454,5.8,17.4034031315208,0,2,0,57,"없음",42,-38.9848812095032,14,20260903,15.8081705150977,4.81376049957268,0,0,,,,,1,2720.0,"지지 재탈환",0,0,3203.04282628789,3453.04282628789
20261006,095720,"웅진씽크빅",KOSPI,1230.0,1.99,"교육서비스",0.41,0.397068958,69897314550.0,1390.0,-13.1654676258993,,21.2065813528336,22.8237015362107,10.6,114.089142893849,0,1,0,62,"없음",22,-45.606128886886,9,,,,0,0,,,,,0,,,0,0,1280.38180255096,1280.38180255096
20261006,096240,"크레버스",KOSDAQ,8440.0,0.0,"교육서비스",0.87,0.574587405,86410239200.0,9460.0,-10.2536997885835,,4.04858299595142,12.9301355578728,2.4,94.8058598312902,0,2,0,61,"없음",35,-20.6542056074766,39,,,,0,0,,,,,1,8460.0,"지지 재탈환",0,0,9037.30752427726,9037.30752427726
20261006,096250,"와이즈넛",KOSDAQ,5740.0,1.06,"소프트웨어",1.8,1.14836901,67817416940.0,5820.0,-1.54639175257732,,65.7451112609575,23.5294117647059,7.2,106.827960518969,0,3,0,79,"없음",40,-41.5902140672783,12,20260622,9.14927768860354,2.71824456964716,1,0,,,,,1,5500.0,"지지 재탈환",0,0,5164.75270116607,6164.75270116607
20261006,096350,"대창솔루션",KOSDAQ,1914.0,0.16,"조선",1.86,3.579766981,70540014468.0,2275.0,-16.043956043956,,53.2948929159802,26.4994547437296,9.6,40.8486680385483,1,2,0,59,"없음",47,-38.6837881219904,15,20260821,19.1135734072022,16.0233689066993,0,0,,,,,0,,,0,0,2062.64623194895,2132.64623194895
20261006,096530,"씨젠",KOSDAQ,37150.0,0.68,"생명과학도구및서비스",65.71,90.962085,1736183034300.0,34800.0,7.18390804597701,1.86781609195402,38.8204225352113,16.3636363636364,4.8,56.474545039882,5,2,0,86,"돌파완료",60,70.7093821510298,96,20260828,11.7554858934169,3.15640681927545,0,0,20260930,34800.0,35450.0,165.491676910921,1,34800.0,"저항→지지",0,0,34770.3390873995,34770.3390873995
20261006,096630,"에스코넥",KOSDAQ,1700.0,2.41,"핸드셋",0.2,0.3185321355,26989749100.0,2175.0,-23.6781609195402,,0.0,33.8860103626943,9.8,63.216349012852,0,1,0,39,"없음",22,-55.4362416107383,4,,,,0,0,,,,,0,,,0,0,1898.28138412976,1898.28138412976
20261006,096690,"에이루트",KOSDAQ,6500.0,1.4,"컴퓨터와주변기기",0.07,0.62411902,26148473000.0,8390.0,-22.5268176400477,,1.00334448160534,24.4594594594595,7.2,11.9986362205826,0,1,0,45,"없음",26,-2.63630916716597,70,20260811,24.3432574430823,13.9088691272527,0,0,,,,,1,6340.0,"지지 재탈환",0,0,7345.59328603546,7345.59328603546
20261006,096760,"JW홀딩스",KOSPI,4240.0,-1.05,"제약",1.8,2.9017445375,313441754080.0,4580.0,-7.31441048034935,,7.89980732177264,16.9491525423729,7.0,46.5143714058569,5,2,0,84,"없음",58,7.33249051833123,80,,,,0,0,,,,,0,,,0,0,4281.2157483583,4421.2157483583
20261006,096770,"SK이노베이션",KOSPI,156600.0,1.69,"석유와가스",1299.68,1472.26103955,26473666600800.0,161200.0,-2.79156327543424,,7.33512786002691,22.8996282527881,5.6,84.2084622381709,5,2,0,68,"수축중",66,44.1582336706532,93,20260723,11.6554054054054,2.63711052031404,1,0,,,,,1,138500.0,"저항→지지",0,0,145483.534749021,145483.534749021
20261006,096870,"엘디티",KOSDAQ,2455.0,1.03,"디스플레이장비및부품",0.59,1.02758854,20494337545.0,2540.0,-2.16535433070866,,32.6241134751773,14.9897330595483,9.4,76.7263427109974,2,2,0,71,"없음",45,11.685393258427,83,20260622,14.7584033613445,31.4939366377339,1,0,,,,,1,2210.0,"지지 재탈환",0,0,2243.79755177494,2243.79755177494
20261006,097230,"HJ중공업",KOSPI,15350.0,0.2,"건설",33.92,36.87627468,1386033530400.0,16360.0,-5.68459657701711,,62.9165033320267,26.1441647597254,9.6,78.7726166514584,0,2,0,75,"없음",35,-29.0574712643678,25,,,,0,0,,,,,1,14800.0,"지지 재탈환",0,0,14921.5959114702,17021.5959114702
20261006,097520,"엠씨넥스",KOSPI,19470.0,0.31,"핸드셋",6.16,5.155244505,338807205000.0,19600.0,-0.561224489795918,,52.8389339513326,16.9329073482428,9.6,82.4483225692468,0,1,0,84,"없음",27,-4.92682926829268,66,,,,0,0,,,,,1,19280.0,"저항→지지",0,0,18452.9894897062,19932.9894897062
20261006,097780,"에코볼트",KOSDAQ,1439.0,-2.57,"자동차부품",0.19,0.2180093955,29201755071.0,1600.0,-8.125,,18.2175622542595,24.3670886075949,3.6,69.4433405712094,0,2,0,83,"없음",45,-21.3062098501071,38,20260826,11.9190404797601,5.15615208172354,0,0,,,,,0,,,0,0,1725.45589064579,1725.45589064579
20261006,097800,"윈팩",KOSDAQ,3885.0,-4.43,"반도체와반도체장비",75.28,44.1765908365,106021824825.0,2620.0,48.8549618320611,12.4045801526718,0.0,25.3118712273642,6.6,346.195657375544,2,2,0,59,"관망",32,100.0,97,20261001,26.3591433278418,57.2016933716877,0,0,20260929,2620.0,2945.0,434.338007576149,1,2620.0,"저항→지지",0,0,4036.13035038888,4036.13035038888
20261006,097870,"효성오앤비",KOSDAQ,4345.0,-0.46,"화학",0.31,0.466318085,36889050000.0,4765.0,-5.87618048268625,,45.8546571136131,26.3358778625954,9.6,29.4584712816555,0,2,0,81,"없음",43,-26.2335526315789,29,,,,0,0,,,,,1,4420.0,"지지 재탈환",0,0,4380.1260319904,4925.1260319904
20261006,097950,"CJ제일제당",KOSPI,179500.0,0.11,"식품",52.13,83.8571183,2702226387000.0,191000.0,-5.96858638743456,,67.4900398406375,16.1835748792271,7.4,46.6132862445186,0,2,0,78,"없음",38,-17.0438799076212,46,,,,0,0,,,,,1,179500.0,"지지 재탈환",0,0,180362.003019955,199062.003019955
20261006,098070,"한텍",KOSDAQ,23600.0,0.43,"에너지장비및서비스",10.13,24.743517575,262458927600.0,27350.0,-13.7111517367459,,45.2,23.4797297297297,7.2,54.351924056409,0,1,0,50,"없음",22,-51.7382413087935,6,,,,0,0,,,,,1,23500.0,"지지 재탈환",0,0,24610.7968351359,26710.7968351359
20261006,098120,"마이크로컨텍솔",KOSDAQ,59900.0,-0.83,"반도체와반도체장비",80.68,92.015339025,497934683400.0,61900.0,-2.10016155088853,,6.11916264090175,39.2156862745098,10.8,78.8224941975115,5,3,0,70,"돌파임박",68,124.444444444444,98,20260819,9.65608465608465,10.4480537471407,1,0,,,,,1,56500.0,"저항→지지",0,0,54401.3089449266,54401.3089449266
20261006,098460,"고영",KOSDAQ,36350.0,6.6,"전자장비와기기",751.7,406.16289645,2479223142550.0,30250.0,20.3305785123967,1.81818181818182,43.9724454649828,27.4914089347079,10.0,180.022492998757,4,3,0,78,"돌파완료",64,48.8752556237219,94,20261001,10.0486223662885,3.10809509401089,0,0,20260929,30250.0,30800.0,179.79365979717,1,30250.0,"저항→지지",1,1,30716.174361272,30716.174361272
20261006,098660,"에스티오",KOSDAQ,1704.0,0.53,"섬유,의류,신발,호화품",0.16,0.184191887,21301663104.0,1750.0,-2.62857142857143,,45.750142612664,23.2225063938619,6.8,45.0216806499123,1,3,0,84,"없음",48,-0.75713453698311,72,20260727,16.6666666666667,6.75369444773411,0,0,,,,,1,1635.0,"저항→지지",0,0,1612.81830312454,1817.81830312454
20261006,099190,"아이센스",KOSDAQ,16780.0,-0.06,"건강관리장비와용품",5.43,6.03088074,496245226140.0,18460.0,-9.10075839653304,,50.7066139061617,22.7490676611614,9.4,62.1186684061141,1,2,0,68,"없음",48,-11.1699311805188,57,20260727,9.17030567685591,8.82904249283507,0,0,,,,,1,16650.0,"저항→지지",0,0,16935.7460023793,18045.7460023793
20261006,099320,"쎄트렉아이",KOSDAQ,82600.0,0.98,"우주항공과국방",111.17,41.2440921,904575562800.0,83100.0,0.0,,53.5041446872645,22.9166666666667,6.8,266.21212634461,1,1,0,79,"관망",38,-48.2242990654206,8,,,,0,0,,,,,1,80000.0,"저항→지지",0,0,74005.9178781453,76705.9178781453
20261006,099390,"브레인즈컴퍼니",KOSDAQ,3670.0,-2.65,"소프트웨어",0.76,0.286000995,30124398610.0,4470.0,-17.6733780760626,,0.0,14.027149321267,9.4,107.981539916834,0,2,0,82,"없음",34,-15.4022988505747,49,,,,0,0,,,,,0,,,0,0,4002.88891466811,4002.88891466811
20261006,099410,"동방선기",KOSDAQ,3085.0,0.0,"조선",0.46,0.991378345,43190000000.0,3390.0,-9.43952802359882,,55.9322033898305,20.5263157894737,6.6,14.9330579918324,0,3,0,85,"없음",48,-33.2608695652174,20,20260814,10.0158982511924,4.34427974421962,0,0,,,,,0,,,0,0,3107.88713391426,3507.88713391426
20261006,099430,"바이오플러스",KOSDAQ,3755.0,-0.79,"건강관리장비와용품",8.63,5.6349088025,231460911110.0,3380.0,11.3905325443787,5.32544378698225,43.9393939393939,18.4754521963824,6.4,110.307036051575,0,2,0,87,"없음",30,-22.9273285568066,35,,,,0,0,20260930,3380.0,3560.0,194.336319468249,1,3380.0,"저항→지지",0,0,3659.27833117497,3659.27833117497
20261006,099440,"스맥",KOSDAQ,3885.0,-1.4,"기계",7.37,12.7348916775,265125585690.0,4740.0,-18.0379746835443,,40.4376784015224,20.8499335989376,9.2,42.2896277644912,0,1,0,56,"없음",30,-16.1812297734628,48,20260909,10.8247422680412,2.75487687533369,0,0,,,,,0,,,0,0,4306.26128903313,4306.26128903313
20261006,099750,"이지케어텍",KOSDAQ,7500.0,2.46,"건강관리기술",2.32,12.98036965,102443797500.0,8650.0,-14.4508670520231,,0.124688279301757,9.87124463519313,5.2,41.3223546134379,0,1,0,41,"없음",26,-16.0045402951192,48,20260921,9.10384068278804,92.768814428958,1,0,,,,,1,7240.0,"저항→지지",0,0,7689.36371967901,7689.36371967901
20261006,100030,"인지소프트",KOSDAQ,19140.0,-1.85,"소프트웨어",1.91,1.333099575,62850285960.0,20500.0,-6.63414634146342,,8.51063829787234,11.6560877091748,9.4,110.630452516496,1,1,0,61,"없음",32,7.89177001127396,80,,,,0,0,,,,,0,,,0,0,19415.3183970081,19415.3183970081
20261006,100090,"SK오션플랜트",KOSPI,12760.0,6.42,"에너지장비및서비스",105.15,79.21723496,797220926040.0,14280.0,-9.73389355742297,,78.8072018004501,47.1942446043166,9.6,54.0033880397967,0,1,0,65,"없음",37,-51.9925512104283,6,20260723,19.6119196119196,10.3871984210686,1,0,,,,,1,11910.0,"지지 재탈환",0,0,12814.151877285,19384.151877285
20261006,100120,"뷰웍스",KOSDAQ,29600.0,2.96,"건강관리장비와용품",10.5,4.183452775,265553765600.0,27400.0,9.12408759124088,2.00729927007299,34.8808545603944,20.5714285714286,11.2,142.395498593702,4,3,0,82,"없음",60,9.72477064220184,82,20260803,10.250569476082,2.61661745250036,0,0,20261001,27400.0,27950.0,100.530787698852,1,27400.0,"저항→지지",1,0,26513.9382910476,27763.9382910476
20261006,100130,"동국S&C",KOSDAQ,1647.0,5.24,"에너지장비및서비스",13.61,21.81110958,94114521000.0,1717.0,-4.95049504950495,,0.0,22.9467084639498,9.6,117.032682583634,0,1,0,41,"없음",31,-28.4210526315789,26,20260616,16.8082524271845,20.0719636629049,0,0,,,,,0,,,0,0,1574.55961148443,1574.55961148443
20261006,100220,"비상교육",KOSPI,5030.0,0.7,"교육서비스",0.59,1.12414149,65373607230.0,6100.0,-17.5409836065574,,40.3788634097707,10.7879924953096,7.6,28.0997052537841,1,1,0,56,"없음",31,-9.69479353680431,59,,,,1,0,,,,,1,4980.0,"저항→지지",0,0,5718.38677627178,5718.38677627178
20261006,100250,"진양홀딩스",KOSPI,3015.0,-1.47,"자동차부품",1.95,0.8725281975,192658500000.0,3170.0,-4.57413249211356,,32.6359832635983,8.2258064516129,11.8,112.819834377312,1,1,0,61,"없음",32,1.85185185185185,75,,,,0,0,,,,,0,,,0,0,3079.10404909712,3229.10404909712
20261006,100590,"머큐리",KOSDAQ,6250.0,0.0,"통신장비",225.09,106.5510662275,107122156250.0,5620.0,11.3879003558719,11.2099644128114,2.24578914535247,20.2554744525547,3.0,386.454142683092,3,2,0,46,"수축중",41,30.8254963427377,91,20260910,14.1216991963261,33.4938382296676,0,0,20261002,5620.0,6250.0,492.821116868592,1,3590.0,"저항→지지",1,1,5305.43092695284,5305.43092695284
20261006,100660,"서암기계공업",KOSDAQ,3295.0,0.46,"기계",2.77,1.170483485,41517000000.0,3460.0,-4.33526011560694,,79.184418746196,50.8823529411765,13.6,278.480003376936,0,2,0,70,"없음",35,-19.2682926829268,42,20260624,30.0,6.69513651022126,0,0,,,,,1,3120.0,"저항→지지",0,0,3175.7081124675,3175.7081124675
20261006,100700,"세운메디칼",KOSDAQ,2320.0,0.87,"건강관리장비와용품",0.99,1.6608686675,101616000000.0,2630.0,-11.787072243346,,31.2865497076023,9.48453608247423,11.2,20.8107637573435,1,1,0,55,"없음",34,-8.11881188118812,62,,,,0,0,,,,,1,2305.0,"지지 재탈환",0,0,2328.95797568097,2468.95797568097
20261006,100790,"미래에셋벤처투자",KOSDAQ,18330.0,2.4,"창업투자",171.01,97.271760805,973700194740.0,18300.0,0.382513661202186,,45.8456973293769,23.8888888888889,5.6,118.138428237924,2,3,0,90,"관망",59,-31.3271028037383,23,20260824,9.51724137931034,3.04066953194715,0,0,,,,,1,16920.0,"저항→지지",1,0,15671.1050999036,17641.1050999036
20261006,100840,"SNT에너지",KOSPI,34600.0,-4.68,"에너지장비및서비스",81.77,101.803547125,683734336800.0,38450.0,-9.75292587776333,,34.25,27.2727272727273,11.2,112.344273967278,0,2,0,68,"관망",37,-31.013916500994,23,20260907,14.9847094801223,5.36303107969058,0,0,,,,,1,33300.0,"저항→지지",0,0,36264.2441607735,36264.2441607735
20261006,101140,"인바이오젠",KOSPI,5080.0,5.39,"전자장비와기기",0.34,0.35732683,51024617280.0,5460.0,-4.76190476190476,,30.5526590198123,24.0178571428571,9.4,144.903511980977,0,1,0,44,"없음",31,-46.2254395036194,9,20260528,29.903536977492,23.7339170506912,0,0,,,,,1,4705.0,"지지 재탈환",0,0,4837.1631194219,4837.1631194219
20261006,101160,"월덱스",KOSDAQ,32950.0,-0.15,"반도체와반도체장비",11.71,13.75614955,544037219350.0,31750.0,3.77952755905512,1.10236220472441,54.5769764216366,11.8811881188119,8.4,56.1202216966566,5,3,0,92,"없음",65,11.8845500848896,84,,,,0,0,20260929,31750.0,32100.0,137.940112214459,1,31750.0,"저항→지지",0,0,31065.2385901693,31065.2385901693
20261006,101170,"우림피티에스",KOSDAQ,9570.0,9.0,"기계",24.24,5.4455353,129195000000.0,9000.0,6.66666666666667,6.66666666666667,45.3228476821192,29.6703296703297,10.0,342.218324426911,1,1,0,83,"없음",36,-22.6430298146656,36,20261006,9.09090909090908,5.24228984855607,1,0,20261006,9000.0,9600.0,333.054350463327,1,8300.0,"저항→지지",1,1,7895.46562122364,8235.46562122364
20261006,101240,"씨큐브",KOSDAQ,3350.0,-0.74,"화학",0.23,0.301425835,38046124200.0,3490.0,-4.15472779369628,,18.1328545780969,17.7295918367347,6.4,28.1690591822408,0,1,0,60,"없음",31,-12.0893561103811,55,,,,0,0,,,,,0,,,0,0,3389.81841306097,3614.81841306097
20261006,101330,"모베이스",KOSDAQ,4105.0,9.61,"자동차부품",23.52,2.9385194875,95018554045.0,3620.0,12.9834254143646,3.59116022099448,11.4906832298137,14.1160949868074,6.6,811.374818838626,1,3,0,86,"없음",38,-5.65167243367935,65,20261006,9.06666666666667,11.302251005128,0,0,20261002,3620.0,3750.0,235.186017136755,1,3595.0,"저항→지지",1,1,3421.2879963705,3421.2879963705
20261006,101360,"에코앤드림",KOSDAQ,9000.0,1.58,"화학",7.07,4.99954675,160075026000.0,9870.0,-8.61195542046606,,39.6600566572238,58.1465517241379,15.0,125.496579691001,0,1,0,44,"없음",29,-46.7846607669617,8,20260831,12.1394230769231,16.0083539830695,0,0,,,,,1,7950.0,"저항→지지",1,0,7873.00378698704,8813.00378698704
20261006,101400,"엔시트론",KOSDAQ,1680.0,2.75,"반도체와반도체장비",0.5,3.045859164,25466521920.0,1795.0,-6.51810584958217,,49.5735243944046,35.4393305439331,6.8,16.4552013055517,0,2,0,64,"없음",37,-33.2537788385044,20,20260813,17.7565124933546,2.60020826232297,0,0,,,,,0,,,0,0,1710.60801599556,2136.60801599556
20261006,101490,"에스앤에스텍",KOSDAQ,54000.0,1.89,"반도체와반도체장비",185.01,125.304918775,1152083466000.0,43500.0,24.8275862068966,4.36781609195402,51.2727272727273,18.0467091295117,6.4,148.549667692954,0,3,0,75,"관망",37,-28.4584980237154,26,20261001,17.439293598234,3.00312938062348,0,0,20260929,43500.0,45400.0,87.4961266492379,1,43500.0,"저항→지지",1,1,48602.1751469984,48602.1751469984
20261006,101670,"하이드로리튬",KOSDAQ,545.0,-1.98,"전기제품",4.0,3.69301914,30943566915.0,575.0,-5.21739130434783,,70.8894878706199,29.3478260869565,5.6,80.4139209956141,0,2,0,65,"없음",37,-76.8577494692144,1,20261002,16.8067226890756,12.3338378136667,0,0,,,,,1,523.0,"저항→지지",0,0,484.458258328237,1096.45825832824
20261006,101680,"한국정밀기계",KOSDAQ,2825.0,-5.2,"기계",0.76,0.4755983125,23741300000.0,3100.0,-7.09677419354839,,4.63121783876501,12.6736111111111,7.0,124.686770520699,3,1,0,47,"없음",44,2.30905861456483,76,20260716,8.90410958904109,5.78403687984282,0,0,,,,,0,,,0,0,3242.92233394252,3242.92233394252
20261006,101730,"위메이드맥스",KOSDAQ,4600.0,-0.33,"게임엔터테인먼트",5.06,29.55795383,385495115600.0,5140.0,-10.5058365758755,,57.5361642557163,24.6601941747573,6.2,20.8475957590777,0,2,0,76,"없음",43,-7.44466800804829,63,20260914,29.8377028714107,9.30849084123292,0,0,,,,,1,4360.0,"저항→지지",0,0,4915.24939622618,4915.24939622618
20261006,101930,"인화정공",KOSDAQ,6270.0,-2.94,"조선",3.12,1.34099503,286505587170.0,8330.0,-24.609843937575,,41.3533834586466,31.1212814645309,6.6,220.684054798749,0,1,0,48,"없음",22,-32.034632034632,22,,,,0,0,,,,,1,6250.0,"지지 재탈환",0,0,7529.211736692,7939.211736692
20261006,101970,"우양에이치씨",KOSDAQ,10340.0,5.3,"에너지장비및서비스",0.27,0.515881535,152928693060.0,10340.0,0.0,,38.9196675900277,32.992700729927,4.6,20.8156043565835,0,3,0,87,"없음",52,-14.1196013289037,52,20260617,11.9483315392896,2.72715264446362,1,0,,,,,0,,,0,0,9487.79008896194,12387.7900889619
20261006,102120,"어보브반도체",KOSDAQ,8940.0,1.94,"반도체와반도체장비",20.77,16.36786767,158959931820.0,9220.0,-2.7114967462039,,31.1501597444089,23.0500582072177,6.8,160.611519159826,0,1,0,78,"없음",27,-12.316715542522,54,,,,0,0,,,,,1,8110.0,"저항→지지",0,0,8318.38117600427,8318.38117600427
20261006,102260,"동성케미컬",KOSPI,3700.0,-1.07,"화학",2.16,2.391331965,187477486700.0,3800.0,-2.63157894736842,,53.7848605577689,13.2231404958678,9.6,78.4186927410872,1,1,0,84,"없음",32,-9.75609756097561,59,,,,0,0,,,,,1,3620.0,"지지 재탈환",0,0,3616.43325122227,3636.43325122227
20261006,102370,"케이옥션",KOSDAQ,2880.0,-0.86,"판매업체",0.42,0.7530950175,74558275200.0,3285.0,-12.0243531202435,,40.9090909090909,16.9366715758468,3.8,37.600574964503,0,2,0,63,"없음",40,-9.82839313572543,59,20260630,9.75206611570247,4.44155693181158,0,0,,,,,0,,,0,0,3105.44297165948,3120.44297165948
20261006,102460,"이연제약",KOSPI,10130.0,0.1,"제약",3.21,2.11052576,188284395430.0,10170.0,-1.17994100294985,,58.7741935483871,10.5698529411765,6.0,98.921255530625,1,2,0,89,"없음",40,0.099601593625498,73,,,,0,0,,,,,1,10010.0,"저항→지지",0,0,9878.13580606916,10818.1358060692
20261006,102710,"이엔에프테크놀로지",KOSDAQ,50400.0,3.17,"반도체와반도체장비",37.65,31.897661625,720106934400.0,44900.0,11.5812917594655,2.44988864142539,44.9350649350649,27.2131147540984,9.6,98.5432733504713,2,3,0,80,"관망",46,7.28051391862955,80,,,,0,0,20260923,44900.0,46000.0,108.440477097019,1,44900.0,"저항→지지",1,0,44631.066526747,49831.066526747
20261006,102940,"코오롱생명과학",KOSDAQ,14560.0,0.83,"제약",7.7,6.70204742,190599179680.0,14530.0,0.894700619408121,1.16999311768754,87.6604969151242,31.8407960199005,6.4,31.7380127250323,0,2,0,64,"없음",45,-74.0989399293286,2,,,,1,0,20261001,14530.0,14700.0,51.6814079799587,1,14530.0,"저항→지지",0,0,13160.8128887056,37870.8128887056
20261006,103140,"풍산",KOSPI,76200.0,-4.51,"비철금속",151.83,78.2496527,2135449983600.0,80900.0,-5.19159456118665,,55.638166047088,21.4793741109531,9.6,145.429166602626,0,3,0,97,"없음",49,-11.5340253748558,56,20260805,14.468085106383,3.2583110287196,0,0,,,,,0,,,0,0,75836.8781689372,84136.8781689372
20261006,103230,"에스앤더블류",KOSDAQ,1473.0,5.06,"조선",1.67,1.27517596,10605600000.0,2535.0,-41.8934911242604,,23.5555555555555,52.1561338289963,7.6,196.701048503964,0,1,0,34,"없음",26,-60.0271370420624,3,20260820,9.21348314606742,7.85244076257704,0,0,,,,,0,,,0,0,2199.55323521557,2514.55323521557
20261006,103590,"일진전기",KOSPI,87700.0,1.74,"전기장비",321.02,305.13983825,4182008703000.0,73800.0,19.2411924119241,4.8780487804878,46.124763705104,19.3971166448231,6.8,103.068808055184,3,3,0,85,"관망",52,26.6187050359712,90,20260812,17.3139158576052,4.60520639603049,0,0,20260922,73800.0,77400.0,223.772816638386,1,73800.0,"저항→지지",0,0,79672.4416259291,79672.4416259291
20261006,103840,"우양",KOSDAQ,1587.0,1.21,"식품",0.39,0.396400008,25973521236.0,1769.0,-10.5144149236857,,52.4148449415353,24.9394673123487,10.6,85.9729735232834,0,3,0,84,"없음",40,-48.9354838709677,7,20260706,12.0320855614973,5.64570533881623,0,0,,,,,0,,,0,0,1628.7494738567,1924.7494738567
20261006,104040,"디에스엠",KOSDAQ,3040.0,0.83,"자동차부품",1.28,1.12864661,81513237600.0,2755.0,12.7041742286751,5.44464609800363,21.518054532056,24.6598639455782,10.0,86.7275700801882,1,1,0,50,"없음",31,-5.19083969465649,66,20260713,12.3188405797102,2.88093716634044,0,0,20261001,2755.0,2905.0,91.0915694523843,1,2755.0,"저항→지지",0,0,2752.20212652888,2752.20212652888
20261006,104200,"NHN벅스",KOSDAQ,2675.0,10.77,"방송과엔터테인먼트",4.95,1.3937611225,39663696250.0,2730.0,-0.732600732600733,,32.8533646782251,30.6428571428571,9.8,377.06068489246,0,2,0,57,"없음",35,-26.7567567567568,28,20261006,13.8655462184874,4.2985389570325,0,0,,,,,1,2490.0,"지지 재탈환",1,0,2329.28742327818,3069.28742327818
20261006,104460,"디와이피엔에프",KOSDAQ,6690.0,0.0,"기계",0.95,0.790898985,70366095690.0,6980.0,-4.15472779369628,,53.5623409669211,20.4260651629073,4.4,138.050413157089,0,2,0,83,"없음",30,-51.8011527377522,6,,,,0,0,,,,,1,6600.0,"지지 재탈환",0,0,7176.44589334573,8456.44589334573
20261006,104480,"티케이케미칼",KOSDAQ,1858.0,2.77,"화학",4.05,3.177885522,168883716372.0,1899.0,-1.8957345971564,,3.39110776186889,10.8269858541893,6.6,93.2230766954188,2,1,0,73,"없음",41,-17.2,45,20260814,9.46196660482375,4.39278341135636,1,0,,,,,1,1825.0,"저항→지지",0,0,1739.63852129229,1739.63852129229
20261006,104540,"코렌텍",KOSDAQ,5770.0,12.04,"건강관리장비와용품",27.46,9.6125188475,77360755700.0,4695.0,22.6837060702875,1.59744408945687,0.0,15.6583629893238,9.6,523.159341193552,2,3,0,87,"없음",33,1.05263157894737,74,20261006,10.3448275862069,2.67565079048484,0,0,20261001,4695.0,4770.0,303.821218697365,1,4105.0,"저항→지지",1,1,5021.83129083029,5021.83129083029
20261006,104620,"노랑풍선",KOSDAQ,3175.0,1.28,"호텔,레스토랑,레저",0.88,9.1926715275,53373502600.0,3830.0,-18.0156657963446,,12.987012987013,22.6744186046512,9.2,18.6245582477143,0,2,0,50,"없음",38,-27.3148148148148,28,,,,0,0,,,,,0,,,0,0,3510.75367988138,3510.75367988138
20261006,104700,"한국철강",KOSPI,10540.0,12.73,"철강",1.19,2.275406155,384183000000.0,10400.0,-9.42307692307692,,0.0,10.990099009901,4.0,38.4493330324297,1,1,0,59,"없음",30,5.25139664804469,79,,,,0,0,,,,,0,,,0,0,9588.44544798925,9588.44544798925
20261006,104830,"원익머트리얼즈",KOSDAQ,41950.0,1.82,"화학",36.93,26.6909432,528905600000.0,32750.0,27.7862595419847,7.63358778625954,31.6176470588235,21.8790218790219,6.4,129.674068452186,3,2,0,79,"없음",47,4.75594493116396,78,20260929,9.54415954415955,3.59856401393312,0,0,20260921,32750.0,35250.0,117.999645976647,1,32750.0,"저항→지지",0,0,40232.7362464979,40232.7362464979
20261006,105330,"케이엔더블유",KOSDAQ,8700.0,-1.69,"반도체와반도체장비",3.98,3.025041405,139369824000.0,8300.0,5.54216867469879,2.16867469879518,45.074415308292,21.4611872146119,9.0,129.566106797266,4,2,0,51,"없음",50,-2.12290502793296,71,,,,0,0,20261001,8300.0,8480.0,90.7412575027861,1,8300.0,"저항→지지",0,0,7862.81565640335,7862.81565640335
20261006,105550,"엣지파운드리",KOSDAQ,1648.0,0.55,"자동차부품",0.3,0.646827911,25810003680.0,1771.0,-6.66290231507623,,79.9229452054795,59.0314136125654,6.6,18.3832635410576,0,2,0,74,"없음",47,-72.2651006711409,2,20260813,29.8449612403101,33.0682644320429,0,0,,,,,1,1640.0,"지지 재탈환",0,0,1764.91314204876,3606.91314204876
20261006,105560,"KB금융",KOSPI,167500.0,0.06,"은행",1377.23,1617.33471255,59410195445000.0,181700.0,-7.87011557512383,,53.3700137551582,13.3814547473626,9.8,79.0543539313121,4,3,0,89,"관망",58,17.9704016913319,87,,,,0,0,,,,,0,,,0,0,170597.192660513,179097.192660513
20261006,105630,"한세실업",KOSPI,8820.0,0.11,"섬유,의류,신발,호화품",2.88,3.94405887,352800000000.0,9150.0,-2.95081967213115,,67.6380368098159,16.5686274509804,6.4,56.3352769034579,0,1,0,79,"없음",31,-19.4922937443336,41,20260818,9.08096280087527,9.21446281931712,0,0,,,,,1,8850.0,"지지 재탈환",0,0,8794.34235353156,9774.34235353156
20261006,105740,"디케이락",KOSDAQ,11770.0,7.0,"기계",214.72,40.33136535,119683398010.0,9800.0,20.8163265306122,6.02040816326531,0.0,17.1951219512195,7.0,880.880624259869,2,2,0,42,"관망",34,26.9024651661308,90,20261002,12.4157844080847,7.03715288839443,0,0,20261001,9800.0,10390.0,535.301568949782,1,9800.0,"저항→지지",0,0,10984.1184599451,10984.1184599451
20261006,105760,"포스뱅크",KOSDAQ,5200.0,-0.57,"상업서비스와공급품",0.68,0.9637623775,52992612400.0,5500.0,-5.81818181818182,,22.9787234042553,11.9047619047619,9.4,28.774538571247,2,2,0,65,"없음",57,-3.8961038961039,68,20260810,16.3522012578616,23.0265793887439,0,0,,,,,1,5050.0,"저항→지지",0,0,5126.80464220149,5126.80464220149
20261006,105840,"우진",KOSPI,13420.0,-1.03,"기계",35.97,66.022013065,271052731400.0,15610.0,-13.8372837924407,,52.2495755517827,27.192429022082,6.6,92.6476284600418,0,2,0,63,"없음",32,-39.8210290827741,13,20260909,9.12891986062718,4.43090249471404,0,0,,,,,0,,,0,0,14407.5947852584,14407.5947852584
20261006,106190,"하이텍팜",KOSDAQ,9890.0,-2.66,"제약",1.93,1.977537005,105162080970.0,10220.0,-2.44618395303327,,57.1841851494696,29.7337278106509,6.4,78.1851595023536,1,2,0,75,"없음",42,-54.0552995391705,5,20260818,11.5744680851064,4.30453478841771,0,0,,,,,0,,,0,0,9742.10324838919,12682.1032483892
20261006,106240,"파인테크닉스",KOSDAQ,1318.0,-2.37,"디스플레이장비및부품",0.14,0.9015147565,35034962652.0,1490.0,-11.3422818791946,,32.0762536261915,25.3793103448276,6.8,18.1901323074718,0,2,0,51,"없음",32,-42.6898047722343,11,20260918,11.7991631799163,17.5523679132873,0,0,,,,,1,1299.0,"저항→지지",0,0,1280.69820405067,1280.69820405067
20261006,107590,"미원홀딩스",KOSPI,59600.0,-0.17,"화학",0.01,0.05199445,138272000000.0,62000.0,-3.87096774193548,,54.2222222222222,12.9568106312292,15.6,5.00055561729081,1,3,0,87,"없음",51,-6.875,64,,,,0,0,,,,,0,,,0,0,62603.9588214841,62603.9588214841
20261006,107600,"새빗켐",KOSDAQ,14720.0,6.67,"전기제품",9.01,2.478445255,83168794880.0,21000.0,-28.6666666666667,,56.5091210613599,30.8550185873606,9.8,264.131704441495,0,1,0,32,"없음",26,-40.3187250996016,13,20260814,29.9457994579946,15.6081555389044,0,0,,,,,1,14600.0,"지지 재탈환",0,0,14020.9348120547,19080.9348120547
20261006,107640,"한중엔시에스",KOSDAQ,45300.0,7.35,"전기장비",85.35,38.66019165,410642053800.0,42600.0,6.69014084507042,6.69014084507042,43.6664885088188,28.6153846153846,9.8,188.7179445523,0,2,0,76,"관망",42,-3.5031847133758,69,20260827,16.3584637268848,5.25419920766284,0,0,20261006,42600.0,45450.0,194.510531713749,1,36950.0,"저항→지지",1,1,39338.5016482173,39338.5016482173
20261006,108230,"톱텍",KOSDAQ,3305.0,2.01,"기계",3.78,13.3511974025,125666824725.0,3540.0,-7.06214689265537,,56.957928802589,18.9403973509934,5.0,15.4331247912938,0,2,0,71,"없음",40,-19.559902200489,41,,,,1,0,,,,,1,3270.0,"저항→지지",0,0,3178.60862863931,3413.60862863931
20261006,108320,"LX세미콘",KOSPI,38350.0,2.54,"디스플레이장비및부품",22.3,36.921756,623735905000.0,38400.0,0.130208333333333,,58.4498094027954,27.2503082614057,9.6,65.5933064648275,0,3,0,87,"없음",46,-20.5578512396694,39,,,,0,0,,,,,1,37300.0,"저항→지지",1,0,35289.6670693756,39489.6670693756
20261006,108380,"대양전기공업",KOSDAQ,18790.0,0.21,"조선",1.54,5.57288693,179770187070.0,19600.0,-4.08163265306122,,63.0946419629444,24.2014076881429,9.6,20.2323301932073,0,3,0,95,"없음",46,-23.265306122449,34,,,,0,0,,,,,1,18690.0,"저항→지지",0,0,18230.341562492,18230.341562492
20261006,108490,"로보티즈",KOSDAQ,316000.0,1.61,"기계",748.12,1304.40919425,4634780848000.0,352000.0,-9.94318181818182,,36.1993769470405,36.6053169734151,10.0,76.1294994188151,2,1,0,58,"관망",43,31.5352697095436,91,20260904,22.5352112676056,6.40254181062233,0,0,,,,,1,272000.0,"저항→지지",0,0,309119.166338091,309119.166338091
20261006,108670,"LX하우시스",KOSPI,32850.0,-1.35,"건축자재",4.38,6.086286225,294587959500.0,35850.0,-8.22873082287308,,50.9072580645161,9.2511013215859,8.8,55.2468485952562,4,2,0,84,"없음",59,18.3453237410072,87,,,,0,0,,,,,0,,,0,0,33759.7443736297,33759.7443736297
20261006,108860,"셀바스AI",KOSDAQ,9390.0,4.8,"건강관리장비와용품",63.84,18.48530109,252729878100.0,9250.0,1.94594594594595,1.94594594594595,74.6967071057192,18.0758017492711,5.8,86.3983834588026,0,3,0,95,"없음",50,-28.5606060606061,26,20260804,12.3711340206186,3.61620749522876,0,0,20261006,9250.0,9430.0,87.6724271430851,1,8750.0,"지지 재탈환",1,0,8525.28405290039,11055.2840529004
20261006,109080,"옵티시스",KOSDAQ,9930.0,1.53,"통신장비",2.53,3.398277345,55965480000.0,10780.0,-8.53432282003711,,4.69728601252611,14.5723336853221,6.8,129.989145412536,2,1,0,40,"없음",35,-4.642166344294,67,,,,0,0,,,,,1,9790.0,"저항→지지",0,0,9718.77024601974,9718.77024601974
20261006,109610,"에스와이",KOSDAQ,1897.0,0.74,"건축자재",1.2,1.718867201,92777337800.0,2005.0,-5.8354114713217,,68.0869565217391,16.1274509803922,6.8,40.8160991277684,0,2,0,80,"없음",47,-28.3491461100569,26,20260707,29.9492385786802,5.65360585696803,0,0,,,,,0,,,0,0,1898.74482250332,1993.74482250332
20261006,109740,"디에스케이",KOSDAQ,3995.0,-0.12,"전자장비와기기",1.4,0.8748249575,102713008050.0,4995.0,-22.022022022022,,47.645125958379,32.1100917431193,7.0,134.819422274239,0,2,0,53,"없음",32,-27.8703703703704,27,20260605,16.6666666666667,3.44928318868531,0,0,,,,,0,,,0,0,4293.31547027593,4748.31547027593
20261006,109820,"진매트릭스",KOSDAQ,1624.0,6.14,"생물공학",20.87,1.669492259,33119271360.0,1895.0,-14.2480211081794,,35.2595936794582,28.5119047619048,9.6,780.900307170307,0,1,0,52,"없음",26,-14.4736842105263,51,20260828,9.02503293807642,7.64146789456295,0,0,,,,,1,1540.0,"지지 재탈환",0,0,1485.66548744633,1671.66548744633
20261006,109860,"동일금속",KOSDAQ,7510.0,-0.66,"기계",0.34,0.189999505,68341000000.0,7810.0,-3.84122919334187,,7.27272727272727,9.11392405063291,3.6,126.064222946152,2,1,0,64,"없음",37,6.22347949080622,79,,,,0,0,,,,,1,7390.0,"저항→지지",0,0,7438.86287378509,7438.86287378509
20261006,109960,"앱토크롬",KOSDAQ,1867.0,0.0,"제약",0.02,0.0595600695,28251879011.0,2005.0,-6.88279301745636,,40.1168969181722,27.399577167019,5.8,17.0709947500257,0,3,0,92,"없음",46,-40.955091714105,12,,,,0,0,,,,,0,,,0,0,1834.67713631152,2194.67713631152
20261006,110020,"전진바이오팜",KOSDAQ,2000.0,-9.09,"가정용품",0.16,0.2774472965,18117524000.0,2240.0,-2.00892857142857,,34.3264248704663,33.3333333333333,9.8,61.9165953181448,1,2,0,66,"없음",40,-1.34831460674157,72,20260814,11.5017579105977,4.05324295979996,0,0,,,,,1,2010.0,"저항→지지",0,0,1976.46850104864,1976.46850104864
20261006,110790,"크리스에프앤씨",KOSDAQ,2950.0,-0.17,"섬유,의류,신발,호화품",0.18,0.0916633325,69121332000.0,3835.0,-21.903520208605,,7.99319727891156,19.0705128205128,9.0,98.2331373767409,0,2,0,59,"없음",30,-21.903520208605,37,,,,1,0,,,,,0,,,0,0,3525.99084011693,3525.99084011693
20261006,110990,"디아이티",KOSDAQ,19380.0,0.94,"반도체와반도체장비",17.34,12.85377539,366282000000.0,18030.0,7.98668885191348,4.99168053244592,58.744557329463,20.327868852459,6.4,116.576910950881,2,3,0,89,"없음",41,5.87275693311582,79,,,,0,0,20261001,18030.0,18930.0,187.832951798207,1,18030.0,"저항→지지",0,0,17818.4162619608,17818.4162619608
20261006,111110,"호전실업",KOSPI,6590.0,2.97,"섬유,의류,신발,호화품",0.16,0.3574466,59744940000.0,6500.0,-1.38461538461538,,28.6486486486486,10.3649635036496,9.6,32.3593712044973,0,2,0,64,"없음",41,-11.3416320885201,56,,,,0,0,,,,,1,6390.0,"지지 재탈환",0,0,6160.4345508529,6610.4345508529
20261006,111380,"동인기연",KOSPI,12900.0,-0.15,"섬유,의류,신발,호화품",0.43,0.495254985,79051200000.0,13990.0,-6.43316654753395,,4.47570332480818,19.6296296296296,15.2,49.8690405191107,0,1,0,59,"없음",35,-4.66132556445739,67,20260814,8.75471698113208,10.959423203477,1,0,,,,,1,13000.0,"지지 재탈환",0,0,13021.0368360076,14031.0368360076
20261006,111710,"남화산업",KOSDAQ,3205.0,0.16,"호텔,레스토랑,레저",1.48,1.8210127425,65984540000.0,3565.0,-10.0981767180926,,89.4159583219084,23.5668789808917,7.0,16.834822848346,0,1,0,76,"없음",33,-18.9633375474083,42,20260811,17.9930795847751,10.6881736812036,1,0,,,,,0,,,0,0,3141.91592770561,3741.91592770561
20261006,111770,"영원무역",KOSPI,67800.0,1.5,"섬유,의류,신발,호화품",61.93,40.3429431,3004317530400.0,77500.0,-10.1935483870968,,62.7058823529412,29.0772532188841,7.0,150.615843511915,0,2,0,73,"없음",37,-11.3375796178344,56,20260702,11.9946091644205,2.60577867450148,0,0,,,,,1,69000.0,"지지 재탈환",0,0,71471.4781431282,88971.4781431282
20261006,112040,"위메이드",KOSDAQ,15670.0,0.45,"게임엔터테인먼트",12.45,30.08893975,531972728610.0,15780.0,-0.506970849176172,,75.5542922114838,30.0485436893204,7.2,39.5188046247279,0,2,0,69,"관망",45,-23.9709443099274,33,20260811,13.4248210023866,5.52877974613825,0,0,,,,,1,15690.0,"저항→지지",0,0,15528.7254235837,19108.7254235837
20261006,112290,"와이씨켐",KOSDAQ,12430.0,-1.58,"반도체와반도체장비",34.56,23.1349134,251348148700.0,10780.0,16.4192949907236,1.02040816326531,41.4403032217309,22.927241962775,6.4,206.653621837612,3,2,0,70,"없음",47,16.7007625069741,86,20260930,15.5188246097337,12.1123784999275,0,0,20260929,10780.0,10890.0,169.357561749944,1,10780.0,"저항→지지",0,0,11703.1925214498,11703.1925214498
20261006,112610,"씨에스윈드",KOSPI,57500.0,3.79,"에너지장비및서비스",322.95,194.771379275,2424855672500.0,54200.0,6.64206642066421,2.02952029520295,5.27522935779816,12.5486381322957,4.8,143.277205327972,3,2,0,67,"수축중",56,-3.02013422818792,70,20260616,29.8285714285714,6.61074533555829,0,0,20261002,54200.0,55300.0,105.188169696125,1,54200.0,"저항→지지",1,1,50785.5116908909,50785.5116908909
20261006,113810,"디젠스",KOSDAQ,3205.0,3.55,"자동차부품",2.24,0.6894828675,20914580050.0,3180.0,3.30188679245283,3.30188679245283,15.5223880597015,15.017667844523,6.4,222.297714131643,0,3,0,83,"없음",45,-6.14285714285714,65,20260826,11.8908382066277,4.01035256590188,1,0,20261006,3180.0,3285.0,232.640818567916,1,3065.0,"저항→지지",0,0,2928.51219534639,2928.51219534639
20261006,114090,GKL,KOSPI,8400.0,-1.18,"호텔,레스토랑,레저",8.61,7.489946335,519587628000.0,9760.0,-13.6270491803279,,68.3760683760684,32.8525641025641,15.6,94.8505023720673,0,3,0,90,"없음",34,-26.695652173913,29,,,,0,0,,,,,0,,,0,0,9235.07887541629,10145.0788754163
20261006,114190,"강원에너지",KOSDAQ,9570.0,6.93,"전자장비와기기",32.18,8.75144207,249997473660.0,9450.0,0.952380952380952,0.952380952380952,62.0486366985999,30.1734104046243,9.8,288.326542688563,0,1,0,61,"없음",35,-38.8853299167201,14,20260825,8.67526377491208,2.55942862252896,0,0,20261006,9450.0,9540.0,302.061927859904,1,8860.0,"저항→지지",1,0,8522.89757726247,9222.89757726247
20261006,114450,"그린생명과학",KOSDAQ,2295.0,0.22,"제약",1.05,1.146467755,45900000000.0,2265.0,1.32450331125828,1.32450331125828,48.8421052631579,16.2162162162162,6.4,34.2061703426199,0,2,0,61,"없음",49,-14.5251396648045,51,20260527,8.12603648424544,4.22445793109423,1,0,20261006,2265.0,2295.0,33.771587695421,1,2265.0,"저항→지지",0,0,2227.65515650217,2262.65515650217
20261006,114630,"폴라리스우노",KOSDAQ,1604.0,-1.17,"섬유,의류,신발,호화품",0.19,1.1059054395,27645337792.0,1790.0,-10.5027932960894,,26.6465256797583,27.8080697928026,12.0,13.7530390298633,0,2,0,73,"없음",45,-32.9707112970711,21,20260915,9.3989769820972,14.0232102017775,0,0,,,,,1,1509.0,"저항→지지",0,0,1643.44198672764,1643.44198672764
20261006,114810,"한솔아이원스",KOSDAQ,15370.0,-0.32,"반도체와반도체장비",13.52,30.373879975,432560584380.0,14000.0,9.57142857142857,4.5,39.8143091206991,46.5909090909091,11.2,27.8508439408345,4,1,0,61,"돌파완료",49,19.6567862714509,88,20260923,8.29015544041452,2.56145858597825,0,0,20260923,14000.0,14630.0,155.753725595967,1,13470.0,"저항→지지",0,0,14321.5986871062,14321.5986871062
20261006,114840,"아이패밀리에스씨",KOSDAQ,8490.0,1.19,"화장품",2.62,2.41575308,141624958650.0,10310.0,-17.6527643064985,,63.0484988452656,28.7861271676301,9.6,71.8789233654126,0,1,0,63,"없음",26,-21.3160333642261,38,,,,0,0,,,,,1,8220.0,"지지 재탈환",0,0,9261.75139561487,9611.75139561487
20261006,115160,"휴맥스",KOSDAQ,5380.0,-1.65,"전자제품",0.79,0.429094465,23174527540.0,6090.0,-3.94088669950739,,34.584755403868,30.7142857142857,10.0,157.989064561217,0,1,0,75,"없음",31,-16.189111747851,48,20260827,9.84251968503937,3.66890659836242,1,0,,,,,1,5590.0,"저항→지지",0,0,5310.01146518549,6220.01146518549
20261006,115180,"큐리언트",KOSDAQ,25000.0,1.01,"제약",28.53,33.021446775,938353775000.0,23350.0,6.20985010706638,4.71092077087794,50.862895493768,20.952380952381,3.6,61.1555223019961,0,2,0,86,"관망",47,-31.9615912208505,22,20260904,17.3027989821883,2.63418674476047,0,0,20261001,23350.0,24450.0,115.747119305467,1,23350.0,"저항→지지",0,0,22344.0919574123,25444.0919574123
20261006,115310,"인포바인",KOSDAQ,9570.0,-0.31,"IT서비스",0.2,0.46755319,141937923930.0,9900.0,-3.33333333333333,,26.8486916951081,25.8578431372549,15.4,31.3628477985388,0,2,0,58,"없음",37,-26.0432766615147,30,20260806,12.5175808720112,4.00783835371983,0,0,,,,,1,9250.0,"저항→지지",0,0,9443.35121607394,9443.35121607394
20261006,115440,"우리넷",KOSDAQ,12240.0,-1.05,"통신장비",133.68,295.20983543,132122134080.0,13340.0,-8.02098950524738,,6.63414634146341,17.9926560587515,6.8,92.6951270452658,3,1,0,47,"관망",48,23.5649546827795,89,20260923,22.4242424242424,4.58938388350113,0,0,,,,,1,10950.0,"저항→지지",0,0,11322.8659312019,11322.8659312019
20261006,115450,"HLB테라퓨틱스",KOSDAQ,2835.0,14.78,"제약",119.29,16.146619837,268427138490.0,2965.0,-3.20404721753794,,10.4713444027852,17.1677559912854,4.4,866.614791997906,1,1,0,42,"없음",30,-1.54373927958834,72,20261006,15.0300601202405,9.33760388117436,0,0,,,,,1,2110.0,"저항→지지",0,0,2556.73739240456,2556.73739240456
20261006,115480,"씨유메디칼",KOSDAQ,2295.0,0.22,"건강관리장비와용품",0.5,0.319855785,27826670745.0,2530.0,-8.300395256917,,0.0,13.9784946236559,6.4,106.864829356851,0,1,0,51,"없음",29,-5.88235294117647,65,20260818,15.2049818370524,23.6705743540696,0,0,,,,,1,2225.0,"지지 재탈환",0,0,2255.59084822,2255.59084822
20261006,115500,"케이씨에스",KOSDAQ,12600.0,17.65,"IT서비스",479.36,73.52197024,151200000000.0,11910.0,5.6255247691016,5.6255247691016,0.0,18.3282980866062,6.8,1255.92947140828,3,2,0,61,"수축중",54,47.8260869565217,94,20261006,15.5188246097337,8.26883977137945,0,0,20261006,11910.0,12580.0,1670.07334319254,1,9900.0,"저항→지지",1,1,10232.0306387918,10232.0306387918
20261006,115530,"씨엔플러스",KOSDAQ,2780.0,-2.11,"에너지장비및서비스",0.33,1.2577049375,23858112900.0,3300.0,-15.0,,2.04545454545455,27.9585798816568,4.2,30.534633723846,0,2,0,48,"없음",30,-12.34375,54,20260921,10.9259259259259,2.74619092486836,0,0,,,,,1,2655.0,"지지 재탈환",0,0,2805.08749011886,2835.08749011886
20261006,115570,"스타플렉스",KOSDAQ,2725.0,-0.18,"화학",0.08,0.375666415,21757784300.0,2950.0,-7.6271186440678,,21.8241042345277,29.4311926605505,11.4,14.4963285171775,1,2,0,64,"없음",42,-4.21792618629174,67,20260610,12.9166666666667,3.5010251953261,0,0,,,,,1,2610.0,"저항→지지",0,0,2600.36195881246,2630.36195881246
20261006,115610,"이미지스",KOSDAQ,1935.0,17.2,"핸드셋",27.77,2.0235500745,22869318015.0,1875.0,2.02666666666667,2.02666666666667,41.9375812743823,27.5449101796407,10.0,1318.71925940623,0,2,0,62,"없음",36,-22.8939943571141,35,20261006,15.9393939393939,31.0624793417471,1,0,20261006,1875.0,1913.0,1287.41012249701,1,1620.0,"저항→지지",1,1,1603.98851357511,1603.98851357511
20261006,117580,"대성에너지",KOSPI,7060.0,-0.28,"가스유틸리티",2.67,29.68164806,194150000000.0,8790.0,-19.7952218430034,,49.5291902071563,22.6118500604595,17.4,21.6060163466038,0,1,0,49,"없음",26,-24.7598719316969,32,,,,0,0,,,,,1,7000.0,"저항→지지",0,0,8299.39372214156,8299.39372214156
20261006,117670,"알파칩스",KOSDAQ,10390.0,1.96,"반도체와반도체장비",1.99,15.09092364,69215499380.0,14930.0,-30.9444072337575,,21.2295869356388,21.9938335046249,8.4,33.6208304022607,1,1,0,44,"없음",31,-27.034677990092,28,20260918,12.2641509433962,9.7835141098904,0,0,,,,,1,8450.0,"저항→지지",0,0,13008.6684338807,13008.6684338807
20261006,117730,"티로보틱스",KOSDAQ,15170.0,0.8,"기계",22.72,19.23305437,342205512310.0,15360.0,-0.9765625,,41.0751565762004,25.5522827687776,10.0,133.517186696265,0,2,0,70,"없음",35,-9.57193816884661,59,20260528,9.38383267382703,6.22004795605568,0,0,,,,,1,13860.0,"저항→지지",0,0,13756.9572225334,14696.9572225334
20261006,118000,"메타케어",KOSPI,1197.0,-1.48,"제약",0.25,0.3095166965,26400774645.0,1399.0,-13.5811293781272,,41.6666666666667,28.1645569620253,11.6,110.485102182675,0,1,0,59,"없음",22,-48.5531914893617,7,,,,0,0,,,,,0,,,0,0,1226.23660229106,1427.23660229106
20261006,118990,"모트렉스",KOSDAQ,6450.0,1.9,"자동차부품",2.01,5.075965675,158266042950.0,6980.0,-8.45272206303725,,33.8103756708408,15.8576051779935,6.6,32.6629178430768,0,3,0,81,"없음",42,-20.6211180124224,39,,,,0,0,,,,,0,,,0,0,6405.38189885458,6405.38189885458
20261006,119500,"포메탈",KOSDAQ,2375.0,0.42,"기계",0.53,0.9282800725,28137176000.0,2485.0,-4.62776659959759,,35.9823399558499,18.111753371869,9.8,65.2295836146348,0,3,0,90,"없음",36,-36.2903225806452,17,,,,0,0,,,,,1,2365.0,"지지 재탈환",0,0,2310.66112514604,2455.66112514604
20261006,119610,"인터로조",KOSDAQ,16440.0,-2.66,"건강관리장비와용품",6.07,5.32608829,187642000680.0,14980.0,9.14552736982644,2.87049399198932,24.2686170212766,24.0831295843521,11.2,79.2006208933656,1,3,0,86,"없음",43,-10.8019639934534,57,20261002,9.2130518234165,5.82574014691905,0,0,20260930,14980.0,15410.0,101.06137249018,1,14980.0,"저항→지지",0,0,15736.3286701111,15736.3286701111
20261006,119830,"아이텍",KOSDAQ,6430.0,-0.77,"반도체와반도체장비",8.02,8.519054665,170642786480.0,7050.0,-9.21985815602837,,40.3966597077244,28.8079470198675,11.4,66.2862385321101,1,1,0,49,"없음",34,10.3448275862069,83,20260811,23.9089184060721,3.1364124402892,0,0,,,,,1,6350.0,"저항→지지",0,0,6147.8332820427,6727.8332820427
20261006,119850,"지엔씨에너지",KOSDAQ,53000.0,-0.93,"전기장비",257.61,338.797417125,871792177000.0,59000.0,-10.3389830508475,,49.2055849783341,30.5172413793103,7.6,54.2696393554397,5,2,0,75,"수축중",72,72.3127035830619,96,20260804,21.9047619047619,3.88958645384063,0,0,,,,,1,44850.0,"지지 재탈환",0,0,50563.1883058968,50563.1883058968
20261006,120030,"조선선재",KOSPI,84100.0,1.57,"철강",0.38,0.27898765,105768449100.0,85400.0,-3.62997658079625,,30.8823529411765,13.4396355353075,11.4,103.936311366652,0,3,0,95,"없음",39,-14.6265560165975,51,,,,0,0,,,,,0,,,0,0,81210.2948944191,82310.2948944191
20261006,120110,"코오롱인더",KOSPI,57900.0,3.02,"화학",139.74,105.75499875,1733875252800.0,62700.0,-7.17703349282297,,55.6870479947403,33.1039755351682,13.0,132.37522004817,2,2,0,62,"관망",47,-20.2739726027397,40,,,,1,0,,,,,0,,,0,0,53817.9440722728,56217.9440722728
20261006,120240,"대정화금",KOSDAQ,14950.0,1.01,"화학",0.93,0.972040525,107496345450.0,15100.0,-1.45695364238411,,27.5193798449612,7.69736842105263,6.0,44.9486973730428,5,2,0,85,"없음",66,8.53391684901532,81,,,,1,0,,,,,1,14850.0,"저항→지지",0,0,14497.6888397008,14497.6888397008
20261006,121440,"골프존홀딩스",KOSDAQ,7720.0,-1.03,"레저용장비와제품",2.68,4.08127138,330700234960.0,8440.0,-8.17535545023697,,53.5469107551487,17.9640718562874,4.8,26.7088439432105,5,2,0,78,"없음",70,60.9553478712357,95,20260907,14.1843971631206,3.40627223093603,0,0,,,,,1,7690.0,"지지 재탈환",0,0,7757.23890137744,7757.23890137744
20261006,121600,"나노신소재",KOSDAQ,64200.0,7.9,"화학",117.19,41.245103975,787232662200.0,53500.0,19.8130841121495,2.99065420560748,28.4960422163588,25.8928571428571,9.8,287.914391015017,1,3,0,77,"관망",38,4.73856209150327,78,,,,0,0,20260928,53500.0,55100.0,220.10084539242,1,53500.0,"저항→지지",1,1,53954.4716167395,53954.4716167395
20261006,121890,"에스디시스템",KOSDAQ,2880.0,1.23,"운송인프라",1.53,1.7423492175,38279364480.0,3010.0,-4.31893687707641,,16.4452317685267,21.3507625272331,8.4,80.7381810876381,5,2,0,69,"없음",66,70.414201183432,96,20260820,12.2881355932203,6.13150636521509,0,0,,,,,1,2857.0,"저항→지지",0,0,2620.45553778035,2620.45553778035
20261006,122310,"제노레이",KOSDAQ,3300.0,-0.9,"건강관리장비와용품",0.19,0.1802370875,48027685200.0,3590.0,-7.38161559888579,,24.5183887915937,13.1284916201117,9.6,24.2988154113136,0,2,0,77,"없음",40,-22.7642276422764,35,,,,0,0,,,,,0,,,0,0,3292.85511731849,3597.85511731849
20261006,122350,"삼기",KOSDAQ,1635.0,-2.74,"자동차부품",9.5,19.170540764,62684964780.0,1826.0,-11.0624315443593,,72.8895822499567,22.6114649681529,6.8,27.042354318148,3,2,0,65,"없음",52,13.5664335664336,85,20260626,29.9787384833451,13.3645522118501,0,0,,,,,0,,,0,0,1593.7225866442,1993.7225866442
20261006,122450,KX,KOSDAQ,2460.0,-1.99,"복합기업",0.24,0.7151799875,110256791640.0,2995.0,-16.1936560934891,,5.95903165735567,19.0317195325543,2.4,30.4267705058624,0,2,0,48,"없음",30,-18.6385737439222,43,,,,0,0,,,,,0,,,0,0,2712.11728415912,2712.11728415912
20261006,122640,"예스티",KOSDAQ,33850.0,1.35,"반도체와반도체장비",118.68,114.5875426,732897351250.0,33250.0,2.25563909774436,0.902255639097744,65.821868211441,50.3782148260212,10.8,85.9213449144415,5,2,0,63,"돌파완료",65,79.1359325605901,96,20260618,18.4249628528975,16.12677507699,0,0,20260930,33250.0,33550.0,98.368490889948,1,33250.0,"저항→지지",0,0,30422.91767795,30422.91767795
20261006,122690,"서진오토모티브",KOSDAQ,1640.0,2.18,"자동차부품",0.54,0.285510315,37849832240.0,1750.0,-7.54285714285714,,46.9952734638758,15.1862464183381,9.2,117.955302609661,0,2,0,79,"없음",33,-33.8241308793456,20,,,,0,0,,,,,0,,,0,0,1615.90478501441,1760.90478501441
20261006,122870,"와이지엔터테인먼트",KOSDAQ,40850.0,0.49,"방송과엔터테인먼트",29.67,47.598820975,763529351650.0,45450.0,-9.9009900990099,,50.3919372900336,17.056856187291,7.4,59.4541987087358,0,2,0,78,"관망",30,-22.5897920604915,36,,,,0,0,,,,,0,,,0,0,41966.0175660539,41966.0175660539
20261006,122900,"아이마켓코리아",KOSPI,8200.0,0.0,"상업서비스와공급품",2.61,3.751423545,274116488000.0,8570.0,-4.55075845974329,,23.5690235690236,12.4523506988564,15.4,46.8945992867827,4,1,0,75,"없음",47,11.9015047879617,84,,,,0,0,,,,,0,,,0,0,8252.04207961134,8252.04207961134
20261006,122990,"와이솔",KOSDAQ,6490.0,-2.7,"핸드셋",4.33,5.104155505,166456032710.0,6970.0,-7.17360114777618,,41.3547237076649,16.3492063492063,10.0,102.804789659881,2,3,0,86,"없음",44,3.68589743589744,78,,,,0,0,,,,,1,6340.0,"저항→지지",0,0,6539.56358518775,6539.56358518775
20261006,123010,MSDI,KOSDAQ,4280.0,4.65,"핸드셋",16.05,12.88040238,86523482760.0,4600.0,-6.52173913043478,,0.0,42.7067669172932,9.4,170.381932238272,3,2,0,55,"없음",50,110.681038706516,97,20261001,11.7216117216117,2.82848203386752,0,0,,,,,1,3230.0,"저항→지지",0,0,3841.74496361953,3841.74496361953
20261006,123040,"엠에스오토텍",KOSDAQ,1736.0,4.58,"자동차부품",1.1,1.2248680625,108722727064.0,1765.0,-4.24929178470255,,33.313679245283,19.6517412935323,6.6,33.5811001408999,0,3,0,91,"없음",46,-24.5535714285714,32,,,,0,0,,,,,1,1654.0,"지지 재탈환",0,0,1631.17488889883,1841.17488889883
20261006,123330,"제닉",KOSDAQ,21500.0,-0.92,"화장품",39.76,71.978989275,171326620000.0,38900.0,-44.2159383033419,,65.9255429162358,22.7777777777778,10.2,62.7047933861373,3,1,0,49,"관망",48,-30.56,24,20260626,8.74704491725769,3.86391008328165,0,0,,,,,0,,,0,0,32355.0687667399,34955.0687667399
20261006,123410,"코리아에프티",KOSDAQ,5860.0,-1.68,"자동차부품",3.49,3.339250185,163148635040.0,6270.0,-6.69856459330144,,43.8834951456311,17.4147217235188,10.0,75.5449781877531,0,3,0,91,"없음",39,-13.2047477744807,53,,,,0,0,,,,,0,,,0,0,5813.83488008343,5813.83488008343
20261006,123420,"위메이드플레이",KOSDAQ,6540.0,0.0,"게임엔터테인먼트",0.99,1.815565245,68022808140.0,6830.0,-4.24597364568082,,59.2429577464789,20.1324503311258,7.2,43.0329139637825,0,3,0,93,"없음",50,-3.9647577092511,68,20260811,8.4664536741214,20.2589001730349,0,0,,,,,1,6500.0,"저항→지지",0,0,6255.17255449525,6905.17255449525
20261006,123570,"이엠넷",KOSDAQ,1625.0,0.12,"광고",0.08,0.048708536,36198626750.0,1878.0,-13.4717784877529,,0.0,10.8187134502924,9.2,73.9884429330606,0,1,0,61,"없음",26,-16.2371134020619,48,,,,0,0,,,,,0,,,0,0,1740.95458933367,1740.95458933367
20261006,123690,"한국화장품",KOSPI,6430.0,-0.92,"화장품",3.24,16.7128166,103317240000.0,7650.0,-15.8169934640523,,43.2786885245902,31.4944134078212,11.8,26.3903565540019,0,2,0,74,"없음",38,-18.0661577608142,44,,,,0,0,,,,,0,,,0,0,7036.73141024698,7036.73141024698
20261006,123700,SJM,KOSPI,3255.0,-0.61,"자동차부품",0.09,0.297598255,50793942990.0,3560.0,-7.58426966292135,,0.87719298245615,8.7719298245614,9.4,25.1468770353435,0,1,0,63,"없음",25,-5.73065902578797,65,,,,0,0,,,,,0,,,0,0,3432.37560764977,3432.37560764977
20261006,123750,"알톤",KOSDAQ,1731.0,-1.54,"레저용장비와제품",0.19,0.3594656365,23921137329.0,2100.0,-17.5714285714286,,44.354527938343,30.9635974304069,9.4,50.8882799454739,2,1,0,57,"없음",40,-31.5810276679842,23,20260701,13.5278514588859,9.96015532712008,0,0,,,,,0,,,0,0,1906.8588367132,2141.8588367132
20261006,123840,"뉴온",KOSDAQ,1829.0,1.61,"건강관리업체및서비스",0.1,0.440681294,28446528450.0,2050.0,-10.780487804878,,46.7697907188353,33.5913978494624,7.6,29.4824469294305,0,1,0,53,"없음",29,-66.2981389349548,2,20260918,16.3746223564955,5.41700840236188,0,0,,,,,1,1749.0,"저항→지지",0,0,1736.74381505134,2011.74381505134
20261006,123860,"아나패스",KOSDAQ,12880.0,-1.68,"디스플레이장비및부품",1.89,1.52195603,156149585200.0,14190.0,-8.80902043692741,,48.7233298356069,26.1675824175824,11.2,91.6270505898026,0,1,0,81,"없음",25,-23.4772324068598,34,,,,0,0,,,,,0,,,0,0,13069.2548663311,13749.2548663311
20261006,123890,"한국자산신탁",KOSPI,2430.0,1.67,"부동산",1.97,3.4160513075,297368640180.0,2695.0,-10.3896103896104,,52.8672427336999,16.9042769857434,15.0,42.9536809288732,1,1,0,88,"없음",34,-6.03112840466926,65,,,,0,0,,,,,0,,,0,0,2551.34392882218,2581.34392882218
20261006,124500,"아이티센글로벌",KOSDAQ,29950.0,2.39,"IT서비스",36.78,86.6712902,694975583650.0,42000.0,-28.2142857142857,,58.7055606198724,19.6296296296296,7.8,28.6113691707526,2,1,0,52,"관망",43,-33.9539978094195,20,20260824,16.4362519201229,7.48247045747446,1,0,,,,,0,,,0,0,31997.7009256519,37497.7009256519
20261006,124560,"태웅로직스",KOSDAQ,1970.0,0.1,"해운사",0.43,0.4614487325,76279997670.0,2080.0,-5.28846153846154,,27.6381909547739,27.2445820433437,11.2,50.4251207288045,0,1,0,75,"없음",31,-27.4401473296501,27,,,,0,0,,,,,0,,,0,0,1945.20651661166,1945.20651661166
20261006,125020,"티씨머티리얼즈",KOSDAQ,6210.0,0.0,"전기장비",23.56,48.747800495,217589395500.0,6710.0,-7.60059612518629,,39.5509499136442,25.1127819548872,6.8,50.9282993323899,3,2,0,69,"수축중",47,31.4952279957582,91,20260918,8.82852292020373,4.25903603907693,0,0,,,,,1,6050.0,"저항→지지",0,0,5964.95307863138,5964.95307863138
20261006,125210,"아모그린텍",KOSDAQ,6780.0,3.35,"화학",12.19,15.06961855,111848236200.0,6580.0,1.82370820668693,1.82370820668693,39.7422126745435,18.6520376175549,6.8,125.367043505263,1,1,0,58,"없음",38,-13.0998702983139,53,20260916,9.6774193548387,26.2619610936573,0,0,20261006,6580.0,6700.0,126.758106829646,1,6095.0,"저항→지지",0,0,5986.79653956567,5986.79653956567
20261006,125490,"한라캐스트",KOSDAQ,13760.0,4.48,"자동차부품",322.81,253.606782165,502272363520.0,13350.0,3.22097378277154,3.22097378277154,11.992731677771,31.1363636363636,10.0,125.78162990559,0,2,0,65,"관망",40,3.29835082458771,77,20260915,13.3990147783251,2.6630224310644,0,0,20261006,13350.0,13780.0,126.026573152009,1,11840.0,"저항→지지",1,1,11792.8720008012,11792.8720008012
20261006,126340,"비나텍",KOSDAQ,94600.0,-0.21,"전기장비",119.79,125.6506922,679267164400.0,96700.0,-1.75801447776629,,54.5542635658915,32.3565323565324,6.8,115.291862020408,2,2,0,61,"관망",49,-17.4630755864466,45,20260916,16.4634146341463,7.11194336835725,0,0,,,,,1,71900.0,"저항→지지",0,0,83326.6637187723,83326.6637187723
20261006,126560,"현대퓨처넷",KOSPI,3410.0,0.74,"화장품",1.73,2.1211697425,372375546400.0,3570.0,-5.04201680672269,,0.0,7.12166172106825,7.2,56.8004386343507,4,1,0,73,"없음",51,3.51145038167939,77,20260803,8.14940577249576,5.7732509684154,0,0,,,,,1,3305.0,"저항→지지",0,0,3349.88257391546,3349.88257391546
20261006,126600,"BGF에코머티리얼즈",KOSDAQ,3205.0,0.16,"화학",1.06,1.71883322,201167911295.0,3335.0,-3.29835082458771,,43.1067961165049,16.8918918918919,9.4,62.8459532666077,0,1,0,69,"없음",27,-31.3829787234043,23,,,,0,0,,,,,1,3125.0,"저항→지지",0,0,3093.6505375952,3093.6505375952
20261006,126640,"화신정공",KOSDAQ,3940.0,-0.51,"자동차부품",14.55,41.913902325,138120285400.0,4330.0,-9.46882217090069,,69.6140693698095,30.0,3.8,24.9292696462507,4,2,0,65,"수축중",65,162.734584450402,98,20260819,29.794933655006,7.81920136804579,0,0,,,,,1,3730.0,"지지 재탈환",0,0,4495.40397872835,4935.40397872835
20261006,126700,"하이비젼시스템",KOSDAQ,12300.0,3.97,"핸드셋",10.89,4.131222335,183787977600.0,12800.0,-4.375,,43.0004178854994,22.2546161321672,9.4,131.605462252244,0,2,0,70,"없음",35,-20.8791208791209,39,,,,0,0,,,,,0,,,0,0,11621.8916084224,11621.8916084224
20261006,126720,"수산인더스트리",KOSPI,21550.0,0.23,"에너지장비및서비스",1.99,4.79032085,307863300000.0,22800.0,-5.70175438596491,,56.3515954244431,14.9068322981366,6.8,43.6606072967392,2,3,0,91,"없음",55,-16.988416988417,46,,,,0,0,,,,,0,,,0,0,21721.8090808478,22821.8090808478
20261006,126880,"제이엔케이글로벌",KOSDAQ,2755.0,-0.36,"석유와가스",1.48,1.12771039,63828178865.0,2720.0,2.94117647058824,1.65441176470588,40.1109057301294,31.1428571428571,7.2,47.6011654484804,0,2,0,85,"없음",43,-21.5686274509804,37,,,,0,0,20261001,2720.0,2765.0,93.43941538758,1,2720.0,"저항→지지",0,0,2607.39445915708,3257.39445915708
20261006,127120,"제이에스링크",KOSDAQ,30000.0,2.74,"생명과학도구및서비스",48.48,70.705295575,1118788710000.0,34850.0,-14.2037302725968,,50.0692201199816,33.7931034482759,6.8,92.956537955511,2,2,0,54,"관망",42,-21.2121212121212,38,20260904,12.3745819397993,2.98816450217278,0,0,,,,,0,,,0,0,30586.102571664,38936.102571664
20261006,127710,"아시아경제",KOSDAQ,1413.0,1.07,"출판",0.83,1.0207819675,62241533730.0,1487.0,-4.57296570275723,,0.0,25.6903765690377,11.6,70.7265377429639,4,1,0,39,"없음",51,-13.7386018237082,52,20260916,9.46073793755913,8.45208491387788,0,0,,,,,1,1032.0,"저항→지지",0,0,1368.12695935402,1368.12695935402
20261006,127980,"화인써키트",KOSDAQ,3055.0,9.11,"전자장비와기기",0.7,0.2470736475,36173289620.0,2825.0,4.60176991150442,4.60176991150442,32.4475524475524,69.2061459667093,20.8,248.423661917597,0,2,0,60,"없음",35,-41.9449901768173,12,,,,0,0,20261006,2825.0,2955.0,256.232572378927,1,2735.0,"저항→지지",1,0,2577.93505041266,2897.93505041266
20261006,128540,"에코캡",KOSDAQ,1087.0,-0.18,"자동차부품",2.35,0.690918731,29012530020.0,1235.0,-12.1457489878543,,34.6572709801409,25.6934306569343,10.2,461.829058771993,0,3,0,76,"없음",33,-39.2156862745098,14,20260629,8.80000000000001,3.32300065766148,0,0,,,,,0,,,0,0,1090.54655683194,1281.54655683194
20261006,128660,"피제이메탈",KOSDAQ,2895.0,0.87,"비철금속",1.8,1.396410155,71805753255.0,3020.0,-4.3046357615894,,42.896174863388,16.2406015037594,7.2,39.1424830059512,2,2,0,85,"없음",57,-20.3856749311295,40,20260811,10.7142857142857,53.086581695864,1,0,,,,,1,2870.0,"지지 재탈환",0,0,2861.70618038528,3166.70618038528
20261006,128820,"대성산업",KOSPI,4220.0,0.96,"석유와가스",5.41,5.57863591,190893717160.0,4650.0,-9.03225806451613,,45.7352941176471,16.9177288528389,9.6,110.304238945605,0,1,0,57,"없음",25,-36.1990950226244,17,,,,0,0,,,,,0,,,0,0,4337.30913417243,4337.30913417243
20261006,128940,"한미약품",KOSPI,519000.0,2.57,"제약",445.91,518.86717525,6648904329000.0,534000.0,-0.936329588014981,,41.978387364921,20.0354609929078,5.2,70.9795603081088,3,2,0,85,"수축중",65,2.71844660194175,77,20260824,29.9638989169675,6.07165445011351,1,0,,,,,1,495500.0,"저항→지지",0,0,477626.02798283,507626.02798283
20261006,129260,"인터지스",KOSPI,1910.0,-0.62,"해운사",0.28,0.404471178,56818439340.0,2450.0,-21.5510204081633,,0.0,8.74428063040163,9.6,71.0458983344372,0,1,0,47,"없음",22,-19.581589958159,41,,,,0,0,,,,,1,1893.0,"지지 재탈환",0,0,2294.67905239072,2294.67905239072
20261006,129890,"앱코",KOSDAQ,958.0,1.27,"컴퓨터와주변기기",0.63,0.7870177885,43632686716.0,1064.0,-9.96240601503759,,51.3199577613516,25.2631578947368,13.4,52.959956423032,0,2,0,64,"없음",39,3.90455531453362,78,,,,0,0,,,,,1,937.0,"지지 재탈환",0,0,961.898472055236,998.898472055236
20261006,129920,"대성하이텍",KOSDAQ,7250.0,2.55,"기계",12.09,10.070800985,117803046000.0,5560.0,29.8561151079137,15.6474820143885,29.5474325500435,37.533692722372,6.6,104.404655512961,2,2,0,52,"없음",40,-44.5042275172944,10,20260923,15.6474820143885,2.95801789780716,0,0,20260923,5560.0,6430.0,218.428517141229,1,5560.0,"저항→지지",0,0,6212.28465335141,6302.28465335141
20261006,130500,"GH신소재",KOSDAQ,1906.0,-0.99,"자동차부품",0.1,0.181128694,27722869112.0,1980.0,-3.33333333333333,,0.0,15.9979939819458,10.0,58.5720747889023,0,1,0,77,"없음",31,-21.3963039014374,37,20260722,8.75286041189931,12.0226915971506,0,0,,,,,1,1859.0,"지지 재탈환",0,0,1804.81553139519,1817.81553139519
20261006,130580,"나이스디앤비",KOSDAQ,6950.0,1.61,"상업서비스와공급품",1.41,1.90457305,107030000000.0,6950.0,0.0,,5.55555555555555,7.86838340486409,1.6,132.789168529135,4,2,0,69,"없음",52,25.4512635379061,89,,,,0,0,,,,,1,5620.0,"저항→지지",0,0,6624.59771771547,6624.59771771547
20261006,130660,"한전산업",KOSPI,12420.0,0.57,"전기유틸리티",17.94,91.715260645,404892000000.0,14460.0,-13.9004149377593,,55.1768488745981,23.8562091503268,5.2,29.693160479082,2,2,0,63,"없음",52,-30.5245535714286,24,20260826,12.7442650807137,46.8576636510846,0,0,,,,,0,,,0,0,13134.7970158446,13974.7970158446
20261006,130740,"티피씨글로벌",KOSDAQ,1828.0,-0.54,"자동차부품",0.35,0.4719897925,20613769212.0,2120.0,-12.877358490566,,30.5658627087198,20.4,6.4,51.1971311043139,1,1,0,54,"없음",31,-9.90243902439024,59,,,,0,0,,,,,1,1821.0,"지지 재탈환",0,0,1933.15539187747,2018.15539187747
20261006,131030,"옵투스제약",KOSDAQ,6630.0,6.25,"제약",9.33,1.99045591,116996891700.0,6120.0,9.15032679738562,4.2483660130719,31.8818040435459,32.798833819242,10.4,334.801212652617,1,1,0,80,"없음",34,-50.4818383988139,6,20260720,9.31899641577061,16.1395307819447,0,0,20261001,6120.0,6380.0,186.920028751864,1,6120.0,"저항→지지",1,0,5998.30289855984,6288.30289855984
20261006,131090,"시큐브",KOSDAQ,4365.0,0.69,"소프트웨어",1.52,0.642145835,33428134665.0,4370.0,1.02974828375286,1.02974828375286,11.0070257611241,6.15384615384615,9.6,256.826431339507,5,2,0,68,"없음",57,16.1842105263158,86,,,,1,0,20261006,4370.0,4415.0,266.603625768763,1,4300.0,"저항→지지",1,1,4140.40096505952,4140.40096505952
20261006,131100,"티엔엔터테인먼트",KOSDAQ,3510.0,11.08,"방송과엔터테인먼트",2.96,3.595114995,22637197440.0,3885.0,-10.03861003861,,0.0,49.4571773220748,11.4,154.143926958171,0,1,0,66,"없음",19,-43.4466019417476,10,20260923,18.4060721062619,15.9396173832264,0,0,,,,,1,2510.0,"저항→지지",0,0,3313.46635721144,3313.46635721144
20261006,131180,"딜리",KOSDAQ,4165.0,-0.12,"컴퓨터와주변기기",0.16,0.2243711725,24448550000.0,4465.0,-6.71892497200448,,0.0,5.078125,5.6,70.8776576908367,0,1,0,52,"없음",27,-9.16030534351145,60,,,,0,0,,,,,1,3840.0,"저항→지지",0,0,4204.86377717295,4204.86377717295
20261006,131220,"대한과학",KOSDAQ,3760.0,4.44,"생명과학도구및서비스",0.13,0.2004510525,28028882400.0,3780.0,-2.38095238095238,,45.6110154905336,22.6765799256506,10.6,39.9275129311905,0,3,0,94,"없음",46,-18.0,44,,,,1,0,,,,,1,3540.0,"지지 재탈환",0,0,3515.65857066146,3770.65857066146
20261006,131290,"티에스이",KOSDAQ,311000.0,7.06,"반도체와반도체장비",303.1,389.78754575,3440104419000.0,309500.0,0.484652665589661,,42.3523472993438,27.209705372617,6.4,75.8744030997806,5,1,0,48,"관망",62,194.228949858089,98,20260910,14.1527001862197,6.05083464545383,1,0,,,,,1,259500.0,"저항→지지",0,0,270327.678135599,270327.678135599
20261006,131370,"알서포트",KOSDAQ,1560.0,4.91,"소프트웨어",0.97,0.7985889975,83096649480.0,1595.0,-5.141065830721,,35.2283317800559,12.3859191655802,10.6,75.2700426545237,0,2,0,81,"없음",35,-44.169741697417,10,,,,1,0,,,,,1,1472.0,"지지 재탈환",0,0,1494.55877696328,1494.55877696328
20261006,131760,"파인텍",KOSDAQ,1284.0,3.55,"디스플레이장비및부품",1.81,3.3040440255,11153229744.0,1500.0,-14.4,,50.7184672698244,58.4905660377358,9.4,46.8319649153475,0,1,0,59,"없음",26,-59.0430622009569,4,20260724,30.0,12.5244257823151,1,0,,,,,1,1185.0,"지지 재탈환",0,0,1507.06533746648,2336.06533746648
20261006,131970,"두산테스나",KOSDAQ,119100.0,11.41,"반도체와반도체장비",594.89,338.80358675,2301874045800.0,100800.0,18.9484126984127,4.96031746031746,43.5023771790808,22.4731182795699,3.0,159.286239912568,3,2,0,73,"수축중",39,18.3613030602172,87,20260921,10.8922363847045,2.72688827565395,0,0,20261001,100800.0,105800.0,135.196573947632,1,100800.0,"저항→지지",1,1,96107.3118662007,96107.3118662007
20261006,133750,"메가엠디",KOSDAQ,1435.0,5.05,"교육서비스",0.19,0.1271783995,33589155495.0,1550.0,-12.3870967741935,,5.03759398496241,13.8655462184874,9.2,93.8303175894714,0,1,0,56,"없음",22,-23.921568627451,33,,,,0,0,,,,,1,1351.0,"지지 재탈환",0,0,1392.8086332099,1392.8086332099
20261006,133820,"화인베스틸",KOSPI,982.0,-0.81,"철강",0.36,0.42457863,36446440964.0,1149.0,-13.8381201044386,,14.9436090225564,28.219852337982,10.0,67.3987041848255,0,1,0,60,"없음",26,-18.6524239934265,42,20260721,8.06599450045828,2.93283040690072,0,0,,,,,0,,,0,0,1029.59360828097,1099.59360828097
20261006,134060,"이퓨쳐",KOSDAQ,5380.0,-1.1,"교육서비스",0.17,0.11740575,25658565000.0,5790.0,-7.08117443868739,,32.3799795709908,15.0398406374502,9.6,69.9333250580746,5,1,0,67,"없음",50,34.3320848938826,92,,,,0,0,,,,,1,5340.0,"지지 재탈환",0,0,5339.76504775139,5339.76504775139
20261006,134380,"미원화학",KOSPI,10330.0,1.97,"화학",0.05,0.47341565,227184384400.0,10480.0,-1.43129770992366,,18.9765458422175,17.7005789909016,6.6,9.61497371907183,2,2,0,81,"없음",51,-12.9005059021922,53,,,,0,0,,,,,1,10200.0,"지지 재탈환",0,0,10405.7918431774,11615.7918431774
20261006,134790,"시디즈",KOSPI,18550.0,-0.22,"가구",0.03,0.054670005,37100000000.0,22550.0,-17.7383592017738,,25.4728370221328,16.2352941176471,6.6,21.2757124769081,0,1,0,54,"없음",26,-2.77777777777778,70,,,,0,0,,,,,0,,,0,0,21402.9647609791,21402.9647609791
20261006,136150,"원일티엔아이",KOSDAQ,14050.0,12.94,"에너지장비및서비스",232.4,31.622817375,117753471500.0,9120.0,56.030701754386,18.969298245614,15.6408808582722,25.3289473684211,6.8,1692.35377389015,1,1,0,61,"관망",25,-17.2193135543921,45,20261006,10.7392996108949,11.4572301247475,0,0,20261001,9120.0,10850.0,1332.9143816469,1,9120.0,"저항→지지",1,1,12299.4275638909,12299.4275638909
20261006,136410,"아셈스",KOSDAQ,3835.0,2.95,"화학",0.21,0.755500635,42258271510.0,4065.0,-6.88806888068881,,19.0,30.6796116504854,7.2,28.9923884475837,0,2,0,68,"없음",35,-47.9367262723521,8,,,,1,0,,,,,0,,,0,0,3699.2006386019,4714.2006386019
20261006,136480,"하림",KOSDAQ,2665.0,-0.19,"식품",3.83,4.0559971775,283048855830.0,2760.0,-3.80434782608696,,46.4730290456432,10.5263157894737,11.2,67.6133391334465,0,3,0,93,"없음",45,-17.03125,46,,,,0,0,,,,,0,,,0,0,2663.85461441429,2718.85461441429
20261006,136490,"선진",KOSPI,10050.0,-0.59,"식품",6.79,6.81498356,238985020200.0,11350.0,-11.1013215859031,,34.3558282208589,16.4878048780488,11.0,85.8215121662239,1,1,0,64,"없음",30,2.02224469160768,76,,,,0,0,,,,,0,,,0,0,10642.1680069841,10642.1680069841
20261006,136540,"윈스테크넷",KOSDAQ,11260.0,5.23,"소프트웨어",8.2,1.562356985,138269939960.0,11310.0,-0.442086648983201,,0.0,7.14957666980245,9.6,545.985620131815,2,1,0,66,"없음",37,1.80831826401447,75,,,,0,0,,,,,1,10850.0,"저항→지지",0,0,10668.7919636643,10668.7919636643
20261006,137080,"나래나노텍",KOSDAQ,6300.0,3.96,"디스플레이장비및부품",0.7,0.498701545,67472678700.0,7300.0,-14.1095890410959,,22.7495908346972,30.8181818181818,10.2,63.6840174385498,5,1,0,62,"없음",55,28.7474332648871,90,20260616,14.3174250832409,2.98062911439435,1,0,,,,,0,,,0,0,6639.45971649904,6639.45971649904
20261006,137310,"에스디바이오센서",KOSPI,6540.0,3.15,"건강관리장비와용품",8.42,6.309065155,789699127080.0,6210.0,4.34782608695652,0.805152979066022,59.5281306715064,16.2824207492795,7.2,83.1301609946757,0,2,0,62,"없음",41,-15.2941176470588,49,20260824,9.29054054054055,5.7202012541749,1,0,20261001,6210.0,6260.0,83.2980840339196,1,6210.0,"저항→지지",1,0,5896.6444200471,6496.6444200471
20261006,137400,"피엔티",KOSDAQ,33350.0,2.93,"전기제품",57.33,35.099792175,790085778800.0,30600.0,9.31372549019608,2.61437908496732,58.0036518563603,18.1952662721894,7.4,129.560976097766,0,1,0,81,"관망",27,-29.2811839323467,25,,,,0,0,20261001,30600.0,31400.0,115.611490373822,1,30600.0,"저항→지지",1,0,29701.4407073882,30801.4407073882
20261006,137940,"넥스트아이",KOSDAQ,1869.0,-4.15,"화장품",0.66,0.3436879525,18338753223.0,2010.0,-6.91542288557214,,52.3234200743494,17.2248803827751,2.2,108.514317282466,0,2,0,58,"없음",41,-28.3141762452107,26,20260731,10.9550561797753,7.50545793534103,0,0,,,,,1,1820.0,"지지 재탈환",0,0,1896.26191631892,2026.26191631892
20261006,137950,"제이씨케미칼",KOSDAQ,3615.0,1.12,"에너지장비및서비스",1.69,2.730604725,80498147610.0,3875.0,-7.2258064516129,,16.7305236270754,18.6074429771909,3.0,37.9417329141368,2,2,0,64,"없음",55,-27.1529888551165,28,20260806,8.94454382826475,12.4933710878167,0,0,,,,,1,3585.0,"지지 재탈환",0,0,3726.81635852532,3726.81635852532
20261006,138040,"메리츠금융지주",KOSPI,129900.0,0.85,"증권",161.87,246.41193065,21738410762700.0,133800.0,-3.21375186846039,,25.4424778761062,11.5744069015097,4.0,50.5685181152045,5,3,1,86,"돌파임박",68,16.2477558348294,86,,,,0,0,,,,,1,120800.0,"저항→지지",0,0,128984.591416776,128984.591416776
20261006,138070,"신진에스엠",KOSDAQ,1485.0,0.34,"기계",0.26,0.1448955725,25992257940.0,1546.0,-7.11513583441138,,26.4331210191083,11.3448056086679,3.8,114.940983682682,0,1,0,54,"없음",25,-18.7782805429864,42,,,,0,0,,,,,0,,,0,0,1446.53890813193,1446.53890813193
20261006,138080,"오이솔루션",KOSDAQ,32900.0,1.39,"통신장비",198.79,134.639576575,407228238200.0,31300.0,6.0702875399361,4.31309904153355,23.7414675767918,33.8815789473684,7.4,152.500392050992,3,1,0,64,"관망",50,0.606060606060606,74,20261002,9.19732441471572,3.2554486108416,0,0,20261002,31300.0,32650.0,361.704703707453,1,31300.0,"저항→지지",0,0,29570.9342198195,29570.9342198195
20261006,138610,"나이벡",KOSDAQ,16510.0,3.32,"건강관리장비와용품",7.14,5.678605885,187682262430.0,17760.0,-6.70045045045045,,50.3024662633783,32.6570048309179,6.0,56.2811454363817,0,2,0,59,"없음",45,-37.3534971644612,16,20260820,19.8243412797992,71.9695090554971,0,0,,,,,1,14860.0,"지지 재탈환",0,0,15101.9669913284,18901.9669913284
20261006,138930,"BNK금융지주",KOSPI,15990.0,0.31,"은행",101.38,161.034490215,4906367618490.0,16630.0,-3.96873120865905,,49.7248968363136,25.4390633315593,10.6,60.2408829607567,2,3,0,86,"관망",50,-10.7322526551146,57,,,,0,0,,,,,1,15960.0,"저항→지지",0,0,15502.3807503631,17662.3807503631
20261006,139130,"iM금융지주",KOSPI,18690.0,0.27,"은행",55.67,72.075853645,2959812095520.0,18920.0,-0.951374207188161,,45.1635351426583,19.9787460148778,9.4,69.8398129620564,5,1,0,86,"없음",55,12.1484141232795,84,,,,1,0,,,,,1,17650.0,"저항→지지",0,0,18220.4644963473,18220.4644963473
20261006,139480,"이마트",KOSPI,71600.0,-0.42,"백화점과일반상점",31.82,65.15244995,1975860640400.0,76500.0,-6.27450980392157,,63.6833046471601,15.2827918170878,7.6,45.3450931824758,0,1,0,81,"없음",30,-25.0783699059561,31,,,,0,0,,,,,0,,,0,0,72516.1771825742,80716.1771825742
20261006,139670,"키네마스터",KOSDAQ,1920.0,1.96,"소프트웨어",0.25,0.312769522,27108115200.0,2365.0,-18.8583509513742,,4.95419070240922,21.6312056737589,15.0,76.1293952826072,1,3,0,80,"없음",39,2.34666666666667,76,,,,0,0,,,,,0,,,0,0,2053.96051403755,2053.96051403755
20261006,139990,"아주스틸",KOSPI,2285.0,-1.93,"철강",0.45,0.5328829175,88556120990.0,2590.0,-11.003861003861,,17.6207068193131,22.5378787878788,7.6,37.5913925322435,0,3,0,87,"없음",46,-23.1666666666667,35,20260617,11.1872146118722,34.0028644060153,0,0,,,,,1,2275.0,"저항→지지",0,0,2370.63017080957,2420.63017080957
20261006,140070,"서플러스글로벌",KOSDAQ,2290.0,-3.17,"반도체와반도체장비",0.96,1.4385029935,84702520000.0,2250.0,2.22222222222222,3.77777777777778,2.51479289940828,17.8403755868545,6.4,29.9683129351802,2,1,0,50,"없음",43,21.6931216931217,88,,,,0,0,20261001,2250.0,2335.0,72.296804620217,1,2250.0,"저항→지지",0,0,2221.24480039147,2221.24480039147
20261006,140410,"메지온",KOSDAQ,70800.0,4.12,"식품",110.35,72.87357785,2168014519200.0,84300.0,-16.0142348754448,,32.4911571500758,31.3837375178317,8.2,130.268422630008,0,3,0,85,"관망",33,-18.2448036951501,43,,,,0,0,,,,,1,69200.0,"저항→지지",0,0,74707.1548278185,74707.1548278185
20261006,140430,"카티스",KOSDAQ,2640.0,6.24,"통신장비",18.03,25.651124885,28220298480.0,3735.0,-28.5140562248996,,2.58254331480876,30.8016877637131,7.2,172.212078839869,0,1,0,44,"없음",26,-11.8811881188119,55,20260916,21.9885277246654,44.3116719649779,0,0,,,,,1,1825.0,"저항→지지",0,0,3183.40557093075,3183.40557093075
20261006,140520,"대창스틸",KOSDAQ,2010.0,-0.25,"철강",0.66,0.282331136,42429578430.0,2075.0,-3.13253012048193,,39.0829694323144,6.47118301314459,11.2,133.507451587941,1,3,0,88,"없음",44,-3.59712230215827,68,,,,0,0,,,,,0,,,0,0,2000.35856003532,2000.35856003532
20261006,140670,"알에스오토메이션",KOSDAQ,10760.0,0.56,"기계",5.62,6.89288264,138156678400.0,11280.0,-5.14184397163121,,31.205035971223,23.7823834196891,10.0,85.3858228417474,0,1,0,70,"없음",31,-33.0413016270338,21,20260612,16.1009573542211,3.05373297182506,0,0,,,,,1,10620.0,"저항→지지",0,0,10149.6152248398,10149.6152248398
20261006,140860,"파크시스템스",KOSDAQ,305000.0,2.35,"전자장비와기기",139.12,79.3045305,2135753045000.0,263500.0,16.5085388994307,2.27703984819734,34.5826235093697,26.1744966442953,11.4,144.202240425349,4,3,0,75,"돌파완료",61,30.9168443496802,91,20260612,28.5984848484848,3.3926090141102,0,0,20260929,263500.0,269500.0,92.720496541427,1,263500.0,"저항→지지",0,0,277492.540812045,277492.540812045
20261006,141000,"비아트론",KOSDAQ,11770.0,6.52,"디스플레이장비및부품",17.05,5.516654005,142590136700.0,9320.0,24.7854077253219,0.965665236051502,45.0,26.1363636363636,10.6,357.15157214642,4,2,0,61,"없음",45,19.1598360655738,87,,,,0,0,20260928,9320.0,9410.0,41.5833504547546,1,9320.0,"저항→지지",1,1,10212.9503320986,10212.9503320986
20261006,141080,"리가켐바이오",KOSDAQ,84100.0,2.19,"제약",172.61,163.50198285,3113333053800.0,123500.0,-31.6599190283401,,77.3497036409822,55.7537399309551,13.2,80.5239074583962,0,2,0,49,"관망",39,-56.0416666666667,4,20260629,13.9958012596221,2.74713275398696,1,0,,,,,1,83500.0,"저항→지지",0,0,82446.929151626,112046.929151626
20261006,142210,"유니트론텍",KOSDAQ,7050.0,5.7,"반도체와반도체장비",40.35,10.27401723,146297391150.0,6280.0,11.7834394904459,2.07006369426752,50.0717360114778,23.202170963365,6.6,216.998504879038,3,2,0,85,"없음",55,37.3776908023483,93,20260814,10.8731466227348,33.2070645904237,0,0,20260929,6280.0,6410.0,74.0576501777425,1,6280.0,"저항→지지",1,0,6210.44463470222,6780.44463470222
20261006,142280,"녹십자엠에스",KOSDAQ,3325.0,0.0,"건강관리장비와용품",7.86,25.091886085,79677078075.0,3660.0,-9.15300546448088,,32.6658322903629,29.14653784219,13.0,29.1181603593857,0,1,0,58,"없음",33,-6.86274509803922,64,20260824,21.0727969348659,49.9966255252347,0,0,,,,,1,3310.0,"저항→지지",0,0,3408.42690759214,3408.42690759214
20261006,142760,"모아라이프플러스",KOSDAQ,476.0,-0.63,"제약",0.41,3.3805252105,10035741240.0,565.0,-15.7522123893805,,62.3699421965318,60.7294317217981,4.4,15.8914526722613,0,2,0,62,"없음",42,-73.9890710382514,2,20260907,13.4615384615385,7.9067657958183,0,0,,,,,1,470.0,"지지 재탈환",0,0,600.169891331572,1052.16989133157
20261006,143160,"아이디스",KOSDAQ,16020.0,-0.06,"전자장비와기기",0.32,0.53619053,171676567800.0,16470.0,-2.73224043715847,,0.0,6.8944099378882,9.6,30.8759613197514,1,1,0,67,"없음",36,-10.4026845637584,58,,,,0,0,,,,,0,,,0,0,15954.0472490917,15954.0472490917
20261006,143240,"사람인",KOSDAQ,17590.0,0.74,"상업서비스와공급품",0.83,1.782780925,188788738290.0,17850.0,-2.296918767507,,9.49330227140361,9.03686087990488,9.6,38.5834711410479,5,3,1,86,"없음",64,2.89085545722714,77,,,,0,0,,,,,0,,,0,0,16811.8084688566,16811.8084688566
20261006,143540,"영우디에스피",KOSDAQ,1068.0,3.49,"디스플레이장비및부품",0.56,0.7511698645,47632687860.0,1025.0,1.75609756097561,1.75609756097561,61.5214180206795,17.097966728281,8.0,45.8971935601196,2,2,0,82,"없음",53,-22.7407407407407,36,,,,0,0,20261002,1025.0,1043.0,72.1325847444375,1,1025.0,"저항→지지",0,0,975.426520398467,1042.42652039847
20261006,144510,"지씨셀",KOSDAQ,14870.0,1.99,"건강관리업체및서비스",3.91,6.04533071,234951115280.0,14730.0,1.1541072640869,1.1541072640869,44.576802507837,18.0730478589421,6.0,54.3891794200576,0,1,0,58,"없음",29,-35.6371490280778,18,,,,1,0,20261006,14730.0,14900.0,54.3079116456164,0,,,0,0,14452.8813345534,14482.8813345534
20261006,144960,"뉴파워프라즈마",KOSDAQ,13840.0,4.85,"반도체와반도체장비",207.04,117.224134485,604705916160.0,13400.0,2.98507462686567,2.98507462686567,44.0652063168619,34.2226310947562,9.4,121.284368623537,5,3,0,83,"돌파완료",73,176.276276276276,98,20260921,16.0312805474096,4.1690040594956,0,0,20261006,13400.0,13800.0,121.142670267957,1,9370.0,"저항→지지",1,1,11797.0841714695,11797.0841714695
20261006,145020,"휴젤",KOSDAQ,181700.0,0.89,"생물공학",102.33,119.23291515,2274006934100.0,262000.0,-30.6488549618321,,55.4850088183422,30.0796812749004,9.4,109.8772827697,1,1,0,43,"관망",31,-24.4490644490645,32,,,,0,0,,,,,0,,,0,0,230412.818572165,274412.818572165
20261006,145170,"노브랜드",KOSDAQ,3395.0,3.98,"섬유,의류,신발,호화품",18.52,25.513341775,57404034975.0,4170.0,-19.4244604316547,,0.0,23.0145867098865,10.4,173.755053464108,0,2,0,44,"없음",30,-14.0664961636829,52,20260930,13.28125,23.918871186823,0,0,,,,,1,2860.0,"저항→지지",0,0,3649.19087627437,3649.19087627437
20261006,145270,"케이탑리츠",KOSPI,788.0,-1.87,"부동산",0.22,0.197350151,37871889912.0,830.0,-3.25301204819277,,16.4351851851852,9.9290780141844,7.8,119.318527581425,1,1,0,64,"없음",32,-11.3686534216336,56,,,,0,0,,,,,1,798.0,"저항→지지",0,0,784.060925974028,800.060925974028
20261006,145720,"덴티움",KOSPI,40400.0,4.26,"건강관리장비와용품",17.2,4.77652625,348405196400.0,38900.0,3.8560411311054,3.8560411311054,46.9178082191781,20.2687569988802,7.2,288.96468375828,0,1,0,84,"없음",29,-21.09375,38,,,,0,0,20261006,38900.0,40400.0,299.054927933538,1,36950.0,"지지 재탈환",1,0,36583.4580002381,42133.4580002381
20261006,145990,"삼양사",KOSPI,45800.0,-1.08,"식품",3.06,4.444989675,472355964200.0,46400.0,-1.29310344827586,,41.0404624277457,11.5834218916047,12.0,71.2480921415471,1,2,0,77,"없음",35,2.69058295964126,77,,,,0,0,,,,,0,,,0,0,46122.4950789707,46122.4950789707
20261006,146060,"율촌",KOSDAQ,1071.0,0.09,"자동차부품",0.33,0.3278467525,25720702245.0,1282.0,-15.210608424337,,39.9539435808866,20.1077199281867,9.4,72.3545783776882,0,1,0,67,"없음",30,-25.137741046832,31,20260622,9.0289608177172,8.9507050975771,1,0,,,,,1,1084.0,"저항→지지",0,0,1145.16577777174,1145.16577777174
20261006,146320,"비씨엔씨",KOSDAQ,12030.0,6.65,"반도체와반도체장비",8.79,2.663593105,153959013690.0,12340.0,-0.729335494327391,,48.716814159292,41.2541254125413,10.8,244.932241615091,0,2,0,60,"없음",35,-1.68539325842697,72,20261006,8.12003530450132,3.24252047467825,0,0,,,,,1,9600.0,"저항→지지",0,0,10880.34955694,10880.34955694
20261006,147760,"피엠티",KOSDAQ,4150.0,4.53,"반도체와반도체장비",10.86,6.057715715,83000000000.0,4300.0,-3.95348837209302,,50.2581755593804,50.7135016465423,10.0,187.554352332856,3,2,0,51,"없음",50,56.9148936170213,95,20260923,17.5226586102719,10.5238743064275,0,0,,,,,1,3335.0,"저항→지지",0,0,3615.02782422044,3870.02782422044
20261006,147830,"제룡산업",KOSDAQ,7360.0,0.82,"전기장비",7.57,7.397715675,147200000000.0,7250.0,2.06896551724138,1.37931034482759,63.921568627451,16.1417322834646,6.4,66.2004165557417,2,3,0,97,"없음",55,2.63522884882108,76,20260805,11.0210696920583,8.28595759588134,0,0,20261002,7250.0,7350.0,126.347179053557,1,7250.0,"저항→지지",1,0,6837.9253807966,7097.9253807966
20261006,148150,"세경하이테크",KOSDAQ,3930.0,-2.24,"핸드셋",1.41,2.6917592975,139683274740.0,4240.0,-5.66037735849057,,21.1148648648649,16.3695299837925,9.6,39.8873186874114,0,3,0,90,"없음",49,-5.43735224586288,65,20260826,8.62800565770863,3.92609089397905,0,0,,,,,0,,,0,0,3960.50648507471,3960.50648507471
20261006,148250,"알엔투테크놀로지",KOSDAQ,2205.0,10.75,"통신장비",3.92,1.2301368335,30011602320.0,2230.0,-8.52017937219731,,17.9936305732484,60.5120481927711,17.6,223.344676173462,0,1,0,32,"없음",25,-37.5191424196018,16,,,,0,0,,,,,1,1901.0,"저항→지지",0,0,1872.39735861484,1992.39735861484
20261006,148780,"비큐AI",KOSDAQ,4025.0,1.13,"소프트웨어",1.98,2.7623863325,25313808625.0,4395.0,-8.0773606370876,,68.1244743481918,52.1806853582555,7.6,8.42109969051295,0,1,0,61,"없음",33,-26.3445761166819,29,20260811,13.463751438435,13.0351302051608,1,0,,,,,0,,,0,0,3742.94914832822,5767.94914832822
20261006,148930,"에이치와이티씨",KOSDAQ,3130.0,0.97,"전기제품",0.13,0.24014672,31848416690.0,3265.0,-4.59418070444104,,6.42722117202268,15.7205240174673,5.6,29.4735892585749,2,2,0,66,"없음",55,9.49033391915641,82,20260605,18.895966029724,10.3776727911183,0,0,,,,,1,3020.0,"지지 재탈환",0,0,3036.66296709263,3181.66296709263
20261006,149950,"아바텍",KOSDAQ,12700.0,2.09,"디스플레이장비및부품",13.06,22.03929087,173579828100.0,13390.0,-5.97460791635549,,45.8530296519123,20.0975609756098,6.8,82.4980025992397,3,2,0,60,"없음",50,33.3686440677966,92,20260911,14.0176600441501,9.15200241718069,0,0,,,,,1,11700.0,"저항→지지",0,0,11743.5735871754,11743.5735871754
20261006,149980,"하이로닉",KOSDAQ,4555.0,0.89,"건강관리장비와용품",0.67,0.92074168,78341654530.0,4950.0,-8.08080808080808,,30.1025163094129,18.6691312384473,3.6,79.8616986732403,0,2,0,80,"없음",33,-47.5806451612903,8,,,,0,0,,,,,0,,,0,0,4840.08714076358,5020.08714076358
20261006,150900,"파수AI",KOSDAQ,4450.0,13.81,"소프트웨어",74.94,14.4622581025,52082452900.0,5070.0,-11.2426035502959,,0.0,19.5121951219512,7.0,994.068621301275,1,1,0,41,"없음",36,33.5311572700297,92,20261006,12.3595505617978,6.31148992715279,0,0,,,,,1,3610.0,"저항→지지",0,0,4469.17371015741,4469.17371015741
20261006,151860,"KG에코솔루션",KOSDAQ,5440.0,1.68,"자동차",1.97,5.060680775,258960330880.0,5880.0,-7.99319727891157,,53.0558015943313,14.8049645390071,9.6,42.1982757086044,0,1,0,69,"없음",25,-8.76897133220911,61,,,,0,0,,,,,1,5400.0,"지지 재탈환",0,0,5470.18416716831,5740.18416716831
20261006,153460,"네이블",KOSDAQ,5350.0,2.1,"소프트웨어",0.24,0.214544855,34935574900.0,6500.0,-14.7692307692308,,30.9302325581395,19.52,5.2,103.6876257659,0,1,0,37,"없음",26,-11.36,56,20260710,14.7540983606557,3.28511572085965,0,0,,,,,1,5470.0,"지지 재탈환",0,0,5750.62424790475,6150.62424790475
20261006,153490,"우리이앤엘하루틴",KOSDAQ,3060.0,1.16,"디스플레이장비및부품",0.38,0.3420819625,31505760000.0,3400.0,-8.82352941176471,,36.7355123320634,41.4068441064639,6.0,19.4809570116877,0,1,0,66,"없음",33,-19.1655801825293,42,20260826,29.7640653357532,12.3129690875582,0,0,,,,,1,2630.0,"저항→지지",0,0,2976.30982575333,2976.30982575333
20261006,153710,"옵티팜",KOSDAQ,4480.0,-0.44,"제약",0.48,0.3571465375,65721411840.0,4820.0,-7.15767634854772,,9.47816826411075,19.4117647058824,10.2,159.070377385983,0,3,0,83,"없음",31,-10.6786427145709,58,,,,0,0,,,,,0,,,0,0,4500.17224791759,4600.17224791759
20261006,154030,"아시아종묘",KOSDAQ,1609.0,2.22,"생물공학",0.43,0.254655623,19407544003.0,1807.0,-10.9573879358052,,0.728155339805817,14.5029239766082,10.0,132.454667000096,0,1,0,46,"없음",25,-18.3663115169964,43,,,,0,0,,,,,1,1580.0,"지지 재탈환",0,0,1627.55298564692,1627.55298564692
20261006,155650,"와이엠씨",KOSDAQ,3790.0,1.61,"디스플레이장비및부품",3.07,2.258019625,71912816820.0,3875.0,-1.41935483870968,,0.0,16.1016949152542,5.0,160.364563124917,1,2,0,69,"없음",40,12.1879588839941,84,20260916,9.33333333333333,6.44472229070546,0,0,,,,,1,3485.0,"저항→지지",0,0,3521.16577981516,3521.16577981516
20261006,155660,DSR,KOSPI,4270.0,0.47,"비철금속",0.83,0.601862335,68320000000.0,4530.0,-5.62913907284768,,36.4120781527531,14.1666666666667,9.4,74.1573390441792,3,3,0,85,"없음",60,4.26829268292683,78,,,,0,0,,,,,0,,,0,0,4327.47779280228,4537.47779280228
20261006,156100,"엘앤케이바이오",KOSDAQ,6450.0,3.86,"건강관리장비와용품",9.55,13.855192895,144164936850.0,6160.0,2.92207792207792,2.5974025974026,17.9335793357934,47.6007677543186,11.8,65.5372885182604,0,2,0,54,"없음",41,-20.5513784461153,40,20260907,20.0471698113208,10.5875737744916,1,0,20261001,6160.0,6320.0,77.2872702966229,1,6160.0,"저항→지지",0,0,5707.7656557992,5707.7656557992
20261006,158430,"아톤",KOSDAQ,7000.0,27.27,"소프트웨어",1246.25,187.5710936725,171374644000.0,6450.0,8.9922480620155,8.9922480620155,0.0,26.5850945494994,9.8,1398.60594932923,1,1,0,49,"관망",28,18.75,87,20261006,23.5500878734622,9.13365886387644,0,0,20261006,6450.0,7030.0,1932.60005830321,1,4980.0,"저항→지지",1,1,5603.6140420248,5603.6140420248
20261006,159010,"아스플로",KOSDAQ,32150.0,0.16,"기계",43.79,48.85588455,428711858850.0,26700.0,20.4119850187266,10.1123595505618,15.762834417932,50.1835343471421,10.0,65.6498950090677,5,2,0,54,"돌파완료",57,505.461393596987,99,20260923,21.2371134020618,6.11292618396771,0,0,20260923,26700.0,29400.0,504.033098951757,1,24500.0,"저항→지지",0,0,27638.0150457189,27638.0150457189
20261006,159580,"제로투세븐",KOSDAQ,2145.0,1.42,"화장품",0.87,0.518027435,42970004220.0,2555.0,-16.6340508806262,,44.7768062586286,33.7121212121212,10.2,48.9494361280635,0,1,0,55,"없음",26,-39.5744680851064,14,,,,0,0,,,,,1,2075.0,"지지 재탈환",0,0,2063.34785886586,2448.34785886586
20261006,159910,"에코글로우",KOSDAQ,3050.0,-3.33,"화장품",0.06,0.17113167,31924645850.0,3305.0,-8.01815431164902,,35.7774968394437,17.5792507204611,9.8,19.9984027897938,1,1,0,57,"없음",34,-15.2022315202232,50,20260710,10.7371794871795,4.31289651834953,0,0,,,,,1,3015.0,"지지 재탈환",0,0,2876.52749979407,3146.52749979407
20261006,160190,"하이젠알앤엠",KOSDAQ,34000.0,18.47,"기계",311.8,118.4195367,1050192000000.0,31000.0,10.1612903225806,10.1612903225806,3.38983050847457,32.3770491803279,6.6,332.855631819938,0,2,0,49,"관망",36,-2.42857142857143,71,20260915,27.1144278606965,9.44461744584576,1,0,20261006,31000.0,34150.0,351.320255421964,1,26050.0,"저항→지지",1,1,25905.6323736834,25905.6323736834
20261006,160550,NEW,KOSDAQ,1029.0,2.9,"방송과엔터테인먼트",0.23,0.5896045265,28715383074.0,1230.0,-18.6991869918699,,16.3650668764752,21.9391947411668,10.0,59.5886022202665,0,1,0,44,"없음",26,-42.1965317919075,12,20260629,14.1424272818455,2.7256859670566,0,0,,,,,0,,,0,0,1112.14269016865,1112.14269016865
20261006,160980,"싸이맥스",KOSDAQ,29100.0,1.93,"반도체와반도체장비",42.53,31.556818975,317895471300.0,30350.0,-4.77759472817133,,67.7551020408163,50.061804697157,10.0,91.8954515169373,2,2,0,46,"관망",52,25.1082251082251,89,20260609,24.6771879483501,6.00417689501383,0,0,,,,,1,23900.0,"저항→지지",0,0,25955.7885506363,37355.7885506363
20261006,161000,"애경케미칼",KOSPI,11280.0,3.58,"화학",38.64,15.7313567,548757437520.0,11500.0,-2.0,,49.2438563327032,23.7472766884532,9.4,173.342243916691,2,1,0,55,"없음",44,-17.9767103347889,44,20260831,8.0392156862745,12.1111225323386,0,0,,,,,1,10910.0,"저항→지지",1,0,10099.8151673282,10549.8151673282
20261006,161390,"한국타이어앤테크놀로지",KOSPI,60200.0,0.5,"자동차부품",94.64,153.91599065,7457279153800.0,60500.0,-0.495867768595041,,58.9041095890411,22.5409836065574,6.6,55.7102053865557,3,2,0,82,"수축중",50,11.275415896488,83,,,,0,0,,,,,0,,,0,0,62313.0226496244,72413.0226496244
20261006,161580,"필옵틱스",KOSDAQ,41900.0,2.32,"전자장비와기기",133.38,195.56573265,982230149300.0,38600.0,10.4922279792746,1.55440414507772,27.0693512304251,20.1626016260163,6.6,135.338032043289,1,1,0,44,"관망",38,18.1440443213296,87,20260929,13.8438880706922,7.02748302690103,0,0,20260930,38600.0,39200.0,243.723632362209,1,33250.0,"저항→지지",1,1,37306.5658850447,37306.5658850447
20261006,161890,"한국콜마",KOSPI,137600.0,0.73,"화장품",491.38,427.3592086,3248058595200.0,154500.0,-10.6148867313916,,29.3290734824281,20.4339963833635,4.6,99.9035276900458,5,2,0,75,"수축중",66,81.7105263157895,97,20260812,22.7988878591288,9.36292756028382,0,0,,,,,0,,,0,0,142716.484899271,149316.484899271
20261006,162300,"신스틸",KOSDAQ,2040.0,-1.92,"철강",7.97,139.357855235,84601619280.0,3155.0,-35.0237717908082,,35.7917059377945,35.036496350365,14.8,12.6089132859611,4,2,0,43,"수축중",60,29.6647691334598,90,20260909,11.9433198380567,10.5274193949935,0,0,,,,,1,1700.0,"저항→지지",0,0,2754.25040839159,2754.25040839159
20261006,163280,"에어레인",KOSDAQ,3930.0,2.34,"화학",1.18,5.2287536625,53460096540.0,4600.0,-14.5652173913043,,3.79310344827586,21.6836734693878,6.0,33.3113840124674,0,2,0,84,"없음",40,-32.4742268041237,21,20260915,9.74930362116993,23.005704706081,0,0,,,,,1,3760.0,"저항→지지",0,0,4145.32141357716,4145.32141357716
20261006,163560,"동일고무벨트",KOSPI,5540.0,-0.54,"화학",0.92,0.825405885,77006000000.0,5620.0,-0.889679715302491,,53.1764705882353,14.5135566188198,6.4,37.6766356284965,0,2,0,79,"없음",43,-16.7414050822123,47,,,,0,0,,,,,1,5470.0,"지지 재탈환",0,0,5553.3908840778,5943.3908840778
20261006,163730,"핑거",KOSDAQ,14570.0,-1.42,"IT서비스",25.73,19.145943285,185996496690.0,14620.0,-0.136798905608755,1.91518467852257,3.59212050984936,27.3034657650042,6.0,129.063231047519,2,2,0,50,"없음",45,57.6673866090713,95,20260928,13.8178913738019,2.58946157039526,0,0,20261002,14620.0,14900.0,131.264315265958,1,9430.0,"저항→지지",0,0,13217.862478113,13217.862478113
20261006,166090,"하나머티리얼즈",KOSDAQ,65200.0,3.33,"반도체와반도체장비",95.51,90.34089305,1289504344800.0,55000.0,18.7272727272727,0.727272727272727,59.9479166666667,32.0945945945946,9.4,89.4335520102051,3,3,0,86,"관망",51,7.22495894909688,80,,,,0,0,20260918,55000.0,55400.0,68.7793664518838,1,55000.0,"저항→지지",1,0,57877.9471762248,58877.9471762248
20261006,166480,"코아스템켐온",KOSDAQ,2365.0,2.16,"생물공학",4.31,2.6547549025,125038439240.0,2400.0,-1.45833333333333,,29.0909090909091,27.9824561403509,12.8,162.081669586946,2,2,0,57,"없음",43,-0.210970464135021,73,,,,0,0,,,,,1,2250.0,"저항→지지",0,0,2181.58509787585,2181.58509787585
20261006,168330,"내츄럴엔도텍",KOSDAQ,2405.0,-0.21,"화장품",0.52,0.249356005,76370534500.0,2420.0,-0.619834710743802,,48.5699949824385,10.0896860986547,6.6,142.895801957831,0,2,0,86,"없음",35,13.4433962264151,85,,,,0,0,,,,,1,2250.0,"저항→지지",0,0,2239.50790341845,2239.50790341845
20261006,168360,"펨트론",KOSDAQ,16800.0,4.74,"전자장비와기기",51.41,19.487748425,376194957600.0,14790.0,13.7931034482759,1.01419878296146,49.5012929442187,19.7748064743139,6.4,272.964391579231,1,2,0,66,"없음",37,-10.3833865814696,58,20260612,10.5831533477322,2.95716451961791,0,0,20261001,14790.0,14940.0,235.412590581301,1,14790.0,"저항→지지",0,0,14948.2567337075,14948.2567337075
20261006,169330,"엠브레인",KOSDAQ,1854.0,0.27,"IT서비스",0.25,0.624248042,33959565972.0,1704.0,7.80516431924883,2.64084507042254,0.0,29.0030211480363,12.8,61.9802646923494,2,1,0,55,"없음",39,-6.65650406504065,64,20260918,8.03639120545867,3.47637011636129,0,0,20260929,1704.0,1749.0,761.769893651895,1,1704.0,"저항→지지",0,0,1739.84922406253,1739.84922406253
20261006,170030,"현대공업",KOSDAQ,5030.0,1.93,"자동차부품",1.01,0.58755116,77160200000.0,4900.0,1.83673469387755,0.816326530612245,36.030534351145,13.5416666666667,6.6,95.2020351089499,0,3,0,89,"없음",42,-6.37898686679174,64,,,,0,0,20261002,4900.0,4940.0,112.835799559415,1,4900.0,"저항→지지",1,0,4665.02823696257,4970.02823696257
20261006,170790,"파이오링크",KOSDAQ,8910.0,6.71,"통신장비",14.19,1.99141435,57000254850.0,8770.0,0.0,,16.5,13.0434782608696,9.4,885.359138792265,1,2,0,77,"없음",37,0.0,73,,,,0,0,,,,,1,8420.0,"저항→지지",0,0,8078.44368646635,8388.44368646635
20261006,170900,"동아에스티",KOSPI,34300.0,-1.86,"제약",1.44,2.74692625,333666318300.0,39900.0,-12.1553884711779,,54.6719681908549,14.2105263157895,9.4,49.9399737429004,0,2,0,57,"없음",25,-19.9771689497717,40,,,,0,0,,,,,0,,,0,0,35677.5417161011,37927.5417161011
20261006,170920,"엘티씨",KOSDAQ,43650.0,0.46,"반도체와반도체장비",52.16,74.408538525,461124099900.0,38200.0,15.5759162303665,0.785340314136126,65.0245034820738,31.496062992126,7.2,47.6883598418771,3,2,0,61,"수축중",52,45.7095709570957,94,20260604,14.3546441495778,3.16772568720734,0,0,20260923,38200.0,38500.0,117.724605606361,1,34200.0,"저항→지지",0,0,38397.4480243951,51897.4480243951
20261006,171010,"램테크놀러지",KOSDAQ,2770.0,5.12,"반도체와반도체장비",1.66,0.67514919,39607543040.0,2720.0,2.02205882352941,2.02205882352941,42.0875420875421,16.6666666666667,10.0,265.751104780744,0,3,0,84,"없음",38,-10.4838709677419,58,,,,1,0,20261006,2720.0,2775.0,272.222861221448,1,2580.0,"지지 재탈환",0,0,2514.52711119152,2669.52711119152
20261006,171090,"선익시스템",KOSDAQ,75400.0,-0.92,"디스플레이장비및부품",33.41,30.4501205,763623000400.0,75400.0,0.795755968169761,1.45888594164456,39.8793198025233,28.6042944785276,9.4,86.9195621329805,2,2,0,73,"관망",47,-9.30787589498807,60,,,,0,0,20261002,75400.0,76500.0,149.902381257825,1,75400.0,"저항→지지",0,0,69715.3282768732,69715.3282768732
20261006,171120,"라이온켐텍",KOSDAQ,2050.0,0.24,"건축자재",0.33,0.781011442,73598608000.0,2035.0,0.737100737100737,0.737100737100737,61.384335154827,11.2857142857143,11.2,35.0429215926019,0,3,0,88,"없음",38,-0.24330900243309,73,,,,0,0,20261006,2035.0,2050.0,34.7420199657895,1,2015.0,"저항→지지",0,0,1983.18137341348,2033.18137341348
20261006,172670,"에이엘티",KOSDAQ,15830.0,5.53,"반도체와반도체장비",15.27,10.165181215,141840899970.0,14200.0,8.09859154929578,4.29577464788732,16.8647425014148,21.025641025641,6.4,150.200247936909,2,3,0,71,"없음",45,43.0568499534017,93,20260812,10.272536687631,3.18899954070026,0,0,20261002,14200.0,14810.0,187.847176398603,1,14200.0,"저항→지지",1,1,13029.7972429417,13029.7972429417
20261006,173130,"오파스넷",KOSDAQ,8050.0,4.14,"IT서비스",18.75,8.204451025,105024107650.0,7380.0,9.07859078590786,1.8970189701897,0.0,16.7974882260597,10.0,318.496400059473,4,1,0,59,"없음",49,6.62251655629139,79,20260914,12.0826709062003,9.57093095687709,0,0,20260923,7380.0,7520.0,333.186784308585,1,7380.0,"저항→지지",1,1,7154.77713499735,7154.77713499735
20261006,173940,"에프엔씨엔터",KOSDAQ,1989.0,0.25,"방송과엔터테인먼트",0.2,0.241425006,30616295112.0,2350.0,-15.1063829787234,,66.0137457044674,36.6449511400651,15.4,69.5870869656634,0,1,0,59,"없음",22,-46.5863453815261,9,,,,0,0,,,,,0,,,0,0,2011.18479987481,2246.18479987481
20261006,174900,"앱클론",KOSDAQ,28900.0,3.58,"생물공학",67.98,37.185297775,576616528100.0,35700.0,-18.7675070028011,,45.7085427135678,46.3696369636964,13.2,127.335479812429,0,2,0,35,"관망",22,-48.8536155202822,7,20261001,19.1011235955056,4.21589251318944,0,0,,,,,1,21800.0,"저항→지지",0,0,25227.2211250945,31227.2211250945
20261006,175140,"아고스",KOSDAQ,2320.0,-1.49,"전자제품",0.9,0.53252544,57870666960.0,2700.0,-14.0740740740741,,45.8345599057992,25.1282051282051,9.4,103.274583708888,0,1,0,62,"없음",22,-41.2658227848101,12,,,,0,0,,,,,0,,,0,0,2384.58782328719,2494.58782328719
20261006,175250,"아이큐어",KOSDAQ,1639.0,-1.56,"화장품",1.57,6.456994289,101185823563.0,3300.0,-50.3333333333333,,52.257525083612,54.0909090909091,4.0,44.8127996278713,0,1,0,17,"없음",22,-42.8919860627178,11,,,,0,0,,,,,0,,,0,0,3067.68082754403,3067.68082754403
20261006,175330,"JB금융지주",KOSPI,28650.0,-1.21,"은행",86.59,149.967495625,5343850257600.0,33100.0,-13.7462235649547,,35.0442477876106,11.3793103448276,9.4,74.8978616213887,4,1,0,51,"관망",45,-3.87205387205387,68,,,,0,0,,,,,0,,,0,0,30345.8812668846,30345.8812668846
20261006,176750,"듀켐바이오",KOSDAQ,7390.0,1.37,"제약",3.37,4.752850615,210531640800.0,7380.0,0.40650406504065,,49.2151431209603,19.3502824858757,4.2,61.5029017531931,0,1,0,68,"없음",33,-16.7415730337079,47,20260929,12.01248049922,10.9776733092677,0,0,,,,,1,6660.0,"저항→지지",0,0,6666.00641293325,7826.00641293325
20261006,177350,"베셀",KOSDAQ,1341.0,-2.61,"화학",0.55,1.05557933,13297156191.0,2030.0,-33.9408866995074,,61.0112359550562,36.5168539325843,13.2,39.6905408787465,0,1,0,45,"없음",26,-39.2112420670898,14,20260831,14.7058823529412,3.68597204685132,0,0,,,,,0,,,0,0,1649.48071306446,1779.48071306446
20261006,177830,"파버나인",KOSDAQ,2220.0,6.22,"디스플레이장비및부품",0.43,0.3502737075,25143704460.0,2485.0,-14.6881287726358,,30.622009569378,23.5181644359465,14.6,153.136085882506,0,1,0,43,"없음",22,-23.049001814882,35,,,,0,0,,,,,0,,,0,0,2146.48859870766,2301.48859870766
20261006,177900,"쓰리에이로직스",KOSDAQ,3775.0,1.62,"통신장비",0.37,0.64947943,36344190000.0,3830.0,-1.17493472584856,,29.4894366197183,36.4705882352941,9.6,46.9985453570798,0,2,0,59,"없음",35,-36.493288590604,17,,,,1,0,,,,,1,3700.0,"지지 재탈환",0,0,3480.99544744265,3955.99544744265
20261006,178320,"서진시스템",KOSDAQ,43300.0,4.34,"전기장비",434.1,413.594362825,2759227073700.0,38350.0,12.9074315514993,1.30378096479791,57.4454828660436,36.0655737704918,9.8,99.5176893674564,2,1,0,57,"관망",40,1.88235294117647,75,20260928,13.2605304212168,3.36921787888611,0,0,20260930,38350.0,38850.0,249.960124711784,1,36950.0,"저항→지지",1,1,37297.5459327568,37297.5459327568
20261006,178780,"일월지엠엘",KOSDAQ,2395.0,-3.23,"전문소매",0.22,0.5110995975,44640872025.0,2695.0,-11.1317254174397,,9.81132075471697,15.1736745886654,2.2,45.0083295106111,0,2,0,50,"없음",37,-3.62173038229376,68,20260828,9.97679814385151,9.89415864323939,0,0,,,,,0,,,0,0,2436.40362181568,2436.40362181568
20261006,178920,"PI첨단소재",KOSPI,20350.0,0.49,"화학",10.25,6.466927315,597604652700.0,19380.0,5.77915376676987,3.97316821465428,57.3059360730594,24.5472837022133,9.2,108.220059037112,2,3,0,92,"없음",46,-6.39269406392694,64,,,,0,0,20261002,19380.0,20150.0,138.066933004059,1,19740.0,"저항→지지",1,0,18761.7978174335,19311.7978174335
20261006,179290,"엠아이텍",KOSDAQ,4760.0,2.48,"건강관리장비와용품",0.94,1.504880985,154060627280.0,5370.0,-14.0595903165736,,55.6112224448898,13.3668341708543,9.6,41.7425914262316,0,1,0,51,"없음",22,-32.1323529411765,22,,,,0,0,,,,,0,,,0,0,4847.37159114395,5087.37159114395
20261006,179530,"애드바이오텍",KOSDAQ,2195.0,6.81,"제약",6.65,3.6945212785,68317004400.0,2150.0,0.697674418604651,0.697674418604651,15.7100445324097,38.8389513108614,6.4,188.454667064478,1,2,0,47,"없음",41,-17.0498084291188,46,20260827,8.65979381443298,3.86372708290806,0,0,20261006,2150.0,2165.0,192.888789735356,1,1898.0,"지지 재탈환",0,0,2154.57904130298,2289.57904130298
20261006,179900,"유티아이",KOSDAQ,2590.0,11.88,"핸드셋",15.27,6.8820517275,55864536210.0,2690.0,-3.71747211895911,,87.904286089929,41.3258110014104,6.2,113.062122375055,0,2,0,61,"없음",43,-82.9717291255753,1,20260818,9.54954954954954,3.17274710623599,1,0,,,,,1,2210.0,"지지 재탈환",0,0,2028.99295365109,2883.99295365109
20261006,180400,DXVX,KOSDAQ,2340.0,-1.06,"건강관리업체및서비스",0.45,0.8471271375,230324870880.0,2470.0,-5.26315789473684,,47.9612204163102,32.6241134751773,11.8,30.6011558607687,1,3,0,85,"없음",50,-52.2448979591837,5,,,,0,0,,,,,0,,,0,0,2149.55121012455,2729.55121012455
20261006,180640,"한진칼",KOSPI,133600.0,0.98,"항공사",78.14,113.35354075,8919439940000.0,143800.0,-6.88456189151599,,54.0272614622057,29.7842727905358,12.2,61.6626994827518,4,2,0,66,"수축중",58,24.2115027829314,89,,,,0,0,,,,,1,132500.0,"저항→지지",0,0,140594.493051003,140594.493051003
20261006,181710,NHN,KOSPI,58100.0,1.75,"IT서비스",76.97,120.653457,1878312866500.0,75500.0,-22.3841059602649,,64.1251652710445,20.752427184466,9.4,53.9248365915236,4,1,0,51,"관망",53,55.8510638297872,95,20260813,8.80913539967374,3.77266596302758,1,0,,,,,0,,,0,0,64024.558935797,70024.558935797
20261006,182360,"큐브엔터",KOSDAQ,6430.0,-1.08,"방송과엔터테인먼트",1.18,1.192383845,99951687980.0,7250.0,-11.8620689655172,,6.49006622516557,15.8839779005525,2.2,103.974980635513,0,2,0,45,"없음",30,-37.9008746355685,15,,,,0,0,,,,,1,6190.0,"저항→지지",0,0,6433.39308828988,6433.39308828988
20261006,183190,"아세아시멘트",KOSPI,9990.0,-1.09,"건축자재",4.27,3.563760615,359422937280.0,11060.0,-9.85533453887884,,51.9916142557652,11.5957446808511,9.4,101.865537770436,0,1,0,65,"없음",29,-3.94990366088632,68,20260629,19.7459584295612,13.9301730333584,0,0,,,,,0,,,0,0,10355.9941232357,10875.9941232357
20261006,183300,"코미코",KOSDAQ,33950.0,-0.29,"반도체와반도체장비",144.38,170.9905156,1743783186250.0,36200.0,-5.66298342541436,,45.0880096284038,17.4911660777385,5.8,115.605148376341,3,3,0,79,"관망",57,55.9431937531394,95,20260821,27.0642201834862,17.2397477874147,0,0,,,,,1,33350.0,"저항→지지",0,0,32019.6865849674,32019.6865849674
20261006,184230,"SGA솔루션즈",KOSDAQ,2365.0,15.37,"소프트웨어",19.89,6.409094579,44542296480.0,2475.0,-5.25252525252525,,0.0,18.8940092165899,4.8,594.597039670816,0,2,0,42,"없음",35,-10.6666666666667,58,20261006,10.8747044917258,3.5318243769255,0,0,,,,,1,2170.0,"저항→지지",0,0,2125.16688981903,2125.16688981903
20261006,185490,"아이진",KOSDAQ,1856.0,-3.23,"생물공학",1.33,1.855971122,80234479104.0,2210.0,-14.5701357466063,,38.4134427510746,22.8199566160521,6.0,42.7575033382375,3,2,0,63,"없음",57,32.4912280701754,92,20260820,11.5702479338843,8.24405915632125,0,0,,,,,0,,,0,0,1989.16126143954,2074.16126143954
20261006,185750,"종근당",KOSPI,65700.0,0.77,"제약",5.89,10.89580405,906842646000.0,70900.0,-7.475317348378,,61.2826603325416,12.2758620689655,7.2,44.9007292199387,0,2,0,63,"없음",30,-26.374859708193,29,,,,0,0,,,,,1,65000.0,"지지 재탈환",0,0,67263.1228422624,69263.1228422624
20261006,186230,"그린플러스",KOSDAQ,3230.0,-0.31,"건축자재",0.32,0.4988307675,35272207240.0,3300.0,-4.24242424242424,,31.353591160221,22.5761772853186,15.2,60.4463732176069,0,1,0,66,"없음",27,-28.7485907553551,26,,,,0,0,,,,,0,,,0,0,3230.44665409595,3230.44665409595
20261006,187220,"디티앤씨",KOSDAQ,2120.0,4.69,"전자장비와기기",0.04,0.1836844665,24432857960.0,2115.0,-0.709219858156028,,48.9784172661871,21.9287211740042,7.4,12.7596536109003,1,3,0,85,"없음",50,-30.5785123966942,24,,,,1,0,,,,,1,1989.0,"지지 재탈환",0,0,1971.8689151512,2376.8689151512
20261006,187270,"신화콘텍",KOSDAQ,2950.0,0.68,"핸드셋",0.21,0.15252035,29924342750.0,3340.0,-11.6766467065868,,0.0,21.6965742251224,12.2,84.5544375632732,0,1,0,45,"없음",25,-15.954415954416,48,,,,0,0,,,,,1,2850.0,"지지 재탈환",0,0,2968.2681635974,2968.2681635974
20261006,187420,"HLB제넥스",KOSDAQ,2130.0,11.52,"생물공학",38.83,8.066153824,69533737110.0,2500.0,-14.0,,9.65207631874299,21.5925058548009,7.2,647.984988751901,0,1,0,43,"없음",29,-15.1873767258383,50,20261006,11.9208745445081,5.85111856485587,1,0,,,,,1,1985.0,"저항→지지",0,0,2128.33433722428,2128.33433722428
20261006,187660,"페니트리움바이오",KOSDAQ,6810.0,-2.99,"제약",54.93,191.21965918,435610182930.0,8240.0,-16.504854368932,,29.4828744123573,39.0267175572519,6.8,49.1009126837931,2,2,0,49,"관망",53,-35.8986303922482,18,20260910,11.8598382749326,4.89925540010685,0,0,,,,,1,5240.0,"저항→지지",0,0,7738.30223815403,7738.30223815403
20261006,187790,"나노",KOSDAQ,3200.0,1.91,"화학",5.37,7.11273799,98690656000.0,4005.0,-21.0986267166042,,21.0126582278481,43.8961038961039,10.0,65.212302923348,1,1,0,48,"없음",31,-3.21592649310873,69,20260721,29.9651567944251,4.17260159511856,0,0,,,,,1,3085.0,"저항→지지",0,0,3412.8243693863,3412.8243693863
20261006,187870,"디바이스",KOSDAQ,13340.0,3.65,"디스플레이장비및부품",21.97,10.55618103,184929378480.0,12160.0,8.63486842105263,2.13815789473684,57.7607113985449,31.9375443577005,6.6,156.046465318475,2,3,0,82,"없음",45,23.0554261760596,89,20260527,12.719298245614,3.11983686113696,0,0,20260930,12160.0,12420.0,152.443515984686,1,12160.0,"저항→지지",0,0,11907.9542622194,12997.9542622194
20261006,188040,"바이오포트",KOSDAQ,4865.0,-2.31,"식품",0.14,0.2729978925,22764833420.0,6270.0,-22.408293460925,,14.8322147651007,24.7680890538033,10.4,33.7073552603215,0,2,0,81,"없음",42,-17.1209540034072,45,20260601,8.47058823529412,3.09081577450722,0,0,,,,,0,,,0,0,5579.84503599128,5579.84503599128
20261006,188260,"세니젠",KOSDAQ,2105.0,1.69,"건강관리장비와용품",0.04,0.2897211315,29262274390.0,2335.0,-9.85010706638116,,18.5563114134543,15.0769230769231,5.8,18.570186574901,3,1,0,48,"없음",44,23.8964096527369,89,20260923,10.1101101101101,15.5285857139774,1,0,,,,,1,2060.0,"지지 재탈환",0,0,2037.32820926605,2037.32820926605
20261006,189300,"인텔리안테크",KOSDAQ,74800.0,2.89,"통신장비",124.4,42.11511435,803164775600.0,71100.0,5.20393811533052,3.51617440225035,53.5856573705179,26.387176325524,6.6,237.214899102022,2,1,0,79,"관망",41,-32.5518485121731,21,,,,0,0,20261002,71100.0,73600.0,177.026543675257,1,71100.0,"저항→지지",1,0,65792.2402422636,73092.2402422636
20261006,189330,"씨이랩",KOSDAQ,10840.0,0.09,"IT서비스",10.08,31.011248285,101703958560.0,12980.0,-16.6409861325116,,62.4545754872811,47.7486910994764,6.0,21.3170756087531,4,1,0,59,"관망",50,143.693693693694,98,20260811,22.2302679217958,4.25102316524835,0,0,,,,,1,10610.0,"지지 재탈환",0,0,10733.265843518,16853.265843518
20261006,189690,"포시에스",KOSDAQ,1530.0,0.2,"소프트웨어",0.57,0.3233317055,41802612570.0,1620.0,-5.55555555555556,,45.0723638869745,19.8375870069606,11.4,179.895318832571,0,2,0,80,"없음",35,-20.5194805194805,40,20260626,8.04174340085941,9.63081471411482,0,0,,,,,1,1495.0,"지지 재탈환",0,0,1517.24384750508,1547.24384750508
20261006,189860,"서전기전",KOSDAQ,5150.0,0.98,"전기장비",5.8,38.1253967075,49948717000.0,5600.0,-8.03571428571429,,46.0390355912744,25.6286266924565,6.8,31.675921045976,2,2,0,58,"관망",47,-7.37410071942446,63,20260908,29.7968397291196,27.4343646842414,0,0,,,,,1,5000.0,"저항→지지",0,0,5272.71275169813,5272.71275169813
20261006,189980,"흥국에프엔비",KOSDAQ,1169.0,0.86,"음료",0.37,0.4354740645,46921119763.0,1198.0,-3.00500834724541,,42.7322404371585,14.4444444444444,9.8,104.440999599629,0,3,0,93,"없음",39,-26.6414141414141,29,,,,0,0,,,,,0,,,0,0,1115.41515238441,1116.41515238441
20261006,190510,"나무가",KOSDAQ,15990.0,0.19,"핸드셋",7.94,35.377679745,225224218830.0,17290.0,-7.57663389242337,,35.7285429141717,23.4478935698448,3.6,46.0428086864434,0,2,0,69,"관망",43,-0.43613707165109,73,20260907,18.7319884726225,53.2903932768469,0,0,,,,,1,13970.0,"저항→지지",0,0,16563.1299512268,16563.1299512268
20261006,190650,"코리아에셋투자증권",KOSDAQ,6510.0,0.15,"증권",0.74,0.25583318,41585880000.0,6860.0,-5.10204081632653,,62.3362445414847,10.4196816208394,11.2,244.338753561711,0,3,0,89,"없음",34,-16.9642857142857,46,,,,0,0,,,,,0,,,0,0,6588.44453283445,6688.44453283445
20261006,191410,"육일씨엔에쓰",KOSDAQ,1719.0,2.08,"디스플레이패널",1.31,3.3537186495,26661985668.0,2235.0,-23.0872483221477,,19.5846905537459,15.8653846153846,6.4,33.9809153395378,1,1,0,46,"없음",31,-25.2608695652174,31,20260827,15.1053013798112,3.23703839982807,0,0,,,,,1,1677.0,"저항→지지",0,0,1961.68721730051,1961.68721730051
20261006,191420,"테고사이언스",KOSDAQ,7530.0,5.17,"생물공학",0.55,0.368710665,61059520020.0,9100.0,-19.3406593406593,,5.26315789473684,57.1311475409836,17.8,145.428691464952,0,2,0,48,"없음",28,-41.3269384492406,12,,,,0,0,,,,,1,7230.0,"지지 재탈환",0,0,8042.89654433123,8042.89654433123
20261006,192080,"더블유게임즈",KOSPI,56900.0,-2.74,"게임엔터테인먼트",18.11,24.56425165,1204770329200.0,59700.0,-5.0251256281407,,54.3560606060606,16.1290322580645,7.0,67.9999253377407,3,3,0,91,"없음",54,14.0845070422535,85,,,,0,0,,,,,1,56300.0,"지지 재탈환",0,0,55605.5328690703,61005.5328690703
20261006,192250,"케이사인",KOSDAQ,9470.0,14.23,"소프트웨어",139.2,14.55015305,66925673750.0,9470.0,0.105596620908131,,0.0,29.5884315906563,9.8,1366.36151149201,1,2,0,61,"없음",45,-5.10510510510511,66,20261006,12.8571428571429,17.1809789723996,0,0,,,,,1,8080.0,"저항→지지",1,1,8335.76915265113,8335.76915265113
20261006,192390,"윈하이텍",KOSDAQ,1850.0,-1.02,"건축자재",0.23,0.5160497575,22139405100.0,1950.0,-3.8974358974359,,24.9896907216495,32.2033898305085,9.4,47.6508696963639,0,1,0,63,"없음",31,-7.22772277227723,63,20260604,14.5033112582782,10.9883306241385,0,0,,,,,1,1762.0,"지지 재탈환",0,0,1752.69695105584,1827.69695105584
20261006,192400,"쿠쿠홀딩스",KOSPI,26750.0,-0.56,"가정용기기와용품",2.88,2.93184635,951288448750.0,28600.0,-6.29370629370629,,48.7455197132617,5.2434456928839,9.4,61.7596198633312,0,1,0,71,"없음",27,-2.18978102189781,71,,,,0,0,,,,,0,,,0,0,26906.5097699804,27356.5097699804
20261006,192440,"슈피겐코리아",KOSDAQ,28550.0,-3.22,"핸드셋",2.59,1.351304825,177477163650.0,30900.0,-7.60517799352751,,52.5233644859813,8.68167202572347,3.6,151.089770777811,4,2,0,80,"없음",55,23.0603448275862,89,,,,0,0,,,,,0,,,0,0,28994.4524279895,31994.4524279895
20261006,192650,"드림텍",KOSPI,9610.0,2.45,"핸드셋",99.46,110.363434335,633172426690.0,8690.0,11.6225546605293,4.7180667433832,0.109529025191668,23.8247863247863,11.2,124.861599482543,3,3,0,71,"관망",55,54.7049441786284,95,20261001,14.7540983606557,2.76384308094987,0,0,20261001,8690.0,9100.0,437.005975370427,1,8690.0,"저항→지지",1,1,8413.80432734747,8413.80432734747
20261006,192820,"코스맥스",KOSPI,296500.0,9.81,"화장품",529.49,281.43834725,3365129418500.0,292500.0,2.56410256410256,2.56410256410256,12.5223613595707,16.4763458401305,4.4,143.756345722729,5,2,0,71,"돌파완료",70,52.6717557251908,94,20260812,18.8095238095238,6.95127563287558,1,0,20261006,292500.0,300000.0,146.923392786757,1,271000.0,"지지 재탈환",1,0,259112.621019765,272612.621019765
20261006,193250,"링크드",KOSDAQ,1882.0,-1.57,"핸드셋",0.19,0.4840919555,25160331906.0,2445.0,-22.6175869120654,,12.3645457071409,26.0732984293194,10.2,13.4704366987781,2,2,0,52,"없음",52,7.19546742209632,80,20260813,29.7450424929179,26.4912116918917,0,0,,,,,0,,,0,0,2041.20671567014,2041.20671567014
20261006,194370,"제이에스코퍼레이션",KOSPI,12310.0,-4.05,"섬유,의류,신발,호화품",6.64,5.544184765,357196290980.0,13280.0,-6.70180722891566,,52.2064945878435,16.8428470754052,8.4,79.3019217517102,2,3,0,94,"없음",60,13.1506849315068,85,20260803,8.88888888888888,3.76459167478994,0,0,,,,,0,,,0,0,12530.5522634889,13200.5522634889
20261006,194480,"데브시스터즈",KOSDAQ,13990.0,-0.14,"게임엔터테인먼트",4.73,7.87043494,170246408500.0,14870.0,-5.98520511096167,,75.3009975920193,40.8528784648188,7.0,34.8151394240428,0,2,0,53,"없음",47,-49.4394213381555,7,20260731,29.5438596491228,5.14541206272861,0,0,,,,,0,,,0,0,15018.4187364813,21668.4187364813
20261006,194700,"노바렉스",KOSDAQ,10590.0,2.02,"건강관리업체및서비스",5.93,4.922320195,193318840320.0,10650.0,-0.751173708920188,,76.3453577764636,16.9858451290591,4.8,40.4660347337967,0,2,0,89,"없음",47,-22.1075902726603,37,20260804,9.30402930402929,3.2204503265911,0,0,,,,,0,,,0,0,10023.4828233113,16673.4828233113
20261006,195500,"마니커에프앤지",KOSDAQ,1749.0,1.8,"식품",0.56,0.6266862195,27945522000.0,1798.0,-3.78197997775306,,31.2179487179487,32.2553191489362,5.0,26.3533489034242,0,2,0,80,"없음",47,-33.8432122370937,20,20260611,29.8265249020705,42.7343278577497,0,0,,,,,0,,,0,0,1640.36382544603,2186.36382544603
20261006,195870,"해성디에스",KOSPI,67000.0,2.6,"반도체와반도체장비",83.13,97.7783914,1139000000000.0,57000.0,17.8947368421053,5.43859649122807,51.3990529487731,45.4341317365269,10.8,86.42360657744,3,2,0,62,"없음",47,43.7433155080214,93,20260916,15.3134635149024,7.00417924225542,0,0,20260922,57000.0,60100.0,215.323287202608,1,52800.0,"저항→지지",0,0,61013.5726604774,61013.5726604774
20261006,195940,"HK이노엔",KOSDAQ,41300.0,2.86,"제약",41.51,34.616999,1170024498300.0,41900.0,-1.90930787589499,,49.4607087827427,13.6476426799007,9.4,85.8966079229614,0,1,0,82,"관망",30,-16.2079510703364,48,,,,0,0,,,,,1,39100.0,"지지 재탈환",0,0,40943.9698551547,41693.9698551547
20261006,195990,"루트K",KOSDAQ,1124.0,-0.44,"기계",0.51,0.269715979,18307570376.0,1723.0,-34.76494486361,,75.6256256256256,54.3006081668115,14.6,167.067547128048,0,1,0,48,"없음",22,-60.5890603085554,3,,,,0,0,,,,,0,,,0,0,1256.66246518124,1619.66246518124
20261006,196170,"알테오젠",KOSDAQ,263000.0,1.35,"생물공학",646.81,968.4888665,18319299979000.0,344000.0,-23.4011627906977,,63.1849926644724,17.2358261725924,9.4,52.3777450613302,0,1,0,43,"관망",30,0.278572733361749,73,,,,1,0,,,,,1,260000.0,"저항→지지",0,0,284185.305838749,326685.305838749
20261006,196300,"HLB펩",KOSDAQ,5010.0,9.39,"생물공학",13.82,2.5303284025,47564674470.0,5810.0,-13.7693631669535,,30.8823529411765,19.0,5.8,946.456592975493,0,1,0,45,"없음",26,-27.2859216255443,28,20261006,9.38864628820961,6.79513730687984,1,0,,,,,1,4400.0,"저항→지지",0,0,4952.61712739746,4952.61712739746
20261006,196450,"코아시아씨엠",KOSDAQ,3780.0,-1.56,"핸드셋",0.29,0.4674831825,34261920000.0,4150.0,-6.02409638554217,,49.5833333333333,26.8,10.4,67.3719669456287,1,3,0,80,"없음",45,-42.4778761061947,11,20260630,15.0704225352113,3.4945992765361,0,0,,,,,0,,,0,0,4025.67680714501,4770.67680714501
20261006,196700,"웹스",KOSDAQ,1367.0,11.96,"화학",0.38,0.456007936,19635784848.0,1495.0,-13.3779264214047,,26.6882766072393,19.9473337722186,6.2,44.4345861165643,0,1,0,65,"없음",30,-34.6289752650177,19,20260819,10.989010989011,7.89599671899762,0,0,,,,,1,1274.0,"지지 재탈환",0,0,1331.70701091212,1355.70701091212
20261006,197140,"디지캡",KOSDAQ,2330.0,1.3,"소프트웨어",0.46,0.3797176675,30320648820.0,2570.0,-9.92217898832685,,0.854700854700853,11.3181818181818,12.4,133.032673328349,4,1,0,44,"없음",49,22.6165254237288,88,20260611,18.25,16.0898369145117,0,0,,,,,0,,,0,0,2361.76991212333,2361.76991212333
20261006,198080,"캐프",KOSDAQ,2100.0,-0.47,"핸드셋",0.31,0.7729237275,45223888500.0,2500.0,-15.6,,45.3921568627451,15.6673960612691,12.8,33.4745749505907,1,1,0,48,"없음",31,-18.5328185328185,43,20260528,9.74789915966388,3.84305971336788,0,0,,,,,1,2100.0,"지지 재탈환",0,0,2343.18333791598,2343.18333791598
20261006,198440,"강동씨앤엘",KOSDAQ,1450.0,-6.21,"건축자재",9.47,49.2218929995,88351249200.0,2395.0,-39.2484342379958,,77.0670205706702,20.6714944042133,6.0,21.8816958584153,4,1,0,52,"관망",50,29.5636687444346,90,20260901,22.9838709677419,22.4963251270991,0,0,,,,,0,,,0,0,2060.00771588531,2060.00771588531
20261006,198940,"한주라이트메탈",KOSDAQ,1487.0,4.5,"자동차부품",0.66,0.8213151105,29651777777.0,1519.0,-8.22909809084924,,42.9668411867365,23.8064094179202,6.8,68.3338675563236,2,3,0,79,"없음",48,-4.52054794520548,67,20260910,8.63309352517985,2.56107036734022,0,0,,,,,1,1365.0,"저항→지지",0,0,1318.38031331545,1318.38031331545
20261006,199430,"케이엔알시스템",KOSDAQ,18270.0,2.01,"기계",13.82,34.88823563,204569975610.0,20800.0,-12.5480769230769,,54.5350172215844,36.7567567567568,9.2,29.1814937928091,0,2,0,72,"관망",42,-11.6990291262136,55,20260915,23.642943305187,3.47542135587076,0,0,,,,,1,16170.0,"저항→지지",0,0,18206.5460682683,18206.5460682683
20261006,199480,"뱅크웨어글로벌",KOSDAQ,4190.0,4.49,"IT서비스",1.35,0.76229794,42723703720.0,4425.0,-4.85875706214689,,24.2845461978741,25.6770310932798,4.8,57.3833904719611,0,2,0,67,"없음",47,-4.1002277904328,68,20260828,9.51760104302477,15.9457805209912,1,0,,,,,1,3835.0,"지지 재탈환",0,0,3823.42705269097,4383.42705269097
20261006,199550,"레이저옵텍",KOSDAQ,3275.0,1.55,"건강관리장비와용품",0.4,0.958216945,48619965525.0,3725.0,-13.9597315436242,,24.4338498212157,17.7240285487708,8.2,21.0950794847864,0,1,0,54,"없음",30,-40.0934579439252,13,20260821,14.9812734082397,3.38505116647896,0,0,,,,,1,3195.0,"저항→지지",0,0,3249.89808381866,3249.89808381866
20261006,199730,"바이오인프라",KOSDAQ,618.0,-6.79,"생명과학도구및서비스",0.38,0.842377758,3006178806.0,1010.0,-38.8118811881188,,66.608335984728,61.0892388451444,3.2,37.272318460027,0,2,0,47,"없음",35,-84.3939393939394,1,20260723,12.3123123123123,15.1608493904618,0,0,,,,,0,,,0,0,1209.09102742139,3103.09102742139
20261006,199800,"툴젠",KOSDAQ,35300.0,2.17,"생물공학",5.42,11.2800062,317616303700.0,38350.0,-7.5619295958279,,49.8384628464547,30.2083333333333,7.2,62.8588322580281,0,2,0,47,"없음",28,-33.0778524503511,20,,,,1,0,,,,,1,32850.0,"지지 재탈환",0,0,33640.644756635,40330.644756635
20261006,199820,"제일일렉트릭",KOSDAQ,7960.0,0.76,"전기장비",9.29,9.74010974,176871200000.0,8170.0,-2.32558139534884,,52.3092369477912,14.68788249694,5.0,65.6630340210422,0,1,0,74,"없음",31,-21.301775147929,38,20260805,11.7391304347826,6.95759727715371,0,0,,,,,1,7700.0,"저항→지지",0,0,7380.5997341497,7460.5997341497
20261006,200130,"콜마비앤에이치",KOSDAQ,8070.0,0.37,"건강관리업체및서비스",1.77,4.918136185,232218753060.0,11370.0,-29.1116974494283,,68.6440677966102,24.6778989098117,15.6,24.559552657608,0,1,0,51,"없음",26,-29.4220665499124,25,,,,0,0,,,,,1,7850.0,"지지 재탈환",0,0,8528.43971025973,10718.4397102597
20261006,200230,"텔콘RF제약",KOSDAQ,2270.0,-0.22,"제약",0.39,0.3352579475,21524750630.0,2750.0,-16.3636363636364,,13.3798720186155,54.3988684582744,12.0,36.6081138866723,0,2,0,45,"없음",42,-66.5988963113564,2,20260706,29.8329355608592,7.50943426850943,0,0,,,,,1,2230.0,"저항→지지",0,0,2256.36516307475,2356.36516307475
20261006,200350,"아티스트스튜디오",KOSDAQ,4290.0,30.0,"방송과엔터테인먼트",24.65,6.182059945,42882947250.0,2995.0,43.2387312186978,11.1853088480801,0.0,28.5136501516684,9.8,617.710986707955,1,2,0,53,"없음",25,-3.91937290033595,68,20261006,28.8288288288288,3.49626012680667,0,0,20261002,2995.0,3330.0,204.546990339077,1,2745.0,"저항→지지",1,1,2753.22585146389,2753.22585146389
20261006,200470,"에이팩트",KOSDAQ,10070.0,-0.69,"반도체와반도체장비",76.15,86.285409065,441303208920.0,8280.0,22.1014492753623,11.4734299516908,33.428775948461,21.1267605633803,6.0,86.1870252486505,4,3,0,79,"돌파완료",55,55.7781201848998,95,20260930,12.5609756097561,3.65020287505152,0,0,20260930,8280.0,9230.0,357.669563133457,1,8280.0,"저항→지지",0,0,9254.70134872928,9254.70134872928
20261006,200670,"휴메딕스",KOSDAQ,26150.0,1.75,"제약",3.95,6.9830781,293662669500.0,26750.0,-2.61682242990654,,58.1967213114754,16.4048865619546,8.0,56.0918946450415,0,2,0,73,"없음",30,-22.354694485842,36,,,,0,0,,,,,1,25400.0,"저항→지지",0,0,24847.0484791614,26747.0484791614
20261006,200710,"에이디테크놀로지",KOSDAQ,29400.0,-0.68,"반도체와반도체장비",32.61,24.14219105,395783005800.0,27450.0,9.10746812386157,1.45719489981785,65.2435961828227,30.0157977883096,7.6,108.191956691512,2,2,0,72,"없음",47,-37.6041666666667,15,20260709,13.0781499202552,3.92606128013332,0,0,20260929,27450.0,27850.0,78.6674559135411,1,27450.0,"저항→지지",0,0,27016.1994628154,28416.1994628154
20261006,200780,"비씨월드제약",KOSDAQ,3055.0,0.16,"제약",0.13,0.1526821975,32583594355.0,3185.0,-2.51177394034537,,28.3601708839961,13.3928571428571,7.8,84.2281334762271,0,2,0,88,"없음",37,-31.6831683168317,23,,,,1,0,,,,,0,,,0,0,2871.69815849373,3046.69815849373
20261006,200880,"서연이화",KOSPI,11230.0,-0.09,"자동차부품",2.21,2.637304725,303529347510.0,11650.0,-3.60515021459227,,62.0060790273556,16.681455190772,9.6,45.5191199140345,0,3,0,94,"없음",45,-11.8524332810047,55,,,,0,0,,,,,1,10910.0,"지지 재탈환",0,0,11026.8098240467,12416.8098240467
20261006,201490,"미투온",KOSDAQ,3510.0,3.39,"게임엔터테인먼트",41.84,338.3332805875,114860278260.0,4800.0,-27.0833333333333,,7.59702725020644,16.1849710982659,6.8,32.0518162526485,1,1,0,41,"관망",34,23.2394366197183,89,20260917,18.4895833333333,24.306152685401,0,0,,,,,1,3040.0,"저항→지지",0,0,4241.13918037806,4241.13918037806
20261006,203450,"유니온바이오메트릭스",KOSDAQ,2950.0,3.69,"전자장비와기기",31.4,2.014815225,41533070650.0,3005.0,-0.166389351081531,,0.0,25.3032928942808,10.2,2798.93205468208,2,1,0,74,"없음",40,-2.12071778140294,71,,,,1,0,,,,,1,2675.0,"저항→지지",0,0,2646.36862849386,2646.36862849386
20261006,203650,"드림시큐리티",KOSDAQ,3060.0,7.56,"상업서비스와공급품",548.76,270.027284275,311215721040.0,3145.0,-2.22575516693164,,3.93487109905021,35.6170212765957,11.4,381.555478847617,3,1,0,49,"관망",50,94.8669201520913,97,20260911,23.2941176470588,61.375741772392,0,0,,,,,1,2290.0,"저항→지지",0,0,2732.62953726914,2732.62953726914
20261006,204020,"그리티",KOSDAQ,1756.0,-1.35,"섬유,의류,신발,호화품",0.17,0.206229664,34155660992.0,1833.0,3.3278777959629,2.34588106928532,13.5719108710331,14.1645885286783,4.2,60.7763665354918,1,2,0,78,"없음",42,-4.1497975708502,67,,,,1,0,20261002,1833.0,1876.0,23.0783923917332,1,1833.0,"저항→지지",0,0,1769.73574292021,1836.73574292021
20261006,204270,"제이앤티씨",KOSDAQ,22800.0,4.35,"핸드셋",230.77,271.098547265,1318945024800.0,26750.0,-9.90654205607477,,20.0727883538634,15.6440281030445,5.0,229.133950162436,3,1,0,44,"관망",48,58.7615283267457,95,20260812,22.9315960912052,3.80916897340386,1,0,,,,,1,21350.0,"저항→지지",0,0,23044.1121762251,23044.1121762251
20261006,204320,"HL만도",KOSPI,47600.0,0.95,"자동차부품",174.84,121.2738094,2235158912000.0,50800.0,-5.90551181102362,,66.6539343009931,23.499491353001,10.0,94.8555893067916,1,3,0,85,"관망",54,-2.54841997961264,70,20260616,8.92351274787535,4.22985171617885,0,0,,,,,1,47600.0,"지지 재탈환",0,0,46436.2948945197,53636.2948945197
20261006,204610,"티쓰리",KOSDAQ,2870.0,0.0,"게임엔터테인먼트",1.37,2.8100676825,159934251400.0,3375.0,-14.6666666666667,,27.8330019880716,19.0,7.2,42.1245785908256,3,1,0,53,"없음",41,10.7692307692308,83,,,,0,0,,,,,0,,,0,0,3114.98747388501,3239.98747388501
20261006,204620,"글로벌텍스프리",KOSDAQ,5450.0,-4.05,"기타금융",75.1,37.698904045,383044148500.0,6200.0,-12.4193548387097,,23.6749116607774,15.0242326332795,4.2,171.161362216902,4,2,0,80,"수축중",57,13.8364779874214,85,20260828,15.2804642166344,6.01374454380284,0,0,,,,,0,,,0,0,5570.95388020034,5570.95388020034
20261006,204840,"지엘팜텍",KOSDAQ,4150.0,-1.19,"제약",1.17,4.1274578975,64365674150.0,5490.0,-24.408014571949,,22.7513227513227,27.6923076923077,7.2,40.63351098188,0,2,0,49,"없음",38,-20.1923076923077,40,,,,0,0,,,,,0,,,0,0,5278.27878925903,5278.27878925903
20261006,205100,"엑셈",KOSDAQ,1383.0,-4.49,"소프트웨어",10.17,7.010890428,93406954242.0,1523.0,-10.2429415627052,,15.7776108189331,26.0792430514488,11.2,181.952358777226,0,1,0,54,"없음",25,-22.7683615819209,35,,,,0,0,,,,,1,1289.0,"지지 재탈환",0,0,1375.80015244842,1518.80015244842
20261006,205470,"휴마시스",KOSDAQ,2605.0,-0.57,"생명과학도구및서비스",0.72,1.33751941,64278377605.0,3090.0,-15.210355987055,,36.4285714285714,32.6027397260274,5.6,28.5374445494283,0,2,0,58,"없음",38,-28.7074829931973,26,,,,0,0,,,,,0,,,0,0,3098.63967047261,3298.63967047261
20261006,205500,"넥써쓰",KOSDAQ,1774.0,-3.85,"게임엔터테인먼트",2.05,2.7116200985,148238627878.0,1993.0,-10.7877571500251,,46.2047353760446,15.2610441767068,8.0,75.1982351155603,0,1,0,55,"없음",29,8.54700854700855,81,20260617,19.3621867881549,4.44587758868592,0,0,,,,,1,1743.0,"저항→지지",0,0,1781.21423452833,1781.21423452833
20261006,206400,"베노티앤알",KOSDAQ,717.0,-13.72,"건설",2.04,3.5498310145,26894783286.0,833.0,-13.9255702280912,2.52100840336134,0.0,49.6551724137931,5.6,126.419939686544,0,2,0,40,"없음",30,-40.25,13,20260928,31.3846153846154,15.6445159772804,0,0,20260928,833.0,854.0,1602.28117187418,1,674.0,"지지 재탈환",0,0,784.170678803765,804.170678803765
20261006,206640,"바디텍메드",KOSDAQ,9720.0,-0.31,"생명과학도구및서비스",1.41,2.41504456,212944992120.0,11770.0,-17.5021240441801,,60.5721393034826,20.8725406330197,11.2,34.3903049031006,0,1,0,53,"없음",26,-11.5664845173042,56,,,,0,0,,,,,1,9630.0,"지지 재탈환",0,0,9383.87151109351,11243.8715110935
20261006,206650,"유바이오로직스",KOSDAQ,8540.0,1.07,"생물공학",6.45,6.59327333,313864701780.0,9000.0,-5.55555555555556,,41.6309012875536,15.511892450879,6.4,63.9091596102575,0,2,0,86,"없음",45,-36.7088607594937,17,20260615,14.4820295983087,5.61130258154662,0,0,,,,,1,8420.0,"지지 재탈환",0,0,8329.55146625873,8969.55146625873
20261006,207760,"미스터블루",KOSDAQ,2140.0,3.63,"양방향미디어와서비스",1.83,2.8163151875,35558145840.0,3190.0,-32.9153605015674,,60.2117647058824,54.6061415220294,16.6,64.5135142765807,0,2,0,51,"없음",42,-56.6362715298885,4,20260903,8.61723446893787,348.618496651742,0,0,,,,,0,,,0,0,2908.20366268756,2908.20366268756
20261006,207940,"삼성바이오로직스",KOSPI,1313000.0,-3.03,"제약",1029.94,554.6278352815,60780018663000.0,1429907.0,-7.82617331057195,,52.9049533572599,10.684923186088,12.4,147.076627786801,0,1,0,47,"관망",33,-11.6871769512913,56,20260724,10.0797729292362,3.8337293347752,0,0,,,,,0,,,0,0,1401114.074059,1540037.074059
20261006,208140,"정다운",KOSDAQ,2270.0,0.67,"식품",0.44,0.4229225,74193238420.0,2400.0,-5.625,,27.8048780487805,8.47826086956522,10.8,93.6995403590609,1,1,0,67,"없음",32,-7.55102040816327,63,,,,0,0,,,,,0,,,0,0,2306.57971838053,2306.57971838053
20261006,208350,"지란지교시큐리티",KOSDAQ,2950.0,3.87,"소프트웨어",0.91,0.3000005775,23899631500.0,3330.0,-12.012012012012,,9.3069306930693,12.4031007751938,3.6,302.882620318275,2,2,0,65,"없음",40,-4.2483660130719,67,20260818,8.64864864864865,4.23020461424144,0,0,,,,,1,2925.0,"지지 재탈환",0,0,3018.26000217112,3018.26000217112
20261006,208370,"셀바스헬스케어",KOSDAQ,2765.0,3.95,"건강관리장비와용품",10.13,18.2497901875,71172659460.0,3100.0,-10.9677419354839,,24.875,30.5379746835443,7.8,87.744211521557,0,2,0,70,"없음",32,-34.207389749702,19,20260928,14.5877378435518,54.254383604575,0,0,,,,,1,2540.0,"저항→지지",0,0,2718.85536401227,2778.85536401227
20261006,208640,"썸에이지",KOSDAQ,695.0,-0.14,"게임엔터테인먼트",0.89,4.713011635,9677197375.0,1024.0,-32.12890625,,56.4407237375101,60.0507292327204,8.2,18.6638316983375,0,1,0,48,"없음",26,-59.5695171611402,3,20260921,17.6328502415459,4.70075011242692,0,0,,,,,0,,,0,0,841.24219359333,1348.24219359333
20261006,208710,"포톤",KOSDAQ,2860.0,3.06,"핸드셋",5.05,3.4088081575,37695177520.0,3190.0,-8.93416927899687,,34.2938892295115,17.0984455958549,4.8,65.0518728073606,4,2,0,60,"없음",63,46.643109540636,94,20260804,14.0997830802603,4.00324927243321,1,0,,,,,1,2685.0,"저항→지지",0,0,2742.15050492515,2827.15050492515
20261006,209640,"와이제이링크",KOSDAQ,4190.0,0.96,"전자장비와기기",86.48,56.8865829375,119176781740.0,4325.0,-2.19653179190751,,21.0096510764662,28.5362853628536,6.8,305.640944240066,2,2,0,51,"관망",47,-1.05263157894737,72,20261002,11.820652173913,6.22444664158325,0,0,,,,,1,3340.0,"저항→지지",0,0,3720.87669228644,3720.87669228644
20261006,210120,"캔버스엔",KOSDAQ,1806.0,4.7,"방송과엔터테인먼트",1.53,2.965530326,17509153746.0,2275.0,-22.9450549450549,,35.4306113342258,68.4656416692815,16.2,46.5110027024324,0,2,0,39,"없음",30,-47.8429038976495,8,20260828,29.9205648720212,4.11150189182013,0,0,,,,,0,,,0,0,1912.92930463388,1912.92930463388
20261006,210540,"디와이파워",KOSPI,11110.0,-0.09,"기계",2.27,2.3693435,122673375880.0,11850.0,-6.07594936708861,,59.3984962406015,11.0412926391382,9.4,68.3906253301006,0,3,0,88,"없음",46,-16.1897590361446,48,,,,0,0,,,,,0,,,0,0,11327.5135457999,11747.5135457999
20261006,210980,"SK디앤디",KOSPI,3350.0,-0.15,"부동산",4.2,12.9273677425,62368229700.0,3845.0,-15.2145643693108,,49.7656531666867,39.1935483870968,7.6,26.9794951954224,0,1,0,51,"없음",30,-62.8828418535808,3,20260910,10.8,3.04705908139446,0,0,,,,,0,,,0,0,4078.51151210482,6469.51151210482
20261006,211050,"인카금융서비스",KOSDAQ,9680.0,0.31,"손해보험",4.78,7.15501071,476872199760.0,10890.0,-11.4784205693297,,29.4117647058824,18.6991869918699,11.2,57.1045589383258,0,1,0,57,"없음",25,-16.24674196351,48,,,,0,0,,,,,0,,,0,0,10556.80484709,10556.80484709
20261006,211270,"AP위성",KOSDAQ,9700.0,2.0,"통신장비",20.26,9.152973715,146298348800.0,9430.0,2.75715800636267,1.27253446447508,30.1239275500477,38.0952380952381,12.2,287.321702757604,0,1,0,63,"없음",33,-38.3979656706929,15,20260526,9.52948183442526,3.55531921654366,0,0,20261002,9430.0,9550.0,178.922575773172,1,9430.0,"저항→지지",0,0,8806.3469986622,8806.3469986622
20261006,212560,"네오오토",KOSDAQ,10980.0,-2.75,"자동차부품",14.9,42.71222635,148080101040.0,13240.0,-16.9184290030211,,57.708830548926,34.176245210728,6.6,44.7097417661727,3,2,0,56,"수축중",55,51.9337016574586,94,20260908,8.16498316498318,4.462424308735,0,0,,,,,1,10780.0,"저항→지지",0,0,11615.6015912847,11615.6015912847
20261006,212710,"아이에스티이",KOSDAQ,7600.0,1.06,"반도체와반도체장비",4.29,3.872088705,73833832800.0,9180.0,-17.8649237472767,,60.4861111111111,48.4792626728111,10.8,76.9832686292529,0,2,0,53,"없음",32,6.0478199718706,79,20260527,14.9509803921569,5.09931136241514,0,0,,,,,1,6850.0,"지지 재탈환",0,0,6796.48429119249,9856.48429119249
20261006,213420,"덕산네오룩스",KOSDAQ,30550.0,1.66,"디스플레이장비및부품",29.55,55.356989225,758592518450.0,33550.0,-8.79284649776453,,57.1428571428571,25.1908396946565,10.6,61.4146068437852,0,1,0,60,"관망",31,-39.0438247011952,14,,,,0,0,,,,,1,30200.0,"지지 재탈환",0,0,30438.2193147403,34438.2193147403
20261006,213500,"한솔제지",KOSPI,7200.0,-0.28,"종이와목재",2.56,1.9172492,171364147200.0,9810.0,-26.5035677879715,,0.0,10.3404791929382,7.4,54.9950162973238,0,1,0,51,"없음",30,-10.9876543209877,57,20260730,9.74124809741248,13.7958163903589,0,0,,,,,0,,,0,0,9317.05565066707,9317.05565066707
20261006,214150,"클래시스",KOSDAQ,31300.0,2.12,"건강관리장비와용품",47.66,44.888527625,2041876126700.0,32350.0,-2.93663060278207,,73.5655737704918,37.6705141657922,7.0,61.1271702834676,0,2,0,82,"관망",44,-37.8217821782178,15,,,,0,0,,,,,1,31000.0,"지지 재탈환",0,0,29977.913931549,44627.913931549
20261006,214180,"헥토이노베이션",KOSDAQ,14360.0,2.94,"IT서비스",14.85,6.847863155,186584750120.0,14400.0,0.902777777777778,0.902777777777778,39.2857142857143,15.4432132963989,9.8,164.704845826228,0,3,0,92,"없음",40,-18.508132361189,43,,,,0,0,20261006,14400.0,14530.0,168.718808308149,1,14170.0,"지지 재탈환",0,0,14072.1602828767,14592.1602828767
20261006,214260,"라파스",KOSDAQ,7480.0,-2.09,"화장품",0.59,0.60488468,66740023240.0,7990.0,-7.00876095118899,,53.2710280373832,22.7848101265823,5.8,55.52501450126,0,2,0,87,"없음",43,-24.3380855397149,33,20260702,9.26594464500601,2.7667039030934,0,0,,,,,0,,,0,0,7244.44134360298,8884.44134360298
20261006,214270,FSN,KOSDAQ,1447.0,4.33,"양방향미디어와서비스",0.71,0.4845588885,65479117292.0,1430.0,-1.3986013986014,,45.3856749311295,15.9298245614035,9.4,66.9288141884446,0,3,0,94,"없음",46,-37.7483443708609,15,,,,1,0,,,,,1,1348.0,"저항→지지",0,0,1307.68205435236,1376.68205435236
20261006,214320,"이노션",KOSPI,18000.0,-0.61,"광고",8.46,9.61359095,720000000000.0,18400.0,-1.95652173913044,,50.8650519031142,9.54314720812183,9.0,76.3905890773505,2,1,0,62,"없음",37,0.166574125485841,73,,,,0,0,,,,,0,,,0,0,18385.3047915589,19115.3047915589
20261006,214330,"금호에이치티",KOSPI,7090.0,0.28,"자동차부품",1.78,8.3462243,74139626610.0,7170.0,-1.53417015341702,,69.3598508390305,42.0,5.2,11.0786489031547,0,2,0,76,"없음",47,-36.5393258426966,17,20260907,20.6429780033841,3.02937599652737,0,0,,,,,0,,,0,0,6570.98826582189,9020.98826582189
20261006,214370,"케어젠",KOSDAQ,43150.0,1.41,"건강관리업체및서비스",32.4,25.911261975,2317802250000.0,71000.0,-39.0140845070422,,74.0722166499499,49.4791666666667,12.6,98.0382954758776,0,1,0,40,"없음",25,-52.3127753303965,5,,,,0,0,,,,,1,42150.0,"저항→지지",0,0,42061.7651033184,65011.7651033184
20261006,214390,"경보제약",KOSPI,5520.0,1.85,"제약",1.61,0.95200443,131965867200.0,6150.0,-12.1951219512195,,18.3222958057395,7.59259259259259,7.2,106.846027898199,0,1,0,45,"없음",22,-24.5810055865922,32,,,,0,0,,,,,1,5370.0,"저항→지지",0,0,5678.97129697779,5678.97129697779
20261006,214420,"토니모리",KOSPI,5100.0,0.99,"화장품",1.32,2.4370212925,122679474900.0,5520.0,-8.33333333333333,,61.5317667536989,27.8195488721804,7.0,26.4957222790628,0,2,0,77,"없음",40,-23.1003039513678,35,,,,0,0,,,,,1,5030.0,"지지 재탈환",0,0,5080.27180018265,6210.27180018265
20261006,214430,"아이쓰리시스템",KOSDAQ,80800.0,2.8,"우주항공과국방",40.52,20.03871635,590422972000.0,86800.0,-7.02764976958525,,12.4778237729154,25.9398496240602,9.4,182.129539862617,0,3,0,84,"없음",38,-10.0334448160535,58,20261001,23.2352941176471,7.26382359203356,0,0,,,,,1,70400.0,"저항→지지",0,0,76983.463076416,76983.463076416
20261006,214450,"파마리서치",KOSDAQ,305000.0,-0.33,"건강관리장비와용품",352.95,327.33318475,3168842640000.0,465500.0,-34.4790547798067,,63.4712411705348,24.9056603773585,9.0,72.475824831627,1,2,0,68,"관망",45,2.0066889632107,76,,,,0,0,,,,,0,,,0,0,366116.153154313,428116.153154313
20261006,214680,"디알텍",KOSDAQ,3995.0,2.04,"건강관리장비와용품",0.97,10.2681762475,66684344245.0,6240.0,-37.4198717948718,,61.8047673098751,42.964824120603,12.0,17.8698105014001,0,1,0,42,"없음",30,-52.3489932885906,5,20260814,10.5263157894737,36.4078384528351,0,0,,,,,0,,,0,0,5668.41725788502,6218.41725788502
20261006,215000,"골프존",KOSDAQ,35800.0,0.28,"호텔,레스토랑,레저",2.99,5.2642666,224659857000.0,36550.0,-2.05198358413133,,58.7174348697395,16.7277167277167,9.6,40.0138781950742,0,2,0,81,"없음",33,-26.4887063655031,29,,,,0,0,,,,,0,,,0,0,35757.3811764638,39107.3811764638
20261006,215090,"솔디펜스",KOSDAQ,1408.0,-1.47,"우주항공과국방",0.73,1.373634902,32603170688.0,1935.0,-25.5813953488372,,7.5531914893617,30.2615933412604,10.2,70.7961592091689,0,1,0,45,"없음",26,-44.9330783938815,9,20260908,10.1526717557252,4.08735548607577,0,0,,,,,1,1362.0,"저항→지지",0,0,1706.84228887678,1706.84228887678
20261006,215100,"로보로보",KOSDAQ,4260.0,1.55,"교육서비스",2.9,2.979055005,86684414040.0,4265.0,0.703399765533412,0.703399765533412,67.3216885007278,20.3722854188211,7.8,35.5436454554601,0,3,0,98,"없음",52,-32.890625,21,20260721,12.4450951683748,19.7745015054239,0,0,20261006,4265.0,4295.0,29.0763345231793,0,,,0,0,3945.93382726361,4415.93382726361
20261006,215200,"메가스터디교육",KOSDAQ,37800.0,0.8,"교육서비스",10.5,12.17486445,391805164800.0,35200.0,6.67613636363636,2.55681818181818,52.5806451612903,29.8958333333333,19.8,76.5919878198808,0,1,0,47,"없음",27,-24.0647118301314,33,,,,0,0,20260921,35200.0,36100.0,93.8448791724771,1,35200.0,"저항→지지",0,0,35873.6666585118,40223.6666585118
20261006,215360,"우리산업",KOSDAQ,6480.0,1.41,"자동차부품",0.95,0.54307989,59176416240.0,6690.0,-3.43796711509716,,0.0,25.4980079681275,14.8,123.38028549526,0,1,0,58,"없음",27,-22.8195937873357,35,,,,0,0,,,,,1,6230.0,"지지 재탈환",0,0,6368.69077940919,6738.69077940919
20261006,215380,"콜마바이오텍",KOSDAQ,2350.0,1.29,"생명과학도구및서비스",0.6,0.568513405,39549503600.0,2380.0,-0.420168067226891,,28.2245827010622,18.1451612903226,7.0,81.0434754306452,2,3,0,85,"없음",53,-10.2272727272727,58,20260721,9.30735930735931,5.4246261758106,0,0,,,,,1,2315.0,"저항→지지",0,0,2075.51305704451,2640.51305704451
20261006,215480,"토박스코리아",KOSDAQ,2075.0,-2.58,"섬유,의류,신발,호화품",0.23,0.2406656945,22285500000.0,2205.0,-4.76190476190476,,37.7620221948212,17.2705882352941,10.2,50.2190586883721,2,1,0,51,"없음",41,-3.44827586206897,69,20260807,9.82658959537572,4.40103051938097,0,0,,,,,1,2085.0,"저항→지지",0,0,1956.25905450914,1971.25905450914
20261006,215600,"신라젠",KOSDAQ,2350.0,-0.42,"제약",11.29,15.15978388,325600875400.0,2425.0,-3.29896907216495,,68.3901292596945,34.0943683409437,5.2,26.9295985675569,0,2,0,79,"없음",47,-38.2894736842105,15,20260825,29.8245614035088,10.6301190460519,0,0,,,,,0,,,0,0,2236.71532987215,3011.71532987215
20261006,216050,"인크로스",KOSDAQ,5000.0,0.3,"광고",0.19,0.5390636275,60993110000.0,5050.0,-1.08910891089109,,54.5592705167173,19.7588126159555,9.4,20.0969495701545,0,1,0,79,"없음",31,-24.6606334841629,32,,,,1,0,,,,,1,4980.0,"지지 재탈환",0,0,5135.98657812788,5135.98657812788
20261006,216080,"제테마",KOSDAQ,6270.0,4.5,"건강관리장비와용품",3.06,14.269997895,233790110730.0,7590.0,-19.235836627141,,13.3839859731151,16.6666666666667,5.4,20.6458869604261,1,1,0,46,"없음",31,-18.048128342246,44,20260902,21.6535433070866,7.82919165372004,0,0,,,,,1,5460.0,"저항→지지",0,0,6625.83632151032,6625.83632151032
20261006,217190,"제너셈",KOSDAQ,8290.0,0.36,"반도체와반도체장비",10.41,17.64267707,109044678690.0,7830.0,6.25798212005108,2.93742017879949,20.1176470588235,30.193661971831,11.4,63.9885996324953,5,2,0,59,"없음",65,62.1832358674464,95,20260818,18.5,24.2287636217185,0,0,20260930,7830.0,8060.0,72.2150507105411,1,7830.0,"저항→지지",0,0,7611.2183763569,7611.2183763569
20261006,217270,"넵튠",KOSDAQ,2435.0,2.1,"게임엔터테인먼트",1.52,1.1844105025,111168359295.0,2715.0,-8.10313075506446,,21.8415417558886,51.6706443914081,21.0,139.42741829319,0,2,0,58,"없음",30,-37.9353233830846,15,,,,0,0,,,,,1,2380.0,"지지 재탈환",0,0,2471.36950702524,2471.36950702524
20261006,217330,"싸이토젠",KOSDAQ,3115.0,-2.96,"건강관리업체및서비스",3.59,1.8289971275,72048538905.0,3230.0,-2.1671826625387,1.23839009287926,37.7450980392157,21.0738255033557,7.2,186.811046750241,0,2,0,57,"없음",30,-25.5594817432273,30,,,,0,0,20261001,3230.0,3270.0,147.762071329808,1,3105.0,"저항→지지",0,0,3142.99317088335,3367.99317088335
20261006,217500,"러셀",KOSDAQ,1641.0,1.3,"반도체와반도체장비",2.28,0.8439686665,52203492000.0,1600.0,2.1875,1.25,28.091684434968,17.0480549199085,6.6,221.801957542783,0,1,0,52,"없음",29,-35.1190476190476,18,,,,0,0,20261002,1600.0,1620.0,212.040023442861,1,1600.0,"저항→지지",0,0,1704.64545303687,1704.64545303687
20261006,217730,"강스템바이오텍",KOSDAQ,2290.0,2.23,"생물공학",5.23,4.9848132175,215384001210.0,2295.0,-0.65359477124183,,60.5911330049261,32.3181049069374,6.4,38.2617885737911,2,2,0,61,"없음",57,-25.4901960784314,30,20260730,11.5288220551379,2.50755421373248,0,0,,,,,1,2270.0,"저항→지지",0,0,2102.29169289357,2612.29169289357
20261006,217820,"원익피앤이",KOSDAQ,2515.0,4.79,"전기제품",10.66,28.1633350975,119348215885.0,3300.0,-23.4848484848485,,31.8991097922849,19.6712619300106,9.4,76.4089444569715,0,1,0,50,"없음",30,-14.5516074450085,51,20260910,29.97542997543,5.16661310009368,0,0,,,,,1,2370.0,"저항→지지",0,0,2981.97969986321,2981.97969986321
20261006,218150,"미래생명자원",KOSDAQ,1965.0,1.81,"식품",0.81,4.538420996,40117050930.0,2340.0,-17.9487179487179,,85.1839237057221,44.3081761006289,10.2,5.86872254158679,0,1,0,57,"없음",30,-36.7380560131796,17,20260720,29.8029556650246,9.21510501365447,0,0,,,,,0,,,0,0,2123.03644079957,2963.03644079957
20261006,218410,RFHIC,KOSDAQ,62600.0,0.97,"통신장비",227.42,332.27184755,1663622669200.0,64600.0,-2.94117647058824,,41.395908543923,23.3928571428571,6.8,85.199875294751,2,1,0,66,"관망",45,-16.4,47,20260918,13.5185185185185,4.25184297223184,0,0,,,,,1,52700.0,"저항→지지",0,0,57284.6634297315,57284.6634297315
20261006,219130,"타이거일렉",KOSDAQ,92200.0,-0.11,"반도체와반도체장비",24.98,32.31246715,582177538000.0,78900.0,16.8567807351077,2.40811153358682,27.3755656108597,41.0942956926659,10.8,58.0665122391575,5,2,0,46,"돌파완료",55,238.348623853211,99,20260916,11.3636363636364,3.5139613291614,0,0,20260923,78900.0,80800.0,69.9028292962994,1,78900.0,"저항→지지",0,0,83698.404594573,83698.404594573
20261006,219420,"링크제니시스",KOSDAQ,3250.0,0.0,"소프트웨어",0.9,0.55462696,37275897750.0,3490.0,-6.87679083094556,,48.1852315394243,21.3204951856946,11.2,130.448541500481,0,2,0,72,"없음",33,-29.1166848418757,25,,,,0,0,,,,,1,3215.0,"지지 재탈환",0,0,3194.33914286178,3424.33914286178
20261006,219550,"디와이디",KOSDAQ,1200.0,0.76,"화장품",0.35,0.3547761855,49655052000.0,1239.0,-3.14769975786925,,50.7271171941831,29.6,8.6,74.0259529914573,2,1,0,56,"없음",41,-24.0986717267552,33,20260828,11.7967332123412,4.06085406320636,1,0,,,,,1,1177.0,"지지 재탈환",0,0,1157.8585249105,1314.8585249105
20261006,219750,"한국비티비",KOSDAQ,1721.0,0.35,"건강관리장비와용품",0.07,0.2445208205,22519933817.0,2110.0,-13.2701421800948,,29.4665537679932,36.6244725738397,10.0,61.6077534170248,0,3,0,73,"없음",33,-61.5546218487395,3,20260928,10.0861008610086,19.8776850350093,1,0,,,,,1,1725.0,"저항→지지",0,0,1819.97772945367,2079.97772945367
20261006,220100,"퓨쳐켐",KOSDAQ,7290.0,1.39,"제약",4.14,8.1266320095,188207752500.0,7190.0,1.52990264255911,1.52990264255911,35.0465438700733,24.6479766586325,7.2,67.5741923844709,0,1,0,45,"없음",29,-51.3981358189081,6,,,,0,0,20261006,7190.0,7300.0,67.6994975292492,1,6908.0,"저항→지지",0,0,6965.78944686395,6965.78944686395
20261006,220180,"폴라리스AI핸디",KOSDAQ,1345.0,0.45,"소프트웨어",0.02,0.128262164,32186982490.0,1690.0,-19.8816568047337,,5.69060773480662,19.2672141503474,7.2,14.5638553666379,0,1,0,53,"없음",26,-29.18410041841,25,,,,0,0,,,,,1,1353.0,"지지 재탈환",0,0,1510.35987699378,1510.35987699378
20261006,220260,"켐트로스",KOSDAQ,4825.0,-0.1,"화학",9.12,6.741865615,154747665375.0,4690.0,2.45202558635394,1.06609808102345,11.4942528735632,28.5326086956522,11.2,158.180691426081,0,3,0,80,"없음",40,-6.69902912621359,64,20260928,14.1221374045801,18.3265879630806,0,0,20261001,4690.0,4740.0,322.284550821589,1,4690.0,"저항→지지",0,0,4482.58628194181,4482.58628194181
20261006,221840,"하이즈항공",KOSDAQ,2075.0,1.22,"우주항공과국방",0.15,0.1332189075,38803664075.0,2180.0,-3.21100917431193,,4.53271028037384,15.1620947630923,9.2,56.4889546287662,0,1,0,48,"없음",27,-13.7014314928425,52,,,,1,0,,,,,1,2080.0,"저항→지지",0,0,2256.65289057852,2256.65289057852
20261006,221980,"케이디켐",KOSDAQ,9240.0,-2.94,"화학",0.33,0.07714036,37281552000.0,10200.0,-8.23529411764706,,0.0,6.76229508196721,10.6,426.700818691052,0,1,0,57,"없음",25,-9.21435499515034,60,,,,0,0,,,,,0,,,0,0,9635.46524208243,9635.46524208243
20261006,222040,"코스맥스엔비티",KOSDAQ,6360.0,0.16,"건강관리업체및서비스",18.29,18.91865938,131194080000.0,9490.0,-33.7197049525817,,56.8206229860365,45.9821428571429,7.2,80.546719772905,3,2,0,51,"없음",50,66.4021164021164,96,20260810,23.9860950173812,10.2567139572707,0,0,,,,,0,,,0,0,7767.09985533321,10067.0998553332
20261006,222080,"SFA넥셀",KOSDAQ,8820.0,5.63,"전기제품",93.03,34.491563725,686020870080.0,7880.0,12.9441624365482,1.14213197969543,47.6394849785408,24.0320427236315,9.8,225.19421511888,2,3,0,92,"관망",41,-23.2758620689655,34,,,,0,0,20260930,7880.0,7970.0,218.661478205729,1,7880.0,"저항→지지",1,1,7589.42602529738,7659.42602529738
20261006,222110,"팬젠",KOSDAQ,4780.0,-0.42,"생물공학",0.06,0.28865503,64599353020.0,5970.0,-20.1005025125628,,18.3040330920372,14.3269230769231,7.0,17.3361208216236,0,1,0,52,"없음",26,-7.37864077669903,63,,,,0,0,,,,,0,,,0,0,5511.96184192211,5511.96184192211
20261006,222420,"쎄노텍",KOSDAQ,973.0,-1.02,"화학",1.14,2.4286857155,47111222879.0,1077.0,-9.47075208913649,,35.0591715976331,22.1476510067114,7.8,62.7463082125964,2,2,0,59,"없음",53,-26.2481089258699,29,20260909,13.4545454545455,13.6065647448661,0,0,,,,,1,954.0,"저항→지지",0,0,949.276902107281,949.276902107281
20261006,222800,"심텍",KOSDAQ,173300.0,3.65,"전자장비와기기",1658.13,1035.5375843,6669368355800.0,156600.0,10.4725415070243,2.17113665389527,45.915602013163,20.8870967741935,7.2,116.043540182798,5,2,0,74,"돌파완료",63,264.594309799789,99,20260922,13.145896656535,2.55997658669013,0,0,20261001,156600.0,160000.0,102.129005331324,1,156600.0,"저항→지지",1,1,149554.637005421,149554.637005421
20261006,222980,"한국맥널티",KOSDAQ,2055.0,-2.84,"식품",0.44,0.254868655,22669697565.0,2545.0,-20.4322200392927,,8.96057347670251,11.7673378076063,10.2,166.458512519578,0,1,0,48,"없음",26,-21.5116279069767,37,20260910,12.085308056872,5.74397058178352,0,0,,,,,0,,,0,0,2260.10234258371,2260.10234258371
20261006,223250,"드림씨아이에스",KOSDAQ,3705.0,0.82,"제약",5.4,19.7627528825,91144645020.0,4075.0,-9.4478527607362,,1.47783251231527,32.8591749644381,13.0,55.6193914344637,0,1,0,42,"없음",29,-21.0695187165775,38,20260921,16.4536741214057,95.1956958860931,0,0,,,,,1,3490.0,"저항→지지",0,0,3568.73482975096,3568.73482975096
20261006,223310,"사토시홀딩스",KOSDAQ,2925.0,-1.85,"식품과기본식료품소매",0.73,4.648920415,23776207650.0,4195.0,-30.2741358760429,,58.5922637920101,52.0408163265306,6.8,17.976404628627,0,1,0,51,"없음",30,-60.5422905706192,3,20260831,30.0,15.8588637755238,0,0,,,,,1,2860.0,"지지 재탈환",0,0,3465.73053926737,4170.73053926737
20261006,224060,"더코디",KOSDAQ,4000.0,-6.21,"전기제품",9.6,50.37147546,20642888000.0,12750.0,-68.6274509803922,,27.6522487626426,28.6486486486486,7.0,73.8831335244549,2,1,0,42,"관망",36,-34.747145187602,19,20260910,29.9605781865966,15.1877286708319,0,0,,,,,0,,,0,0,10886.2447416727,10886.2447416727
20261006,224110,"에이텍모빌리티",KOSDAQ,7770.0,-1.15,"컴퓨터와주변기기",0.6,0.2752745,39474599220.0,8950.0,-13.5195530726257,,0.0,24.8496993987976,2.6,94.9802830304297,0,2,0,67,"없음",34,-10.0,59,,,,0,0,,,,,0,,,0,0,9089.01919729785,9089.01919729785
20261006,225220,"제놀루션",KOSDAQ,1461.0,-0.54,"건강관리장비와용품",0.62,0.3876873385,28036620681.0,1585.0,-9.33753943217665,,24.2424242424242,36.1574382921948,14.8,149.079399751622,0,2,0,67,"없음",28,-21.1738891936369,38,,,,0,0,,,,,1,1400.0,"저항→지지",0,0,1415.80787688798,1415.80787688798
20261006,225530,"HC보광산업",KOSDAQ,2115.0,0.24,"건축자재",0.28,0.185366335,76856407605.0,2150.0,-1.16279069767442,,79.2022792022792,7.76255707762557,2.6,56.9058421582243,0,2,0,77,"없음",47,-43.5590969455511,10,20260703,9.03614457831326,20.5349778154852,0,0,,,,,0,,,0,0,2009.6633604909,2009.6633604909
20261006,225570,"넥슨게임즈",KOSDAQ,10930.0,0.74,"게임엔터테인먼트",7.66,14.48164724,719851701820.0,12000.0,-8.75,,16.6051660516605,13.5912698412698,6.6,42.6694047329181,1,1,0,55,"없음",34,-5.44041450777202,65,20260825,15.3928955866523,5.04836019934125,0,0,,,,,1,10830.0,"지지 재탈환",0,0,11037.9085734012,11037.9085734012
20261006,225590,"패션플랫폼",KOSDAQ,2935.0,3.53,"섬유,의류,신발,호화품",1.24,0.8611436475,15031238560.0,3400.0,-13.6764705882353,,45.3424657534247,24.6376811594203,10.0,96.3942769392247,0,3,0,81,"없음",34,-33.2954545454545,20,,,,0,0,,,,,0,,,0,0,3084.00622662063,3144.00622662063
20261006,226320,"잇츠한불",KOSPI,11290.0,5.61,"화장품",5.39,2.290152095,247581966350.0,11500.0,-2.52173913043478,,35.8447488584475,12.2036874451273,6.2,133.573855408566,2,2,0,77,"없음",51,12.1,84,20260708,13.5190918472652,7.76816882564009,1,0,,,,,1,11090.0,"저항→지지",0,0,10639.47986822,11109.47986822
20261006,226330,"신테카바이오",KOSDAQ,1297.0,2.45,"건강관리업체및서비스",0.91,2.2081611295,31463242075.0,1448.0,-10.4281767955801,,57.0098576122672,27.8383579217447,4.8,19.1712139251475,0,2,0,78,"없음",45,-60.7564296520424,3,20260827,13.121434392828,3.0027538110249,1,0,,,,,1,1155.0,"지지 재탈환",0,0,1230.34611171597,1700.34611171597
20261006,226400,"오스테오닉",KOSDAQ,4195.0,0.72,"건강관리장비와용품",4.28,4.2437760475,86675416195.0,4330.0,-3.00230946882217,,33.0218068535826,27.8625954198473,8.0,95.0479204875427,0,2,0,66,"없음",30,-32.8,21,,,,0,0,,,,,0,,,0,0,3978.28237849602,4828.28237849602
20261006,226590,"엠디바이스",KOSDAQ,15060.0,0.13,"반도체와반도체장비",6.62,10.606773865,161394767040.0,15880.0,-5.22670025188917,,35.9081419624217,38.6206896551724,9.4,78.4110806201491,2,1,0,65,"없음",37,-35.4077253218884,18,,,,0,0,,,,,1,13430.0,"저항→지지",0,0,14064.9753221904,14064.9753221904
20261006,226950,"올릭스",KOSDAQ,123400.0,5.65,"생명과학도구및서비스",334.47,252.50339825,2807416512600.0,117900.0,4.58015267175572,4.58015267175572,58.1751824817518,35.5021216407355,7.2,106.77989826659,1,2,0,59,"관망",44,-33.387358184765,20,,,,0,0,20261006,117900.0,123300.0,106.413342800421,1,109300.0,"저항→지지",1,0,100607.919134978,123207.919134978
20261006,227610,"아우딘퓨쳐스",KOSDAQ,1084.0,8.18,"화장품",0.43,0.3225887625,21002034964.0,1176.0,-9.94897959183673,,42.4528301886792,44.3563148261135,10.4,81.6852918084762,0,2,0,66,"없음",40,-32.9746835443038,21,20260807,8.51851851851853,3.10839683058612,0,0,,,,,1,1024.0,"지지 재탈환",0,0,1134.14964879781,1423.14964879781
20261006,227840,"현대코퍼레이션홀딩스",KOSPI,12630.0,-0.94,"식품과기본식료품소매",1.12,0.977046745,114943558680.0,13270.0,-3.31574981160512,,21.482602118003,11.021897810219,6.4,68.6941586558017,4,3,1,93,"없음",65,7.36401673640167,80,,,,0,0,,,,,0,,,0,0,12665.1083720277,12975.1083720277
20261006,227950,"엔투텍",KOSDAQ,1329.0,-0.23,"반도체와반도체장비",2.34,1.281975772,45861409761.0,1375.0,-4.29090909090909,,52.0703554415537,40.9137577002053,5.8,71.468178807343,0,2,0,62,"없음",47,-37.9245283018868,15,20260820,29.9797434166104,15.3879255198959,0,0,,,,,1,1228.0,"지지 재탈환",0,0,1285.70762457574,1743.70762457574
20261006,228340,"동양파일",KOSDAQ,3210.0,-4.75,"건축자재",9.62,82.8926306825,64200000000.0,4935.0,-34.6504559270517,,65.4475651646797,31.8407960199005,7.0,18.6765511156044,4,1,0,50,"관망",50,58.8669950738916,95,20260916,9.57142857142856,2.79321807044893,0,0,,,,,0,,,0,0,4080.74453837314,4080.74453837314
20261006,228670,"레이",KOSDAQ,4345.0,0.35,"건강관리장비와용품",1.86,1.55762703,67955891245.0,4695.0,-9.05218317358893,,72.2623828647925,43.800539083558,7.2,32.5327752986502,0,3,0,86,"없음",48,-14.9402390438247,50,20260803,24.750499001996,11.9260256224345,0,0,,,,,0,,,0,0,4282.22130736139,6832.22130736139
20261006,228760,"지노믹트리",KOSDAQ,12200.0,0.0,"건강관리장비와용품",8.07,11.608396945,303282264400.0,12790.0,-4.69116497263487,,28.8787483702738,19.8547215496368,12.2,64.8172977373172,0,1,0,34,"없음",31,-29.1279069767442,25,20260918,14.0609636184857,7.19792948051109,0,0,,,,,1,10340.0,"지지 재탈환",0,0,11304.3576895841,13514.3576895841
20261006,228850,"레이언스",KOSDAQ,8290.0,-3.72,"건강관리장비와용품",5.66,5.97171707,137539506060.0,8750.0,-4.57142857142857,,0.0,16.0179640718563,7.2,97.9208355424812,5,3,0,73,"없음",63,37.3355263157895,92,20260918,13.9154160982265,6.70089832358341,0,0,,,,,1,7350.0,"저항→지지",0,0,7830.40674993124,7830.40674993124
20261006,229640,"LS에코에너지",KOSPI,67400.0,1.51,"전기장비",97.06,148.37072325,2064116844600.0,67800.0,0.737463126843658,0.737463126843658,17.2478206724782,18.7624750499002,6.8,99.9964103120184,3,2,0,63,"수축중",55,69.9004975124378,96,20260918,11.873840445269,6.84839747855395,0,0,20261006,67800.0,68300.0,100.237278423825,1,63000.0,"저항→지지",1,1,59708.1720628989,59708.1720628989
20261006,230240,"에치에프알",KOSDAQ,14420.0,0.42,"통신장비",20.46,25.52528658,191915780000.0,14500.0,-0.137931034482759,,58.7986463620981,20.0143472022955,4.8,80.591601258423,1,3,0,80,"없음",43,-47.536231884058,8,20260916,8.13148788927336,3.84199899672198,0,0,,,,,1,12750.0,"저항→지지",0,0,12988.1908594358,15978.1908594358
20261006,232140,"와이씨",KOSDAQ,18080.0,7.05,"반도체와반도체장비",596.9,391.52530144,1483379928000.0,15550.0,17.1061093247588,3.21543408360129,10.1873536299766,29.1327913279133,5.0,176.00207291642,2,2,0,69,"관망",34,8.3283759666865,81,20260921,19.4816053511706,4.97948927311161,0,0,20261001,15550.0,16050.0,254.082715076063,1,15550.0,"저항→지지",1,1,15192.3140419299,15192.3140419299
20261006,232680,"라온로보틱스",KOSDAQ,11180.0,2.57,"반도체와반도체장비",10.88,10.67730916,148218850000.0,10880.0,3.125,1.10294117647059,52.4162371134021,21.4417744916821,6.4,49.4707285275382,1,3,0,89,"없음",50,-16.6419019316493,47,20260810,12.9488574537541,3.04071165000113,0,0,20261001,10880.0,11000.0,133.789758936241,1,10880.0,"저항→지지",0,0,10058.3019311794,10508.3019311794
20261006,232830,"아이티센피엔에스",KOSDAQ,3300.0,10.18,"IT서비스",18.18,35.8440849915,54561295800.0,3570.0,-7.56302521008403,,0.0,35.2572145545797,2.0,120.012426559479,3,2,0,42,"수축중",47,31.2127236580517,91,20260916,29.8507462686567,14.6698539371294,0,0,,,,,1,1996.0,"저항→지지",0,0,3367.94103009884,3367.94103009884
20261006,234030,"싸이닉솔루션",KOSDAQ,3930.0,3.56,"반도체와반도체장비",18.44,18.3486713825,92767650000.0,4095.0,-4.3956043956044,,13.6663524976437,40.365296803653,9.8,208.589369999473,0,2,0,66,"없음",35,-36.6504854368932,17,20260929,14.2857142857143,32.7894160814125,0,0,,,,,1,3650.0,"저항→지지",0,0,3575.06511144112,3575.06511144112
20261006,234080,"JW생명과학",KOSPI,10960.0,-0.63,"제약",2.0,1.080008035,173546711840.0,11330.0,-2.9126213592233,,31.1154598825832,9.88372093023256,7.0,108.934288334618,0,3,0,94,"없음",40,-12.4203821656051,54,,,,0,0,,,,,0,,,0,0,11138.3176912544,11568.3176912544
20261006,234100,"폴라리스세원",KOSDAQ,2570.0,1.38,"자동차부품",0.26,0.240440045,37526204520.0,2795.0,-5.00894454382826,,26.6982622432859,16.0744500846024,6.8,71.3857770235406,0,1,0,72,"없음",27,-47.2691161866931,8,,,,0,0,,,,,0,,,0,0,2589.4486870473,2644.4486870473
20261006,234300,"에스트래픽",KOSDAQ,3140.0,-3.38,"IT서비스",1.83,5.42898651,85432429200.0,3300.0,-4.54545454545455,,7.82312925170068,19.4675540765391,10.8,43.8083606412528,1,1,0,43,"없음",36,-2.92758089368259,70,20260807,13.7291280148423,9.95173070816132,0,0,,,,,1,2760.0,"저항→지지",0,0,3124.07791886859,3124.07791886859
20261006,234340,"헥토파이낸셜",KOSDAQ,23600.0,-0.63,"IT서비스",65.45,144.878783495,329707481600.0,26800.0,-11.7537313432836,,35.63769751693,28.8866599799398,9.8,46.0507018912007,2,1,0,47,"관망",41,0.638297872340425,74,20260904,13.4831460674157,3.61930387269914,0,0,,,,,1,23000.0,"저항→지지",0,0,23317.5807939482,23317.5807939482
20261006,234690,"녹십자웰빙",KOSDAQ,10640.0,-3.01,"제약",24.5,41.768337795,191129405600.0,11990.0,-10.9257714762302,,16.1670235546038,23.1300345224396,11.2,53.3264968181854,3,1,0,36,"관망",44,-17.016317016317,46,20260903,16.4680390032503,115.991982624993,0,0,,,,,1,9720.0,"저항→지지",0,0,10804.9022201309,10804.9022201309
20261006,235980,"메드팩토",KOSDAQ,2990.0,0.67,"제약",3.21,3.0647373275,102482611790.0,3050.0,-2.78688524590164,,34.6899224806201,43.5606060606061,9.0,57.2730689420517,0,1,0,58,"없음",35,-47.0535714285714,8,20260728,29.8507462686567,4.2934527267339,0,0,,,,,1,2825.0,"저항→지지",0,0,2729.2247149721,3509.2247149721
20261006,236200,"슈프리마",KOSDAQ,60200.0,9.85,"전자장비와기기",38.61,13.9379162,419853522200.0,58000.0,3.62068965517241,3.62068965517241,30.2681992337165,24.9230769230769,7.4,242.845049778318,5,2,0,52,"없음",66,31.3661202185792,91,20261006,8.09352517985611,2.78631624919288,0,0,20261006,58000.0,60100.0,252.162119024151,1,53300.0,"저항→지지",1,0,53494.4177319508,59694.4177319508
20261006,236810,"엔비티",KOSDAQ,1588.0,0.32,"광고",0.2,0.4996684275,26956976488.0,1799.0,-11.7287381878822,,5.24383848977451,19.9486301369863,10.4,21.0500768546234,0,2,0,68,"없음",45,-11.7777777777778,55,20260803,12.5509372453138,5.73845727401204,0,0,,,,,0,,,0,0,1670.93915351381,1670.93915351381
20261006,237690,"에스티팜",KOSDAQ,97000.0,3.97,"제약",144.73,90.9558547,2025033886000.0,94700.0,2.42872228088701,2.42872228088701,70.6225680933852,37.8877400295421,11.2,98.1138119963485,0,1,0,49,"관망",37,-32.9183955739972,21,20260820,11.6817724068479,10.3927208074047,1,0,20261006,94700.0,97000.0,99.3755291700477,1,94700.0,"저항→지지",0,0,92130.1542747534,124830.154274753
20261006,237750,"피앤씨테크",KOSDAQ,3535.0,3.51,"전기장비",0.26,0.1957290925,22965481000.0,4150.0,-17.3493975903614,,12.1521138729552,22.4539877300613,8.4,108.195018783012,0,1,0,63,"없음",26,-24.1150442477876,33,20260710,13.8576779026217,2.96699998420296,0,0,,,,,0,,,0,0,3849.84935974118,4226.84935974118
20261006,237820,"플레이디",KOSDAQ,2335.0,-2.1,"광고",0.51,0.52471798,29951371900.0,2420.0,-4.75206611570248,,47.6894639556377,25.7894736842105,6.0,28.6160549244048,0,2,0,85,"없음",43,-50.8004268943437,6,,,,0,0,,,,,1,2295.0,"저항→지지",0,0,2215.0136224555,2705.0136224555
20261006,237880,"클리오",KOSDAQ,11980.0,0.0,"화장품",7.37,6.797499525,216494808940.0,12820.0,-6.39625585023401,,57.6214405360134,24.8238057948316,11.8,52.4800503227836,1,3,0,92,"없음",55,3.00429184549356,77,20260814,23.7391304347826,24.5482096675878,0,0,,,,,0,,,0,0,11932.6924887725,13842.6924887725
20261006,238090,"앤디포스",KOSDAQ,1784.0,-0.28,"핸드셋",0.45,0.496074482,54394944960.0,2535.0,-29.585798816568,,11.8224299065421,23.4246575342466,7.0,110.382933652459,1,2,0,82,"없음",40,-41.1861614497529,12,20260916,8.08743169398907,15.2721525239553,0,0,,,,,0,,,0,0,2155.99788282933,2155.99788282933
20261006,238120,"얼라인드",KOSDAQ,2695.0,0.0,"생명과학도구및서비스",0.86,0.55007587,38318248430.0,3125.0,-13.76,,41.6347381864623,19.4864048338369,7.0,121.683472403817,0,2,0,76,"없음",28,-35.3717026378897,18,,,,0,0,,,,,0,,,0,0,2794.78475468391,3009.78475468391
20261006,238200,"비피도",KOSDAQ,2940.0,12.21,"건강관리업체및서비스",0.15,0.11822625,24049200000.0,3480.0,-19.5402298850575,,0.0,14.4557823129252,5.0,68.9104889017844,1,1,0,50,"없음",35,-2.77777777777778,70,20260709,10.3896103896104,3.25494812102189,0,0,,,,,0,,,0,0,2926.84393690149,2926.84393690149
20261006,238490,"힘스",KOSDAQ,2365.0,0.64,"디스플레이장비및부품",0.18,0.37034825,26753438140.0,2520.0,-6.94444444444444,,0.0,22.5454545454545,4.0,31.7071186051261,0,2,0,66,"없음",47,-23.4910277324633,34,20260903,8.36909871244636,25.9674972357222,0,0,,,,,1,2300.0,"저항→지지",0,0,2401.72832167743,2401.72832167743
20261006,239610,"에이치엘사이언스",KOSDAQ,5200.0,-0.19,"건강관리업체및서비스",0.07,0.049644225,28038998000.0,6860.0,-24.198250728863,,0.439560439560445,46.8950749464668,20.6,89.2521608417888,0,1,0,52,"없음",22,-30.3882195448461,24,,,,0,0,,,,,0,,,0,0,6377.71996953691,6377.71996953691
20261006,239890,"피엔에이치테크",KOSDAQ,3810.0,2.97,"디스플레이장비및부품",0.82,0.7259581675,37855226550.0,3720.0,2.55376344086022,2.55376344086022,15.7601115760111,22.5174825174825,9.4,131.033254758976,0,1,0,67,"없음",29,-19.2592592592593,42,,,,0,0,20261006,3720.0,3815.0,132.56425704009,1,3585.0,"저항→지지",1,1,3311.48302005058,3311.48302005058
20261006,240550,"동방메디컬",KOSDAQ,6420.0,1.1,"건강관리장비와용품",8.82,29.289173905,134395894800.0,7340.0,-11.716621253406,,18.1434599156118,22.0,6.6,55.3483961338086,0,2,0,52,"없음",28,3.02066772655008,77,,,,1,0,,,,,1,6320.0,"저항→지지",0,0,6653.99662984772,6653.99662984772
20261006,240600,"유진테크놀로지",KOSDAQ,880.0,2.33,"전기제품",0.94,0.874927102,7303480800.0,1924.0,-54.2619542619543,,30.3386127799017,63.7516397026672,9.8,134.876773049876,0,1,0,37,"없음",26,-67.3105497771174,2,20260723,14.6031746031746,3.39969602403405,0,0,,,,,0,,,0,0,1553.70199883175,2204.70199883175
20261006,240810,"원익IPS",KOSDAQ,141600.0,2.46,"반도체와반도체장비",1626.92,1466.8690957,6950280381600.0,144100.0,-1.31852879944483,,57.9632721202003,18.9558232931727,6.6,114.024590403488,4,2,0,57,"수축중",59,31.5448658649399,91,20260612,30.0,3.79944614806065,0,0,,,,,1,127900.0,"저항→지지",0,0,126475.565225932,128675.565225932
20261006,241520,"DSC인베스트먼트",KOSDAQ,8500.0,0.24,"창업투자",8.17,8.704620595,226100000000.0,8450.0,0.946745562130178,1.18343195266272,58.3650190114069,25.7281553398058,9.4,67.3019475208922,2,1,0,87,"없음",43,-34.535686876439,19,20260529,9.38712179984485,7.12537205131886,0,0,20261002,8450.0,8550.0,78.270799839761,1,8450.0,"저항→지지",0,0,7877.27007876485,8307.27007876485
20261006,241560,"두산밥캣",KOSPI,55200.0,0.0,"기계",80.66,88.3426006,5291254788000.0,65400.0,-15.1376146788991,,53.1034482758621,22.0779220779221,9.8,94.5514669078206,2,1,0,54,"없음",35,-2.46045694200351,71,,,,0,0,,,,,0,,,0,0,60969.5545260181,64869.5545260181
20261006,241590,"화승엔터프라이즈",KOSPI,2640.0,-2.94,"섬유,의류,신발,호화품",1.52,1.082289305,159955688640.0,2910.0,-8.07560137457045,,38.5304659498208,21.0526315789474,7.0,146.264258162872,0,3,0,79,"없음",31,-40.5555555555556,13,,,,0,0,,,,,0,,,0,0,2734.01684270689,3194.01684270689
20261006,241690,"유니테크노",KOSDAQ,2630.0,-0.19,"자동차부품",0.58,0.648701865,64357956780.0,2840.0,-7.92253521126761,,11.685393258427,16.3763066202091,6.6,65.6005510787516,0,3,0,86,"없음",42,-24.9641319942611,31,,,,0,0,,,,,1,2590.0,"저항→지지",0,0,2576.66667193216,2606.66667193216
20261006,241710,"코스메카코리아",KOSDAQ,109700.0,-0.27,"화장품",333.27,158.7770167,1171596000000.0,131900.0,-16.7551175132676,,33.4799340296866,18.7777777777778,9.0,201.497452086471,4,1,0,47,"관망",50,37.7666248431619,93,20260812,12.7970749542962,5.58175294123586,0,0,,,,,0,,,0,0,123659.920032735,137359.920032735
20261006,241770,"메카로",KOSDAQ,40850.0,-0.12,"반도체와반도체장비",5.52,7.902321925,416369344000.0,43200.0,-5.55555555555556,,45.9386281588448,39.6808510638298,12.8,77.2908259076826,5,2,0,69,"없음",62,11.1716621253406,83,20260908,12.4833997343957,7.59231351732308,0,0,,,,,1,39050.0,"저항→지지",0,0,38719.7296249738,38719.7296249738
20261006,241790,"티이엠씨씨엔에스",KOSDAQ,6490.0,0.0,"반도체와반도체장비",1.75,5.29101383,64917094660.0,7400.0,-11.6216216216216,,38.2827630729503,42.4785100286533,13.2,47.2487233047046,0,2,0,65,"없음",32,-13.1474103585657,53,20260626,30.0,70.7157784431734,0,0,,,,,1,6480.0,"저항→지지",0,0,6781.70334620572,6781.70334620572
20261006,241840,"에이스토리",KOSDAQ,2185.0,-0.91,"방송과엔터테인먼트",0.18,0.27090634,20844886890.0,2930.0,-25.7679180887372,,16.0392798690671,58.4699453551913,19.0,42.0072342324629,0,2,0,52,"없음",30,-59.1165413533835,4,,,,0,0,,,,,0,,,0,0,2652.23111563081,2652.23111563081
20261006,242040,"나무AX",KOSDAQ,3270.0,-0.91,"IT서비스",8.27,8.7589334125,113162483280.0,3790.0,-13.5883905013193,,59.2307692307692,36.7741935483871,11.2,90.5501443328376,2,2,0,55,"없음",40,-45.8677685950413,9,20260928,8.86699507389162,6.78132988727817,0,0,,,,,1,3240.0,"저항→지지",0,0,3332.65643042443,3832.65643042443
20261006,243070,"휴온스",KOSDAQ,19470.0,-0.05,"제약",2.97,4.820270265,233244077550.0,28100.0,-30.8896797153025,,79.4059405940594,36.8067226890756,12.2,49.1872392782327,0,1,0,33,"없음",22,-23.3925049309665,34,,,,0,0,,,,,0,,,0,0,19948.0612428951,26698.0612428951
20261006,243840,"신흥에스이씨",KOSDAQ,6180.0,5.64,"전기제품",24.17,8.439894115,238289892300.0,6440.0,-2.63975155279503,,32.2341302555647,30.52738336714,11.2,204.273425674467,2,2,0,62,"없음",50,-11.063829787234,57,20260827,17.5675675675676,6.5069023750571,0,0,,,,,1,5770.0,"저항→지지",1,0,5426.14539942886,5776.14539942886
20261006,244920,"에이플러스에셋",KOSPI,12610.0,3.36,"손해보험",4.1,3.77480059,285083008730.0,13490.0,-6.37509266123054,,0.665883274578937,16.4210526315789,7.4,89.3273868174039,4,1,0,68,"없음",47,20.2857142857143,88,,,,0,0,,,,,1,12340.0,"지지 재탈환",0,0,12934.0697874283,12934.0697874283
20261006,246690,"TS인베스트먼트",KOSDAQ,2185.0,-1.13,"창업투자",1.4,1.4625637275,51955310190.0,2270.0,-5.06607929515418,,33.9991315675206,24.021040327294,12.0,65.1968341743113,0,3,0,86,"없음",49,-34.1984732824427,19,20260831,9.19811320754718,3.04272886211978,0,0,,,,,1,2020.0,"저항→지지",0,0,2060.33435145583,2150.33435145583
20261006,246710,"티앤알바이오팹",KOSDAQ,2335.0,0.65,"생물공학",3.16,2.57442124,111296616840.0,2795.0,-19.4991055456172,,33.8177014531044,35.9877488514548,8.4,59.9014146788911,1,2,0,57,"없음",41,-16.6666666666667,47,,,,0,0,,,,,1,2210.0,"지지 재탈환",0,0,2456.32708626407,2926.32708626407
20261006,246960,"SCL사이언스",KOSDAQ,2825.0,7.82,"건강관리업체및서비스",4.55,3.80583415,96098157775.0,3015.0,-6.13598673300166,,0.0,28.622816032888,11.8,130.221163695372,3,1,0,46,"없음",46,34.4418052256532,92,20260923,13.2924335378323,5.4088468810788,1,0,,,,,1,2380.0,"저항→지지",0,0,2574.89363099169,2574.89363099169
20261006,247540,"에코프로비엠",KOSDAQ,129400.0,11.84,"전기제품",984.44,408.40715085,12659258159600.0,113500.0,14.273127753304,1.85022026431718,53.4610412504407,25.4221871353058,9.8,198.543857114686,0,2,0,71,"관망",32,-31.4387812278643,23,,,,0,0,20261002,113500.0,115600.0,84.7149365779912,1,108600.0,"저항→지지",1,1,104688.115225584,108036.115225584
20261006,247660,"나노씨엠에스",KOSDAQ,3825.0,-7.27,"화학",23.8,2.7414175225,20008269000.0,4340.0,-11.8663594470046,,26.5465935787001,42.4203821656051,9.2,945.645866669346,0,1,0,52,"없음",29,-22.2560975609756,36,20260728,29.9668874172185,9.18509846784641,0,0,,,,,1,3670.0,"저항→지지",0,0,3779.67261491152,3779.67261491152
20261006,248070,"솔루엠",KOSPI,16810.0,0.66,"전자장비와기기",47.31,28.9181659,803790927160.0,13340.0,25.7871064467766,15.2923538230885,21.68,21.7669654289373,7.4,202.871687562351,2,3,0,87,"없음",45,2.31707317073171,76,20261002,8.64759427828348,9.72592929738381,0,0,20261001,13340.0,15380.0,832.7504074719,1,13340.0,"저항→지지",0,0,15897.8131079476,15897.8131079476
20261006,248170,"샘표식품",KOSPI,21900.0,0.0,"식품",2.12,65.69798335,100008452400.0,36200.0,-39.2265193370166,,63.5231316725979,23.4545454545455,10.6,10.8574632381247,0,3,0,94,"없음",45,-20.2898550724638,40,20260910,29.9568965517241,245.060406876872,0,0,,,,,0,,,0,0,34033.290508284,34033.290508284
20261006,249420,"일동제약",KOSPI,14720.0,1.45,"제약",18.96,36.95370627,465715069440.0,18000.0,-17.4444444444444,,61.9710144927536,17.0292106898695,7.4,45.4585912443676,0,1,0,52,"없음",30,-47.0231729055258,8,20260902,13.7241379310345,14.3772152963778,0,0,,,,,1,14700.0,"지지 재탈환",0,0,14735.4850527574,16555.4850527574
20261006,250000,"보라티알",KOSDAQ,5400.0,-2.0,"식품과기본식료품소매",0.27,0.134913855,36453958200.0,5990.0,-8.18030050083473,,0.0,39.8541919805589,18.0,111.032123339406,0,1,0,57,"없음",25,-28.9405684754522,26,,,,0,0,,,,,0,,,0,0,6004.80787215783,6004.80787215783
20261006,250060,"모비스",KOSDAQ,3225.0,2.71,"소프트웨어",7.19,5.96859476,103752487650.0,3380.0,-5.32544378698225,,38.9110225763612,24.0641711229947,11.2,128.454971493617,1,1,0,66,"없음",32,-24.7058823529412,32,,,,1,0,,,,,1,3115.0,"저항→지지",0,0,3023.60745584338,3023.60745584338
20261006,250930,"예선테크",KOSDAQ,687.0,29.87,"디스플레이장비및부품",1.04,0.6210105365,4534260456.0,1931.0,-64.4225789746245,,34.3306600863664,78.1683168316832,9.8,321.501510760836,0,2,0,54,"없음",25,-66.6504854368932,2,,,,0,0,,,,,0,,,0,0,1587.14103539679,1708.14103539679
20261006,251120,"바이오에프디엔씨",KOSDAQ,10000.0,1.73,"생물공학",2.8,1.48221233,86957000000.0,10680.0,-6.46067415730337,,23.9678899082569,31.1207834602829,12.0,178.605652662138,0,3,0,77,"없음",34,-27.7134587554269,27,,,,0,0,,,,,1,9380.0,"저항→지지",0,0,9744.63511065256,9744.63511065256
20261006,251270,"넷마블",KOSPI,34400.0,-2.69,"게임엔터테인먼트",67.28,237.789346275,2860649820000.0,35650.0,-3.64656381486676,,48.1765834932822,25.3863134657837,16.8,54.8148495986342,0,2,0,71,"관망",45,-30.1829268292683,24,,,,0,0,,,,,0,,,0,0,35758.4262699492,38808.4262699492
20261006,251370,"와이엠티",KOSDAQ,9580.0,2.46,"화학",20.21,9.654258355,172566580540.0,7670.0,26.2059973924381,3.91134289439374,53.0934343434343,21.0836277974087,5.0,207.980278887605,1,2,0,78,"없음",35,-37.8690629011553,15,20260929,9.03387703889587,3.62103801996847,0,0,20260928,7670.0,7970.0,136.937309391722,1,7670.0,"저항→지지",1,0,8351.13727294007,8901.13727294007
20261006,251630,"브이원텍",KOSDAQ,3875.0,3.06,"기계",0.6,0.47414819,61778683250.0,3990.0,-3.1328320802005,,14.6887966804979,18.8556566970091,9.2,85.188358002585,0,1,0,48,"없음",31,-25.5298651252408,30,20260624,30.0,5.77103373747501,0,0,,,,,1,3600.0,"저항→지지",0,0,3577.69884172577,3577.69884172577
20261006,251970,"펌텍코리아",KOSDAQ,62900.0,3.97,"포장재",95.47,58.22451285,779960000000.0,65500.0,-2.90076335877863,,20.2255109231854,24.4360902255639,5.4,152.709950763865,4,2,0,64,"수축중",60,36.6272824919441,92,20260914,10.2272727272727,2.52725373362501,1,0,,,,,1,55600.0,"지지 재탈환",0,0,57891.3979045626,58891.3979045626
20261006,252500,"세화피앤씨",KOSDAQ,2285.0,2.01,"화장품",0.12,1.08931528,18959280230.0,2465.0,-6.49087221095335,,47.196261682243,23.4657039711191,10.4,15.2088220495274,0,1,0,50,"없음",31,-42.0125786163522,12,,,,1,0,,,,,0,,,0,0,2527.9250984339,2977.9250984339
20261006,252990,"샘씨엔에스",KOSDAQ,19590.0,-1.01,"반도체와반도체장비",134.61,138.138940725,1179668445510.0,20750.0,-4.43373493975904,,28.5315243415802,26.3480392156863,6.6,105.440141516454,5,2,0,67,"수축중",64,126.369863013699,98,20260911,13.1182795698925,4.00149890868,0,0,,,,,1,17250.0,"저항→지지",0,0,18184.4394367938,18184.4394367938
20261006,253450,"스튜디오드래곤",KOSDAQ,20550.0,0.74,"방송과엔터테인먼트",9.45,8.723259025,617702133900.0,22200.0,-7.43243243243243,,51.8518518518518,22.4371373307544,7.6,71.9801062868235,0,3,0,88,"없음",36,-42.9166666666667,11,,,,0,0,,,,,0,,,0,0,20621.6575233875,24071.6575233875
20261006,253590,"네오셈",KOSDAQ,16240.0,4.24,"반도체와반도체장비",267.88,122.628015875,712435223360.0,14730.0,10.3869653767821,5.77053632043449,15.4266211604095,25.4615384615385,6.6,274.854865687849,4,1,0,68,"돌파완료",61,11.2175102599179,83,20261001,8.74439461883407,2.60240191166972,0,0,20261002,14730.0,15580.0,445.149014654253,1,12190.0,"저항→지지",1,1,14265.0352983079,14265.0352983079
20261006,253840,"수젠텍",KOSDAQ,4595.0,-0.11,"건강관리장비와용품",5.07,8.15143435,76935004000.0,4810.0,-2.07900207900208,,51.2918660287081,19.4117647058824,5.6,41.2621196591939,0,2,0,78,"없음",47,2.05850487540628,76,20260824,23.0573248407643,38.1058993769192,1,0,,,,,1,4470.0,"지지 재탈환",0,0,4347.44526793373,4637.44526793373
20261006,254490,"미래반도체",KOSDAQ,19050.0,1.55,"반도체와반도체장비",20.69,15.061253965,275043900000.0,15860.0,20.1134930643127,3.40479192938209,57.0736769283985,29.0,6.8,120.644622104884,2,1,0,74,"없음",36,20.8756345177665,88,20260731,19.5292066259808,2.52912220488633,0,0,20260921,15860.0,16400.0,385.527412700583,1,15790.0,"저항→지지",0,0,17212.4507232113,17932.4507232113
20261006,255220,SG,KOSDAQ,1100.0,-1.87,"건축자재",17.92,23.2958594975,165619632200.0,1315.0,-16.5019011406844,,52.1983161833489,28.5129604365621,5.2,105.4896918932,0,2,0,55,"없음",25,-54.9446040213377,4,,,,0,0,,,,,0,,,0,0,1140.91958694741,1415.91958694741
20261006,255440,"야스",KOSDAQ,8600.0,0.35,"디스플레이장비및부품",5.82,5.54791526,112298800000.0,8660.0,-1.15473441108545,,51.7668488160291,52.2875816993464,9.4,14.7644648559204,0,1,0,57,"없음",35,-16.8124392614189,46,20260803,9.66542750929369,3.64862789884789,0,0,,,,,1,7320.0,"저항→지지",0,0,7909.74738615768,7909.74738615768
20261006,256150,"한독크린텍",KOSDAQ,5150.0,2.59,"가정용기기와용품",0.14,0.19625846,43234250000.0,5300.0,-4.71698113207547,,0.0,13.469387755102,14.6,69.3501844981349,2,1,0,46,"없음",37,-2.69749518304432,70,,,,1,0,,,,,1,4905.0,"저항→지지",0,0,5231.63234406957,5231.63234406957
20261006,256630,"포인트엔지니어링",KOSDAQ,4355.0,0.11,"디스플레이장비및부품",0.09,0.0957492675,50515447970.0,4660.0,-7.93991416309013,,0.0,16.219119226638,11.2,107.956288228254,0,2,0,78,"없음",37,-14.4395692062226,51,20260710,10.0719424460432,5.02075977507519,0,0,,,,,0,,,0,0,4337.36250467681,4337.36250467681
20261006,256840,"한국비엔씨",KOSDAQ,3185.0,0.95,"건강관리장비와용품",53.97,149.62222492,217837711910.0,3680.0,-13.179347826087,,1.50187734668335,20.0,4.2,75.2450652774917,0,2,0,58,"관망",32,-13.0612244897959,53,20260928,29.2452830188679,7.91858158415329,0,0,,,,,1,2985.0,"저항→지지",0,0,3216.0348685247,3216.0348685247
20261006,256940,"킵스파마",KOSDAQ,7360.0,5.6,"비철금속",7.97,3.221844555,147775161920.0,6540.0,12.2324159021407,4.43425076452599,0.668896321070242,17.0579029733959,7.2,235.040105032105,0,1,0,65,"없음",26,-3.80078636959371,68,20261001,12.1510673234811,5.09053597125851,0,0,20261001,6540.0,6830.0,424.121664245275,1,6300.0,"저항→지지",0,0,6635.28582866883,6635.28582866883
20261006,257370,"피엔티엠에스",KOSDAQ,2095.0,10.91,"전기제품",0.27,0.3040390045,26197683795.0,2315.0,-14.1252699784017,,24.9216678717763,23.9545454545455,6.4,90.7447301842601,0,1,0,45,"없음",22,-43.3618233618234,11,,,,1,0,,,,,0,,,0,0,1899.03208878049,1914.03208878049
20261006,257720,"실리콘투",KOSDAQ,36550.0,-1.48,"인터넷과카탈로그소매",197.38,318.090443375,2396812010600.0,55900.0,-34.4364937388193,,57.04,19.5302843016069,11.2,44.5535084599804,1,1,0,49,"관망",40,-3.93184796854522,68,20260812,12.9837702871411,9.48042383535328,0,0,,,,,0,,,0,0,47562.392451934,50962.392451934
20261006,258610,"케일럼",KOSDAQ,1255.0,4.67,"핸드셋",0.4,0.2688906765,45788754065.0,1370.0,-10.2919708029197,,0.0,11.0043668122271,7.4,117.961662286965,0,1,0,47,"없음",25,-16.7907921462424,46,,,,1,0,,,,,1,1222.0,"저항→지지",0,0,1358.68402602007,1358.68402602007
20261006,258790,"소프트캠프",KOSDAQ,7580.0,3.13,"소프트웨어",11.41,3.499744275,37886780480.0,8070.0,-7.0631970260223,,0.0,37.8,15.8,384.924185309609,2,1,0,49,"없음",39,8.06916426512968,80,20260918,9.66183574879227,2.72364181744585,0,0,,,,,1,5700.0,"저항→지지",0,0,7006.91922398201,7006.91922398201
20261006,259630,"엠플러스",KOSDAQ,10480.0,5.43,"전기제품",24.75,8.023710425,128090710080.0,9680.0,8.16115702479339,2.99586776859504,36.7195767195767,16.0952380952381,7.2,306.733747092698,0,1,0,81,"없음",25,-18.5214007782101,43,,,,0,0,20261001,9680.0,9970.0,211.383811012965,1,9680.0,"저항→지지",1,0,9336.89542506734,9566.89542506734
20261006,259960,"크래프톤",KOSPI,199700.0,0.3,"게임엔터테인먼트",146.38,150.3181465,9169462743600.0,232500.0,-14.1505376344086,,62.1870571563533,26.6792452830189,8.8,79.0429823531004,0,2,0,52,"관망",32,-21.7254901960784,37,,,,0,0,,,,,0,,,0,0,210759.528321716,249759.528321716
20261006,260660,"알리코제약",KOSDAQ,2265.0,0.22,"제약",0.11,2.088168635,34715702565.0,3200.0,-29.84375,,35.8823529411765,20.9558823529412,11.0,8.80321269089982,0,1,0,53,"없음",30,-32.3795180722892,22,20260615,9.86460348162477,23.8885172910349,0,0,,,,,0,,,0,0,2903.64719119107,2903.64719119107
20261006,260930,"씨티케이",KOSDAQ,2320.0,0.87,"화장품",0.81,0.595276855,44872491120.0,2685.0,-13.5940409683426,,37.5722543352601,26.5442404006678,10.0,127.806707087117,0,1,0,59,"없음",22,-43.2762836185819,11,,,,0,0,,,,,1,2275.0,"지지 재탈환",0,0,2382.64482679872,2692.64482679872
20261006,260970,"에스앤디",KOSDAQ,60300.0,-1.79,"식품",5.66,7.09923775,174433066200.0,64600.0,-4.79876160990712,,33.2788225674571,19.721767594108,7.2,47.4638824106474,1,2,0,55,"없음",48,16.9201520912548,86,,,,0,0,,,,,1,58500.0,"저항→지지",0,0,58261.6854207577,58261.6854207577
20261006,261200,"덴티스",KOSDAQ,2610.0,0.19,"건강관리장비와용품",0.36,0.3462843325,41263317000.0,2965.0,-10.2866779089376,,25.0,31.1046511627907,7.6,29.7974294281247,0,2,0,71,"없음",45,-32.48730964467,21,20260807,9.62264150943397,30.3597357934385,1,0,,,,,0,,,0,0,2648.44861617398,3108.44861617398
20261006,261780,"아리바이오랩",KOSDAQ,3720.0,9.09,"제약",33.72,47.048565045,107716230720.0,4250.0,-12.5882352941176,,13.239247311828,33.4049409237379,2.0,136.948254572395,3,2,0,44,"수축중",47,4.94350282485876,78,20260908,15.5172413793103,9.15407961526203,0,0,,,,,1,2700.0,"저항→지지",0,0,3913.07186890766,3913.07186890766
20261006,262260,"에이프로",KOSDAQ,4600.0,2.79,"전자장비와기기",1.06,2.19934613,69357236000.0,4825.0,-6.01036269430052,,29.2408622305529,18.5034013605442,7.2,38.0162657830688,0,3,0,80,"없음",45,-7.06967213114754,63,,,,1,0,,,,,1,4530.0,"저항→지지",0,0,4256.82655362425,4256.82655362425
20261006,262840,"아이퀘스트",KOSDAQ,2895.0,1.58,"IT서비스",0.53,0.57044672,29673052305.0,2965.0,-2.36087689713322,,38.5036496350365,15.1960784313725,9.6,124.741826525761,0,3,0,84,"없음",34,-17.4272675413577,45,,,,1,0,,,,,1,2820.0,"저항→지지",0,0,2734.48270475391,2839.48270475391
20261006,263020,"디케이앤디",KOSDAQ,3165.0,-0.78,"섬유,의류,신발,호화품",0.79,0.63994485,43791402090.0,3250.0,-3.07692307692308,,43.3206106870229,13.9280125195618,10.8,55.0450031124626,1,1,0,87,"없음",36,2.27272727272727,76,,,,0,0,,,,,0,,,0,0,3046.1516602303,3096.1516602303
20261006,263600,"덕우전자",KOSDAQ,5360.0,1.32,"핸드셋",200.23,28.75114436,85386461600.0,3720.0,44.0860215053763,18.5483870967742,0.0,14.5896656534954,9.4,1521.71694352337,2,1,0,64,"없음",30,9.61145194274029,82,20261002,17.9138321995465,146.330101459641,0,0,20261001,3720.0,4410.0,2206.73576308684,1,3720.0,"저항→지지",0,0,5000.35944845696,5000.35944845696
20261006,263690,"디알젬",KOSDAQ,5180.0,0.0,"건강관리장비와용품",0.23,0.3942351375,58666659800.0,5210.0,-0.767754318618042,,44.2930153321976,10.9284332688588,10.0,45.1889227188832,1,3,0,89,"없음",41,-3.18352059925094,69,,,,0,0,,,,,1,5080.0,"저항→지지",0,0,4970.12918804194,5050.12918804194
20261006,263700,"케어랩스",KOSDAQ,2225.0,-0.22,"건강관리업체및서비스",0.3,0.584782487,43196595000.0,2520.0,-12.6984126984127,,32.274011299435,48.5148514851485,12.2,58.4184085494704,0,2,0,70,"없음",30,-3.93013100436681,68,20260703,9.06976744186045,2.84662038044896,0,0,,,,,1,2100.0,"저항→지지",0,0,2283.28446636745,2283.28446636745
20261006,263720,"디앤씨미디어",KOSDAQ,7190.0,3.75,"출판",0.48,0.497300265,88045583590.0,8240.0,-16.1407766990291,,5.86080586080587,17.8977272727273,9.4,68.225853264408,0,1,0,47,"없음",22,-39.6506550218341,13,,,,0,0,,,,,0,,,0,0,8368.66980816945,8368.66980816945
20261006,263750,"펄어비스",KOSDAQ,33000.0,-1.2,"게임엔터테인먼트",33.34,95.4844695,2073849030000.0,36700.0,-10.0817438692098,,17.2638436482085,21.6755319148936,7.2,28.1030819675129,0,1,0,66,"관망",31,-52.1739130434783,6,,,,0,0,,,,,1,32500.0,"지지 재탈환",0,0,33221.8742108801,34121.8742108801
20261006,263770,"유에스티",KOSDAQ,1677.0,-1.35,"철강",0.29,0.129614999,39745188444.0,1749.0,-2.91595197255575,,45.1354679802956,15.7366771159875,9.4,255.465307180506,0,1,0,79,"없음",27,-10.6315789473684,58,,,,0,0,,,,,1,1659.0,"저항→지지",0,0,1666.58987167611,1666.58987167611
20261006,263800,"데이타솔루션",KOSDAQ,4810.0,2.23,"IT서비스",6.1,6.401598695,78044077800.0,5100.0,-6.96078431372549,,80.0,52.8064146620848,11.4,26.5081064564477,1,2,0,57,"없음",52,14.1997593261131,85,20260709,29.96632996633,53.0562182000907,0,0,,,,,1,4590.0,"지지 재탈환",0,0,4616.67350697001,6476.67350697001
20261006,263810,"상신전자",KOSDAQ,2595.0,0.39,"전자장비와기기",0.71,0.5976759425,41324920875.0,2650.0,-2.07547169811321,,34.6049046321526,11.9092627599244,9.4,120.61903605466,0,3,0,90,"없음",36,-9.58188153310105,59,,,,1,0,,,,,0,,,0,0,2504.15400843615,2504.15400843615
20261006,263860,"지니언스",KOSDAQ,24400.0,19.61,"소프트웨어",529.12,108.511488215,221542240000.0,20650.0,19.6125907990315,2.90556900726392,0.0,14.7286821705426,9.2,838.952288326903,3,1,0,40,"관망",35,91.0286156225831,97,20261006,16.2352941176471,5.00211837943516,0,0,20261002,20650.0,21250.0,104.725435015216,1,18670.0,"저항→지지",1,1,19069.8219232344,19069.8219232344
20261006,263920,"휴엠앤씨",KOSDAQ,3270.0,2.19,"포장재",0.07,0.0614498575,32075515020.0,3400.0,-4.41176470588235,,38.4304025185518,27.8766310794781,9.0,79.0957540780873,0,1,0,64,"없음",31,-20.7317073170732,39,20260611,9.13884007029877,2.62981412519547,0,0,,,,,1,3190.0,"지지 재탈환",0,0,3172.40713505512,3887.40713505512
20261006,264450,"유비쿼스",KOSDAQ,11800.0,0.17,"통신장비",5.04,8.11611061,173052817400.0,11800.0,-0.0847457627118644,,30.2443991853361,28.5714285714286,15.0,82.0543429784352,2,1,0,62,"없음",41,-18.0681028492008,44,20260814,9.81535471331389,4.35860627007784,0,0,,,,,1,10320.0,"저항→지지",0,0,11181.7336863588,11181.7336863588
20261006,264660,"씨앤지하이테크",KOSDAQ,15050.0,-0.59,"반도체와반도체장비",6.04,4.2484796,146303638600.0,13740.0,10.4075691411936,5.53129548762737,49.0996784565916,14.1104294478528,6.6,139.754100565391,0,3,0,82,"없음",31,-5.12820512820513,66,,,,0,0,20260929,13740.0,14500.0,321.04489040857,1,13740.0,"저항→지지",0,0,13979.2000363113,13979.2000363113
20261006,264850,"이랜시스",KOSDAQ,6030.0,1.69,"전자장비와기기",29.45,31.95403285,182676510360.0,6120.0,-0.816993464052288,,62.9948364888124,27.939142461964,7.2,33.3171467579953,1,3,0,86,"관망",58,9.96376811594203,82,20260805,29.8210735586481,8.10852608685939,0,0,,,,,1,5380.0,"지지 재탈환",0,0,5675.54970990605,6455.54970990605
20261006,264900,"크라운제과",KOSPI,7630.0,0.53,"식품",0.31,0.6292378,95556975500.0,7830.0,-2.42656449553001,,72.4935732647815,13.9931740614334,23.0,49.1987984845669,0,1,0,55,"없음",27,-6.60146699266504,64,,,,0,0,,,,,0,,,0,0,7882.72542770643,8332.72542770643
20261006,265520,"AP시스템",KOSDAQ,20800.0,0.97,"디스플레이장비및부품",6.65,8.185256065,313057076800.0,19990.0,4.30215107553777,2.55127563781891,53.621867881549,15.6603773584906,6.4,62.4531964686618,1,3,0,92,"없음",43,9.67911625460284,82,,,,0,0,20261001,19990.0,20500.0,212.103367580698,1,19990.0,"저항→지지",0,0,19612.4201562949,19612.4201562949
20261006,265560,"영화테크",KOSDAQ,6260.0,-1.42,"자동차부품",1.66,0.695178045,66920526800.0,6540.0,-3.82262996941896,,56.0714285714286,20.844327176781,6.6,257.874236124783,1,2,0,82,"없음",35,-22.5369458128079,36,,,,0,0,,,,,0,,,0,0,6580.51136553833,7200.51136553833
20261006,265740,"엔에프씨",KOSDAQ,7350.0,-0.81,"화장품",14.12,41.16062175,131297460000.0,8370.0,-12.6642771804062,,30.873786407767,28.5202863961814,7.0,40.8852339197675,4,2,0,72,"수축중",50,-6.04113110539846,65,20260918,28.90625,6.44817382710101,0,0,,,,,0,,,0,0,7335.62341084629,7345.62341084629
20261006,267250,"HD현대",KOSPI,195500.0,-2.74,"조선",381.75,376.75041925,15443148117500.0,261000.0,-24.4827586206897,,41.1835265893643,23.6051502145923,9.8,128.046315027627,2,2,0,65,"관망",40,-17.5313807531381,45,,,,0,0,,,,,0,,,0,0,236979.892617022,236979.892617022
20261006,267260,"HD현대일렉트릭",KOSPI,684000.0,0.88,"전기장비",529.05,778.0556125,24656240340000.0,769000.0,-10.7932379713914,,73.3024691358025,38.1609195402299,9.6,56.4944357818741,1,2,0,68,"관망",40,-17.5480769230769,45,,,,0,0,,,,,1,673000.0,"지지 재탈환",0,0,693015.100237712,794015.100237712
20261006,267270,"HD건설기계",KOSPI,118200.0,0.25,"기계",290.92,331.0999198,5614191025200.0,145800.0,-18.7242798353909,,46.2829736211031,23.2059020791415,7.2,95.0681703770416,2,3,0,79,"관망",45,-5.2757793764988,66,,,,0,0,,,,,0,,,0,0,134806.105124239,134806.105124239
20261006,267290,"경동도시가스",KOSPI,20700.0,-2.82,"가스유틸리티",1.48,1.074800825,122034904200.0,22800.0,-8.1140350877193,,15.6883671291355,12.1052631578947,15.2,69.9051609422075,1,1,0,79,"없음",34,-1.87353629976581,71,,,,0,0,,,,,0,,,0,0,21736.1886071622,21736.1886071622
20261006,267320,"나인테크",KOSDAQ,2870.0,1.77,"전기제품",49.91,71.09575097,164781896650.0,3050.0,-5.08196721311475,,3.92006149116064,12.8070175438597,6.8,160.566094727566,1,2,0,72,"관망",42,-4.45544554455445,67,20260929,19.4570135746606,70.1044843357883,0,0,,,,,1,2270.0,"저항→지지",0,0,2736.65180266122,2736.65180266122
20261006,267790,"배럴",KOSDAQ,3110.0,1.47,"섬유,의류,신발,호화품",0.08,0.105450105,23913750990.0,3430.0,-9.32944606413994,,1.84873949579831,15.4401154401154,10.0,31.2952229323662,0,1,0,49,"없음",33,-7.57800891530461,62,20260826,8.47723704866561,6.47589892317194,0,0,,,,,1,3060.0,"지지 재탈환",0,0,3192.45791249604,3252.45791249604
20261006,267850,"아시아나IDT",KOSPI,9340.0,0.86,"IT서비스",0.07,1.132697,103674000000.0,10000.0,-6.9,,52.3287671232877,13.030303030303,11.0,7.46041607077466,0,2,0,77,"없음",41,-8.81488736532811,61,,,,1,0,,,,,1,9110.0,"지지 재탈환",0,0,9527.52105499646,9527.52105499646
20261006,267980,"매일유업",KOSDAQ,35100.0,2.18,"식품",9.98,1.364279,268993693800.0,34800.0,1.58045977011494,1.58045977011494,41.7721518987342,12.0833333333333,11.4,846.880182979768,2,1,0,81,"없음",39,1.58045977011494,75,,,,1,0,20261006,34800.0,35350.0,1008.18293274028,1,33550.0,"지지 재탈환",1,0,33126.9004358122,33726.9004358122
20261006,268280,"미원에스씨",KOSPI,123000.0,-3.61,"화학",2.51,1.696804,615000000000.0,140000.0,-12.1428571428571,,28.3302063789869,12.6943005181347,11.6,96.6878364138638,1,1,0,82,"없음",27,0.081366965012205,73,,,,0,0,,,,,0,,,0,0,129370.17875611,129370.17875611
20261006,270520,"앱튼",KOSDAQ,872.0,6.6,"에너지장비및서비스",15.57,15.4176761675,34903469008.0,3300.0,-73.5757575757576,,43.9818417639429,83.1030303030303,6.8,240.444237981378,1,1,0,28,"없음",31,-51.0112359550562,6,20260701,15.9353348729792,5.58841611319608,0,0,,,,,0,,,0,0,2601.27581379963,3426.27581379963
20261006,270660,"에브리봇",KOSDAQ,13960.0,2.5,"가정용기기와용품",4.45,3.68784869,177160538680.0,14000.0,-0.357142857142857,,74.5769881556684,17.583807716635,5.2,25.7223112110463,0,3,0,98,"없음",50,-9.88372093023256,59,20260804,12.3156342182891,9.76085135954325,1,0,,,,,0,,,0,0,13403.3925973008,15073.3925973008
20261006,270870,"뉴트리",KOSDAQ,3720.0,1.92,"건강관리업체및서비스",0.04,0.2755811325,33460827120.0,3925.0,-5.85987261146497,,32.4260355029586,30.4942166140904,9.4,10.0920673436003,0,1,0,55,"없음",27,-11.8138424821002,55,,,,0,0,,,,,1,3620.0,"지지 재탈환",0,0,3673.52144945083,4378.52144945083
20261006,271560,"오리온",KOSPI,106100.0,0.76,"식품",86.39,119.91334125,4194004406800.0,131500.0,-19.0874524714829,,55.040733197556,28.0454232622161,12.6,76.1801873737436,2,1,0,50,"관망",35,-16.875,46,,,,0,0,,,,,0,,,0,0,124042.713546407,136442.713546407
20261006,271830,"팸텍",KOSDAQ,1130.0,2.36,"핸드셋",1.08,2.946240174,33323928260.0,1299.0,-13.1639722863741,,58.0995475113122,32.0301783264746,6.2,34.0462319885096,0,2,0,57,"없음",42,-23.8352464550979,33,20260909,13.6590229312064,7.60560526787021,1,0,,,,,1,1011.0,"지지 재탈환",0,0,1128.65071849862,1287.65071849862
20261006,271940,"일진하이솔루스",KOSPI,11810.0,0.6,"자동차부품",2.87,6.523706505,428858773900.0,12250.0,-3.10204081632653,,49.7725204731574,28.5714285714286,9.6,55.773686864923,0,1,0,70,"없음",31,-22.6205997392438,36,20260909,8.00000000000001,5.19383547326615,0,0,,,,,1,11530.0,"저항→지지",0,0,11237.5697866729,11237.5697866729
20261006,271980,"제일약품",KOSPI,10010.0,0.1,"제약",0.97,1.82240924,147195768720.0,10260.0,-2.24171539961014,,62.4750499001996,21.8548387096774,7.8,13.7926344439876,0,3,0,98,"없음",46,-28.1003584229391,27,,,,0,0,,,,,0,,,0,0,10222.9561416492,11752.9561416492
20261006,272110,"케이엔제이",KOSDAQ,32800.0,2.98,"반도체와반도체장비",33.13,22.92807795,263232956000.0,30950.0,5.97738287560582,4.68497576736672,43.2387312186978,29.1277258566978,7.2,119.136262099777,3,3,0,84,"없음",55,1.54798761609907,75,20260921,10.90573012939,4.48656363443295,0,0,20261001,30950.0,32400.0,185.618855527617,1,30950.0,"저항→지지",0,0,29647.740204409,29647.740204409
20261006,272210,"한화시스템",KOSPI,81600.0,-1.57,"우주항공과국방",1022.79,509.64107285,15415822142400.0,83000.0,-1.44578313253012,,22.0,21.1217183770883,6.4,222.046860301976,2,1,0,52,"관망",45,-28.3085013146363,26,20260917,15.5297532656023,4.16246673880508,0,0,,,,,1,78100.0,"저항→지지",0,0,72497.9998583876,73297.9998583876
20261006,272290,"이녹스첨단소재",KOSDAQ,22850.0,1.33,"디스플레이장비및부품",18.06,17.602671775,455572080650.0,21650.0,6.00461893764434,4.6189376443418,63.169014084507,18.7110187110187,6.8,86.3601692814702,0,3,0,83,"없음",36,-19.8952879581152,41,,,,0,0,20261001,21650.0,22650.0,140.161764202592,1,21650.0,"저항→지지",0,0,21134.9032851736,22134.9032851736
20261006,272450,"진에어",KOSPI,5880.0,0.17,"항공사",2.1,6.376135915,306936000000.0,6210.0,-5.63607085346216,,26.9230769230769,9.90990990990991,7.8,43.0878598449833,0,1,0,54,"없음",31,-3.3003300330033,69,20260824,10.6382978723404,5.79832569530322,0,0,,,,,0,,,0,0,6152.11855957742,6152.11855957742
20261006,272550,"삼양패키징",KOSPI,9820.0,-0.51,"포장재",0.7,1.16858057,147971746920.0,9900.0,-0.303030303030303,,21.4132762312634,6.04026845637584,10.4,40.1743508904763,0,1,0,69,"없음",31,-20.5953338696702,39,,,,0,0,,,,,1,9730.0,"지지 재탈환",0,0,9643.66119238751,9663.66119238751
20261006,273060,"와이즈버즈",KOSDAQ,3995.0,3.9,"광고",0.19,0.81891432,39266279720.0,4350.0,-8.27586206896552,,40.3685092127303,34.257602862254,3.2,25.2601711555073,0,2,0,64,"없음",45,-21.4566929133858,37,20260806,9.03083700440528,4.80904023559263,0,0,,,,,1,3805.0,"지지 재탈환",0,0,5097.41017979918,5097.41017979918
20261006,273640,"와이엠텍",KOSDAQ,5990.0,3.28,"전기제품",1.88,0.92980066,65686340000.0,5500.0,8.54545454545454,6.18181818181818,33.5413416536661,13.8738738738739,7.0,189.473228170504,0,2,0,78,"없음",32,-17.3130193905817,45,20261002,8.55018587360594,5.88572373133506,0,0,20261002,5500.0,5840.0,464.594649338965,0,,,1,1,5245.781544256,5245.781544256
20261006,274090,"켄코아에어로스페이스",KOSDAQ,13820.0,2.52,"우주항공과국방",190.41,154.44748826,190359540740.0,14350.0,-4.25087108013937,,0.0,25.4045307443366,6.8,247.15413428252,1,1,0,51,"관망",40,-31.6417910447761,23,20260918,12.6859142607174,29.3959744133736,0,0,,,,,1,10370.0,"저항→지지",0,0,12489.6993911467,12489.6993911467
20261006,274400,"이노시뮬레이션",KOSDAQ,2250.0,3.69,"소프트웨어",0.11,0.2066429675,20444609250.0,2345.0,-4.90405117270789,,46.8632552760914,19.7228637413395,9.4,44.015279137391,0,2,0,61,"없음",33,-38.8203017832647,14,,,,1,0,,,,,1,2055.0,"지지 재탈환",0,0,2076.96706096552,2221.96706096552
20261006,275630,"에스에스알",KOSDAQ,3840.0,2.4,"소프트웨어",0.24,0.9221962125,20174622720.0,4760.0,-19.327731092437,,25.6864481842338,23.7028301886792,10.6,37.3938510931783,4,2,0,61,"없음",60,1.05263157894737,74,20260904,12.1771217712177,8.23176491840077,0,0,,,,,0,,,0,0,4163.11115026399,4163.11115026399
20261006,276730,"한울앤제주",KOSDAQ,841.0,-0.12,"음료",0.17,1.0274379195,19854311180.0,1500.0,-43.9333333333333,,83.4130999589772,71.2857142857143,5.8,11.4206528985396,0,2,0,52,"없음",40,-52.4321266968326,5,20260828,17.340521114106,3.38547865031592,0,0,,,,,0,,,0,0,1195.51695408983,3943.51695408983
20261006,277070,"린드먼아시아",KOSDAQ,3450.0,-0.72,"창업투자",0.13,0.2553720575,47237400000.0,3585.0,-0.97629009762901,,7.25075528700906,15.695067264574,13.4,53.068833878693,0,3,0,77,"없음",38,-12.2373300370828,54,20260820,12.16,11.4326289479664,1,0,,,,,1,3430.0,"저항→지지",0,0,3226.27815554257,3241.27815554257
20261006,277410,"인산가",KOSDAQ,5570.0,0.0,"식품",0.32,0.236262655,21395205500.0,6430.0,-13.0637636080871,,61.5241635687732,31.4363143631436,10.6,109.281716240435,0,1,0,61,"없음",26,-49.7753818508535,7,20260716,10.9154929577465,26.3066018393767,0,0,,,,,1,5530.0,"지지 재탈환",0,0,5863.04288953425,6813.04288953425
20261006,277810,"레인보우로보틱스",KOSDAQ,464000.0,3.23,"기계",386.03,300.72420775,9001534112000.0,453500.0,2.31532524807056,2.31532524807056,69.0419161676647,21.2092130518234,6.6,74.7677956191374,2,1,0,86,"관망",51,-10.9404990403071,57,20260722,16.2818955042527,4.62589873642509,0,0,20261006,453500.0,464000.0,70.5597994300169,1,445000.0,"저항→지지",0,0,424936.353639904,478436.353639904
20261006,277880,"티에스아이",KOSDAQ,4000.0,7.82,"전자장비와기기",11.67,1.357969935,79372848000.0,4060.0,0.61576354679803,0.61576354679803,40.4624277456647,33.943661971831,13.0,540.799180833037,0,1,0,54,"없음",33,-16.1190965092402,48,20261006,8.78828229027964,8.48866618811548,0,0,20261006,4060.0,4085.0,599.217361355782,1,3630.0,"저항→지지",1,1,3714.40504047864,3714.40504047864
20261006,278280,"천보",KOSDAQ,39700.0,4.47,"전기제품",10.99,10.233041925,486445092500.0,43900.0,-9.68109339407745,,44.8394495412844,33.5044929396662,11.2,88.1975406633884,0,1,0,47,"없음",29,-18.0785123966942,44,20260827,12.396694214876,3.63019674908701,0,0,,,,,1,38400.0,"저항→지지",0,0,37239.7166729111,39789.7166729111
20261006,278470,"에이피알",KOSPI,360000.0,-1.64,"화장품",854.82,829.043281,13477735800000.0,377500.0,-4.23841059602649,,54.1643376187814,26.0554885404101,11.8,88.6706010014334,3,1,0,46,"관망",46,7.2700296735905,80,,,,0,0,,,,,0,,,0,0,391999.580356763,434999.580356763
20261006,278650,"HLB바이오스텝",KOSDAQ,3735.0,29.91,"생명과학도구및서비스",26.73,11.8546648475,65109999060.0,4170.0,-10.431654676259,,0.0,15.8095238095238,6.6,475.804220480163,0,1,0,41,"없음",21,-37.2268907563025,16,20261006,29.4627383015598,2.77729537131036,1,0,,,,,1,2875.0,"저항→지지",0,0,3509.95801256351,3509.95801256351
20261006,279600,"미디어젠",KOSDAQ,3935.0,-0.25,"IT서비스",0.04,0.0878780075,18434613235.0,4135.0,-4.83675937122128,,58.6021505376344,19.0804597701149,4.4,15.8902762955457,0,2,0,78,"없음",47,-37.3407643312102,16,20260901,9.97442455242967,9.42737880656484,0,0,,,,,0,,,0,0,3676.34181509956,4091.34181509956
20261006,280360,"롯데웰푸드",KOSPI,119400.0,0.0,"식품",14.91,24.40338555,1099026135600.0,149000.0,-19.5302013422819,,44.8517298187809,11.8124436429216,11.2,39.5620843301679,3,1,0,56,"없음",45,7.92079207920792,80,20260810,11.9760479041916,4.5842428727056,0,0,,,,,0,,,0,0,137145.946392985,143145.946392985
20261006,281740,"레이크머티리얼즈",KOSDAQ,13110.0,4.46,"화학",102.82,46.73622744,861727484280.0,11130.0,17.8796046720575,2.78526504941599,47.6702508960574,25.1985559566787,7.2,210.097327157747,0,3,0,86,"관망",33,-32.752434648898,21,,,,0,0,20260929,11130.0,11440.0,173.781012015163,1,11130.0,"저항→지지",1,0,11586.7021608153,12406.7021608153
20261006,281820,"케이씨텍",KOSPI,106300.0,15.54,"반도체와반도체장비",373.94,167.68243895,2104597664300.0,72600.0,46.4187327823691,0.964187327823691,58.6034912718204,18.7790311877903,6.8,189.878706926874,5,3,0,75,"돌파완료",59,142.141230068337,98,20260910,8.58433734939759,4.39894159566385,0,0,20260918,72600.0,73300.0,84.4838163327132,1,72400.0,"저항→지지",1,1,80239.3672954749,93239.3672954749
20261006,282330,"BGF리테일",KOSPI,127600.0,-0.23,"백화점과일반상점",32.55,59.11146875,2205426405600.0,153400.0,-17.1447196870926,,42.3539518900344,19.8595146871009,7.2,41.6178967511117,3,2,0,76,"없음",52,-8.75807609475951,61,20260807,14.6816479400749,3.27813459633575,0,0,,,,,0,,,0,0,141980.326118907,145180.326118907
20261006,282720,"금양그린파워",KOSDAQ,7980.0,3.5,"에너지장비및서비스",0.94,1.30334625,96713610000.0,7930.0,-0.378310214375788,,55.0865344027016,18.6320754716981,7.6,33.6678017193257,0,1,0,86,"없음",35,-56.1111111111111,4,20260723,15.1975683890577,4.92481499963874,0,0,,,,,0,,,0,0,7109.98758425912,7659.98758425912
20261006,282880,"코윈로보틱스",KOSDAQ,11480.0,1.77,"기계",3.72,4.771276605,134248061360.0,11290.0,1.32860938883968,1.32860938883968,29.8007246376812,15.7272727272727,6.8,62.0599760737136,0,3,0,89,"없음",40,-14.178544636159,51,,,,0,0,20261006,11290.0,11440.0,62.1655561385297,1,11190.0,"저항→지지",0,0,10770.0700012721,10770.0700012721
20261006,284740,"쿠쿠홈시스",KOSPI,24450.0,-1.01,"가정용기기와용품",8.7,2.967465375,548592718500.0,24450.0,-0.204498977505113,0.613496932515337,26.1224489795918,8.94854586129754,9.2,252.872039839154,2,3,0,87,"없음",46,5.39956803455724,79,,,,0,0,20261001,24450.0,24600.0,247.173237944151,1,24100.0,"저항→지지",0,0,23657.790633235,23657.790633235
20261006,285130,"SK케미칼",KOSPI,52100.0,0.58,"화학",13.89,25.3397578,901265708600.0,57000.0,-8.7719298245614,,42.8416485900217,24.5263157894737,17.8,36.0419301300965,0,1,0,68,"없음",33,-1.14068441064639,72,20260814,14.0250855188141,6.26392423777665,0,0,,,,,0,,,0,0,52635.125667168,52635.125667168
20261006,285490,"노바텍",KOSDAQ,12870.0,2.47,"핸드셋",3.29,2.43296491,136110944970.0,12600.0,0.793650793650794,0.793650793650794,56.0606060606061,17.2323759791123,9.6,121.770644913621,0,1,0,87,"없음",29,-38.498789346247,15,,,,0,0,20261002,12600.0,12700.0,240.398078746666,1,12600.0,"저항→지지",0,0,12074.2614168887,12074.2614168887
20261006,285800,"진영",KOSDAQ,4385.0,1.74,"화학",1.24,14.4335853475,15758734070.0,6250.0,-30.16,,34.0770061173084,38.8157894736842,2.6,16.0246817456971,0,2,0,43,"없음",30,-54.3648719289075,5,20260918,8.46075433231397,18.9435847302975,0,0,,,,,0,,,0,0,5337.75513196267,7037.75513196267
20261006,286750,"나노실리칸첨단소재",KOSDAQ,2550.0,0.39,"화학",0.57,2.17246223,40836791400.0,2775.0,-8.10810810810811,,49.4213459065581,40.343347639485,4.6,33.2583027520902,0,2,0,70,"없음",32,8.78839590443686,81,20260626,13.6112814224402,3.46801556394397,0,0,,,,,0,,,0,0,2533.53334372829,3324.53334372829
20261006,286940,"롯데이노베이트",KOSPI,17350.0,0.35,"IT서비스",1.92,1.588239425,262494517450.0,19020.0,-8.3596214511041,,54.8826646479939,38.8376753507014,17.0,90.2979306495588,0,1,0,76,"없음",29,-12.8064032016008,53,20260730,9.10792264504055,3.36980127281082,0,0,,,,,0,,,0,0,17966.4859554784,18806.4859554784
20261006,287840,"인투셀",KOSDAQ,18330.0,1.55,"제약",4.61,5.378707815,275352526800.0,18090.0,0.276395798783859,,57.1970802919708,30.6434023991276,6.0,50.9526882423745,0,2,0,71,"없음",41,-54.3073047858942,5,20260723,15.8415841584158,3.4334975282517,0,0,,,,,1,17530.0,"저항→지지",0,0,15958.9970499037,20868.9970499037
20261006,288620,"에스프리즘",KOSDAQ,4020.0,2.81,"전기제품",0.21,2.2171545075,28056850320.0,5330.0,-24.765478424015,,31.8040435458787,39.4782608695652,6.8,12.3869348373568,0,1,0,55,"없음",26,-51.037851037851,6,,,,0,0,,,,,1,3850.0,"저항→지지",0,0,4688.36162182001,5108.36162182001
20261006,288980,"모아데이타",KOSDAQ,211.0,-1.4,"소프트웨어",1.94,8.103031048,7676470969.0,246.0,-14.2276422764228,,76.5575501583949,78.9473684210526,6.2,19.1540816001214,0,2,0,54,"없음",42,-73.625,2,20260828,30.0,5.22924396284883,0,0,,,,,1,203.0,"지지 재탈환",0,0,257.932892399207,831.932892399207
20261006,289010,"아이스크림에듀",KOSDAQ,789.0,16.03,"교육서비스",3.54,2.9632736955,11002806984.0,1168.0,-32.4486301369863,1.02739726027397,27.8159340659341,33.4038054968288,9.0,232.841282783145,0,2,0,65,"없음",30,-49.4554772581678,7,20260910,21.4596949891068,18.078263461009,0,0,20260923,1168.0,1180.0,171.633177201573,1,705.0,"지지 재탈환",0,0,1014.42620708092,1014.42620708092
20261006,289080,"SV인베스트먼트",KOSDAQ,2775.0,0.54,"창업투자",16.59,58.21149452,166883596575.0,2910.0,-5.32646048109966,,31.8250377073907,22.5352112676056,5.0,36.4927927935124,2,3,0,84,"관망",55,-27.3087071240106,28,,,,0,0,,,,,1,2625.0,"저항→지지",0,0,2558.30756287892,2558.30756287892
20261006,289220,"자이언트스텝",KOSDAQ,912.0,-0.87,"양방향미디어와서비스",0.22,0.342980732,20348745552.0,1100.0,-16.5454545454545,,49.3768545994065,36.0801781737194,9.4,60.6588613648595,0,1,0,55,"없음",22,-73.9204545454545,2,,,,0,0,,,,,0,,,0,0,971.238878965908,1249.23887896591
20261006,289930,"웨이비스",KOSDAQ,8480.0,0.47,"우주항공과국방",4.99,7.62617975,111503604800.0,8890.0,-4.7244094488189,,35.7813834329633,32.086851628468,10.6,74.4344234855367,1,1,0,68,"없음",32,-49.4931425163983,7,,,,0,0,,,,,1,8300.0,"저항→지지",0,0,7886.23390944997,7886.23390944997
20261006,290090,"트윔",KOSDAQ,4580.0,-1.29,"소프트웨어",0.07,0.129456835,34077801440.0,4945.0,-2.12335692618807,,0.447761194029844,21.5,5.6,66.285265015599,0,2,0,44,"없음",37,-20.0,40,20260914,19.0082644628099,4.43672275054865,1,0,,,,,1,4395.0,"저항→지지",0,0,4619.30924927332,4619.30924927332
20261006,290120,"DH오토리드",KOSDAQ,2175.0,2.84,"자동차부품",0.49,0.6962415425,34419759975.0,2600.0,-15.3846153846154,,31.4115308151093,16.0243407707911,9.6,118.814258117872,0,1,0,45,"없음",22,-8.90269151138716,60,,,,1,0,,,,,1,2195.0,"저항→지지",0,0,2390.32671140667,2390.32671140667
20261006,290270,"휴네시온",KOSDAQ,2970.0,6.26,"소프트웨어",5.57,0.8649432975,28534785840.0,3105.0,-5.95813204508857,,12.7789046653144,10.431654676259,9.0,894.710542299723,0,1,0,51,"없음",27,-15.606936416185,49,,,,0,0,,,,,1,2870.0,"저항→지지",0,0,2810.01014661007,2810.01014661007
20261006,290520,"신도기연",KOSDAQ,1725.0,5.89,"디스플레이장비및부품",0.07,0.342663419,27144882900.0,1709.0,-0.877706260971328,,6.55826558265582,26.0335195530726,6.6,26.2629910727878,1,1,0,42,"없음",32,-26.3478260869565,29,,,,1,0,,,,,1,1646.0,"저항→지지",0,0,1473.38558980319,1554.38558980319
20261006,290550,"디케이티",KOSDAQ,24300.0,2.1,"핸드셋",83.06,78.707700275,486029889000.0,23000.0,5.8695652173913,3.91304347826087,29.9939467312349,32.3764705882353,7.0,90.1002478710706,3,2,0,70,"수축중",48,37.8041878890775,93,,,,0,0,20261002,23000.0,23900.0,162.894701484979,1,17600.0,"저항→지지",1,0,20888.165546937,21588.165546937
20261006,290560,"파라택시스이더리움",KOSDAQ,1310.0,2.18,"소프트웨어",1.59,3.354800323,29295176300.0,1592.0,-17.7763819095477,,31.7902350813743,34.949733885275,5.6,27.5280782711713,0,2,0,56,"없음",35,-27.2777777777778,28,20260825,16.0714285714286,6.49701991999929,1,0,,,,,1,1226.0,"지지 재탈환",0,0,1326.75244926529,1425.75244926529
20261006,290650,"엘앤씨바이오",KOSDAQ,52500.0,-2.23,"건강관리장비와용품",57.51,107.965634425,1415909460000.0,56700.0,-7.05467372134039,,68.2146493189999,31.3195255362301,7.2,48.9649419068206,0,1,0,55,"관망",27,-19.1482180389991,42,,,,0,0,,,,,1,48600.0,"저항→지지",0,0,49283.3902171296,63672.3902171296
20261006,290660,"다이나믹솔루션",KOSDAQ,1274.0,-2.38,"건강관리장비와용품",6.64,9.09376626,54575469312.0,2445.0,-47.6482617586912,,62.7513844360245,42.8571428571429,13.0,61.8673869170257,1,1,0,47,"없음",35,-40.5756731662024,13,20260811,24.0655737704918,5.95157020642246,0,0,,,,,0,,,0,0,1585.65920416903,2190.65920416903
20261006,290670,"대보마그네틱",KOSDAQ,5680.0,0.89,"전자장비와기기",0.58,0.6005868,44631508800.0,6400.0,-10.3125,,53.2758620689655,50.4132231404959,13.0,90.3397073363379,0,1,0,61,"없음",29,-49.2932862190813,7,20260901,15.0684931506849,10.6248289701724,0,0,,,,,1,5620.0,"지지 재탈환",0,0,5727.07781149646,5727.07781149646
20261006,290690,"아리바이오홀딩스",KOSDAQ,3075.0,0.65,"디스플레이장비및부품",24.28,34.00543706,163198875375.0,4175.0,-26.2275449101796,,52.0703933747412,36.2599771949829,6.0,133.386160114535,0,1,0,40,"관망",26,-16.9811320754717,46,20260930,13.973063973064,6.42688713362263,0,0,,,,,0,,,0,0,3847.37783335841,4557.37783335841
20261006,290720,"푸드나무",KOSDAQ,3240.0,7.11,"식품",8.9,1.902168115,123603644520.0,3345.0,-3.1390134529148,,26.9421487603306,24.5053272450533,8.6,457.205543721285,4,2,0,56,"없음",55,7.10743801652893,79,20260611,18.8539741219963,8.33114957644804,1,0,,,,,1,2975.0,"저항→지지",0,0,2787.0673134691,2927.0673134691
20261006,290740,"액트로",KOSDAQ,11390.0,2.06,"핸드셋",2.86,8.220239735,114640475290.0,14370.0,-21.0855949895616,,27.007299270073,19.8863636363636,6.8,40.2679556779546,1,1,0,48,"없음",31,-32.8994082840237,21,20260908,9.0026478375993,3.46141034447966,0,0,,,,,0,,,0,0,12438.9637190554,12438.9637190554
20261006,291230,"컴투스엔",KOSDAQ,2745.0,5.17,"광고",1.76,0.7944143,65910829095.0,2835.0,-3.52733686067019,,76.7226890756302,44.9507389162562,10.4,185.581737497594,0,2,0,75,"없음",37,-29.328165374677,25,20260721,9.64467005076142,2.82733786525306,1,0,,,,,1,2580.0,"저항→지지",0,0,2591.12575790369,3816.12575790369
20261006,291650,"츌립앤사이언스",KOSDAQ,2580.0,3.2,"생명과학도구및서비스",1.86,0.9258157185,78740622180.0,2395.0,8.97703549060543,10.0208768267223,0.466264399341747,29.5774647887324,7.0,285.879298346521,3,2,0,57,"없음",37,-31.3880126182965,23,20261002,16.5929203539823,4.45069294002433,0,0,20261002,2395.0,2635.0,554.175633491386,1,1700.0,"저항→지지",0,0,2209.96006220291,2209.96006220291
20261006,293480,"하나제약",KOSPI,8440.0,0.48,"제약",0.92,1.197722295,150003664240.0,8600.0,-1.51162790697674,,32.3741007194245,11.1842105263158,7.2,43.9040740721725,0,2,0,84,"없음",41,-6.82068206820682,64,,,,1,0,,,,,1,8350.0,"지지 재탈환",0,0,8254.68695940554,8714.68695940554
20261006,293490,"카카오게임즈",KOSDAQ,10060.0,-0.79,"게임엔터테인먼트",46.58,31.1724102,1073857365900.0,10100.0,-0.297029702970297,0.792079207920792,31.8531169940222,17.3537871524449,4.4,102.833112239884,0,2,0,64,"관망",40,-16.7768595041322,46,20260901,12.1452894438139,6.61120720828427,0,0,20261002,10100.0,10180.0,146.461188449239,1,9320.0,"저항→지지",0,0,9228.79088648644,9298.79088648644
20261006,293580,"나우IB",KOSDAQ,1285.0,0.39,"창업투자",3.07,6.8768461655,121984985750.0,1449.0,-12.3533471359558,,0.583244962884427,35.2399737015122,5.0,69.3532763078193,2,2,0,63,"없음",40,-23.5860409145608,34,,,,0,0,,,,,0,,,0,0,1271.22211618962,1378.22211618962
20261006,293780,"압타바이오",KOSDAQ,8030.0,2.95,"건강관리업체및서비스",8.26,3.499901955,225590042150.0,6790.0,17.6730486008837,2.06185567010309,16.6340508806262,27.1402550091075,9.8,144.060445819269,1,2,0,71,"없음",37,15.7971014492754,86,20261001,9.40170940170941,3.14001559419293,0,0,20260929,6790.0,6930.0,110.298261511682,1,6730.0,"저항→지지",0,0,7104.75371869474,7104.75371869474
20261006,293940,"신한알파리츠",KOSPI,5530.0,-0.18,"부동산",6.35,5.248052095,668798880190.0,5660.0,-2.12014134275618,,19.2224622030238,10.896309314587,14.6,93.0245565036196,1,1,0,78,"없음",32,-1.77304964539007,72,,,,0,0,,,,,1,5510.0,"저항→지지",0,0,5404.74367284952,5404.74367284952
20261006,294140,"레몬",KOSDAQ,2810.0,-4.42,"화학",0.55,0.6346229,70010638580.0,3070.0,-8.46905537459283,,37.8874856486797,29.4915254237288,6.2,45.864225201012,0,2,0,57,"없음",37,-9.06148867313916,60,20261001,8.24372759856631,5.01928389726196,0,0,,,,,1,2435.0,"저항→지지",0,0,2639.69440315529,2639.69440315529
20261006,294570,"쿠콘",KOSDAQ,27500.0,1.66,"IT서비스",21.63,54.824871975,277522630000.0,29050.0,-4.99139414802065,,35.1508120649652,17.2473867595819,5.6,54.2253514064029,1,1,0,39,"관망",36,2.22222222222222,76,20260904,14.2056074766355,3.24982660017593,1,0,,,,,1,26100.0,"지지 재탈환",0,0,28320.5778489365,28320.5778489365
20261006,294630,"서남",KOSDAQ,3150.0,0.8,"전기장비",3.7,10.3447012275,83472413850.0,3350.0,-6.56716417910448,,51.6271861855214,31.1377245508982,12.0,55.6684072554317,2,2,0,67,"없음",50,-12.6917712691771,53,20260715,9.4188376753507,3.14624774292345,0,0,,,,,1,2865.0,"저항→지지",0,0,3303.27970871489,3303.27970871489
20261006,294870,"IPARK현대산업개발",KOSPI,22000.0,-1.57,"건설",23.38,33.30467595,1449961260000.0,25350.0,-14.2011834319527,,22.6744186046512,14.3636363636364,9.4,63.4880300035021,4,3,0,87,"없음",54,6.35696821515892,79,,,,0,0,,,,,0,,,0,0,23548.3562633793,23548.3562633793
20261006,295310,"에이치브이엠",KOSDAQ,76300.0,8.69,"비철금속",204.05,110.872649025,957388441800.0,64200.0,18.0685358255452,1.09034267912773,26.4629725530813,28.6701208981002,7.4,177.830567150185,3,2,0,58,"수축중",39,3.12925170068027,77,20260917,14.4712430426716,7.54154182060118,0,0,20261001,64200.0,64900.0,127.989837560585,1,64200.0,"저항→지지",1,1,60558.5540117842,60558.5540117842
20261006,296640,"이노에이엑스",KOSDAQ,6200.0,1.81,"소프트웨어",0.53,0.48950739,32105162400.0,7910.0,-21.7446270543616,,0.0,17.2752808988764,6.2,56.735048023578,2,1,0,51,"없음",40,-24.5121951219512,32,20260818,10.2040816326531,5.45645990391857,0,0,,,,,0,,,0,0,6937.93067056196,6937.93067056196
20261006,297090,"씨에스베어링",KOSDAQ,5000.0,-0.2,"기계",5.04,5.2975140475,136350000000.0,5050.0,-0.99009900990099,,24.6822033898305,24.1293532338308,9.8,98.5895678715184,0,2,0,74,"없음",37,-34.9804941482445,18,20260616,29.7895902547065,8.38785144374169,0,0,,,,,1,4795.0,"저항→지지",0,0,4624.51108399239,4624.51108399239
20261006,297570,"아틀라스링크",KOSDAQ,3950.0,4.36,"전자제품",0.13,0.27149286,27350759850.0,4710.0,-16.348195329087,,22.268326417704,45.8687258687259,13.6,42.385925920364,1,1,0,45,"없음",31,-47.3262032085562,8,20260609,9.42760942760943,6.67341402855011,0,0,,,,,0,,,0,0,4125.08742536431,5025.08742536431
20261006,297890,"HB솔루션",KOSDAQ,1666.0,0.3,"디스플레이장비및부품",3.24,4.2893763655,121852762724.0,1708.0,-2.40046838407494,,59.2149353757779,21.8390804597701,9.6,65.3039008298184,0,3,0,90,"없음",34,-11.7522498676548,55,,,,0,0,,,,,1,1600.0,"지지 재탈환",0,0,1573.37213599045,1740.37213599045
20261006,298000,"효성화학",KOSPI,52700.0,-2.04,"화학",7.94,10.49262105,199828439700.0,55700.0,-4.66786355475763,,77.2760378732702,36.2373737373737,6.0,31.0565104657174,0,2,0,62,"없음",47,-31.7480719794344,22,20260618,12.1661721068249,18.9349282580339,0,0,,,,,0,,,0,0,54343.7353724345,76743.7353724345
20261006,298020,"효성티앤씨",KOSPI,290000.0,6.03,"무역회사와판매업체",110.74,47.0100155,1255027780000.0,366500.0,-20.4638472032742,,51.0373443983402,19.8813056379822,9.4,200.073761800608,2,1,0,51,"없음",36,-23.0870712401055,35,,,,0,0,,,,,0,,,0,0,332786.921822872,335286.921822872
20261006,298040,"효성중공업",KOSPI,2799000.0,0.5,"전기장비",946.38,963.0800355,26099409852000.0,3009000.0,-6.8461282818212,,68.0749128919861,18.3460949464012,4.8,80.0579454731252,2,3,0,81,"관망",53,14.128664495114,85,,,,0,0,,,,,0,,,0,0,2715854.89684578,2971854.89684578
20261006,298050,"HS효성첨단소재",KOSPI,164600.0,1.11,"화학",8.38,12.90016705,737399440800.0,168000.0,-1.9047619047619,,53.0361757105943,19.1616766467066,9.4,36.8048292483289,0,2,0,66,"없음",41,-25.0909090909091,31,,,,0,0,,,,,0,,,0,0,170722.991488604,175522.991488604
20261006,298060,"풍전약품",KOSDAQ,2365.0,1.5,"생물공학",0.13,0.3230940025,22792562155.0,2597.0,-8.93338467462457,,51.2071535022355,26.0726072607261,12.0,43.4076178212475,0,2,0,59,"없음",35,-40.2022756005057,13,20260922,8.99357601713062,4.34502676971198,0,0,,,,,0,,,0,0,2329.16856729839,2627.16856729839
20261006,298380,"에이비엘바이오",KOSDAQ,52700.0,2.53,"생물공학",156.43,206.72614035,2950539300100.0,81300.0,-34.9323493234932,,61.7927994121969,56.2788550323176,12.8,90.279602964868,0,1,0,35,"관망",26,-68.1133212778782,2,,,,0,0,,,,,0,,,0,0,63294.4949097779,86394.4949097779
20261006,298540,"더네이쳐홀딩스",KOSDAQ,6670.0,-1.48,"섬유,의류,신발,호화품",1.65,0.860225025,96624194620.0,6890.0,-2.46734397677794,,13.3651551312649,8.29694323144105,3.6,182.306971197262,0,2,0,62,"없음",30,-9.06630581867388,60,,,,0,0,,,,,0,,,0,0,6525.11070600444,6545.11070600444
20261006,298690,"에어부산",KOSPI,1497.0,-0.33,"항공사",1.91,0.972317017,243883563384.0,1599.0,-5.31582238899312,,79.2741165234002,16.617033948779,11.6,126.333810572622,0,1,0,77,"없음",31,-16.1218836565097,48,20260615,13.1147540983606,10.2733858570331,0,0,,,,,0,,,0,0,1538.62578688857,1538.62578688857
20261006,298830,"슈어소프트테크",KOSDAQ,4475.0,1.94,"소프트웨어",11.9,7.0662244675,239226783025.0,4525.0,-1.43646408839779,,46.5783664459161,24.1466498103666,10.0,138.472594812148,0,3,0,91,"없음",36,-31.5950920245399,23,,,,0,0,,,,,1,4430.0,"저항→지지",0,0,4127.65456687288,4212.65456687288
20261006,299030,"하나기술",KOSDAQ,16240.0,4.3,"전자장비와기기",7.32,5.29938163,129837338400.0,15720.0,4.70737913486005,4.70737913486005,52.9527559055118,39.8178269355888,11.2,118.440093486615,0,1,0,62,"없음",29,-37.4144486692015,16,,,,0,0,20261006,15720.0,16460.0,119.103009502973,1,13780.0,"저항→지지",1,1,14051.728497895,14221.728497895
20261006,299170,"더블유에스아이",KOSDAQ,1510.0,2.37,"제약",26.38,38.4952550965,62682044880.0,1664.0,-9.375,,0.0,20.7264957264957,6.6,156.559223558867,0,1,0,40,"관망",29,-39.5591182364729,14,20260928,10.1173020527859,33.5231024893804,0,0,,,,,1,1307.0,"저항→지지",0,0,1461.17363009635,1461.17363009635
20261006,299660,"셀리드",KOSDAQ,2395.0,-2.04,"생물공학",7.49,26.0711024575,70659629915.0,3480.0,-31.3218390804598,,17.6755447941889,28.0858676207513,5.4,14.3782241498806,0,1,0,48,"없음",26,-3.23886639676113,69,20260831,27.1461716937355,3.96160547247084,0,0,,,,,0,,,0,0,2923.87841188897,2923.87841188897
20261006,300080,"플리토",KOSDAQ,8940.0,-1.76,"양방향미디어와서비스",3.69,6.739499695,147791171940.0,10300.0,-17.7669902912621,,37.8600823045267,25.2272727272727,9.4,123.355964580608,0,1,0,63,"없음",26,-20.3947368421053,40,20260910,10.3896103896104,5.80726444358939,0,0,,,,,0,,,0,0,9333.85198353439,9333.85198353439
20261006,300120,"라온피플",KOSDAQ,3040.0,2.53,"소프트웨어",1.09,13.1873543475,30098441120.0,3725.0,-17.8523489932886,,45.0086058519793,24.4444444444444,4.8,16.83590789307,0,2,0,64,"없음",42,-38.430583501006,15,20260903,29.8387096774194,6.95142012594782,0,0,,,,,1,3020.0,"저항→지지",0,0,3608.70360792163,3608.70360792163
20261006,300720,"한일시멘트",KOSPI,16060.0,0.06,"건축자재",5.0,8.03608486,1181136056540.0,17160.0,-6.81818181818182,,51.2953367875648,17.7346278317152,15.0,42.7710004243283,1,3,0,91,"없음",50,-0.435865504358655,73,,,,0,0,,,,,0,,,0,0,16083.2357153475,16333.2357153475
20261006,301300,"바이브컴퍼니",KOSDAQ,1732.0,10.74,"소프트웨어",0.67,1.4566403455,22783961184.0,2660.0,-37.4436090225564,,30.6095406360424,24.1527703066165,9.2,48.6671618666399,0,1,0,42,"없음",30,-32.6315789473684,21,20260914,10.3813559322034,6.82779921929627,0,0,,,,,0,,,0,0,2258.38094859849,2293.38094859849
20261006,302430,"이노메트리",KOSDAQ,8200.0,4.46,"전기제품",9.31,44.485821675,80386305600.0,9710.0,-15.5509783728115,,58.3380762663631,21.8140068886338,5.0,30.1045237569404,2,1,0,47,"관망",40,24.6200607902736,89,20260909,13.3848133848134,8.23943591030945,0,0,,,,,1,7360.0,"지지 재탈환",0,0,8382.4808628278,8382.4808628278
20261006,302440,"SK바이오사이언스",KOSPI,37150.0,1.78,"제약",22.27,22.379112525,2914660943950.0,36850.0,2.44233378561737,2.44233378561737,51.6207455429498,10.4225352112676,9.4,86.1628164723703,0,1,0,80,"없음",29,-9.47242206235012,59,,,,1,0,20261006,36850.0,37750.0,86.2487584008489,1,36400.0,"지지 재탈환",0,0,36574.5293754145,36674.5293754145
20261006,302550,"리메드",KOSDAQ,2565.0,-2.66,"건강관리장비와용품",1.03,0.485733125,77655408345.0,2815.0,-7.99289520426288,,34.6296296296296,20.4013377926421,13.0,112.519272075586,0,3,0,83,"없음",38,-12.3519458544839,54,,,,0,0,,,,,0,,,0,0,2566.99606880618,2841.99606880618
20261006,303030,"지니틱스",KOSDAQ,1121.0,6.26,"반도체와반도체장비",2.28,0.9454190755,10265530596.0,1569.0,-28.55321861058,,53.6467486818981,57.8899082568807,5.4,213.152184921144,0,1,0,39,"없음",26,-72.1144278606965,2,20260721,29.8596112311015,3.78689337085779,0,0,,,,,0,,,0,0,1381.01388402635,2061.01388402635
20261006,303360,"프로티아",KOSDAQ,5990.0,1.01,"건강관리장비와용품",3.08,3.54357214,77149492850.0,5450.0,8.80733944954128,5.87155963302752,7.14285714285714,10.2376599634369,4.6,125.542326379709,3,1,0,61,"없음",44,34.4671201814059,92,20260929,10.5363984674329,12.099096356064,0,0,20260929,5450.0,5770.0,1295.85943882914,1,5440.0,"저항→지지",0,0,5684.9446712559,5684.9446712559
20261006,303810,"동국생명과학",KOSDAQ,2795.0,-0.36,"건강관리장비와용품",23.4,115.9194718375,89395671300.0,3600.0,-21.5277777777778,,0.0,26.9491525423729,15.0,58.9125433174181,0,1,0,48,"관망",26,-16.9117647058824,46,20260928,19.9275362318841,23.6499627850511,1,0,,,,,1,2315.0,"저항→지지",0,0,3217.72540303778,3217.72540303778
20261006,304100,"솔트룩스",KOSDAQ,15600.0,0.91,"IT서비스",10.09,11.026821985,196464138000.0,15860.0,-1.45018915510719,,72.7603787327021,20.808301474604,5.6,31.0850543368424,0,3,0,93,"없음",50,-26.2735849056604,29,20260824,14.508783344177,2.56067837886466,0,0,,,,,1,14850.0,"지지 재탈환",0,0,14666.9879596668,18356.9879596668
20261006,304360,"에스바이오메딕스",KOSDAQ,23150.0,10.77,"생물공학",10.57,5.525886625,288938113200.0,21300.0,8.45070422535211,8.45070422535211,45.850622406639,40.4282655246253,12.8,182.708064545716,0,1,0,66,"없음",29,-19.5121951219512,41,20260907,15.2836134453781,4.08789065866288,0,0,20261006,21300.0,23100.0,184.384564594955,1,21300.0,"저항→지지",1,1,20197.4378266634,20197.4378266634
20261006,306040,"에스제이그룹",KOSDAQ,1812.0,-7.79,"섬유,의류,신발,호화품",20.41,1.6220877355,16828123728.0,1903.0,-4.7819232790331,3.25801366263794,19.1765154403355,39.6428571428571,10.0,1221.47475414011,0,1,0,48,"없음",31,-69.5973154362416,2,20261002,29.9603174603175,8.38609815428833,0,0,20261002,1903.0,1965.0,334.967072942347,1,1717.0,"지지 재탈환",0,0,1649.0018874366,1924.0018874366
20261006,306200,"세아제강",KOSPI,155000.0,0.26,"철강",15.71,19.8981069,439626500000.0,168800.0,-8.59004739336493,,12.2611464968153,18.3448275862069,10.0,109.780242317158,4,1,0,73,"없음",45,24.4354838709677,89,,,,0,0,,,,,1,150500.0,"저항→지지",0,0,154027.580237847,154027.580237847
20261006,306620,"지아이에스",KOSDAQ,2210.0,0.0,"반도체와반도체장비",6.54,7.325796856,105952226640.0,2190.0,2.28310502283105,2.28310502283105,59.509844993716,21.5942028985507,6.6,79.1278534989353,2,2,0,60,"없음",46,-19.7132616487455,41,20260827,9.19345741680766,4.90206912662415,0,0,20261006,2190.0,2240.0,79.32205041986,1,1969.0,"저항→지지",0,0,1991.28035997236,1991.28035997236
20261006,307180,"아이엘",KOSDAQ,5810.0,0.52,"디스플레이장비및부품",9.7,14.09789177,214480077560.0,5960.0,-1.34228187919463,,31.3023610053313,19.8425196850394,5.6,56.1133891494202,3,3,0,80,"없음",60,14.6198830409357,85,,,,1,0,,,,,1,5420.0,"지지 재탈환",0,0,5374.17149320805,5624.17149320805
20261006,307280,"원바이오젠",KOSDAQ,5870.0,-1.34,"건강관리장비와용품",1.38,1.31853637,41645460490.0,6300.0,-4.76190476190476,,28.3928571428571,14.3598615916955,10.4,102.426488249608,1,1,0,46,"없음",32,-15.3737658674189,49,,,,0,0,,,,,0,,,0,0,5684.6925038965,5954.6925038965
20261006,307750,"국전",KOSDAQ,2410.0,2.12,"제약",3.24,2.95351362,130106954080.0,2375.0,1.68421052631579,1.68421052631579,46.4208242950108,17.3076923076923,5.2,64.2310253886574,0,3,0,98,"없음",48,-42.7046263345196,11,,,,1,0,20261006,2375.0,2415.0,64.4858187646265,1,2360.0,"저항→지지",1,0,2181.29857083257,2466.29857083257
20261006,307870,"비투엔",KOSDAQ,1267.0,3.01,"IT서비스",9.29,8.2667428105,94137194095.0,1300.0,-2.38461538461538,,29.6690970274818,20.5409974640744,5.6,88.724625481148,2,2,0,72,"없음",51,-1.85614849187935,72,20260828,22.0,5.51295153901871,0,0,,,,,1,1183.0,"저항→지지",0,0,1206.39883014887,1206.39883014887
20261006,307930,"컴퍼니케이",KOSDAQ,6460.0,0.62,"창업투자",9.5,3.298005975,100840600000.0,6700.0,-2.98507462686567,,13.9240506329114,23.3103448275862,6.4,227.925307103038,2,3,0,85,"없음",50,-7.93201133144476,62,20260602,30.0,5.01317594069595,1,0,,,,,1,6430.0,"저항→지지",0,0,5999.46394471459,6549.46394471459
20261006,307950,"현대오토에버",KOSPI,388500.0,1.57,"IT서비스",145.75,162.91969725,10654217007000.0,402000.0,-2.98507462686567,,71.2464589235127,30.045871559633,10.0,51.7467636105692,2,3,0,86,"관망",63,8.78661087866109,81,20260529,24.798927613941,2.61305531730806,0,0,,,,,1,376500.0,"지지 재탈환",0,0,361974.504466707,463974.504466707
20261006,308100,"형지글로벌",KOSDAQ,251.0,-1.95,"섬유,의류,신발,호화품",1.47,2.515627383,6480819498.0,420.0,-40.2380952380952,,59.4573024740623,53.1128404669261,6.4,63.3374025673375,0,2,0,50,"없음",30,-72.7173913043478,2,20260818,12.9675810473815,3.54925531249215,0,0,,,,,0,,,0,0,280.75766466532,601.75766466532
20261006,308170,"씨티알모빌리티",KOSPI,3390.0,0.59,"자동차부품",0.32,0.1810880425,29187900000.0,3990.0,-15.0375939849624,,1.72413793103449,26.2013729977117,6.8,144.280965440623,0,1,0,50,"없음",22,-30.3186022610483,24,,,,0,0,,,,,1,3375.0,"지지 재탈환",0,0,3576.13604888522,3866.13604888522
20261006,308430,"셀비온",KOSDAQ,14130.0,-3.35,"제약",3.9,4.774813745,182351196630.0,16870.0,-15.8269116775341,,42.7740863787375,24.1116751269036,6.8,107.015760825914,0,2,0,51,"없음",25,-54.7770700636943,4,,,,0,0,,,,,1,13760.0,"저항→지지",0,0,14751.9422046846,14751.9422046846
20261006,309960,"LB인베스트먼트",KOSDAQ,4350.0,0.69,"창업투자",1.02,1.762382845,100994989650.0,4350.0,-0.574712643678161,,31.5926892950392,18.1166837256909,6.8,51.8051567354395,0,1,0,89,"없음",31,-16.1821705426357,48,,,,1,0,,,,,0,,,0,0,4103.26113740978,4503.26113740978
20261006,310200,"애니플러스",KOSDAQ,2225.0,1.83,"방송과엔터테인먼트",4.49,3.919034201,116062310100.0,2005.0,10.9725685785536,4.48877805486284,58.5763888888889,35.8843537414966,6.8,63.239568865676,0,2,0,85,"없음",37,-18.9435336976321,42,20260929,8.60549507516848,4.73254358662597,0,0,20260929,2005.0,2095.0,258.911387947545,1,2005.0,"저항→지지",1,0,2007.97273843457,2727.97273843457
20261006,310210,"보로노이",KOSDAQ,155300.0,7.77,"제약",116.01,115.2475865,2891152233900.0,159800.0,-1.87734668335419,,37.8250591016548,29.3732970027248,4.2,82.0759339496351,1,2,0,55,"관망",42,-48.9250814332248,7,,,,1,0,,,,,0,,,0,0,144748.21479273,158748.21479273
20261006,310870,"디와이씨",KOSDAQ,1551.0,3.47,"자동차부품",2.73,2.1977333045,34001955702.0,1646.0,-5.71081409477521,,27.3242630385488,27.5316455696203,9.8,122.860311060025,3,2,0,78,"없음",56,1.43790849673203,75,20260904,15.0185873605948,5.4156367938532,0,0,,,,,1,1463.0,"저항→지지",0,0,1506.10387926257,1506.10387926257
20261006,311320,"지오엘리먼트",KOSDAQ,9270.0,5.58,"반도체와반도체장비",6.25,3.251400255,116936971200.0,8980.0,1.89309576837416,1.89309576837416,61.7707267144319,22.3,6.4,97.1569840645448,4,1,0,88,"없음",53,38.4266263237519,93,20260818,9.03614457831326,3.39662191615692,0,0,20261006,8980.0,9150.0,98.2904006198711,1,8260.0,"지지 재탈환",0,0,7999.21199401749,8789.21199401749
20261006,311390,"네오크레마",KOSDAQ,2475.0,-0.6,"식품",0.71,0.6457256875,31318127775.0,2920.0,-15.4109589041096,,0.0,29.8412698412698,2.4,121.372180930405,0,2,0,45,"없음",25,-41.1203814064362,12,,,,0,0,,,,,1,2375.0,"지지 재탈환",0,0,2709.89616823152,2709.89616823152
20261006,311690,"CJ 바이오사이언스",KOSDAQ,3740.0,-0.93,"생명과학도구및서비스",0.16,0.16931232,48864827880.0,4355.0,-12.1699196326062,,15.5155155155155,36.25,12.2,64.3380472679344,0,1,0,53,"없음",22,-51.0869565217391,6,,,,1,0,,,,,0,,,0,0,3853.83886010424,3853.83886010424
20261006,314130,"지놈앤컴퍼니",KOSDAQ,5880.0,6.91,"제약",40.19,26.3292949325,307520619000.0,4985.0,17.5526579739218,2.90872617853561,10.347271438696,30.7692307692308,9.8,148.80901504328,1,1,0,42,"없음",24,-25.7287705956907,30,20260923,13.0486358244365,3.1176507005197,0,0,20260930,4985.0,5130.0,236.516058756843,1,4985.0,"저항→지지",1,1,4841.31887497372,4841.31887497372
20261006,314140,"알피바이오",KOSDAQ,5760.0,0.0,"제약",0.26,1.150659655,49918239360.0,6330.0,-7.26698262243286,,55.9043348281016,25.171939477304,7.4,11.1767687493238,0,2,0,86,"없음",45,-6.37958532695375,64,20260810,11.9741100323625,13.8665930323531,0,0,,,,,0,,,0,0,5779.7584552099,6719.7584552099
20261006,314930,"바이오다인",KOSDAQ,6820.0,-0.15,"건강관리장비와용품",0.95,1.622052005,202991182460.0,7320.0,-6.83060109289618,,66.6108786610879,26.3397947548461,9.6,49.8918657232312,0,3,0,79,"없음",39,-42.6890756302521,11,,,,0,0,,,,,1,6790.0,"저항→지지",0,0,6581.2047147244,8201.2047147244
20261006,315640,"딥노이드",KOSDAQ,2220.0,0.45,"IT서비스",2.86,4.9879124075,65206355040.0,2440.0,-9.63114754098361,,0.0,23.7576582709326,9.4,47.9097576034732,0,1,0,46,"없음",29,-33.1818181818182,20,20260928,13.28125,17.3886415679861,0,0,,,,,1,1857.0,"저항→지지",0,0,2133.54780603388,2133.54780603388
20261006,316140,"우리금융지주",KOSPI,33400.0,-0.3,"은행",640.03,1245.7277058,24608671003800.0,37050.0,-9.7165991902834,,28.5115303983229,11.0473457675753,7.6,63.6551101889078,4,1,0,50,"관망",49,4.36817472698908,78,,,,0,0,,,,,0,,,0,0,34538.7027003503,34538.7027003503
20261006,317120,"라닉스",KOSDAQ,1518.0,5.27,"통신장비",5.4,0.8628344595,23164680000.0,1565.0,-1.2779552715655,,32.6187717265353,20.1741654571843,10.6,740.03243191535,0,1,0,60,"없음",31,-15.4814004376368,49,20261006,8.42105263157895,9.25853627933799,1,0,,,,,1,1491.0,"저항→지지",0,0,1386.8710110804,1392.8710110804
20261006,317240,"TS트릴리온",KOSDAQ,989.0,-1.1,"가정용품",0.83,0.8018842585,28855767179.0,1285.0,-22.8015564202335,,42.6330150068213,23.3776387802971,4.4,38.8869078909925,0,2,0,86,"없음",42,-38.1931464174455,15,20260812,12.6626192541197,2.74968358610717,0,0,,,,,0,,,0,0,1150.02173837513,1245.02173837513
20261006,317330,"덕산테코피아",KOSDAQ,13640.0,5.41,"반도체와반도체장비",12.5,16.243682165,279300605760.0,13615.0,2.68086669114947,2.68086669114947,45.7920792079208,23.9837398373984,4.4,99.7116260948816,0,2,0,76,"없음",43,-24.7578040904198,32,20260908,13.2721202003339,4.75859415547177,1,0,20261006,13615.0,13980.0,101.012984262456,1,11900.0,"저항→지지",0,0,12758.2439769385,13028.2439769385
20261006,317400,"자이에스앤디",KOSPI,10160.0,1.4,"건설",78.86,99.01927775,394030403200.0,11860.0,-13.4907251264755,,44.955223880597,40.9631391200951,9.8,52.8432954981192,5,1,0,62,"없음",58,153.333333333333,98,20260723,27.5115919629057,11.6581450028235,1,0,,,,,0,,,0,0,10219.8800662908,10279.8800662908
20261006,317450,"명인제약",KOSPI,43300.0,-0.8,"제약",4.05,4.702021975,632180000000.0,50500.0,-14.0594059405941,,44.8648648648649,25.095785440613,17.8,59.9668071500497,0,1,0,57,"없음",26,-19.0298507462687,42,,,,0,0,,,,,0,,,0,0,42983.0007833946,47883.0007833946
20261006,317530,"에피소드컴퍼니",KOSDAQ,3180.0,0.47,"양방향미디어와서비스",0.18,0.4412603975,55633724760.0,4290.0,-25.6410256410256,,1.92953020134228,36.2796833773087,11.6,56.1740685059526,0,3,0,72,"없음",33,-17.5710594315245,45,20260804,9.22787193973635,2.89842077045834,0,0,,,,,1,3150.0,"저항→지지",0,0,3705.88542623751,3705.88542623751
20261006,317690,"퀀타매트릭스",KOSDAQ,2315.0,0.43,"생명과학도구및서비스",0.67,1.1974525575,46612592135.0,2460.0,-4.0650406504065,,45.8912768647282,30.9318996415771,13.0,40.3631846023574,0,1,0,47,"없음",35,-35.0756533700138,18,20260810,29.8795180722891,3.83522893865066,0,0,,,,,1,2315.0,"지지 재탈환",0,0,2177.52025978635,2837.52025978635
20261006,317770,"엑스페릭스",KOSDAQ,3050.0,2.69,"전자장비와기기",3.72,4.13514607,112840856100.0,2780.0,8.99280575539568,6.29496402877698,33.9449541284404,24.1962774957699,8.0,69.7628636585796,1,3,0,82,"없음",40,2.36486486486486,76,20261001,12.5714285714286,7.40031025337359,0,0,20261001,2780.0,2955.0,464.45609562508,1,2780.0,"저항→지지",0,0,2720.05709097459,2720.05709097459
20261006,317830,"에스피시스템스",KOSDAQ,5070.0,1.81,"기계",3.19,2.3656098575,54623257260.0,5360.0,-5.03731343283582,,33.4529791816224,32.0388349514563,10.0,149.778662509048,0,2,0,49,"없음",35,-44.4929116684842,10,20260921,15.6908665105386,14.7046765077235,0,0,,,,,1,4600.0,"저항→지지",0,0,4742.59199434345,5082.59199434345
20261006,317850,"대모",KOSDAQ,6230.0,-0.16,"기계",1.8,17.764067645,51861136600.0,7360.0,-15.8967391304348,,29.140127388535,19.0556492411467,9.4,24.9117556267379,0,2,0,75,"없음",40,-24.969696969697,31,20260826,8.17843866171004,6.54793067748533,0,0,,,,,1,6160.0,"저항→지지",0,0,6733.07186208956,6733.07186208956
20261006,317870,"엔바이오니아",KOSDAQ,5250.0,0.19,"가정용기기와용품",0.7,0.549678185,46419948750.0,5800.0,-6.89655172413793,,18.4397163120567,31.9465081723626,6.0,94.7711641856961,0,1,0,48,"없음",27,-35.9430604982206,18,,,,0,0,,,,,1,5160.0,"저항→지지",0,0,4956.32343892326,5836.32343892326
20261006,318000,KBG,KOSDAQ,2735.0,0.55,"화학",0.08,0.19333842,23904509905.0,3140.0,-11.9426751592357,,42.9059829059829,19.0779014308426,12.0,35.5943182652945,0,1,0,54,"없음",25,-34.4009489916963,19,,,,0,0,,,,,0,,,0,0,2919.34695989511,2919.34695989511
20261006,318010,"팜스빌",KOSDAQ,3445.0,-1.85,"건강관리업체및서비스",0.03,0.080534505,27316569410.0,3650.0,-0.547945205479452,,0.0,14.9333333333333,10.4,30.4648874602001,4,1,0,47,"없음",47,6.6079295154185,79,,,,0,0,,,,,1,3530.0,"지지 재탈환",0,0,3563.88611614903,3563.88611614903
20261006,318020,"포인트모바일",KOSDAQ,2580.0,0.0,"전자장비와기기",0.1,0.215321725,31737281760.0,2930.0,-11.9453924914676,,48.6301369863014,21.7391304347826,10.2,15.426390890147,0,2,0,51,"없음",45,-23.6686390532544,34,20260807,16.588785046729,9.04516565041422,0,0,,,,,0,,,0,0,2627.07101935492,2897.07101935492
20261006,318060,"그래피",KOSDAQ,16060.0,-0.68,"건강관리장비와용품",9.65,7.68090818,179781694620.0,22450.0,-28.5968819599109,,68.8931913520491,21.3547052740434,9.4,83.1793828816941,1,1,0,44,"없음",31,-62.5904317386231,3,20260811,10.9452736318408,2.74660341224154,0,0,,,,,1,15500.0,"지지 재탈환",0,0,16612.9015009996,21502.9015009996
20261006,318160,"셀바이오휴먼텍",KOSDAQ,6960.0,3.42,"화장품",1.11,3.14798451,64989090480.0,7650.0,-10.9803921568627,,26.3529411764706,28.3582089552239,7.0,32.2027665192409,0,2,0,63,"없음",39,-2.71428571428571,70,,,,0,0,,,,,0,,,0,0,6717.64162910477,7107.64162910477
20261006,318410,"비비씨",KOSDAQ,6270.0,-1.88,"가정용품",1.05,0.301626905,34831373610.0,6580.0,-5.47112462006079,,28.322440087146,17.5040518638574,10.6,221.940059365467,0,3,0,92,"없음",39,-13.3704735376045,52,,,,0,0,,,,,0,,,0,0,6519.01457265883,6519.01457265883
20261006,319660,"피에스케이",KOSDAQ,154000.0,1.32,"반도체와반도체장비",493.79,483.79902805,4460873956000.0,140900.0,9.29737402413059,5.60681334279631,59.4778351917324,53.7735849056604,10.8,89.2942032696637,4,1,0,55,"돌파완료",53,93.7106918238994,97,20260612,13.4178905206943,2.67114604732582,0,0,20260929,140900.0,148800.0,67.4242260471659,1,140900.0,"저항→지지",0,0,139194.594922925,189194.594922925
20261006,320000,"한울반도체",KOSDAQ,10300.0,0.39,"전자장비와기기",11.18,25.91940735,71210801000.0,12250.0,-15.3469387755102,,81.9966660492684,50.9411764705882,10.4,33.4888036023261,2,2,0,64,"없음",52,45.6665261974996,93,20260901,29.9435028248588,2.85775802416161,0,0,,,,,1,10300.0,"지지 재탈환",0,0,10250.1781714713,15000.1781714713
20261006,321260,"프로이천",KOSDAQ,1800.0,0.73,"디스플레이장비및부품",2.4,2.3538424605,50745751200.0,1839.0,-2.01196302338227,,55.1688130873651,10.2416570771001,3.8,112.578894299617,1,1,0,54,"없음",32,-12.3114355231144,54,,,,0,0,,,,,1,1700.0,"저항→지지",0,0,1635.78408024217,1635.78408024217
20261006,321370,"센서뷰",KOSDAQ,2050.0,8.47,"통신장비",250.86,166.4361632845,144775614550.0,2030.0,3.69458128078818,3.69458128078818,1.19798234552333,36.4727054589082,7.4,218.6129764382,1,2,0,49,"관망",45,-28.3038147138965,26,20260917,23.9795918367347,11.887626645479,0,0,20261006,2030.0,2105.0,227.505096019386,1,1193.0,"저항→지지",1,1,1661.41464236116,1661.41464236116
20261006,321550,"티움바이오",KOSDAQ,4725.0,4.42,"제약",5.13,6.95357608,141931794375.0,5000.0,-5.9,,32.2873658133774,24.2957746478873,3.6,87.0197279487178,1,2,0,76,"없음",42,-60.495382031906,3,20260907,8.12356979405033,12.905422232469,1,0,,,,,1,4435.0,"저항→지지",0,0,5038.19208579249,5038.19208579249
20261006,321820,"아티스트컴퍼니",KOSDAQ,4235.0,19.46,"방송과엔터테인먼트",19.47,11.1885047975,66029477360.0,4090.0,1.9559902200489,1.9559902200489,0.0,28.4671532846715,9.8,304.670727038833,1,3,0,76,"없음",35,11.9463087248322,84,20260914,29.9424184261037,51.5645219477228,0,0,20261006,4090.0,4170.0,323.195127005325,1,2760.0,"저항→지지",1,1,3454.78758405288,3454.78758405288
20261006,322000,"HD현대에너지솔루션",KOSPI,150000.0,7.68,"에너지장비및서비스",451.35,368.3801116,1680000000000.0,147500.0,2.64406779661017,2.64406779661017,65.4637637936177,24.6727748691099,7.6,77.2137879109562,3,1,0,61,"관망",52,8.84255930984903,81,20260723,29.7276853252648,4.74717228386228,0,0,20261006,147500.0,151400.0,77.1258941434527,1,130500.0,"저항→지지",1,0,124791.739109289,189791.739109289
20261006,322180,"LS티라유텍",KOSDAQ,4600.0,-0.65,"IT서비스",5.43,2.768532805,98882087600.0,4250.0,8.58823529411765,2.58823529411765,29.0707587382779,20.2439024390244,9.4,125.997112091841,0,2,0,51,"없음",30,-31.8316100443131,22,,,,0,0,20261001,4250.0,4360.0,96.4085575579352,1,4250.0,"저항→지지",0,0,4466.24007943419,4466.24007943419
20261006,322310,"오로스테크놀로지",KOSDAQ,16650.0,1.52,"반도체와반도체장비",31.41,13.6794197,155952924300.0,16280.0,3.31695331695332,3.31695331695332,70.6815365551425,49.6073903002309,11.2,144.950560727242,0,2,0,50,"없음",37,-43.4621848739496,10,,,,0,0,20261006,16280.0,16820.0,146.822995778202,1,13380.0,"저항→지지",0,0,14740.7548119312,18090.7548119312
20261006,322510,"제이엘케이",KOSDAQ,5350.0,4.09,"건강관리기술",4.24,8.06344128,137633522200.0,5560.0,-3.23741007194245,,20.4983922829582,27.1812080536913,7.2,66.0592015697895,1,2,0,63,"없음",42,-20.8823529411765,39,20260911,17.2031076581576,14.3919717334912,0,0,,,,,1,5200.0,"저항→지지",0,0,5031.45707410039,5291.45707410039
20261006,322780,"코퍼스코리아",KOSDAQ,1617.0,-0.49,"방송과엔터테인먼트",0.65,0.746290782,24628484958.0,2245.0,-24.988864142539,,50.5156441181612,27.3333333333333,5.6,85.283427057377,0,1,0,46,"없음",26,-27.5698924731183,27,20260703,18.2364729458918,16.8480238961831,0,0,,,,,0,,,0,0,1878.69120928414,2208.69120928414
20261006,323280,"태성",KOSDAQ,61400.0,3.19,"전자장비와기기",188.21,200.990192125,1875031972000.0,49850.0,25.777331995988,9.12738214643932,37.2789115646259,24.5567375886525,6.4,106.561183927512,2,2,0,70,"관망",34,23.9130434782609,89,20260929,13.5699373695198,3.3261534287101,0,0,20260929,49850.0,54400.0,297.473732469816,1,49850.0,"저항→지지",1,1,54567.7798301228,54567.7798301228
20261006,323350,"다원넥스뷰",KOSDAQ,10150.0,0.0,"반도체와반도체장비",12.76,7.544008015,81309335800.0,10690.0,-5.51917680074836,,19.1304347826087,28.4042553191489,6.8,234.871276131956,2,1,0,48,"없음",41,1.50753768844221,75,20260923,8.51063829787233,2.90155826375537,0,0,,,,,1,8770.0,"저항→지지",0,0,9551.32750329721,9551.32750329721
20261006,323410,"카카오뱅크",KOSPI,20050.0,1.78,"은행",139.83,158.405188345,9566264761850.0,22500.0,-10.8888888888889,,61.5660490137478,17.7777777777778,11.0,91.0019007804051,0,1,0,60,"관망",29,-16.2839248434238,48,,,,0,0,,,,,1,19900.0,"지지 재탈환",0,0,21365.4961969406,22715.4961969406
20261006,323990,"박셀바이오",KOSDAQ,4415.0,3.03,"제약",3.36,6.4416233775,102681178175.0,5090.0,-13.9489194499018,,50.3703703703704,35.2564102564103,4.2,55.2323240942275,0,2,0,65,"없음",35,-42.5950196592398,11,20260901,26.5917602996255,6.60521816239944,1,0,,,,,1,4270.0,"지지 재탈환",0,0,4826.61552221411,5566.61552221411
20261006,326030,"SK바이오팜",KOSPI,76600.0,1.06,"제약",73.36,86.3991603,5998794950000.0,90400.0,-14.4911504424779,,64.6039603960396,20.3883495145631,7.2,78.1415100985197,0,1,0,50,"없음",29,-18.4599156118143,43,20260826,8.53080568720379,4.4414319503979,0,0,,,,,1,77100.0,"지지 재탈환",0,0,82842.9210317571,88942.9210317571
20261006,327260,"RF머트리얼즈",KOSDAQ,58100.0,10.67,"우주항공과국방",557.74,527.397861,1045068404800.0,51300.0,13.2553606237817,3.7037037037037,22.2029057494102,39.5242821955075,10.0,136.36550713245,5,2,0,58,"돌파완료",63,90.3046184081232,97,20260909,22.6086956521739,6.59971894112061,0,0,20261002,51300.0,53200.0,289.064892535934,1,40350.0,"저항→지지",1,1,48491.3877088037,48491.3877088037
20261006,328130,"루닛",KOSDAQ,11110.0,5.11,"건강관리기술",68.61,90.23218391,827230379800.0,12490.0,-11.128903122498,,16.7597765363129,32.396694214876,7.2,112.130299229933,0,2,0,52,"관망",35,-32.0851688693098,22,20260928,13.7791286727457,8.52131974034453,1,0,,,,,1,10570.0,"저항→지지",0,0,10993.0490606529,10993.0490606529
20261006,328380,"솔트웨어",KOSDAQ,3760.0,0.0,"IT서비스",0.4,0.645951705,25765606800.0,5490.0,-26.3205828779599,,20.6429780033841,13.8576779026217,12.2,22.1144154529782,1,1,0,48,"없음",35,5.61357702349869,79,20260610,29.8816568047337,9.88389684410513,1,0,,,,,1,3770.0,"지지 재탈환",0,0,3678.17173492666,4843.17173492666
20261006,329180,"HD현대중공업",KOSPI,420500.0,-1.29,"조선",705.7,1181.75954925,44136195112500.0,491000.0,-14.1547861507128,,61.844331641286,18.836291913215,9.6,69.5805186995901,0,2,0,73,"관망",35,-9.35483870967742,60,,,,0,0,,,,,0,,,0,0,448856.666659197,499856.666659197
20261006,330350,"위더스제약",KOSDAQ,7100.0,-2.07,"제약",3.49,29.9411094,93717728000.0,8800.0,-18.9772727272727,,71.4377406931964,28.2105263157895,4.6,9.55195219438966,1,2,0,61,"없음",47,-12.4078624078624,54,20260828,14.2666666666667,3.69622746576947,0,0,,,,,0,,,0,0,7727.97785633928,8427.97785633928
20261006,330590,"롯데리츠",KOSPI,4180.0,2.83,"부동산",7.01,5.98784855,1207889935120.0,4195.0,-1.90703218116806,,35.8605821056414,9.6128170894526,9.2,117.710319697705,3,3,0,85,"없음",49,-11.027027027027,57,,,,1,0,,,,,1,3995.0,"저항→지지",0,0,3935.868892277,3935.868892277
20261006,330730,"스톤브릿지벤처스",KOSDAQ,4695.0,1.95,"창업투자",1.71,1.378882595,85532711850.0,5020.0,-6.37450199203187,,43.8534278959811,13.5214007782101,5.6,112.39513057638,0,2,0,75,"없음",37,-18.1184668989547,43,,,,1,0,,,,,1,4620.0,"지지 재탈환",0,0,4624.20850627741,4894.20850627741
20261006,330860,"네패스아크",KOSDAQ,34050.0,5.58,"반도체와반도체장비",148.68,62.880115225,414866732250.0,27750.0,22.1621621621622,14.2342342342342,55.8539944903581,59.0443686006826,11.2,209.92863002624,3,2,0,59,"수축중",49,49.6688741721854,94,20260917,11.864406779661,3.47349216412352,0,0,20260929,27750.0,31700.0,194.270845166175,1,25950.0,"저항→지지",1,0,28684.4580714492,37234.4580714492
20261006,331380,"포커스에이아이",KOSDAQ,2100.0,-1.41,"전자장비와기기",0.44,0.671491584,77616476700.0,2175.0,-3.44827586206897,,51.1813643926789,20.9401709401709,6.4,42.0016214973439,0,3,0,91,"없음",50,-13.5802469135802,52,20260907,9.40803382663848,2.50228640404592,0,0,,,,,1,2055.0,"지지 재탈환",0,0,1943.50879459247,2083.50879459247
20261006,331520,"밸로프",KOSDAQ,2215.0,0.68,"게임엔터테인먼트",0.13,0.59023132,21709626990.0,2685.0,-18.8081936685289,,2.25563909774437,32.5842696629214,14.8,18.6791313755611,0,2,0,64,"없음",35,-14.3418467583497,51,20260811,23.5555555555556,13.6820578965435,0,0,,,,,0,,,0,0,2577.23949958469,2577.23949958469
20261006,331740,"아우토크립트",KOSDAQ,7360.0,8.24,"자동차부품",4.58,3.81589039,71767293760.0,8440.0,-14.0995260663507,,38.4731670445956,22.4657534246575,6.6,182.5975407878,0,1,0,47,"없음",26,-49.7226074895978,7,20260911,10.9422492401216,8.24074914194713,0,0,,,,,1,6700.0,"저항→지지",0,0,7330.99492655229,7330.99492655229
20261006,331920,"셀레믹스",KOSDAQ,10110.0,-5.25,"생물공학",6.38,5.66777917,113045521050.0,13120.0,-21.7987804878049,,13.2720775906074,27.5285839929639,9.0,93.6208983520074,2,1,0,44,"없음",36,-18.7004754358162,42,20260828,18.9164370982553,9.3621812954895,0,0,,,,,1,10140.0,"지지 재탈환",0,0,12749.1273832503,12769.1273832503
20261006,332290,"누보",KOSDAQ,4500.0,0.45,"화학",0.6,0.9477966825,35726620500.0,4755.0,-6.4143007360673,,16.793893129771,24.6794871794872,11.0,58.3253453538394,0,1,0,53,"없음",35,-30.2507836990596,24,20260730,14.4719687092568,2.69068689422672,0,0,,,,,0,,,0,0,5122.33297101597,5122.33297101597
20261006,332370,"아이디피",KOSDAQ,5180.0,-0.58,"컴퓨터와주변기기",0.46,0.11872825,68757900680.0,5640.0,-8.51063829787234,,0.0,13.4146341463415,7.4,190.294757996985,3,1,0,72,"없음",40,3.2,77,,,,0,0,,,,,0,,,0,0,5193.10762712794,5293.10762712794
20261006,332570,"PS일렉트로닉스",KOSDAQ,9280.0,0.22,"핸드셋",126.28,216.016869115,426328795840.0,9790.0,-4.90296220633299,,45.1592356687898,39.6309314586995,6.6,40.4181849595846,4,2,0,72,"수축중",70,88.8438133874239,97,20260813,29.918509895227,4.85797982475573,0,0,,,,,1,8200.0,"저항→지지",0,0,8448.68811510042,10038.6881151004
20261006,333050,"이노테나",KOSDAQ,5850.0,0.86,"IT서비스",0.91,0.7931440325,28807857000.0,5890.0,-1.52801358234295,,33.9382940108893,16.8207024029575,9.8,140.209475154792,0,3,0,77,"없음",36,-8.64703102850843,61,,,,0,0,,,,,1,5400.0,"저항→지지",0,0,5323.41174553397,5323.41174553397
20261006,333430,"일승",KOSDAQ,3875.0,-0.64,"조선",3.68,8.278255705,119066144625.0,4190.0,-7.39856801909308,,68.2123245881635,21.7962760131435,6.6,8.88192224919788,0,1,0,89,"없음",33,-23.4714003944773,34,20260731,8.83152173913044,5.66444851654165,0,0,,,,,0,,,0,0,3761.14087819941,4211.14087819941
20261006,333620,"엔시스",KOSDAQ,5270.0,4.36,"전자장비와기기",2.12,3.58590715,57958985700.0,6000.0,-12.8333333333333,,15.9353348729792,11.913357400722,4.8,126.629831455694,0,1,0,42,"없음",22,-6.77361853832442,64,,,,1,0,,,,,1,5070.0,"지지 재탈환",0,0,5501.58868723628,5501.58868723628
20261006,334890,"이지스밸류플러스리츠",KOSPI,3595.0,-1.1,"부동산",2.4,3.3607060625,249668015385.0,3870.0,-6.58914728682171,,9.17647058823529,9.78260869565217,9.2,69.0907212798504,0,1,0,56,"없음",31,-10.6304079110012,58,,,,0,0,,,,,0,,,0,0,3777.90581717596,3827.90581717596
20261006,334970,"프레스티지바이오로직스",KOSDAQ,1544.0,7.67,"제약",0.62,2.614089304,120050071528.0,1650.0,-12.0,,18.6979560938683,36.7934224049332,14.6,19.7886378255996,0,1,0,29,"없음",25,-39.6257796257796,13,,,,0,0,,,,,0,,,0,0,1545.58412090771,1741.58412090771
20261006,335810,"프리시젼바이오",KOSDAQ,1497.0,0.74,"생명과학도구및서비스",0.1,0.281019113,32858410482.0,1920.0,-20.6770833333333,,0.0,26.250644662197,1.8,89.3159207546088,0,2,0,42,"없음",30,-37.8367346938776,15,20260918,12.9161118508655,4.34375489177612,0,0,,,,,1,1481.0,"저항→지지",0,0,1686.80480145904,1686.80480145904
20261006,335870,"윙스풋",KOSDAQ,4085.0,0.0,"섬유,의류,신발,호화품",0.1,0.24441373,13685133990.0,5490.0,-26.2295081967213,,54.0883074407195,40.0,4.8,65.0422365881695,0,2,0,47,"없음",30,-59.5,3,20260929,8.67052023121386,5.98636195289863,0,0,,,,,0,,,0,0,4816.48048334736,5756.48048334736
20261006,336060,"웨이버스",KOSDAQ,3120.0,0.32,"IT서비스",0.15,0.31952865,30048844800.0,3420.0,-8.91812865497076,,34.2443729903537,28.3667621776504,15.4,58.0782991838774,0,1,0,74,"없음",25,-36.1025641025641,17,,,,0,0,,,,,1,3090.0,"저항→지지",0,0,3132.08954905494,3132.08954905494
20261006,336260,"두산퓨얼셀",KOSPI,47400.0,3.38,"에너지장비및서비스",209.44,524.04566765,3104402612400.0,54600.0,-12.4542124542125,,48.0634920634921,21.4963119072708,4.8,44.2154055835087,2,2,0,61,"관망",55,43.1137724550898,93,20260909,9.44162436548224,2.56455011567903,0,0,,,,,1,46000.0,"저항→지지",0,0,51071.1744262545,51071.1744262545
20261006,336370,"솔루스첨단소재",KOSPI,9360.0,7.09,"전자장비와기기",53.62,21.25177301,657187109280.0,8980.0,4.56570155902004,4.56570155902004,34.4924812030075,27.6797829036635,9.8,344.761077079838,2,1,0,57,"없음",45,6.10169491525424,79,20260911,12.5661375661376,14.9453588905437,0,0,20261006,8980.0,9390.0,364.845791675395,1,8210.0,"저항→지지",1,1,7924.34686563149,7924.34686563149
20261006,336570,"원텍",KOSDAQ,5140.0,2.59,"건강관리장비와용품",27.63,18.883944655,458902520440.0,5130.0,0.779727095516569,0.779727095516569,62.520325203252,21.5929203539823,7.0,115.987006942371,0,2,0,85,"없음",35,-23.7463126843658,33,,,,0,0,20261006,5130.0,5170.0,116.481996515531,1,5070.0,"저항→지지",1,0,4721.24169235314,5221.24169235314
20261006,336680,"탑런토탈솔루션",KOSDAQ,3070.0,3.72,"자동차부품",2.92,0.6069434575,120176863060.0,3095.0,-0.969305331179321,,35.0932909884875,13.3214920071048,5.6,501.186374000284,0,3,0,85,"없음",34,-15.6808803301238,49,,,,1,1,,,,,1,3000.0,"저항→지지",0,0,2849.65545477598,2849.65545477598
20261006,337930,"젝시믹스",KOSDAQ,2395.0,0.63,"섬유,의류,신발,호화품",1.89,1.6234352525,69572184955.0,2475.0,-4.24242424242424,,45.9016393442623,22.8333333333333,5.0,116.501055879915,0,2,0,80,"없음",33,-42.1951219512195,12,,,,0,0,,,,,0,,,0,0,2465.23184998572,2930.23184998572
20261006,338100,"NH프라임리츠",KOSPI,3800.0,-1.81,"부동산",4.87,1.893244145,70908000000.0,3975.0,-4.27672955974843,,18.5110663983903,17.3140954495006,2.6,287.720258837443,0,2,0,74,"없음",30,-16.5570175438596,47,,,,0,0,,,,,0,,,0,0,4286.80494999662,4286.80494999662
20261006,338220,"뷰노",KOSDAQ,8600.0,2.99,"건강관리기술",28.42,31.8145376425,120415677800.0,8900.0,-3.03370786516854,,0.0,58.2758620689655,15.4,191.118417097139,0,1,0,29,"관망",24,-44.0699935191186,10,20260929,14.9171270718232,12.8430187168001,0,0,,,,,1,5460.0,"저항→지지",0,0,7739.13088638892,7739.13088638892
20261006,338840,"와이바이오로직스",KOSDAQ,8490.0,-0.35,"생물공학",1.52,2.15477132,130778796870.0,9300.0,-8.17204301075269,,65.3295128939828,32.8690807799443,10.6,34.9374517596673,0,2,0,72,"없음",45,-72.2276422764228,2,20260731,8.77659574468086,2.87842909986553,0,0,,,,,1,8350.0,"지지 재탈환",0,0,8139.72014875206,10819.7201487521
20261006,339770,"교촌에프앤비",KOSPI,3915.0,1.42,"식품",1.72,1.1695394125,195613288200.0,4000.0,-2.25,,7.15935334872978,20.1142857142857,15.6,98.0104477722405,1,1,0,73,"없음",32,-3.8130381303813,68,,,,1,0,,,,,0,,,0,0,3841.66456364428,3841.66456364428
20261006,339950,"아이비김영",KOSDAQ,2375.0,-0.84,"교육서비스",1.29,1.160415135,106748305625.0,3070.0,-22.1498371335505,,0.214132762312636,20.4081632653061,9.8,57.4635818840328,3,1,0,51,"없음",41,3.91304347826087,78,,,,0,0,,,,,0,,,0,0,2787.07816624609,2867.07816624609
20261006,340360,"다보링크",KOSDAQ,860.0,-2.6,"통신장비",0.78,1.5917882295,46116529920.0,957.0,-10.1358411703239,,50.1395348837209,21.3372664700098,7.6,30.511549855493,0,1,0,56,"없음",33,-47.3361910593999,8,20260807,10.485651214128,3.14641710761672,0,0,,,,,0,,,0,0,872.74695448138,872.74695448138
20261006,340450,"지씨지놈",KOSDAQ,10180.0,14.64,"생명과학도구및서비스",206.68,42.723640195,240765072740.0,7190.0,42.0027816411683,1.25173852573018,0.0,22.6415094339623,9.4,786.827790740905,3,3,0,80,"관망",42,33.4640522875817,92,20261006,14.2058165548098,5.18125642256272,0,0,20260922,7190.0,7280.0,648.928174857433,1,7190.0,"저항→지지",1,1,8399.82474429002,8399.82474429002
20261006,340570,"티앤엘",KOSDAQ,28600.0,3.81,"건강관리장비와용품",20.11,17.524838425,459605432000.0,29150.0,-1.71526586620926,,61.9709973364901,22.0760233918129,5.2,75.1914929452967,4,2,0,84,"없음",60,13.3351793979192,85,20260804,10.054450190062,3.52367000550742,1,0,,,,,0,,,0,0,27634.2180317209,33184.2180317209
20261006,340810,"시선AI",KOSDAQ,3660.0,5.63,"소프트웨어",5.9,13.3161856,51055104120.0,5100.0,-28.5294117647059,,1.45423438836612,26.1006289308176,9.8,45.9094090836408,3,3,0,77,"없음",50,48.7755102040816,94,20260921,9.63139120095125,6.71249920027878,0,0,,,,,0,,,0,0,4417.52703223232,4417.52703223232
20261006,342870,"오아",KOSDAQ,3970.0,11.67,"가정용기기와용품",0.1,0.1638434575,21637282090.0,4000.0,-3.75,,35.8419567262465,16.1006289308176,4.2,72.6500688351109,0,1,0,45,"없음",27,-39.4654088050315,14,,,,1,0,,,,,1,3510.0,"지지 재탈환",0,0,3544.85988890893,4064.85988890893
20261006,344820,"KCC글라스",KOSPI,24200.0,-0.21,"건축자재",1.8,3.09299905,386486390400.0,25650.0,-5.65302144249513,,44.3262411347518,16.6666666666667,14.6,64.2379278616435,1,1,0,83,"없음",32,-2.02429149797571,71,,,,0,0,,,,,1,24150.0,"지지 재탈환",0,0,24175.1685842222,24975.1685842222
20261006,344860,"이노진",KOSDAQ,1295.0,-0.31,"화장품",1.14,1.591240818,19463850000.0,1796.0,-28.3964365256125,,3.58324145534731,23.1714812538414,7.0,103.60543612966,0,2,0,84,"없음",36,-15.1155115511551,50,20260812,14.1647421093149,66.0595081842736,0,0,,,,,0,,,0,0,1596.70291753105,1596.70291753105
20261006,347000,"센코",KOSDAQ,1900.0,-1.04,"전자장비와기기",3.84,1.0553117085,71840607400.0,1900.0,-0.105263157894737,,38.1381381381381,30.6239267315398,9.4,401.589440760508,0,3,0,89,"없음",34,-9.83372921615202,59,,,,1,0,,,,,1,1891.0,"저항→지지",0,0,1808.8380753968,1808.8380753968
20261006,347740,"피엔케이피부임상연구센타",KOSDAQ,1662.0,0.73,"생명과학도구및서비스",0.16,0.505697594,49877577312.0,2030.0,-17.192118226601,,35.7246376811594,27.2931907709623,10.6,42.1716816566874,0,2,0,63,"없음",28,-15.95,48,,,,0,0,,,,,0,,,0,0,1706.33577903172,1897.33577903172
20261006,347770,"핌스",KOSDAQ,915.0,8.54,"디스플레이장비및부품",1.19,0.502858097,20733627330.0,982.0,-7.02647657841141,,22.6403823178017,34.8189415041783,4.8,157.221018234632,1,1,0,64,"없음",30,-51.3585508790623,6,,,,1,0,,,,,1,851.0,"지지 재탈환",0,0,873.625047555604,963.625047555604
20261006,347850,"디앤디파마텍",KOSDAQ,47950.0,11.51,"생물공학",530.92,236.37257805,2205517262550.0,45700.0,4.48577680525164,4.48577680525164,76.8156424581006,39.0977443609023,7.2,121.623952624703,0,2,0,77,"관망",47,-29.5722713864307,25,20261006,9.51834862385321,2.52178311688407,1,0,20261006,45700.0,47750.0,121.678685085168,1,42400.0,"지지 재탈환",0,0,43460.9518019408,71060.9518019408
20261006,347860,"알체라",KOSDAQ,1700.0,4.81,"소프트웨어",3.55,2.238910913,71661199900.0,1831.0,-6.38995084653195,,26.3936852491366,24.3209096651927,8.0,107.174029035637,0,3,0,85,"없음",36,-4.19228619340414,67,,,,0,0,,,,,1,1537.0,"저항→지지",0,0,1623.52396296247,1645.52396296247
20261006,347890,"엠엑스온",KOSDAQ,4445.0,2.07,"전자장비와기기",0.45,0.5633661825,75623691780.0,4445.0,0.112485939257593,,59.5284872298625,29.0598290598291,7.0,12.6639759010566,0,2,0,88,"없음",45,-14.4230769230769,51,,,,1,0,,,,,1,4415.0,"지지 재탈환",0,0,4239.32748454641,5499.32748454641
20261006,348030,"모비릭스",KOSDAQ,3070.0,18.08,"게임엔터테인먼트",7.82,0.97593405,29483666000.0,3145.0,7.47217806041335,7.47217806041335,5.12892376681615,31.0626702997275,4.8,562.180841531626,3,2,0,66,"없음",52,27.5471698113208,90,20261006,21.8018018018018,22.4950676760725,1,0,20261006,3145.0,3380.0,611.0417528699,1,2710.0,"지지 재탈환",1,0,2690.08238095905,3210.08238095905
20261006,348080,"큐라티스",KOSDAQ,3850.0,0.52,"생물공학",1.82,12.3686798725,49386849050.0,6140.0,-37.4592833876222,,0.0,48.0039920159681,7.6,24.1583280678271,0,1,0,35,"없음",26,-52.5398591027067,5,20260917,29.9595141700405,5.59327220478429,0,0,,,,,1,2990.0,"저항→지지",0,0,5267.41486167722,5267.41486167722
20261006,348150,"고바이오랩",KOSDAQ,2985.0,-0.17,"건강관리업체및서비스",0.43,0.604544205,57965383665.0,3020.0,-1.32450331125828,,54.9330085261876,31.044776119403,9.4,57.8022214216736,0,2,0,66,"없음",30,-48.0836236933798,8,,,,0,0,,,,,1,2855.0,"저항→지지",0,0,2721.23819037408,3071.23819037408
20261006,348210,"넥스틴",KOSDAQ,40550.0,6.43,"반도체와반도체장비",50.18,32.20727775,424842552750.0,34700.0,19.164265129683,4.89913544668588,58.8097102584182,23.407022106632,6.4,154.842011454867,0,2,0,66,"관망",37,-33.84,20,20260910,8.84676145339654,5.92370144878902,0,0,20260930,34700.0,36400.0,87.3931818220809,1,34700.0,"저항→지지",1,1,35580.1371784881,36130.1371784881
20261006,348340,"뉴로메카",KOSDAQ,22650.0,1.57,"기계",126.0,73.31342446,530200803600.0,21000.0,7.38095238095238,7.61904761904762,52.3370726495726,36.1785264620327,10.0,146.816253044005,1,1,0,68,"관망",38,-40.7389887522338,13,20260814,10.2803738317757,3.17454281511189,0,0,20261002,21000.0,22600.0,153.154606107468,1,20700.0,"저항→지지",0,0,19618.3799994576,24468.3799994576
20261006,348350,"위드텍",KOSDAQ,9740.0,-0.81,"반도체와반도체장비",1.66,2.13629376,95194864000.0,10410.0,-7.58885686839577,,20.6439393939394,14.7894221351616,5.0,60.95812554876,4,2,0,71,"없음",48,0.627615062761506,74,,,,0,0,,,,,1,9110.0,"지지 재탈환",0,0,9253.9175647646,9363.9175647646
20261006,348370,"엔켐",KOSDAQ,24250.0,7.3,"전기제품",77.07,39.86034155,531341604500.0,23350.0,5.13918629550321,5.13918629550321,61.1618880681107,39.0322580645161,7.4,122.097300811518,0,2,0,70,"관망",42,-40.04884004884,13,20260716,9.57943925233644,3.73275215810995,0,0,20261006,23350.0,24550.0,123.036245299984,1,21300.0,"저항→지지",1,0,20069.2046192362,24619.2046192362
20261006,350520,"이지스레지던스리츠",KOSPI,3280.0,0.61,"부동산",2.43,0.9792688975,120921142560.0,3450.0,-6.23188405797101,,19.76401179941,9.20863309352518,7.0,217.633452639689,0,1,0,76,"없음",27,-11.0041265474553,57,,,,0,0,,,,,0,,,0,0,3262.60829734635,3287.60829734635
20261006,351330,"이삭엔지니어링",KOSDAQ,3700.0,7.87,"IT서비스",0.94,1.498278835,30667524000.0,3980.0,-9.04522613065327,,22.7479526842584,28.7990196078431,10.0,84.4471102092113,0,2,0,59,"없음",32,-48.0631276901004,8,20260918,13.5537190082645,12.8383459307745,1,0,,,,,1,3300.0,"지지 재탈환",0,0,3448.01071348155,3953.01071348155
20261006,351870,"차이커뮤니케이션",KOSDAQ,2170.0,0.0,"광고",0.44,0.4125644275,24218593140.0,2455.0,1.83299389002037,1.83299389002037,32.2894168466523,24.1584158415842,9.6,136.051701246141,0,1,0,51,"없음",33,-35.6499356499356,18,20261006,12.8668171557562,5.03835092734506,1,0,20261006,2455.0,2500.0,135.103933775559,1,2195.0,"지지 재탈환",0,0,2142.54198950199,2567.54198950199
20261006,352090,"스톰테크",KOSDAQ,3675.0,-0.14,"가정용기기와용품",1.28,1.909890365,98758267650.0,4060.0,-10.0985221674877,,5.86666666666666,7.20221606648199,11.2,84.4564377939339,4,2,0,67,"없음",48,2.0979020979021,76,,,,0,0,,,,,0,,,0,0,3838.66003296864,3838.66003296864
20261006,352480,"씨앤씨인터내셔널",KOSDAQ,20600.0,-0.24,"화장품",1.55,2.6727708,280775960600.0,22850.0,-10.9409190371991,,39.9805447470817,26.7699115044248,14.8,46.0851056204117,0,2,0,62,"없음",43,-22.6235741444867,36,20260812,9.0692124105012,4.45830651522704,0,0,,,,,0,,,0,0,20922.9319238594,21972.9319238594
20261006,352700,"씨앤투스",KOSDAQ,1464.0,0.76,"섬유,의류,신발,호화품",0.15,0.2383627355,38469380136.0,1506.0,-0.464807436918991,,44.5750452079566,26.2388818297332,14.8,37.7204311499988,0,1,0,77,"없음",31,-24.9374061091637,32,,,,0,0,,,,,1,1474.0,"저항→지지",0,0,1421.60890757264,1421.60890757264
20261006,352820,"하이브",KOSPI,157000.0,1.09,"방송과엔터테인먼트",193.14,293.6585254,6767773252000.0,165600.0,-4.95169082125604,,68.0646570554827,17.7575107296137,7.6,54.5075911389787,0,1,0,55,"관망",31,-47.3578595317726,8,,,,0,0,,,,,0,,,0,0,173660.079969392,217760.079969392
20261006,352910,"오비고",KOSDAQ,4765.0,0.21,"소프트웨어",0.4,0.40983383,60219126530.0,5490.0,-13.3879781420765,,6.1878453038674,23.4643734643735,10.0,57.1840942323534,2,1,0,52,"없음",40,8.56164383561644,81,20260826,14.6437994722955,3.69982948583421,0,0,,,,,1,4745.0,"저항→지지",0,0,5154.34885283791,5154.34885283791
20261006,352940,"인바이오",KOSDAQ,2050.0,2.24,"화학",0.07,0.90634046,22278846500.0,2440.0,-15.9836065573771,,11.1247318418633,15.1162790697674,14.4,15.8473578322101,0,1,0,73,"없음",30,-3.30188679245283,69,20260911,12.0906801007557,48.8617564468685,0,0,,,,,0,,,0,0,2147.05273437527,2147.05273437527
20261006,353190,"휴럼",KOSDAQ,2600.0,0.19,"건강관리업체및서비스",0.06,0.115927675,20476778400.0,2730.0,-4.94505494505495,,38.4615384615385,17.1717171717172,5.2,29.0653222827864,0,2,0,85,"없음",43,-18.1388012618297,43,,,,0,0,,,,,1,2535.0,"지지 재탈환",0,0,2527.40097457049,2822.40097457049
20261006,353200,"대덕전자",KOSPI,157600.0,6.63,"전자장비와기기",1672.97,1283.9062878,7788107380000.0,110400.0,43.2065217391304,1.17753623188406,45.5383326351068,24.9404289118348,6.4,117.989334155915,4,2,0,67,"돌파완료",45,106.12777053455,97,20260922,8.55199222546161,3.87517728821714,0,0,20260922,110400.0,111700.0,304.422272976073,1,110400.0,"저항→지지",1,1,134525.051024283,134525.051024283
20261006,353590,"오토앤",KOSDAQ,1556.0,3.11,"자동차부품",0.27,0.1445808265,20034386920.0,1658.0,-8.3232810615199,,11.5583075335397,17.6582278481013,9.2,148.825035130196,0,1,0,50,"없음",25,-43.9114391143911,10,,,,0,0,,,,,1,1511.0,"지지 재탈환",0,0,1512.07840622837,1593.07840622837
20261006,353810,"이지바이오",KOSDAQ,5910.0,-2.96,"식품",9.08,4.311010675,195514147200.0,6350.0,-6.61417322834646,,53.7473233404711,12.65625,10.8,182.922924480686,1,1,0,54,"없음",32,-14.4300144300144,51,,,,0,0,,,,,0,,,0,0,6147.5590640328,6507.5590640328
20261006,354200,"엔젠바이오",KOSDAQ,710.0,-7.07,"생명과학도구및서비스",5.34,10.839993979,11421473930.0,1886.0,-62.3541887592789,,47.4990230558812,68.2432432432432,4.6,117.638338768332,0,2,0,42,"없음",30,-83.1073043064478,1,20260915,31.2898089171975,33.4870851403522,0,0,,,,,0,,,0,0,1508.0492857633,2472.0492857633
20261006,354320,"알멕",KOSDAQ,50700.0,16.02,"자동차부품",277.87,79.9331513,324043016700.0,42900.0,18.8811188811189,2.0979020979021,13.2521489971347,39.6449704142012,11.2,474.825384501709,3,1,0,49,"관망",35,6.80628272251309,79,20261006,16.4383561643836,3.19342083215049,0,0,20261002,42900.0,43800.0,173.910124601031,1,41300.0,"저항→지지",1,1,36211.3151453591,36211.3151453591
20261006,355150,"코스텍시스",KOSDAQ,24900.0,6.87,"반도체와반도체장비",51.14,26.00223247,194154015000.0,22500.0,12.6666666666667,0.888888888888889,44.2888888888889,25.678496868476,4.8,187.610113219202,2,3,0,76,"없음",45,22.1686746987952,88,20260917,12.6760563380282,4.75649392718895,0,0,20260930,22500.0,22700.0,199.995278351043,1,22250.0,"저항→지지",1,1,20285.790794249,21235.790794249
20261006,355390,"크라우드웍스",KOSDAQ,1581.0,12.29,"IT서비스",6.43,6.4716476025,25206584964.0,1980.0,-21.3636363636364,,10.9200343938091,32.037037037037,4.8,101.359961944617,0,2,0,59,"없음",35,-37.2177419354839,16,20260917,10.9433962264151,10.0671566499885,1,0,,,,,1,1452.0,"저항→지지",0,0,1582.82841310536,2002.82841310536
20261006,355690,"에이텀",KOSDAQ,5500.0,2.04,"전자장비와기기",3.17,4.71294251,52637139500.0,6060.0,-9.24092409240924,,38.0885453267744,23.2407407407407,6.4,69.3576521654646,4,2,0,77,"없음",52,7.84313725490196,80,20260618,10.7660455486542,7.04908881173692,0,0,,,,,1,5160.0,"저항→지지",0,0,5406.85899476746,5406.85899476746
20261006,356680,"엑스게이트",KOSDAQ,20350.0,8.3,"소프트웨어",1487.57,1006.07034254,580860062200.0,19980.0,3.6036036036036,3.6036036036036,14.6442076314885,19.9548192771084,4.8,251.915487575259,4,2,0,62,"돌파완료",69,212.688821752266,99,20260923,9.43847072879331,4.39039619559773,0,0,20261006,19980.0,20700.0,264.211564012037,1,13280.0,"저항→지지",1,1,17001.6226831652,17001.6226831652
20261006,356860,"티엘비",KOSDAQ,50300.0,3.82,"반도체와반도체장비",266.93,272.611022275,1192173378000.0,46500.0,8.81720430107527,3.87096774193548,43.245485105578,56.0567674820079,10.8,90.4159002904564,3,1,0,49,"관망",48,68.9933872152829,96,20260922,15.9947984395319,4.12311315411798,0,0,20261001,46500.0,48300.0,116.01534232506,1,46500.0,"저항→지지",1,1,44186.8180571203,44186.8180571203
20261006,356890,"싸이버원",KOSDAQ,2765.0,6.96,"IT서비스",11.93,4.26091626,33052326125.0,2955.0,-3.8917089678511,,6.41711229946524,27.2727272727273,7.0,445.759709974799,0,1,0,54,"없음",31,-5.80431177446103,65,20260911,11.9047619047619,38.1870945844019,0,0,,,,,1,2410.0,"저항→지지",0,0,2617.51616179005,2617.51616179005
20261006,357120,"코람코라이프인프라리츠",KOSPI,4060.0,-1.69,"부동산",2.95,3.0991268625,395181537240.0,4365.0,-6.41466208476518,,13.5135135135135,17.3098125689085,17.6,109.574731804229,0,3,0,79,"없음",38,-8.61297539149888,61,20260612,8.0368906455863,2.747276943794,0,0,,,,,0,,,0,0,4063.02434061899,4123.02434061899
20261006,357230,"에이치피오",KOSDAQ,2100.0,-1.18,"건강관리업체및서비스",0.37,0.4959635975,86716299600.0,2275.0,-6.37362637362637,,0.0,18.3898305084746,14.6,59.470130883034,0,3,0,73,"없음",36,-9.36170212765957,60,,,,0,0,,,,,1,2080.0,"지지 재탈환",0,0,2082.25620898677,2162.25620898677
20261006,357250,"미래에셋맵스리츠",KOSPI,1853.0,0.05,"부동산",0.51,0.5399881275,46315929565.0,2250.0,-17.5111111111111,,2.27568270481144,8.25593395252838,7.0,83.0389613847612,0,1,0,46,"없음",22,-21.3559322033898,38,,,,0,0,,,,,1,1851.0,"지지 재탈환",0,0,2164.77899471114,2164.77899471114
20261006,357430,"마스턴프리미어리츠",KOSPI,771.0,-2.9,"부동산",0.17,0.199449536,23519591697.0,1010.0,-22.1782178217822,,51.0703363914373,44.2231075697211,11.2,65.795220836021,0,1,0,67,"없음",26,-44.4915254237288,10,20260710,29.9159663865546,4.74042767078051,0,0,,,,,0,,,0,0,921.328346355874,921.328346355874
20261006,357550,"석경에이티",KOSDAQ,32800.0,0.61,"화학",0.78,0.742051525,178924000000.0,34950.0,-4.00572246065808,,65.6346749226006,25.968992248062,11.2,59.196935688035,0,1,0,59,"없음",31,-34.8543689320388,19,,,,0,0,,,,,1,31000.0,"저항→지지",0,0,30994.5830785207,34844.5830785207
20261006,357580,"아모센스",KOSDAQ,8290.0,4.94,"핸드셋",27.07,29.18691936,97737126980.0,7600.0,8.15789473684211,3.02631578947368,11.0913930789707,39.5864106351551,11.2,165.911760977219,1,2,0,65,"없음",37,-52.4305555555556,5,20260916,28.9320388349515,38.553051760391,0,0,20260930,7600.0,7830.0,388.186356555867,1,7600.0,"저항→지지",0,0,7258.56874674469,7258.56874674469
20261006,357780,"솔브레인",KOSDAQ,424500.0,1.07,"반도체와반도체장비",123.92,121.19934225,3302001267000.0,353000.0,20.5382436260623,4.24929178470255,39.9164054336468,36.4306784660767,11.2,87.4342737822953,4,1,0,73,"돌파완료",50,16.8956043956044,86,20260923,8.87573964497042,2.53951089124885,0,0,20260923,353000.0,368000.0,175.119868708208,1,353000.0,"저항→지지",0,0,391006.506898778,391006.506898778
20261006,357880,SKAI,KOSDAQ,1764.0,2.14,"IT서비스",17.09,12.7577534215,95619071772.0,2095.0,-14.9880668257757,,61.990243902439,29.9787685774947,7.4,127.016433195283,2,1,0,57,"없음",32,-43.5499207606973,10,,,,0,0,,,,,0,,,0,0,1777.98172711244,2747.98172711244
20261006,358570,"지아이이노베이션",KOSDAQ,9080.0,2.95,"생물공학",22.39,29.99217832,585805334480.0,9800.0,-7.24489795918367,,25.4397834912043,22.1761658031088,7.0,63.76063686043,0,1,0,51,"없음",25,-28.0285035629454,27,,,,1,0,,,,,1,8880.0,"저항→지지",0,0,8269.88665075416,8269.88665075416
20261006,359090,"씨엔알리서치",KOSDAQ,2280.0,0.0,"제약",0.12,0.224766554,26206646040.0,2560.0,-10.9375,,0.0,17.4814814814815,12.0,55.1997844648927,0,1,0,53,"없음",25,-42.6415094339623,11,,,,0,0,,,,,1,2045.0,"저항→지지",0,0,2276.17430991836,2276.17430991836
20261006,360070,"탑머티리얼",KOSDAQ,10400.0,3.07,"전자장비와기기",1.85,1.246571705,85197247200.0,9660.0,9.21325051759834,2.89855072463768,41.5911379657603,23.191278493558,7.2,77.350688308554,0,3,0,92,"없음",42,-40.4963338973491,13,,,,0,0,20261001,9660.0,9940.0,66.2176379673136,1,9660.0,"저항→지지",1,1,9092.53900856635,9092.53900856635
20261006,360350,"코셈",KOSDAQ,12890.0,17.18,"전자장비와기기",16.95,6.392836795,70095433300.0,6970.0,84.3615494978479,4.44763271162123,0.0,39.4124847001224,10.4,411.478327376487,3,2,0,39,"없음",35,-19.8378041172801,41,20260930,22.5274725274725,9.44665018863016,0,0,20260921,6970.0,7280.0,270.025631987626,1,6970.0,"저항→지지",1,1,9867.28805591947,9867.28805591947
20261006,361390,"제노코",KOSDAQ,13580.0,-2.51,"우주항공과국방",13.71,3.765711395,132220053980.0,13580.0,0.662739322533137,2.06185567010309,43.6414565826331,37.9552715654952,12.2,378.889155113871,0,2,0,71,"없음",36,-52.4521739130435,5,20260917,11.2889637742207,7.28216863820694,0,0,20261002,13580.0,13860.0,208.294653265899,1,13580.0,"저항→지지",0,0,12464.9367995084,12894.9367995084
20261006,361570,"알비더블유",KOSDAQ,1617.0,1.7,"방송과엔터테인먼트",0.13,1.5288778845,46477901547.0,1870.0,-13.7967914438503,,25.4953764861295,33.0939226519337,15.0,11.9660050225977,0,2,0,66,"없음",35,-14.5733969263381,51,20260911,13.2578281145903,10.9138390145689,0,0,,,,,1,1548.0,"지지 재탈환",0,0,1718.70610426243,1718.70610426243
20261006,361610,"SK아이이테크놀로지",KOSPI,18060.0,2.15,"전기제품",90.63,98.016919415,1477075026000.0,18540.0,-1.99568500539374,,22.1358216692587,23.74749498998,5.2,100.750903076707,0,2,0,73,"없음",40,-14.4941176470588,51,20260826,29.9479166666667,32.3810471532418,1,0,,,,,1,16050.0,"지지 재탈환",0,0,16879.2462732481,17709.2462732481
20261006,361670,"삼영에스앤씨",KOSDAQ,3990.0,3.1,"전자장비와기기",0.23,0.2435879525,22613955420.0,3800.0,4.60526315789474,1.84210526315789,29.8701298701299,14.3258426966292,11.4,183.466711059848,4,1,0,79,"없음",53,39.7188049209139,93,20260626,17.6470588235294,12.6864979462038,0,0,20261002,3800.0,3870.0,180.445342297036,1,3800.0,"저항→지지",1,1,3558.77979837796,3558.77979837796
20261006,362320,"청담글로벌",KOSDAQ,4195.0,-0.12,"인터넷과카탈로그소매",0.8,4.0242259725,86806786815.0,5240.0,-19.6564885496183,,52.5849335302807,35.1500789889415,7.0,13.1185345008656,0,2,0,60,"없음",42,-12.0167189132706,55,20260721,13.2142857142857,10.8831264002182,0,0,,,,,0,,,0,0,4710.5410493098,5800.5410493098
20261006,362990,"드림인사이트",KOSDAQ,1201.0,-0.17,"광고",0.17,0.267958803,20177489374.0,1392.0,-14.2959770114943,,8.26229508196721,20.2390438247012,8.0,53.7782918702415,0,1,0,40,"없음",26,-23.525641025641,34,20260625,8.10526315789473,3.78728578516971,0,0,,,,,0,,,0,0,1252.15004048379,1252.15004048379
20261006,363250,"진시스템",KOSDAQ,4150.0,-0.48,"건강관리장비와용품",0.1,0.430282735,35309785300.0,4725.0,-11.6402116402116,,22.3726627981947,24.75442043222,7.6,13.6694542267789,1,1,0,74,"없음",38,-38.2396449704142,15,20260728,13.5910224438903,8.02985035047865,0,0,,,,,1,4150.0,"저항→지지",0,0,4295.95260927933,4505.95260927933
20261006,363260,"모비데이즈",KOSDAQ,4105.0,-0.24,"광고",0.19,1.27918653,26406451065.0,5490.0,-24.4990892531876,,25.5605381165919,34.7058823529412,3.4,19.049492316567,0,2,0,53,"없음",42,-41.7018284106892,12,20260804,8.36762688614541,3.51330877688032,0,0,,,,,0,,,0,0,5280.59689221349,5280.59689221349
20261006,363280,"티와이홀딩스",KOSPI,2075.0,0.73,"호텔,레스토랑,레저",0.14,0.4441990045,94406965975.0,2150.0,-4.41860465116279,,1.77430801987224,23.4192037470726,15.4,35.2725841712345,0,1,0,55,"없음",31,-22.4528301886792,36,,,,0,0,,,,,1,1980.0,"저항→지지",0,0,2127.67777329002,2127.67777329002
20261006,364950,"에이아이코리아",KOSDAQ,3835.0,2.54,"전자장비와기기",1.47,0.64784712,31816866575.0,3450.0,12.3188405797101,4.34782608695652,52.7322404371585,23.6111111111111,3.4,180.080551319091,0,2,0,82,"없음",25,-36.4754098360656,17,,,,0,0,20261001,3450.0,3600.0,505.324700296028,1,3450.0,"저항→지지",0,0,3519.00692437593,3874.00692437593
20261006,365270,"큐라클",KOSDAQ,10080.0,-1.18,"제약",4.72,5.072380255,223342479360.0,10970.0,-6.4721969006381,,54.2056074766355,30.406852248394,9.4,51.962034389025,2,2,0,52,"없음",50,-27.4911660777385,27,20260810,18.1818181818182,4.43585421246105,0,0,,,,,1,9610.0,"저항→지지",0,0,9554.26348222949,11424.2634822295
20261006,365330,"에스와이스틸텍",KOSDAQ,1660.0,1.65,"건축자재",5.53,7.660171654,83283860000.0,1920.0,-13.4895833333333,,56.4264487369985,17.0773638968481,5.2,75.2462487215881,0,3,0,89,"없음",33,-49.9698795180723,6,20260826,8.00000000000001,6.34734528061276,0,0,,,,,1,1630.0,"저항→지지",0,0,1730.76883790054,1730.76883790054
20261006,365340,"성일하이텍",KOSDAQ,39050.0,3.58,"전기제품",21.78,11.94092645,504569540750.0,40450.0,-2.34857849196539,,38.8261851015801,45.2873563218391,13.0,133.423329362469,0,1,0,56,"없음",27,-33.8358458961474,20,,,,0,0,,,,,1,36250.0,"저항→지지",0,0,36183.6161117176,36183.6161117176
20261006,365550,"ESR켄달스퀘어리츠",KOSPI,3180.0,2.58,"부동산",5.65,7.42101165,782563020000.0,3265.0,-3.21592649310873,,30.3102625298329,13.9705882352941,7.0,45.5426291685365,0,2,0,87,"없음",35,-26.9364161849711,28,,,,1,0,,,,,0,,,0,0,3029.88671118501,3234.88671118501
20261006,365900,"브이씨",KOSDAQ,2515.0,2.86,"레저용장비와제품",0.18,0.99282262,18385404500.0,2795.0,-10.1967799642218,,54.5045045045045,22.2410865874363,6.4,25.3930404054003,0,2,0,72,"없음",43,-16.1936560934891,48,20260618,16.2393162393162,22.3043733861804,0,0,,,,,1,2355.0,"지지 재탈환",0,0,2462.92092443356,2612.92092443356
20261006,366030,"나인앤컴퍼니",KOSDAQ,4580.0,5.65,"섬유,의류,신발,호화품",5.34,2.7462642125,103754633000.0,4765.0,-3.25288562434418,,49.4736842105263,27.1777003484321,6.0,159.538121214227,0,2,0,82,"없음",40,-10.8317214700193,57,20260818,8.86597938144329,2.50096158214334,1,0,,,,,0,,,0,0,4373.91852256746,5123.91852256746
20261006,367000,"플래티어",KOSDAQ,3515.0,-0.14,"IT서비스",0.05,0.183541405,29484547605.0,3670.0,-5.44959128065395,,1.49253731343285,15.4838709677419,10.0,42.2721015601101,0,2,0,55,"없음",30,-11.4795918367347,56,,,,0,0,,,,,1,3325.0,"지지 재탈환",0,0,3845.11310369271,3845.11310369271
20261006,368770,"파이버프로",KOSDAQ,14460.0,-0.69,"전자장비와기기",68.25,26.2025107,475072093500.0,14150.0,3.18021201413428,4.02826855123675,36.6557734204793,23.750855578371,6.0,273.760078461137,2,3,0,76,"없음",52,-21.2938005390836,38,20260810,15.2514427040396,2.74024246911509,0,0,20261002,14150.0,14720.0,288.853579601542,1,14150.0,"저항→지지",0,0,13204.7562703772,13204.7562703772
20261006,368970,"오에스피",KOSDAQ,2430.0,-2.02,"식품",2.21,0.9747645175,27312514740.0,2900.0,-15.8620689655172,,52.4844720496894,33.210332103321,11.6,224.302569115803,2,1,0,57,"없음",36,4.63121783876501,78,20260917,8.88888888888888,3.45822141574145,0,0,,,,,1,2400.0,"저항→지지",0,0,2598.68124624083,2598.68124624083
20261006,369370,"블리츠웨이엔터테인먼트",KOSDAQ,2990.0,0.34,"방송과엔터테인먼트",0.06,0.3135235275,29823402180.0,4040.0,-26.3613861386139,,37.8653113087675,27.909887359199,7.0,25.9473510695574,0,1,0,38,"없음",26,-53.0757097791798,5,20260617,9.61761297798378,6.21503903066667,0,0,,,,,0,,,0,0,3366.39907180482,3856.39907180482
20261006,370090,"퓨런티어",KOSDAQ,6250.0,1.3,"전자장비와기기",0.66,1.238586005,53480187500.0,7300.0,-13.2876712328767,,44.3645083932854,33.5090361445783,9.8,49.3682796050538,0,2,0,65,"없음",36,-46.8513853904282,8,,,,1,0,,,,,0,,,0,0,6558.89654456337,6558.89654456337
20261006,371950,"풍원정밀",KOSDAQ,2980.0,0.0,"디스플레이장비및부품",2.76,7.0241448925,70223729800.0,3925.0,-24.203821656051,,35.9205776173285,54.3220338983051,6.6,75.9015151951994,0,1,0,42,"없음",26,-75.7142857142857,2,20260916,21.602787456446,7.24760491873537,0,0,,,,,0,,,0,0,3192.51707608747,5447.51707608747
20261006,372170,"윤성에프앤씨",KOSDAQ,23200.0,5.45,"전자장비와기기",4.4,2.394911375,185113913600.0,22800.0,1.53508771929825,1.53508771929825,54.1111472213195,23.7606837606838,7.8,73.8402530343443,0,2,0,71,"없음",49,-18.4859154929577,43,20260814,29.7327394209354,6.06075706481661,0,0,20261006,22800.0,23150.0,74.0577413044015,1,19930.0,"지지 재탈환",1,0,20283.1010966168,20983.1010966168
20261006,372320,"큐로셀",KOSDAQ,22700.0,-1.3,"생물공학",4.18,5.244002275,345656350400.0,22500.0,4.0,1.77777777777778,65.9831121833534,36.9465648854962,12.8,99.0485740710911,0,1,0,60,"없음",29,-52.3421588594705,5,,,,0,0,20261001,22500.0,22900.0,165.680604506286,1,22500.0,"저항→지지",0,0,23613.9155648903,25913.9155648903
20261006,372800,"아이티아이즈",KOSDAQ,2975.0,2.94,"IT서비스",0.23,0.69669274,20935637275.0,3170.0,-6.15141955835962,,45.6369982547993,18.6046511627907,10.8,35.8185128414514,0,1,0,61,"없음",31,-26.3613861386139,29,20260702,18.2242990654206,16.7792244585381,0,0,,,,,0,,,0,0,2835.12256423714,2835.12256423714
20261006,372910,"한컴라이프케어",KOSPI,2135.0,-0.23,"건강관리장비와용품",5.44,25.729249207,59084856810.0,2505.0,-14.1716566866267,,0.0,26.0194174757282,14.6,35.6973061338043,0,1,0,39,"없음",26,-6.52173913043478,64,20260917,8.68473895582329,6.01033349246559,0,0,,,,,1,1883.0,"저항→지지",0,0,2267.14211249953,2267.14211249953
20261006,373110,"엑셀세라퓨틱스",KOSDAQ,1065.0,7.25,"생물공학",1.29,0.9273858195,18418529610.0,1100.0,-4.45454545454546,,58.8449848024316,35.82995951417,5.2,52.8555014727694,0,2,0,79,"없음",47,-24.4971264367816,32,20260826,15.4385964912281,84.7657728015746,1,0,,,,,0,,,0,0,1012.84291299317,1346.84291299317
20261006,373160,"데이원컴퍼니",KOSDAQ,3240.0,0.31,"교육서비스",0.1,0.18305997,44007202800.0,3660.0,-11.4754098360656,,0.0,19.7142857142857,7.8,56.6100942121448,0,2,0,57,"없음",28,-31.063829787234,23,,,,0,0,,,,,0,,,0,0,3218.90512485631,3233.90512485631
20261006,373170,"엠아이큐브솔루션",KOSDAQ,1928.0,5.07,"IT서비스",2.2,2.5016040735,29139387120.0,2870.0,-32.9616724738676,,46.7902051621443,23.8042269187987,9.2,71.9258009251013,0,1,0,52,"없음",30,-23.1936127744511,34,20260902,30.0,10.0311423399576,1,0,,,,,1,1780.0,"저항→지지",0,0,2593.20353415559,2593.20353415559
20261006,373200,"엑스플러스",KOSDAQ,1946.0,2.96,"핸드셋",2.51,1.680242579,48734139202.0,2280.0,-14.4736842105263,,27.5676994388875,21.1469534050179,5.6,145.54250006693,0,1,0,50,"없음",26,-42.9824561403509,11,20260907,11.8614210217264,12.6798054962057,0,0,,,,,1,1849.0,"저항→지지",0,0,1890.42285955292,1995.42285955292
20261006,373220,"LG에너지솔루션",KOSPI,388000.0,4.58,"전기제품",1688.01,1018.02150775,90792000000000.0,376000.0,3.32446808510638,3.32446808510638,54.1511771995043,17.0,9.8,147.92946926141,1,1,0,85,"관망",42,-1.52091254752852,72,20260528,15.2542372881356,3.75446294038789,0,0,20261006,376000.0,388500.0,150.199011728233,1,367000.0,"저항→지지",1,1,344204.543760313,355204.543760313
20261006,375500,"DL이앤씨",KOSPI,73900.0,-1.47,"건설",143.83,355.37557905,2859458739700.0,90600.0,-18.1015452538631,,18.8579017264276,26.5275707898659,9.6,55.1587848030173,4,3,0,75,"관망",60,11.0778443113772,83,20260616,13.1645569620253,4.31487817716048,0,0,,,,,0,,,0,0,82053.8017996097,82053.8017996097
20261006,376180,"피코그램",KOSDAQ,1580.0,5.33,"가정용기기와용품",0.36,0.459772966,29326440040.0,1741.0,-12.6364158529581,,27.0901639344262,42.0476497102382,9.6,48.7797336683499,0,1,0,57,"없음",22,-42.4952741020794,11,,,,0,0,,,,,1,1415.0,"저항→지지",0,0,1507.34977000551,1536.34977000551
20261006,376270,"HEM파마",KOSDAQ,33600.0,-3.31,"건강관리업체및서비스",2.74,2.823971475,242563339200.0,34900.0,-3.43839541547278,0.573065902578797,64.9408284023669,33.4741288278775,6.4,77.9163910446927,0,2,0,81,"없음",35,-52.4011299435028,5,,,,0,0,20261002,34900.0,35100.0,147.770876055573,0,,,0,0,35550.626946299,43000.626946299
20261006,376290,"씨유테크",KOSDAQ,2880.0,4.16,"핸드셋",0.16,0.173415525,50853600000.0,3270.0,-11.9266055045872,,0.0,20.2898550724638,10.2,41.8239099669789,3,1,0,61,"없음",44,6.07734806629834,79,,,,0,0,,,,,1,2760.0,"지지 재탈환",0,0,2942.52221241889,2942.52221241889
20261006,376300,"디어유",KOSDAQ,18750.0,0.0,"양방향미디어와서비스",21.86,11.65709117,445095112500.0,18310.0,2.45767340251229,0.546149645002731,56.8478718921197,25.0337078651685,8.2,133.558793445779,0,1,0,77,"없음",29,-38.2894736842105,15,,,,0,0,20260929,18310.0,18410.0,235.30195282025,1,17390.0,"저항→지지",0,0,17581.0384270027,20581.0384270027
20261006,376900,"로킷헬스케어",KOSDAQ,28750.0,3.6,"건강관리장비와용품",35.67,42.67634975,501552087500.0,32900.0,-12.3100303951368,,74.0980573543016,35.978835978836,6.8,68.5379116969188,0,1,0,57,"관망",29,-76.8830128205128,1,20260720,26.9906928645295,3.47305799422848,1,0,,,,,1,28500.0,"저항→지지",0,0,27351.9950021456,56451.9950021456
20261006,376930,"노을",KOSDAQ,1429.0,0.63,"건강관리장비와용품",0.62,1.8308441325,14659059256.0,1788.0,-20.0782997762864,,61.1099476439791,21.9298245614035,3.0,37.9261075043556,0,2,0,68,"없음",40,-82.2814631122133,1,20260916,8.98245614035087,2.57313046458383,0,0,,,,,0,,,0,0,1551.63928352895,3289.63928352895
20261006,376980,"원티드랩",KOSDAQ,3200.0,0.0,"상업서비스와공급품",0.23,0.1772379375,31252460800.0,3260.0,-4.14110429447853,0.766871165644172,1.84331797235023,18.2282793867121,9.4,29.6150689249203,0,2,0,69,"없음",43,-4.87062404870624,66,,,,0,0,20261001,3260.0,3285.0,16.4255436248602,1,2940.0,"지지 재탈환",0,0,3077.49752223203,3147.49752223203
20261006,377030,"비트맥스",KOSDAQ,2330.0,8.12,"IT서비스",1.92,0.7858238175,33299665660.0,2190.0,6.39269406392694,6.39269406392694,18.6766623207301,17.6708860759494,4.8,124.693139858937,0,2,0,65,"없음",37,-15.884476534296,49,20260921,10.2720710716269,3.42168235942404,0,0,20261006,2190.0,2330.0,127.484738913768,1,1950.0,"저항→지지",1,1,1884.01449443073,1884.01449443073
20261006,377190,"디앤디플랫폼리츠",KOSPI,1996.0,0.05,"부동산",2.71,4.53173765,176446400000.0,2390.0,-16.4016736401674,,1.2295081967213,11.6143497757848,6.4,73.7659154630816,0,1,0,41,"없음",22,-34.2763157894737,19,,,,0,0,,,,,0,,,0,0,2266.91751303037,2266.91751303037
20261006,377220,"프롬바이오",KOSDAQ,1910.0,1.17,"건강관리업체및서비스",0.97,1.4736269475,10814420000.0,3465.0,-44.8773448773449,,46.2097902097902,57.2947976878613,7.2,54.5754519840188,0,1,0,42,"없음",26,-70.1095461658842,2,20260811,10.6606606606607,95.696437901843,0,0,,,,,0,,,0,0,2961.22759506208,3821.22759506208
20261006,377300,"카카오페이",KOSPI,40450.0,0.75,"IT서비스",49.6,110.521423175,5472910159900.0,48900.0,-17.1779141104294,,48.448956570784,15.9358288770053,8.0,40.4273627429132,0,1,0,58,"관망",29,-17.093142272262,45,,,,0,0,,,,,0,,,0,0,44868.4684471822,44968.4684471822
20261006,377330,"이지트로닉스",KOSDAQ,2760.0,0.91,"전기제품",0.06,0.09619908,22466273040.0,3460.0,-20.2312138728324,,0.0,19.0812720848057,9.4,42.5748616574713,0,2,0,69,"없음",35,-12.7962085308057,53,20260526,13.7931034482759,7.33167284421195,0,0,,,,,0,,,0,0,3016.73268936299,3016.73268936299
20261006,377450,"리파인",KOSDAQ,14150.0,-2.28,"상업서비스와공급품",1.55,17.81932109,245219500000.0,16870.0,-16.4196799051571,,0.0,21.6744186046512,16.6,7.46810399048608,3,1,0,56,"없음",45,24.4483671668138,89,20260818,17.8939617083947,27.429167146047,0,0,,,,,0,,,0,0,15696.177379255,15696.177379255
20261006,377480,"마음AI",KOSDAQ,10420.0,2.36,"IT서비스",3.75,4.854613925,74089065500.0,10890.0,-3.76492194674013,,70.0846660395108,27.9105628373169,8.2,24.153221371411,0,3,0,93,"없음",50,-23.8925199709513,33,20260728,19.5995785036881,21.0037861992751,1,0,,,,,1,9870.0,"지지 재탈환",0,0,9767.22636172185,11797.2263617219
20261006,377740,"바이오노트",KOSPI,4665.0,-0.74,"건강관리장비와용품",2.17,1.7820346625,475298413920.0,5080.0,-8.16929133858268,,50.2471169686985,13.6460554371002,9.4,83.4362940252292,0,2,0,70,"없음",33,-7.80632411067194,62,,,,0,0,,,,,0,,,0,0,4596.17944265158,4826.17944265158
20261006,378340,"필에너지",KOSDAQ,13500.0,5.06,"전기제품",10.59,5.496671845,292192407000.0,12560.0,7.72292993630573,2.46815286624204,58.8437321121923,30.9792843691149,9.2,170.696008583233,0,3,0,83,"없음",34,-7.5187969924812,63,,,,0,0,20261002,12560.0,12870.0,128.950072739908,1,12560.0,"저항→지지",1,1,11842.5120908327,11842.5120908327
20261006,378850,"화승알앤에이",KOSPI,2825.0,-0.88,"자동차부품",0.63,0.5894708975,53656984975.0,3085.0,-7.61750405186386,,37.5647668393782,20.3020134228188,12.0,66.0537387544656,0,2,0,77,"없음",39,-12.5766871165644,53,,,,0,0,,,,,0,,,0,0,2898.89816469795,3013.89816469795
20261006,380550,"뉴로핏",KOSDAQ,8230.0,3.39,"건강관리기술",9.03,14.352970235,100396667180.0,8920.0,-7.73542600896861,,32.9831932773109,39.3805309734513,9.6,104.90194864594,0,2,0,55,"없음",28,-55.8239398819109,4,,,,0,0,,,,,1,7320.0,"저항→지지",0,0,7627.77177367387,7987.77177367387
20261006,381620,"제닉스로보틱스",KOSDAQ,6310.0,0.96,"기계",2.41,2.7110429,82774075200.0,6300.0,0.158730158730159,,67.0004353504571,26.536312849162,7.8,37.2776917476548,0,3,0,92,"없음",52,-24.6117084826762,32,20260721,13.6276391554703,11.1605851976814,1,0,,,,,1,6210.0,"저항→지지",0,0,5713.05167718187,6423.05167718187
20261006,381970,"KG모빌리티플랫폼",KOSPI,6300.0,-0.32,"자동차",0.84,3.84591924,307571342400.0,6620.0,-5.13595166163142,,44.7916666666667,24.748743718593,7.0,16.3524023527974,0,3,0,95,"없음",49,-54.2940320232897,5,20260612,11.7370892018779,4.65498629055553,0,0,,,,,0,,,0,0,6245.29804406722,7525.29804406722
20261006,382150,"온코크로스",KOSDAQ,3750.0,-0.53,"생명과학도구및서비스",1.14,4.580707145,48923827500.0,4250.0,-12.2352941176471,,25.1754385964912,31.2775330396476,4.4,31.4306800822467,0,2,0,61,"없음",30,-49.2517006802721,7,20260921,9.60960960960962,10.6657391655442,0,0,,,,,1,3500.0,"저항→지지",0,0,3631.78085361364,3921.78085361364
20261006,382480,"지아이텍",KOSDAQ,1625.0,-0.25,"전기제품",0.82,0.953410714,63955352500.0,1955.0,-15.9590792838875,,38.9802631578947,18.6906019007392,6.8,64.6945547478316,0,2,0,53,"없음",30,-29.0280777537797,25,,,,1,0,,,,,1,1603.0,"지지 재탈환",0,0,1815.9805588602,1815.9805588602
20261006,382800,"지앤비에스 에코",KOSDAQ,6550.0,2.34,"반도체와반도체장비",74.7,55.91468054,208493318550.0,5300.0,25.4716981132075,3.20754716981132,23.4597156398104,28.2307692307692,6.6,158.765568134689,3,3,0,77,"관망",50,13.0952380952381,84,20260930,8.59232175502742,5.31020239835356,0,0,20260929,5300.0,5470.0,100.038122431333,1,5300.0,"저항→지지",0,0,5928.04418049142,5928.04418049142
20261006,382840,"원준",KOSDAQ,5460.0,2.63,"전기제품",6.09,3.33722376,83382832260.0,5580.0,-1.25448028673835,,44.2846872753415,23.9795918367347,7.2,131.22726413893,0,2,0,78,"없음",41,-34.8699763593381,19,20260528,13.961407491487,7.26619058298662,0,0,,,,,1,5180.0,"저항→지지",0,0,4950.58497568129,5250.58497568129
20261006,382900,"범한퓨얼셀",KOSDAQ,25250.0,1.2,"전기제품",17.57,63.57675924,221215250000.0,28200.0,-9.21985815602837,,40.3192227619708,25.0608272506083,6.8,61.1195755588078,0,1,0,50,"관망",29,-0.58252427184466,73,20260909,29.7943301834352,2.6072115842316,0,0,,,,,1,25000.0,"저항→지지",0,0,24512.7536817854,24512.7536817854
20261006,383220,F&F,KOSPI,71400.0,2.44,"섬유,의류,신발,호화품",23.82,32.57149095,2735125155000.0,69900.0,1.85979971387697,1.85979971387697,62.3149394347241,27.3939393939394,9.0,46.4529515680526,3,3,0,91,"없음",61,16.1500815660685,86,,,,1,0,20261006,69900.0,71200.0,45.834217924499,0,,,1,0,64791.3395548058,77391.3395548058
20261006,383310,"에코프로에이치엔",KOSDAQ,26750.0,7.43,"상업서비스와공급품",88.4,33.72389015,561079431000.0,23950.0,11.8997912317328,2.71398747390397,56.6901408450704,23.613595706619,4.4,209.739536375747,0,2,0,74,"관망",35,-8.53242320819113,61,20261001,10.8108108108108,3.72743802487729,0,0,20261001,23950.0,24600.0,323.707600675757,1,22750.0,"저항→지지",1,0,23174.0608558048,24924.0608558048
20261006,383800,"LX홀딩스",KOSPI,8000.0,-0.99,"무역회사와판매업체",4.35,5.76953766,610245520000.0,8300.0,-3.25301204819277,,59.0909090909091,11.1524163568773,9.6,72.090001927701,1,3,0,88,"없음",39,1.64556962025316,75,,,,0,0,,,,,0,,,0,0,7973.6497742599,8063.6497742599
20261006,383930,"디티앤씨알오",KOSDAQ,1918.0,-2.79,"생명과학도구및서비스",1.57,1.447353934,24519957504.0,2515.0,-22.2266401590457,,0.0,20.855614973262,10.0,163.715165689118,0,1,0,41,"없음",26,-40.6373292867982,13,20260928,14.3798681845416,11.0611193660228,0,0,,,,,1,1595.0,"저항→지지",0,0,2114.93683283892,2114.93683283892
20261006,384470,"코어라인소프트",KOSDAQ,2620.0,-0.38,"건강관리기술",0.61,1.4552014775,47019392460.0,2850.0,-7.71929824561404,,40.9276944065484,21.06135986733,7.6,45.3182698053557,0,1,0,56,"없음",29,-15.2979066022544,49,20260605,13.9575971731449,2.71803484364567,0,0,,,,,1,2625.0,"저항→지지",0,0,2524.2659903939,2749.2659903939
20261006,387570,"파인메딕스",KOSDAQ,6460.0,3.36,"건강관리장비와용품",1.04,0.3622593,36343314000.0,6800.0,-6.17647058823529,,18.3501683501683,43.0197268588771,14.6,176.467324738286,0,1,0,57,"없음",31,-4.34782608695652,67,20260813,11.5537848605578,5.18105480063852,0,0,,,,,1,6280.0,"저항→지지",0,0,6179.06523854832,6179.06523854832
20261006,388050,"지투파워",KOSDAQ,10550.0,3.94,"전기장비",51.16,178.673392485,197384560350.0,11530.0,-7.37207285342585,,35.3903345724907,27.3362445414847,6.6,31.325446278145,3,1,0,65,"관망",50,-7.61245674740484,62,20260825,13.7049941927991,5.04088697999254,1,0,,,,,0,,,0,0,10754.1399797846,10754.1399797846
20261006,388210,"씨엠티엑스",KOSDAQ,93800.0,0.21,"반도체와반도체장비",55.73,52.4308188,905586284400.0,89900.0,,,,65.7,22.8,112.939538063424,0,0,0,0,"데이터 부족",,-24.0934730056406,33,20260921,11.3513513513513,2.64939576751659,0,0,,,,,1,89900.0,"저항→지지",0,0,87318.0139719689,87318.0139719689
20261006,388610,"지에프씨생명과학",KOSDAQ,5470.0,-1.08,"생물공학",0.65,1.201613075,29129845010.0,5990.0,-7.84641068447412,,41.7892156862745,27.5373134328358,7.4,73.6894962641829,0,2,0,74,"없음",39,-40.6451612903226,13,,,,0,0,,,,,1,5400.0,"저항→지지",0,0,5310.59562068815,5950.59562068815
20261006,388720,"유일로보틱스",KOSDAQ,72000.0,1.55,"기계",28.62,22.890716,848256840000.0,71600.0,1.39664804469274,1.39664804469274,55.5678059536935,20.3084832904884,6.6,131.438578908351,0,1,0,50,"없음",33,-16.551724137931,47,20260602,12.8630705394191,3.83583612249646,0,0,20261006,71600.0,72600.0,129.174171258271,1,68900.0,"저항→지지",0,0,72670.5076377483,72670.5076377483
20261006,388870,"파로스아이바이오",KOSDAQ,6030.0,0.17,"생물공학",5.37,3.285595305,78063969960.0,6470.0,-6.49149922720247,,28.060522696011,19.1680261011419,7.2,152.884563024193,0,3,0,82,"없음",38,-33.879781420765,20,20260928,10.9090909090909,6.37646360513103,0,0,,,,,1,5800.0,"저항→지지",0,0,5729.75550841333,5729.75550841333
20261006,389020,"자람테크놀로지",KOSDAQ,17040.0,-0.12,"통신장비",14.04,18.668721145,117662597280.0,17180.0,0.0,,41.5535339398181,38.5355648535565,6.4,130.876657734479,0,1,0,41,"없음",33,-64.5407636738906,3,20260827,8.3916083916084,2.84398513011152,0,0,,,,,0,,,0,0,21564.1813664771,22714.1813664771
20261006,389030,"지니너스",KOSDAQ,2145.0,2.63,"생물공학",6.17,10.6080450355,84496421295.0,2500.0,-15.4,,23.2857142857143,32.2040816326531,7.2,85.0404159668393,1,2,0,47,"없음",35,-61.3345521023766,3,20260928,20.7518022657055,5.26828728221155,1,0,,,,,1,2075.0,"저항→지지",0,0,2136.77101846064,2136.77101846064
20261006,389140,"포바이포",KOSDAQ,5640.0,0.18,"방송과엔터테인먼트",1.59,2.37333141,80481305400.0,5840.0,-2.56849315068493,,41.3010590015129,28.9285714285714,9.4,59.6872618440869,0,1,0,79,"없음",31,-29.4044665012407,25,20260529,20.431654676259,14.3298961996721,1,0,,,,,1,5590.0,"저항→지지",0,0,5249.55533935365,5249.55533935365
20261006,389260,"대명에너지",KOSDAQ,13930.0,4.19,"에너지장비및서비스",20.67,11.49713603,249574407250.0,13780.0,1.1611030478955,1.1611030478955,73.2988460007959,22.6092463584547,7.2,64.2682223011953,0,3,0,96,"없음",52,-36.6363636363636,17,20260723,15.058986814712,5.70719584528784,0,0,20261006,13780.0,13940.0,59.452223600982,1,12860.0,"지지 재탈환",1,0,12417.5649985745,16677.5649985745
20261006,389470,"인벤티지랩",KOSDAQ,27650.0,-2.3,"제약",25.71,25.146054825,367958126200.0,31050.0,-10.6280193236715,,48.7623762376238,32.1789321789322,6.6,143.768453677235,0,2,0,50,"없음",28,-57.6335877862595,4,,,,0,0,,,,,1,26100.0,"저항→지지",0,0,26521.8318365239,31421.8318365239
20261006,389500,"에스비비테크",KOSDAQ,44950.0,1.35,"기계",43.5,48.39052955,299523066400.0,45300.0,0.441501103752759,,39.344909234412,22.5512528473804,6.6,88.8648202951948,1,3,0,82,"관망",50,-3.60169491525424,68,20260915,8.86889460154241,3.41586804927712,0,0,,,,,1,42800.0,"저항→지지",1,1,39012.0578199494,39012.0578199494
20261006,389650,"넥스트바이오메디컬",KOSDAQ,31800.0,0.16,"건강관리장비와용품",5.44,8.255758875,263217694800.0,33850.0,-6.794682422452,,43.2624113475177,34.3057176196033,7.4,59.1527462756119,0,2,0,54,"없음",35,-57.0748299319728,4,20260923,14.5869947275923,3.41401904933462,0,0,,,,,1,31100.0,"지지 재탈환",0,0,29598.279645648,38598.279645648
20261006,389680,"유디엠텍",KOSDAQ,2900.0,-1.86,"IT서비스",1.87,4.0110376325,24130009700.0,3255.0,-10.9062980030722,,6.20812862885216,49.868073878628,10.0,25.9014543741491,2,2,0,51,"없음",53,3.20284697508897,77,20260828,8.87877063175868,9.72970230290918,0,0,,,,,1,2280.0,"저항→지지",0,0,2761.89742418843,2761.89742418843
20261006,391710,"코닉오토메이션",KOSDAQ,1279.0,1.75,"IT서비스",1.74,11.0067911645,54511581130.0,1565.0,-17.2523961661342,,16.1355589276682,27.6211135213304,10.0,37.0531711154988,0,1,0,54,"없음",30,-25.9576901086335,30,20260915,18.4380032206119,28.6716769193658,0,0,,,,,1,1262.0,"저항→지지",0,0,1374.12239126615,1374.12239126615
20261006,393210,"토마토시스템",KOSDAQ,3540.0,3.21,"IT서비스",16.37,83.9176514005,55275485760.0,5050.0,-29.9009900990099,,0.0,31.7543859649123,6.8,51.0895135212966,0,1,0,31,"관망",26,-11.3892365456821,56,20260923,12.0663650075415,54.2341231681573,1,0,,,,,1,2820.0,"저항→지지",0,0,4346.68327002224,4346.68327002224
20261006,393890,"더블유씨피",KOSDAQ,10800.0,-0.09,"전기제품",41.97,24.23603604,365505955200.0,10870.0,0.0,,24.4212962962963,21.7796610169492,4.4,156.630012627619,2,2,0,64,"없음",49,-23.1802120141343,34,20260901,11.1561866125761,5.53604890539301,0,0,,,,,1,9550.0,"저항→지지",0,0,9514.93082003152,10254.9308200315
20261006,394280,"오픈엣지테크놀로지",KOSDAQ,10570.0,-0.19,"반도체와반도체장비",11.3,10.267805145,278482822100.0,10080.0,5.45634920634921,3.17460317460317,53.6305732484076,19.7722567287785,5.2,126.293012205824,0,2,0,79,"없음",30,-26.4868603042877,29,,,,0,0,20261001,10080.0,10400.0,194.296938672325,1,10080.0,"저항→지지",0,0,9848.5071514247,9848.5071514247
20261006,394800,"쓰리빌리언",KOSDAQ,6310.0,4.47,"건강관리기술",55.94,56.530223595,200800309430.0,7540.0,-15.9151193633952,,0.0,38.1538461538462,12.6,212.722322526554,0,1,0,28,"관망",29,-49.0763052208835,7,20260928,30.2536231884058,11.4595375224149,1,0,,,,,1,5120.0,"저항→지지",0,0,6462.49111835075,6462.49111835075
20261006,395400,"SK리츠",KOSPI,5290.0,-0.75,"부동산",8.04,10.87168813,1592383209800.0,5410.0,-2.2181146025878,,48.433734939759,9.74729241877256,4.0,71.9980817007359,1,2,0,79,"없음",40,-14.951768488746,50,20260611,12.7340823970038,4.0284442702199,0,0,,,,,1,5200.0,"지지 재탈환",0,0,5192.9030460009,5562.9030460009
20261006,396270,"넥스트칩",KOSDAQ,2475.0,0.61,"반도체와반도체장비",5.58,13.3588627825,81396391725.0,2765.0,-11.754068716094,,31.9626168224299,36.7469879518072,10.6,77.8236975729287,1,2,0,56,"없음",37,-30.2857142857143,24,20260917,12.5,58.1370604920923,0,0,,,,,1,2105.0,"저항→지지",0,0,2429.036645027,2429.036645027
20261006,396300,"HT로보틱스",KOSDAQ,6070.0,-1.3,"전자장비와기기",71.68,207.216674155,160791265000.0,6580.0,-7.59878419452887,,3.24929971988795,24.108818011257,6.4,40.5596540685095,5,2,0,46,"수축중",60,77.2594752186589,96,20261001,12.1771217712177,5.49797793368037,0,0,,,,,1,5280.0,"저항→지지",0,0,5631.71051318336,5631.71051318336
20261006,396470,"워트",KOSDAQ,7380.0,2.79,"반도체와반도체장비",10.96,7.43528974,118965600000.0,6960.0,6.32183908045977,2.8735632183908,54.300062774639,23.7611181702668,6.2,51.8783647761736,1,2,0,82,"없음",52,9.62962962962963,82,20260818,9.07617504051863,63.876164636451,0,0,20261001,6960.0,7160.0,48.4627760665294,1,6960.0,"저항→지지",1,0,6633.67852261375,7173.67852261375
20261006,396690,"미래에셋글로벌리츠",KOSPI,1322.0,-2.44,"부동산",1.13,1.342631994,52359052680.0,1585.0,-16.782334384858,,1.34474327628362,21.7804154302671,11.2,107.261415265716,0,1,0,53,"없음",22,-44.2283298097252,10,,,,0,0,,,,,0,,,0,0,1478.99717185439,1605.99717185439
20261006,397030,"에이프릴바이오",KOSDAQ,16100.0,-5.41,"제약",89.34,47.199283955,443696390200.0,21500.0,-25.4883720930233,,67.9834024896266,63.3718244803695,13.2,215.202400717488,0,1,0,34,"관망",25,-70.605504587156,2,,,,0,0,,,,,0,,,0,0,18077.410293595,28427.410293595
20261006,397810,"애드포러스",KOSDAQ,6500.0,-1.52,"광고",0.32,0.580619475,33545005000.0,7200.0,-4.86111111111111,,0.0,21.7221135029354,11.4,15.538247656727,1,1,0,64,"없음",40,8.73015873015873,81,20260810,16.1417322834646,4.61667029293669,1,0,,,,,0,,,0,0,6243.96366193425,6393.96366193425
20261006,398120,"에스지헬스케어",KOSDAQ,2325.0,2.65,"건강관리장비와용품",1.91,1.46729498,27531513075.0,2600.0,-11.1538461538462,,0.0,30.1327433628319,7.0,161.303724982234,0,2,0,58,"없음",28,-46.6512702078522,9,,,,1,0,,,,,1,1837.0,"저항→지지",0,0,2264.88302063932,2264.88302063932
20261006,399720,"가온칩스",KOSDAQ,48400.0,0.41,"반도체와반도체장비",48.07,57.15413265,573968049600.0,47950.0,0.938477580813347,0.938477580813347,69.5854922279793,25.0,9.4,75.7998543092568,0,3,0,82,"관망",42,-14.6384479717813,51,20260709,29.9065420560748,7.0158767243321,0,0,20261001,47950.0,48400.0,123.082564606275,1,47950.0,"저항→지지",0,0,44088.1120776991,50138.1120776991
20261006,400760,"NH올원리츠",KOSPI,2790.0,-0.89,"부동산",2.89,2.6837635325,153252677250.0,2895.0,-2.76338514680484,,34.4827586206897,13.0434782608696,14.8,114.136092133688,0,1,0,61,"없음",27,-12.3052959501558,54,,,,0,0,,,,,1,2790.0,"지지 재탈환",0,0,2790.09318958614,2960.09318958614
20261006,402030,"코난테크놀로지",KOSDAQ,13130.0,1.63,"소프트웨어",2.84,2.30711131,164354617440.0,13470.0,-2.59836674090572,,76.2273901808786,23.4598630989421,5.6,34.7517482937984,0,2,0,87,"없음",47,-25.4968767745599,30,20260824,18.4328358208955,3.00159813067392,0,0,,,,,1,12630.0,"지지 재탈환",0,0,12605.9751253266,17165.9751253266
20261006,402340,"SK스퀘어",KOSPI,1157000.0,-0.26,"반도체와반도체장비",6781.65,5658.844957,152636065686000.0,1201000.0,-3.08076602830974,,74.3295019157088,17.292576419214,5.6,92.1595922411861,4,3,1,81,"돌파임박",60,149.51768488746,98,,,,0,0,,,,,1,1111000.0,"저항→지지",0,0,1048841.67094783,1286841.67094783
20261006,402490,"그린리소스",KOSDAQ,7950.0,-1.61,"반도체와반도체장비",12.68,13.2520227,134634975150.0,7950.0,1.38364779874214,1.25786163522013,42.054433713784,24.937343358396,6.8,124.132116914337,1,3,0,88,"없음",45,-41.6364952932658,12,20260921,9.49640287769784,13.6671809364653,0,0,20261001,7950.0,8050.0,187.790922755101,1,7950.0,"저항→지지",0,0,7303.47539798629,7303.47539798629
20261006,403490,"우듬지팜",KOSDAQ,2030.0,1.75,"식품",0.39,0.4616075875,18648578760.0,2410.0,-14.9377593360996,,30.6553398058252,28.1481481481481,5.0,123.340103505022,0,2,0,52,"없음",25,-69.1497366440933,2,,,,0,0,,,,,1,2005.0,"지지 재탈환",0,0,2076.47608443613,2366.47608443613
20261006,403550,"쏘카",KOSPI,11230.0,-0.62,"도로와철도운송",3.63,1.53631143,426065548660.0,11250.0,0.888888888888889,0.888888888888889,13.9773340528872,24.6861924686192,13.0,152.742082464822,0,1,0,84,"없음",29,-1.73160173160173,72,,,,0,0,20261006,11250.0,11350.0,149.541274995409,1,11080.0,"저항→지지",0,0,10881.1069738484,10881.1069738484
20261006,403850,"더핑크퐁컴퍼니",KOSDAQ,12450.0,2.38,"방송과엔터테인먼트",5.99,9.0583421,178670074500.0,12660.0,,,,49.7,21.2,54.3818391745142,0,0,0,0,"없음",,-21.5809284818068,37,20260901,16.6382252559727,10.7585238314346,1,0,,,,,1,12090.0,"저항→지지",0,0,12184.1598724995,12944.1598724995
20261006,403870,HPSP,KOSDAQ,68800.0,5.04,"반도체와반도체장비",1693.4,1425.9005123,5662240000000.0,69800.0,-0.286532951289398,,42.1296296296296,42.5130890052356,11.2,105.3660830151,4,2,0,66,"수축중",59,70.1711491442543,96,20260929,11.3718411552347,2.59974746642175,0,0,,,,,1,60300.0,"저항→지지",0,0,62057.3853636706,62057.3853636706
20261006,404990,"신한서부티엔디리츠",KOSPI,3835.0,-1.41,"부동산",1.83,1.8372735025,236342843100.0,4135.0,-6.0459492140266,,14.2628205128205,14.0947752126367,4.2,84.7558280173532,2,3,0,85,"없음",53,-11.3013698630137,56,20260610,19.2771084337349,8.80703417196346,0,0,,,,,1,3795.0,"지지 재탈환",0,0,3786.7659873914,3801.7659873914
20261006,405000,"플라즈맵",KOSDAQ,3720.0,2.48,"건강관리장비와용품",0.4,0.6852895625,19989539040.0,3800.0,-2.63157894736842,,61.1278519156263,49.7512437810945,6.6,50.3974560488569,0,2,0,59,"없음",37,-48.2517482517483,8,20260723,19.3513513513514,4.12669174445959,0,0,,,,,1,3300.0,"지지 재탈환",0,0,3124.96866215328,5294.96866215328
20261006,405100,"큐알티",KOSDAQ,17370.0,4.76,"반도체와반도체장비",16.73,8.83719876,213465158370.0,14600.0,19.041095890411,12.3287671232877,18.0316091954023,31.8681318681319,11.2,148.987150799854,1,3,0,78,"없음",40,17.037037037037,86,20261001,13.5734072022161,6.48087986583774,0,0,20261001,14600.0,16400.0,457.908691869595,1,14500.0,"저항→지지",1,1,15439.5984571694,15439.5984571694
20261006,405920,"나라셀라",KOSDAQ,1863.0,3.62,"음료",0.08,0.0898094825,23991855588.0,2025.0,-3.75308641975309,,20.6239168110919,29.2063492063492,16.0,79.3513182722219,0,1,0,44,"없음",27,-23.2677165354331,34,,,,1,0,,,,,1,1937.0,"저항→지지",0,0,1781.76763780295,1801.76763780295
20261006,406820,"뷰티스킨",KOSDAQ,2425.0,-0.82,"화장품",5.48,43.5227337865,34280180725.0,2760.0,-11.5942028985507,,0.416028027151313,32.5714285714286,7.0,22.4077859212165,0,1,0,45,"관망",29,34.8066298342541,92,20260918,9.69827586206897,15.986545787436,0,0,,,,,1,2130.0,"저항→지지",0,0,2392.34277994647,2392.34277994647
20261006,407400,"꿈비",KOSDAQ,2115.0,8.07,"가정용기기와용품",0.53,0.3856125445,30952039410.0,2175.0,-5.97701149425287,,32.8724507431732,35.7086614173228,10.2,85.415862858816,0,1,0,61,"없음",27,-48.3585858585859,8,,,,0,0,,,,,1,2005.0,"지지 재탈환",0,0,1998.77078164143,2278.77078164143
20261006,408900,"스튜디오미르",KOSDAQ,1003.0,0.3,"방송과엔터테인먼트",0.35,0.3371069865,32851187787.0,1130.0,-11.4159292035398,4.42477876106195,52.4691358024691,45.8196721311475,9.8,48.8880325436778,0,2,0,67,"없음",45,-54.7058823529412,4,20260831,8.35629017447199,7.29595360054041,0,0,20260831,1130.0,1180.0,507.769712047231,1,990.0,"지지 재탈환",0,0,1097.55245638679,1150.55245638679
20261006,408920,"메쎄이상",KOSDAQ,3005.0,-1.15,"양방향미디어와서비스",0.31,0.538549755,129913527275.0,3315.0,-9.50226244343891,,46.1685823754789,13.0990415335463,11.6,53.5979170980206,0,1,0,57,"없음",29,-2.5974025974026,70,20261002,8.26010544815465,2.83114383602436,0,0,,,,,1,2950.0,"저항→지지",0,0,2993.35660120288,3188.35660120288
20261006,411080,"샌즈랩",KOSDAQ,8970.0,30.0,"소프트웨어",578.97,158.4006978725,136950712860.0,8590.0,4.42374854481956,4.42374854481956,0.0,28.584729981378,7.0,698.375017193261,2,1,0,39,"관망",37,54.1237113402062,94,20261006,30.0,3.61440678680828,0,0,20261006,8590.0,8970.0,811.255029088633,1,4460.0,"저항→지지",1,1,7408.93032435283,7408.93032435283
20261006,412350,"레이저쎌",KOSDAQ,6910.0,-4.56,"반도체와반도체장비",43.84,24.8668539975,100907027130.0,5660.0,21.7314487632509,6.18374558303887,42.7184466019417,58.955223880597,11.2,246.129783723371,3,1,0,56,"없음",44,-9.58005249343832,59,20260930,8.8379705400982,3.31193329213852,0,0,20260928,5660.0,6010.0,219.03044630364,1,5660.0,"저항→지지",0,0,6362.35797827837,6362.35797827837
20261006,413390,"엠오티",KOSDAQ,6690.0,0.0,"전기제품",1.31,1.1971401,75500128800.0,7920.0,-13.8888888888889,,45.9874389392882,25.0387596899225,10.6,81.479282425296,0,2,0,51,"없음",30,-14.5363408521303,51,,,,0,0,,,,,1,6600.0,"지지 재탈환",0,0,6914.03030262552,7244.03030262552
20261006,413630,"씨피시스템",KOSDAQ,4425.0,6.76,"기계",156.78,149.7967605075,161231977125.0,5400.0,-18.2407407407407,,52.7619047619048,38.7254901960784,9.2,63.5966983708681,2,1,0,59,"관망",45,31.5946348733234,91,20260915,14.6649810366625,3.04915377704894,0,0,,,,,1,4300.0,"저항→지지",0,0,4673.21621494661,4673.21621494661
20261006,413640,"비아이매트릭스",KOSDAQ,5910.0,-0.84,"IT서비스",0.75,0.87512722,42593015400.0,6190.0,-4.52342487883683,,23.6794171220401,21.4605067064083,7.4,69.0239990302547,0,3,0,93,"없음",39,-25.0950570342205,31,,,,0,0,,,,,1,5820.0,"저항→지지",0,0,5589.45310976012,6109.45310976012
20261006,415380,"스튜디오삼익",KOSDAQ,2185.0,3.07,"가구",0.26,0.4267993325,25002900375.0,2340.0,-8.54700854700855,,2.19324244220509,12.8205128205128,10.6,56.0764634869969,1,1,0,48,"없음",38,4.64547677261614,78,20260702,11.4695340501792,5.67933618148528,0,0,,,,,1,2060.0,"저항→지지",0,0,2133.90241784929,2133.90241784929
20261006,415640,"KB발해인프라",KOSPI,10040.0,-0.59,"운송인프라",8.88,25.93216811,1230357301920.0,11000.0,-8.72727272727273,,50.965250965251,13.0052724077329,12.0,53.8156279441574,3,3,0,78,"없음",46,0.601202404809619,74,,,,0,0,,,,,0,,,0,0,10479.0014753736,10669.0014753736
20261006,416180,"신성에스티",KOSDAQ,27550.0,4.75,"전기제품",10.28,8.652898,249045883900.0,28500.0,-3.15789473684211,,42.2654534044556,13.5338345864662,4.8,149.401999965974,0,2,0,75,"없음",35,-14.6831530139104,50,20260827,10.0217864923747,3.60980631876971,0,0,,,,,1,24750.0,"저항→지지",0,0,25684.7270713549,25684.7270713549
20261006,417010,"나노팀",KOSDAQ,6840.0,1.18,"전자장비와기기",16.23,17.215814435,137981459520.0,7100.0,-3.66197183098592,,39.7968605724838,25.6410256410256,4.6,48.5211533117461,1,1,0,59,"없음",40,-28.75,26,20260825,22.3340040241449,33.0630175816017,0,0,,,,,1,6140.0,"저항→지지",0,0,6064.61026804768,6764.61026804768
20261006,417180,"핑거스토리",KOSDAQ,3940.0,0.77,"양방향미디어와서비스",0.23,0.24063148,22516662660.0,5300.0,-23.5849056603774,,0.943396226415093,30.7349665924276,12.6,54.1580265911031,0,1,0,47,"없음",26,-46.2079957497676,9,,,,0,0,,,,,0,,,0,0,4577.57962256894,4577.57962256894
20261006,417200,"LS머트리얼즈",KOSDAQ,15850.0,4.76,"전기제품",346.21,191.01619713,1072294645150.0,14270.0,11.0721793973371,7.21793973370708,19.4650817236256,19.3348801237432,6.8,260.69703450137,2,3,0,70,"관망",50,-10.0454029511918,58,20260915,10.7047279214987,6.01962902577628,0,0,20261002,14270.0,15300.0,349.536308373319,1,11980.0,"저항→지지",1,1,13369.3032069293,13369.3032069293
20261006,417310,"코람코더원리츠",KOSPI,2390.0,0.63,"부동산",0.87,2.6475819525,96556000000.0,2470.0,-3.23886639676113,,37.5,7.91168353265869,18.0,5.85604679066806,5,3,1,87,"없음",71,20.1005025125628,88,,,,1,0,,,,,1,2304.0,"저항→지지",0,0,2412.51205003348,2412.51205003348
20261006,417500,"제이아이테크",KOSDAQ,4670.0,8.6,"반도체와반도체장비",44.12,14.0236065275,153104754480.0,4190.0,11.4558472553699,3.69928400954654,38.28125,26.5217391304348,6.8,346.727231212742,4,3,0,85,"없음",58,1.52173913043478,75,20260907,16.361071932299,4.773840323968,0,0,20261001,4190.0,4345.0,335.122194865958,1,4100.0,"저항→지지",1,1,3967.06761018749,4102.06761018749
20261006,417790,"트루엔",KOSDAQ,6920.0,0.14,"전자장비와기기",1.1,0.97078007,72441265720.0,6930.0,-0.144300144300144,,0.0,23.8805970149254,12.0,109.021259722765,1,3,0,74,"없음",41,-4.15512465373961,67,,,,0,0,,,,,1,6530.0,"지지 재탈환",0,0,6793.52573204385,6793.52573204385
20261006,417840,"저스템",KOSDAQ,19490.0,5.18,"반도체와반도체장비",194.04,170.360109695,447230812690.0,16500.0,19.1515151515152,4.42424242424242,34.8059454995871,28.2894736842105,6.4,104.714795585518,5,2,0,68,"돌파완료",56,212.063492063492,99,,,,0,0,20260923,16500.0,17230.0,202.420031387132,1,16500.0,"저항→지지",1,1,17091.431943482,17091.431943482
20261006,417860,"오브젠",KOSDAQ,7280.0,0.0,"소프트웨어",0.99,3.721714245,34266275680.0,8430.0,-13.0486358244365,,52.4783147459727,32.5726141078838,8.2,9.60349991369226,0,1,0,58,"없음",30,-12.2155688622754,54,20261001,8.22320117474302,3.67486126821873,0,0,,,,,1,7230.0,"저항→지지",0,0,7344.95718993617,9214.95718993617
20261006,417970,"모델솔루션",KOSDAQ,11530.0,2.85,"기계",1.54,1.04879689,73753951000.0,10930.0,3.0192131747484,2.83623055809698,50.687757909216,19.047619047619,6.8,107.451030163324,0,1,0,80,"없음",33,-36.1678004535147,17,20260612,10.6137184115523,3.89252430900199,0,0,20261002,10930.0,11240.0,95.0081296867037,1,10930.0,"저항→지지",0,0,10108.3038808613,10998.3038808613
20261006,418420,"라온텍",KOSDAQ,4200.0,-1.18,"반도체와반도체장비",5.42,5.86036532,129253143600.0,4710.0,-10.1910828025478,,30.5863708399366,24.7524752475248,4.4,73.2410565657946,1,2,0,69,"없음",40,-18.809980806142,42,20260901,9.68944099378881,16.8710088270153,0,0,,,,,0,,,0,0,4034.43760815261,4374.43760815261
20261006,418470,"KT밀리의서재",KOSDAQ,9350.0,0.0,"출판",0.7,1.61819851,80090127150.0,9840.0,-4.8780487804878,,49.438202247191,17.8119349005425,7.4,31.7187688168411,0,2,0,86,"없음",41,-27.3291925465839,27,,,,0,0,,,,,0,,,0,0,9328.17530035955,10488.1753003596
20261006,418550,"제이오",KOSDAQ,5390.0,3.06,"건설",3.92,2.868061005,172575257470.0,5190.0,2.89017341040462,1.54142581888247,36.5961199294533,16.8662674650699,7.0,96.0790377810851,0,3,0,83,"없음",38,-31.2741312741313,23,,,,0,0,20261002,5190.0,5270.0,169.804038852205,1,5190.0,"저항→지지",0,0,4955.68474854976,4955.68474854976
20261006,418620,E8,KOSDAQ,450.0,4.65,"소프트웨어",7.89,12.092277731,13858344000.0,928.0,-51.5086206896552,,29.6146044624746,64.3243243243243,7.2,138.218240906263,0,1,0,52,"없음",26,-64.5669291338583,3,20260908,11.190053285968,3.48542075050535,0,0,,,,,1,437.0,"지지 재탈환",0,0,733.486096625675,915.486096625675
20261006,419050,"삼기에너지솔루션즈",KOSDAQ,1822.0,0.11,"자동차부품",19.59,62.068014544,104211549280.0,2030.0,-10.4433497536946,,61.0704578716287,64.9087221095335,12.4,31.6766469470961,1,2,0,60,"관망",37,17.975340687865,87,20260923,18.1191222570533,35.2845639152369,0,0,,,,,1,1719.0,"저항→지지",0,0,1771.55112415298,1771.55112415298
20261006,419080,"엔젯",KOSDAQ,5050.0,0.2,"디스플레이장비및부품",0.9,1.34573332,54902675850.0,6000.0,-14.0,,23.8461538461538,30.0763358778626,6.6,41.5636951061089,0,2,0,54,"없음",40,8.86075949367089,81,20260814,10.3448275862069,4.77396967644454,0,0,,,,,0,,,0,0,5226.09590672067,5776.09590672067
20261006,419120,"산돌",KOSDAQ,2295.0,0.0,"소프트웨어",0.19,0.363510295,32641989255.0,2435.0,-5.74948665297741,,33.6094674556213,29.9288256227758,13.0,46.4996879525073,0,1,0,69,"없음",27,-43.1930693069307,11,,,,0,0,,,,,0,,,0,0,2224.89435541161,2449.89435541161
20261006,419530,"SAMG엔터",KOSDAQ,17910.0,-0.67,"방송과엔터테인먼트",3.29,7.91434454,182813405670.0,18900.0,-5.02645502645503,,78.2745098039216,13.129216398547,3.4,22.7755615092061,0,2,0,89,"없음",43,-43.4645669291339,10,,,,0,0,,,,,1,17000.0,"지지 재탈환",0,0,17615.8238783495,31275.8238783495
20261006,419540,"비스토스",KOSDAQ,2825.0,-2.08,"건강관리장비와용품",0.42,0.4338071425,16832064725.0,3300.0,-12.1212121212121,,20.1694915254237,28.3311772315653,5.8,56.0860536126502,0,1,0,52,"없음",30,-34.0909090909091,20,20260615,17.8637200736648,3.81285615042921,0,0,,,,,0,,,0,0,3183.96516193367,3393.96516193367
20261006,420570,"제이투케이바이오",KOSDAQ,9080.0,0.33,"화장품",2.07,5.65238708,53095145640.0,10300.0,-10.7766990291262,,35.7512953367876,27.1019677996422,4.4,31.0466976356218,4,2,0,75,"없음",63,20.4456094364351,88,20260917,13.1855309218203,11.55387771883,0,0,,,,,1,9140.0,"지지 재탈환",0,0,9219.89309877115,11579.8930987712
20261006,420770,"기가비스",KOSDAQ,135500.0,4.8,"반도체와반도체장비",104.65,166.41334515,1717565209000.0,114200.0,18.6514886164623,4.11558669001751,54.4356120826709,34.3065693430657,6.2,52.7767716473433,3,2,0,50,"수축중",49,86.3823933975241,97,20260918,10.990099009901,2.82381375333465,0,0,20260922,114200.0,118900.0,260.894555487205,1,108400.0,"저항→지지",0,0,118344.662842408,150844.662842408
20261006,424760,"벨로크",KOSDAQ,2360.0,14.29,"IT서비스",4.02,1.1457153625,23832148480.0,2250.0,3.77777777777778,3.77777777777778,35.5901737567406,32.2033898305085,4.2,308.143537661325,1,2,0,76,"없음",44,-8.50313479623824,61,20261006,12.5301204819277,3.99603475822562,1,0,20261006,2250.0,2335.0,319.263202816454,1,2075.0,"지지 재탈환",0,0,2352.67052750741,2577.67052750741
20261006,424870,"이뮨온시아",KOSDAQ,3490.0,1.31,"제약",25.22,49.3855740725,318993918810.0,3815.0,-7.99475753604194,,0.0,24.0740740740741,7.2,111.217113070512,0,2,0,56,"관망",32,-57.4235807860262,4,20260928,16.9354838709678,14.0547840207678,1,0,,,,,1,3025.0,"저항→지지",0,0,3639.44830238295,3639.44830238295
20261006,424960,"스마트레이더시스템",KOSDAQ,3925.0,0.9,"자동차부품",0.61,0.5346492125,64704056750.0,4110.0,-4.62287104622871,,56.4502875924404,13.4502923976608,6.6,73.3478374056306,0,2,0,84,"없음",41,-39.2248062015504,14,,,,0,0,,,,,1,3795.0,"지지 재탈환",0,0,3703.89797569338,3868.89797569338
20261006,424980,"마이크로투나노",KOSDAQ,10230.0,-2.48,"반도체와반도체장비",5.17,3.53739096,60550244700.0,10290.0,0.0971817298347911,4.56754130223518,5.9278350515464,35.1206434316354,11.2,200.325952524976,1,1,0,48,"없음",38,-8.03571428571429,62,20261002,9.46083418107833,2.6629896782099,0,0,20261002,10290.0,10760.0,386.474332094601,1,9550.0,"저항→지지",0,0,9692.23674550194,9692.23674550194
20261006,425040,"티이엠씨",KOSDAQ,15320.0,2.89,"반도체와반도체장비",109.91,144.28404929,335858797360.0,13330.0,15.5288822205551,3.00075018754689,28.0378486055777,21.2827988338192,6.8,148.844972038734,3,2,0,63,"수축중",49,16.6666666666667,86,20260921,27.0588235294118,55.4051444699356,0,0,20260929,13330.0,13730.0,240.727601136221,1,13330.0,"저항→지지",1,1,13642.6859235676,13642.6859235676
20261006,425420,"티에프이",KOSDAQ,68500.0,-4.33,"반도체와반도체장비",115.56,90.31242915,845781898500.0,67700.0,2.06794682422452,8.41949778434269,2.56024096385542,15.9677419354839,3.0,144.776519561506,4,2,0,63,"돌파완료",65,18.9328743545611,87,20261001,15.955766192733,2.53316439681616,0,0,20261001,67700.0,73400.0,307.726249481412,1,67700.0,"저항→지지",0,0,67810.6780046557,67810.6780046557
20261006,429270,"시지트로닉스",KOSDAQ,3600.0,0.14,"반도체와반도체장비",5.22,7.272296815,25884471600.0,4155.0,-13.9590854392298,,21.9290263876251,35.0,7.2,132.011689331525,1,1,0,46,"없음",31,-19.8430493273543,41,20261001,10.8024691358025,6.64120020530032,0,0,,,,,1,3500.0,"저항→지지",0,0,3562.96016637501,4007.96016637501
20261006,430690,"한싹",KOSDAQ,3320.0,7.27,"소프트웨어",41.64,14.4500234075,36172409280.0,3300.0,2.87878787878788,2.87878787878788,4.94736842105263,22.9268292682927,4.8,388.480242934341,0,2,0,70,"없음",44,-5.16759776536313,66,20260914,8.83392226148409,9.015314986132,0,0,20261006,3300.0,3395.0,420.589911454828,1,2720.0,"저항→지지",0,0,2991.24247871337,2991.24247871337
20261006,431190,"케이쓰리아이",KOSDAQ,4335.0,-5.56,"IT서비스",2.93,7.74955664,32453726070.0,4995.0,-8.20820820820821,,11.3237639553429,19.4690265486726,4.2,70.2109580706411,1,2,0,50,"없음",37,13.3498145859085,85,20260923,11.963589076723,20.3954988487273,1,0,,,,,1,4065.0,"저항→지지",0,0,4333.14755915327,4333.14755915327
20261006,432320,"KB스타리츠",KOSPI,1642.0,-0.12,"부동산",2.99,7.098890564,247554955970.0,1788.0,-8.94854586129754,,3.80434782608696,17.6892950391645,9.6,49.6787203671894,0,1,0,62,"없음",25,-24.4547563805104,32,,,,0,0,,,,,1,1540.0,"저항→지지",0,0,1665.10374393278,1665.10374393278
20261006,432430,"와이랩",KOSDAQ,2055.0,-0.48,"출판",10.53,0.6754877425,33924597600.0,2705.0,-24.5841035120148,,9.69716494845361,22.3555555555556,11.4,2057.69730851341,0,3,0,70,"없음",33,-34.9282296650718,19,20260610,13.3333333333333,5.97080519039786,0,0,,,,,0,,,0,0,2389.3220017046,2389.3220017046
20261006,432470,"케이엔에스",KOSDAQ,10480.0,1.55,"전기제품",3.61,31.262243005,91925906880.0,11600.0,-8.62068965517241,,25.5441741357234,21.4487300094073,5.8,12.633486790186,0,2,0,70,"관망",45,-15.0641025641026,50,20260917,10.974358974359,3.65953123817436,0,0,,,,,1,9740.0,"저항→지지",0,0,9950.06730167916,9950.06730167916
20261006,432720,"퀄리타스반도체",KOSDAQ,12600.0,4.13,"반도체와반도체장비",37.24,28.277224565,178763407200.0,13090.0,-3.8961038961039,,18.1560283687943,18.6612576064909,6.8,187.938071334926,0,3,0,71,"없음",40,-6.67655786350148,64,20260910,12.3745819397993,19.3994812344107,0,0,,,,,1,11590.0,"저항→지지",0,0,11479.426467946,11479.426467946
20261006,432980,"엠에프씨",KOSDAQ,2665.0,2.11,"제약",0.28,1.146330195,22896992430.0,3290.0,-19.1489361702128,,0.155520995334372,32.4246771879483,15.0,55.4427242671822,0,2,0,66,"없음",30,-23.5632183908046,34,20260916,28.6298568507158,35.1014776396908,0,0,,,,,1,2650.0,"저항→지지",0,0,2935.45629576159,2935.45629576159
20261006,434480,"모니터랩",KOSDAQ,3235.0,11.74,"소프트웨어",77.04,13.2976931675,39823820500.0,3745.0,-13.0841121495327,,0.0,23.1378763866878,7.0,1089.56585973654,0,1,0,41,"없음",29,-0.610687022900763,73,20261006,9.96621621621621,7.20154292366154,0,0,,,,,1,2700.0,"저항→지지",0,0,3242.06852607012,3242.06852607012
20261006,435570,"에르코스",KOSDAQ,6860.0,-1.44,"식품",0.22,0.19433594,52252503380.0,8290.0,-15.0784077201448,,39.4072447859495,27.1393643031785,10.2,55.4899359544996,0,1,0,59,"없음",30,-25.8166491043203,30,20260721,10.6508875739645,17.5847701276528,0,0,,,,,0,,,0,0,7545.26623260097,7545.26623260097
20261006,437730,"삼현",KOSDAQ,52000.0,0.39,"자동차부품",254.24,285.048979375,1648793484000.0,60300.0,-13.5986733001658,,11.7176128093159,28.5714285714286,6.6,134.362410600304,2,2,0,47,"관망",44,15.7777777777778,86,20260921,9.01960784313724,10.3750707350126,1,0,,,,,1,34600.0,"저항→지지",0,0,53115.3944091636,53115.3944091636
20261006,438700,"버넥트",KOSDAQ,1830.0,0.6,"소프트웨어",0.28,0.4236673925,20395148700.0,1895.0,-2.95514511873351,,48.7369069624153,32.2886597938144,5.8,29.821069920105,0,2,0,59,"없음",47,-37.2354948805461,16,20260610,30.0,7.50562228256343,0,0,,,,,1,1818.0,"저항→지지",0,0,1683.42785390539,2159.42785390539
20261006,439090,"마녀공장",KOSDAQ,15830.0,4.7,"화장품",14.26,22.391948265,259505305800.0,17800.0,-11.3483146067416,,61.598440545809,30.6823529411765,7.0,37.9252222145248,4,2,0,63,"없음",65,30.7373653686827,91,20260811,10.3866128101558,5.40874450151914,0,0,,,,,1,15500.0,"지지 재탈환",0,0,16396.5313127025,19846.5313127025
20261006,439260,"대한조선",KOSPI,47850.0,4.36,"조선",29.67,14.3544151,1822545730500.0,51600.0,-6.97674418604651,,51.1182108626198,23.304347826087,6.6,117.013733711435,0,2,0,86,"없음",40,-43.9906651108518,10,,,,1,0,,,,,1,45300.0,"지지 재탈환",0,0,47677.725894879,53577.725894879
20261006,439580,"블루엠텍",KOSDAQ,2980.0,0.17,"건강관리업체및서비스",12.26,45.8480546525,100862710060.0,3485.0,-13.1994261119082,,2.46957766642807,23.7635019897669,9.6,66.9269946886457,0,2,0,49,"관망",30,-9.02255639097744,60,20260930,9.71962616822431,7.66912338219056,1,0,,,,,1,2355.0,"저항→지지",0,0,2959.02709264407,2959.02709264407
20261006,440290,"HB인베스트먼트",KOSDAQ,1696.0,-1.68,"창업투자",0.39,0.4718972875,46650905280.0,1759.0,-2.61512222853894,,55.4455445544555,9.50200343445907,9.4,59.6404823208724,0,3,0,92,"없음",45,-16.0294117647059,48,,,,0,0,,,,,0,,,0,0,1702.61407787427,1712.61407787427
20261006,440320,"오픈놀",KOSDAQ,2075.0,0.0,"디스플레이패널",0.39,0.3032536875,20708500000.0,2345.0,-11.5138592750533,,27.3517076093469,24.8498845265589,9.2,109.466903183643,0,1,0,53,"없음",25,-36.1538461538462,17,,,,0,0,,,,,0,,,0,0,2169.88454254416,2264.88454254416
20261006,441270,"파인엠텍",KOSDAQ,9500.0,1.06,"핸드셋",39.23,117.92035865,401778987500.0,9850.0,-3.45177664974619,,29.6995708154506,32.6595744680851,7.4,48.7834849579186,1,2,0,65,"관망",47,-0.730688935281837,73,20260903,18.8144329896907,13.9322462128638,0,0,,,,,0,,,0,0,8616.9011219311,8616.9011219311
20261006,443060,"HD현대마린솔루션",KOSPI,225500.0,-3.43,"조선",227.06,257.9739335,10109945230000.0,246000.0,-7.92682926829268,,26.8069533394327,20.4545454545455,9.8,106.881586923167,5,1,0,72,"관망",58,26.1135857461025,89,20260910,9.02612826603326,2.76556918049059,0,0,,,,,1,220000.0,"저항→지지",0,0,229719.144252124,229719.144252124
20261006,443250,"레뷰코퍼레이션",KOSDAQ,5070.0,-1.55,"양방향미디어와서비스",0.41,0.576302205,54805772190.0,6750.0,-25.037037037037,,18.7600644122383,32.2157434402332,14.2,85.737694234189,0,1,0,40,"없음",22,-46.3414634146341,9,,,,0,0,,,,,0,,,0,0,5798.35483605824,6068.35483605824
20261006,443670,"에스피소프트",KOSDAQ,5470.0,16.88,"IT서비스",337.21,139.5670235425,131337785080.0,6390.0,-15.0234741784038,,20.8997722095672,25.2225519287834,9.8,396.766323331037,1,1,0,44,"관망",35,31.4769975786925,91,20261006,13.8364779874214,2.78117446329897,0,0,,,,,1,4755.0,"저항→지지",0,0,5564.21723287088,5564.21723287088
20261006,444530,"심플랫폼",KOSDAQ,4735.0,-0.32,"IT서비스",0.13,0.2167918625,30454506710.0,5310.0,-9.6045197740113,,30.774647887324,26.0915867944622,9.4,28.5795970879239,0,1,0,66,"없음",33,-35.5704697986577,18,20260731,16.5277777777778,4.08626611481095,0,0,,,,,1,4720.0,"저항→지지",0,0,4596.58881329656,4596.58881329656
20261006,445090,"에이직랜드",KOSDAQ,23250.0,3.33,"반도체와반도체장비",10.05,4.9174952,254021548500.0,22550.0,4.8780487804878,0.665188470066519,72.0355517017125,24.156862745098,6.4,129.550425011581,0,3,0,96,"없음",45,-11.588785046729,56,20260814,12.4105011933174,5.6642764394123,0,0,20261002,22550.0,22700.0,70.4133180793115,1,22550.0,"저항→지지",1,0,20874.5109446179,23074.5109446179
20261006,445180,"퓨릿",KOSDAQ,10040.0,0.0,"반도체와반도체장비",8.23,6.141318045,172579447520.0,9510.0,6.09884332281809,6.20399579390116,14.0677966101695,26.3222632226322,11.2,193.169437526999,3,2,0,45,"없음",50,31.7232375979112,91,20260923,10.9862671660425,12.5035360038743,0,0,20261001,9510.0,10100.0,279.353970179763,1,8140.0,"저항→지지",0,0,9614.37324091758,9614.37324091758
20261006,445680,"큐리옥스바이오시스템즈",KOSDAQ,61600.0,5.84,"생명과학도구및서비스",61.84,35.81851235,1061041458400.0,51500.0,20.5825242718447,2.9126213592233,35.5094569859671,27.5743707093822,9.4,101.649086865443,0,1,0,51,"관망",25,-38.7573964497041,14,,,,0,0,20260929,51500.0,53000.0,86.7260938639218,1,51500.0,"저항→지지",1,1,52472.3434825853,52472.3434825853
20261006,446070,"유니드비티플러스",KOSPI,3980.0,-1.61,"건축자재",1.9,2.0910346225,42232635700.0,4050.0,-1.72839506172839,,51.5842839036755,12.4246079613993,5.0,94.1260186376574,4,2,0,83,"없음",57,32.2259136212625,91,20260624,9.09090909090908,2.76786072947995,0,0,,,,,0,,,0,0,3806.20916576112,3856.20916576112
20261006,446540,"메가터치",KOSDAQ,11670.0,7.36,"전자장비와기기",107.75,98.596200735,339353225370.0,11660.0,-0.0857632933104631,,3.00136425648022,28.3018867924528,6.4,184.438829748462,5,2,0,57,"수축중",64,190.161892901619,98,20260923,14.9947201689546,5.03407257399991,1,0,,,,,1,9800.0,"저항→지지",0,0,9913.3545720981,9913.3545720981
20261006,446840,"지슨",KOSDAQ,3590.0,3.01,"소프트웨어",2.33,0.7843680275,39549651440.0,3715.0,-1.21130551816958,,28.7721893491124,55.3688141923436,13.6,202.650680004631,0,2,0,62,"없음",40,-45.4356229556943,9,20261001,9.24499229583975,2.74857071836938,0,0,,,,,1,3445.0,"저항→지지",0,0,3094.62846144434,4679.62846144434
20261006,448280,"에코아이",KOSDAQ,9390.0,0.11,"상업서비스와공급품",0.55,0.694043415,278236301310.0,9850.0,-3.65482233502538,,32.1428571428571,28.6935286935287,10.8,45.2727597815905,0,2,0,76,"없음",40,-16.7543859649123,47,20260820,8.33333333333333,3.06958229610196,1,0,,,,,1,9460.0,"저항→지지",0,0,9269.34798608691,9269.34798608691
20261006,448710,"코츠테크놀로지",KOSDAQ,11620.0,0.78,"우주항공과국방",5.37,2.009881145,61415093040.0,11600.0,0.258620689655172,,34.5125786163522,26.9928966061563,10.0,202.104106740018,0,1,0,84,"없음",29,-31.9485078993564,22,,,,1,0,,,,,1,11000.0,"지지 재탈환",0,0,10688.2964143842,11478.2964143842
20261006,448730,"삼성FN리츠",KOSPI,5050.0,0.4,"부동산",2.11,5.6592812725,459802500000.0,5700.0,-12.280701754386,,25.0593824228029,15.8771929824561,6.8,63.2163280004913,2,1,0,50,"없음",36,-9.90990990990991,59,20260611,10.929519918284,3.62492083950763,0,0,,,,,0,,,0,0,5284.32472639535,5354.32472639535
20261006,448900,"한국피아이엠",KOSDAQ,57800.0,1.05,"자동차부품",18.6,35.00920595,351103614600.0,58450.0,-0.427715996578272,,52.1491228070175,40.4283801874163,6.6,38.3534735182773,2,1,0,67,"관망",45,-45.8604651162791,9,20260803,17.3489278752437,3.05911651519167,0,0,,,,,1,56100.0,"저항→지지",0,0,49378.2192334067,65628.2192334067
20261006,450080,"에코프로머티",KOSPI,40000.0,5.26,"전기제품",213.08,102.034110675,2832554800000.0,36500.0,10.0,0.821917808219178,52.7477689055895,16.4179104477612,4.4,179.939976137215,0,3,0,81,"관망",35,-40.0746268656716,13,,,,0,0,20261001,36500.0,36800.0,111.061322478212,1,36500.0,"저항→지지",1,0,34830.4720239508,36380.4720239508
20261006,450330,"하스",KOSDAQ,5010.0,0.6,"건강관리장비와용품",1.88,0.3479772125,41016083430.0,5520.0,-9.42028985507246,,0.0,15.2336448598131,6.6,439.905924169472,0,1,0,49,"없음",29,-24.357034795764,33,20260811,13.9297848244621,6.30211250561837,0,0,,,,,1,4890.0,"지지 재탈환",0,0,4877.82733275982,4877.82733275982
20261006,450520,"인스웨이브",KOSDAQ,1874.0,-0.16,"소프트웨어",0.44,0.3590124215,27556379172.0,2270.0,-16.6079295154185,,6.50593187906621,31.1224489795918,9.6,147.52408264582,0,2,0,49,"없음",30,-37.4214876033058,16,20260715,13.162705667276,2.76320051830256,0,0,,,,,1,1794.0,"지지 재탈환",0,0,2159.65373753688,2159.65373753688
20261006,450950,"아스테라시스",KOSDAQ,6360.0,-0.16,"건강관리장비와용품",3.52,3.183119005,239311485120.0,5350.0,19.2523364485981,7.28971962616822,36.6666666666667,23.3176838810642,7.6,152.219069648579,0,2,0,74,"없음",30,-41.6285452881976,12,20260928,8.71212121212121,8.30540890590343,0,0,20260928,5350.0,5740.0,499.419044324086,1,5350.0,"저항→지지",0,0,5730.02481241807,5780.02481241807
20261006,451220,"아이엠티",KOSDAQ,9440.0,1.51,"반도체와반도체장비",2.31,2.678021585,74336327840.0,8690.0,7.94016110471807,1.15074798619102,58.7480759363776,28.6511627906977,6.8,70.0231290403424,1,2,0,56,"없음",33,-19.6917808219178,41,,,,0,0,20260930,8690.0,8790.0,101.000119646871,1,8690.0,"저항→지지",0,0,8590.81399194648,9490.81399194648
20261006,451250,"삐아",KOSDAQ,7380.0,0.0,"화장품",0.3,0.644116715,75466972260.0,7710.0,-4.53955901426719,,42.5501432664756,20.4545454545455,7.0,13.3594992619377,0,3,0,90,"없음",50,-8.91089108910891,60,20260609,15.5309033280507,3.68244938932575,0,0,,,,,1,7180.0,"지지 재탈환",0,0,7199.53144679747,8149.53144679747
20261006,451760,"컨텍",KOSDAQ,8740.0,-1.02,"우주항공과국방",22.29,12.22121548,144277944760.0,8900.0,-1.34831460674157,,32.9206117989803,26.7857142857143,7.2,241.456661448448,0,2,0,69,"없음",35,-48.6549707602339,7,20260917,9.3833780160858,11.0361215849399,0,0,,,,,1,7330.0,"저항→지지",0,0,8227.40514837778,8227.40514837778
20261006,451800,"한화리츠",KOSPI,5350.0,-0.37,"부동산",1.91,3.88993618,960860000000.0,5750.0,-6.95652173913043,,34.589800443459,13.7305699481865,5.6,42.7892309924067,5,2,0,70,"없음",60,7.0,79,20260611,12.682379349046,4.32164748393239,0,0,,,,,1,5300.0,"지지 재탈환",0,0,5267.75632833627,5437.75632833627
20261006,452160,"제이엔비",KOSDAQ,3235.0,4.02,"반도체와반도체장비",0.46,0.2734817125,31112699845.0,3110.0,1.28617363344051,1.28617363344051,55.9533386967015,21.3091922005571,6.8,163.155474564436,0,2,0,80,"없음",35,-39.5393474088292,14,,,,1,0,20261006,3110.0,3150.0,164.400017160753,1,3060.0,"지지 재탈환",0,0,2906.3179607308,3271.3179607308
20261006,452190,"한빛레이저",KOSDAQ,6340.0,2.92,"전기제품",172.7,232.5769168875,151656331380.0,6690.0,-2.09267563527653,,16.6049382716049,20.343137254902,6.6,180.842467513397,3,2,0,54,"수축중",54,67.948717948718,96,20260929,11.6022099447514,8.9955868632407,0,0,,,,,1,5330.0,"저항→지지",0,0,5798.08502457327,5798.08502457327
20261006,452200,"민테크",KOSDAQ,1690.0,0.06,"전기제품",0.77,0.9090114425,41122432000.0,1790.0,-5.58659217877095,,69.7368421052632,18.8214070956103,7.6,57.1867082271883,0,3,0,92,"없음",49,-24.2152466367713,33,20260807,11.3076923076923,3.89044699086798,0,0,,,,,1,1650.0,"저항→지지",0,0,1599.43717948881,1599.43717948881
20261006,452260,"한화갤러리아",KOSPI,2635.0,1.54,"백화점과일반상점",19.88,55.756335965,510820072350.0,2965.0,-11.4671163575042,,16.5690866510539,32.4463519313305,10.8,51.7469049558339,3,1,0,47,"없음",44,10.062893081761,83,20260909,9.14893617021277,3.15617213352061,0,0,,,,,1,2160.0,"저항→지지",0,0,2723.03243390039,2723.03243390039
20261006,452280,"한선엔지니어링",KOSDAQ,15010.0,4.82,"기계",172.44,164.951345745,288907526700.0,14270.0,5.60616678346181,0.630693763139453,28.646080760095,36.241610738255,6.6,191.326480058727,2,2,0,60,"관망",49,8.8086642599278,81,20260930,8.96825396825396,2.77665261293985,0,0,20261002,14270.0,14360.0,182.333881049047,1,14270.0,"저항→지지",1,1,12418.2169584866,12758.2169584866
20261006,452300,"캡스톤파트너스",KOSDAQ,2535.0,0.0,"창업투자",1.03,1.12603659,35919695175.0,2560.0,-0.5859375,,25.2611940298507,25.8527827648115,5.6,38.4698898419462,0,2,0,71,"없음",47,-32.5827814569536,21,20260824,8.62470862470863,26.4737225972192,0,0,,,,,1,2415.0,"저항→지지",0,0,2297.58676329152,2487.58676329152
20261006,452400,"이닉스",KOSDAQ,5350.0,0.75,"전기제품",0.26,0.65050462,48532139800.0,6290.0,-14.9443561208267,,45.9501557632399,21.2730318257956,9.8,41.4942868400315,0,1,0,58,"없음",22,-35.3864734299517,18,,,,0,0,,,,,1,5300.0,"지지 재탈환",0,0,5773.7836370886,5773.7836370886
20261006,452430,"사피엔반도체",KOSDAQ,36200.0,-4.23,"반도체와반도체장비",18.24,22.42727565,298846240200.0,43200.0,-15.625,,12.5867195242815,24.7368421052632,2.2,123.218375574947,2,2,0,56,"없음",40,24.190800681431,89,20260910,9.11764705882352,3.45309646797428,0,0,,,,,1,35650.0,"저항→지지",0,0,41769.5597736723,41769.5597736723
20261006,452450,"피아이이",KOSDAQ,5850.0,8.94,"IT서비스",41.21,38.903559005,210766725000.0,5800.0,1.37931034482759,1.37931034482759,27.633209417596,45.9821428571429,10.0,205.594028411619,1,2,0,62,"관망",49,23.7894736842105,89,20260910,13.4792626728111,42.0092986852977,1,0,20261006,5800.0,5880.0,212.810740216056,1,3520.0,"저항→지지",1,1,5008.54968809753,5008.54968809753
20261006,453340,"현대그린푸드",KOSPI,18660.0,-1.32,"식품",6.08,7.00566357,605919813420.0,19480.0,-3.28542094455852,,6.77035681610246,9.92481203007519,7.4,81.699164514536,5,2,0,64,"없음",55,19.0897597977244,87,,,,0,0,,,,,0,,,0,0,18264.3916924261,18624.3916924261
20261006,453450,"그리드위즈",KOSDAQ,13500.0,2.2,"전기유틸리티",2.28,2.261298995,107227125000.0,13120.0,2.74390243902439,1.90548780487805,61.2769485903814,32.7889447236181,9.6,50.5228341196152,1,2,0,83,"없음",52,-37.0093457943925,16,20260710,14.1004862236629,10.401785918341,1,0,20261002,13120.0,13370.0,48.86055426525,1,13120.0,"저항→지지",0,0,12225.5972486929,15055.5972486929
20261006,453860,"에이에스텍",KOSDAQ,7090.0,-6.34,"화장품",3.97,1.092936235,45690959070.0,8760.0,-18.0365296803653,,39.3970893970894,47.3044798785118,15.4,477.470994988324,0,1,0,50,"없음",26,-50.1734906315059,6,20260612,16.7718665464382,2.63190458512998,0,0,,,,,0,,,0,0,7913.31189501673,9213.31189501673
20261006,454910,"두산로보틱스",KOSPI,75200.0,2.87,"기계",366.92,208.9197763,4874462496000.0,72800.0,3.98351648351648,3.98351648351648,63.11004784689,20.4878048780488,6.6,130.674864421513,0,3,0,94,"관망",49,-4.77987421383648,66,20260602,20.4479768786127,3.92863903308314,0,0,20261006,72800.0,75700.0,122.43327343801,1,68100.0,"지지 재탈환",1,0,66500.7672246841,74600.7672246841
20261006,455180,"케이지에이",KOSDAQ,1319.0,2.33,"전자장비와기기",0.81,0.5113246185,19401085265.0,1398.0,-7.08154506437768,,49.6197718631179,36.0735532720389,7.4,132.461115628892,0,2,0,74,"없음",37,-55.7410562180579,4,20260703,27.889634601044,3.62157017161181,0,0,,,,,0,,,0,0,1187.36057946964,1735.36057946964
20261006,455900,"엔젤로보틱스",KOSDAQ,22500.0,3.69,"건강관리장비와용품",14.36,10.325402075,346342072500.0,22650.0,-0.22075055187638,,65.7134925041643,23.7007874015748,8.4,62.3355058479586,0,2,0,88,"없음",47,-8.87096774193548,61,20260803,12.6550868486352,7.81871918002852,1,0,,,,,1,20950.0,"저항→지지",0,0,20368.7222877024,23118.7222877024
20261006,456010,"아이씨티케이",KOSDAQ,28550.0,14.66,"통신장비",508.59,262.53061162,414042092500.0,28150.0,1.24333925399645,1.24333925399645,0.0,40.955448201825,11.2,303.738108217547,3,2,0,49,"수축중",55,106.222865412446,97,20260928,15.0655021834061,2.86714757805011,0,0,20261006,28150.0,28500.0,321.143660814952,1,24800.0,"저항→지지",1,1,24042.6612138537,24042.6612138537
20261006,456040,OCI,KOSPI,74300.0,0.41,"화학",16.04,22.3244565,665170378500.0,82000.0,-8.90243902439024,,59.2476489028213,39.7553516819572,11.2,44.7174053963179,2,1,0,79,"없음",39,-20.531914893617,40,,,,0,0,,,,,0,,,0,0,75879.0641711101,87429.0641711101
20261006,456070,"이엔셀",KOSDAQ,6190.0,3.17,"제약",5.25,16.015689715,68272710230.0,6890.0,-10.7402031930334,,33.3333333333333,29.4117647058824,9.6,68.774688867341,0,1,0,57,"없음",29,-58.2767978290366,4,20260918,30.1526717557252,66.6570012298357,1,0,,,,,1,5620.0,"저항→지지",0,0,6004.05824643756,6214.05824643756
20261006,456160,"지투지바이오",KOSDAQ,44250.0,1.49,"제약",109.18,75.866567175,735852100500.0,45150.0,-1.55038759689922,,33.5931410756041,29.2377701934016,4.8,156.158522121366,0,2,0,52,"관망",39,-32.4468085106383,21,20261001,20.7334273624824,4.1564383908735,0,0,,,,,1,36350.0,"저항→지지",0,0,38702.0112046688,38702.0112046688
20261006,457190,"이수스페셜티케미컬",KOSPI,83700.0,3.21,"화학",227.04,153.9460172,2529319586400.0,68300.0,22.98682284041,5.41727672035139,35.2163461538462,18.3619550858653,4.4,179.518396077447,3,2,0,76,"수축중",49,-5.93505039193729,65,20260930,8.33333333333333,8.28692143911138,0,0,20260929,68300.0,72000.0,368.563182370374,1,66000.0,"저항→지지",1,1,73672.1314391397,73672.1314391397
20261006,457370,"한켐",KOSDAQ,11320.0,3.47,"디스플레이장비및부품",74.33,249.46971749,91319956880.0,12840.0,-10.4361370716511,,10.2793885081708,30.2717900656045,6.0,42.2099113089289,3,2,0,50,"수축중",50,43.75,93,20260917,26.5560165975104,11.7501931979253,0,0,,,,,1,9200.0,"저항→지지",0,0,10754.9451628257,10754.9451628257
20261006,457600,"벡트",KOSDAQ,4155.0,7.92,"교육서비스",7.12,5.26435585,56954662500.0,4900.0,-16.2244897959184,,13.5076252723312,30.5882352941176,5.6,86.3450736045457,4,1,0,49,"없음",46,88.735632183908,97,20260720,16.3963963963964,5.40154982784633,0,0,,,,,1,3910.0,"지지 재탈환",0,0,4508.73792114093,4648.73792114093
20261006,458650,"성우",KOSDAQ,7890.0,2.6,"전기제품",0.81,0.51787949,118710336300.0,7880.0,0.634517766497462,0.634517766497462,68.3105981112277,13.4502923976608,6.6,97.9753335858905,0,3,0,94,"없음",40,-35.3708231458843,18,,,,1,0,20261006,7880.0,7930.0,98.0431801103259,0,,,0,0,7378.92232287394,8608.92232287394
20261006,458870,"씨어스",KOSDAQ,27100.0,0.37,"건강관리기술",36.54,46.817995025,1039159310200.0,29100.0,-6.87285223367698,,61.5316117542297,31.7728055077453,8.2,56.5562195512658,0,1,0,71,"관망",34,-45.4728370221328,9,20260928,9.52380952380953,4.21146133138872,0,0,,,,,1,24700.0,"저항→지지",0,0,25497.9623487263,31147.9623487263
20261006,459100,"위츠",KOSDAQ,4060.0,1.25,"핸드셋",0.35,0.353428745,54672366000.0,4200.0,-3.21428571428571,,51.332560834299,26.8585131894484,9.8,65.8254699113629,0,3,0,91,"없음",45,-26.7567567567568,28,,,,1,0,,,,,1,3980.0,"지지 재탈환",0,0,3861.1213343742,4346.1213343742
20261006,459510,"나우로보틱스",KOSDAQ,16310.0,3.82,"기계",11.39,19.119108745,211677410420.0,17940.0,-8.30546265328874,,64.1250476553565,27.4061990212072,7.8,61.3754852199434,0,2,0,61,"없음",45,-6.16086708499715,65,20260911,15.9401431359792,11.7678993045331,1,0,,,,,1,15390.0,"저항→지지",0,0,16117.0819485739,16567.0819485739
20261006,459550,"알트",KOSDAQ,2055.0,0.0,"핸드셋",7.85,109.8502662975,51828663855.0,2355.0,,,,70.1,22.0,5.58394201980569,0,0,0,0,"데이터 부족",,-22.3062381852552,36,20260814,29.984856133266,3.2978128035228,0,0,,,,,0,,,0,0,2522.45112738464,2522.45112738464
20261006,460470,"아이빔테크놀로지",KOSDAQ,3155.0,6.23,"생명과학도구및서비스",1.25,0.68294246,47701612350.0,3120.0,0.961538461538462,0.961538461538462,33.0177514792899,21.4634146341463,9.4,190.935653576377,1,2,0,70,"없음",41,-3.81679389312977,68,20260928,8.34914611005693,10.4155358413519,0,0,20261006,3120.0,3150.0,194.811782620188,1,2895.0,"저항→지지",0,0,2798.33483756772,2803.33483756772
20261006,460850,"동국씨엠",KOSPI,5360.0,-0.56,"철강",1.11,3.36629793,160256796160.0,5660.0,-4.59363957597173,,33.4101382488479,22.1105527638191,9.6,25.336939465032,1,1,0,92,"없음",36,1.69491525423729,75,,,,0,0,,,,,0,,,0,0,5575.17339822232,5595.17339822232
20261006,460860,"동국제강",KOSPI,9860.0,-0.2,"철강",37.14,31.824455275,489135047620.0,11780.0,-16.553480475382,,0.0,16.1658031088083,9.6,165.17410089562,2,1,0,44,"없음",39,10.3254769921437,83,20260827,12.2153209109731,4.64266640219642,0,0,,,,,1,9810.0,"지지 재탈환",0,0,10644.2005738498,10644.2005738498
20261006,460870,"에스엠씨지",KOSDAQ,3065.0,0.82,"포장재",1.1,1.6017894275,61524676760.0,3190.0,-3.91849529780564,,30.7270233196159,21.092564491654,7.0,39.7940811179109,0,3,0,80,"없음",40,-26.3221153846154,29,20260921,10.5263157894737,8.0833507794066,1,0,,,,,1,2980.0,"저항→지지",0,0,2848.2820358699,2953.2820358699
20261006,460930,"현대힘스",KOSDAQ,13170.0,0.46,"조선",6.51,14.68417288,467675537070.0,14050.0,-6.04982206405694,,79.2307692307692,30.1255230125523,9.6,9.55719516847882,0,1,0,85,"없음",35,-25.8843346434587,30,20260724,22.5038402457757,20.5195821477869,0,0,,,,,1,12990.0,"지지 재탈환",0,0,12894.8713776414,15574.8713776414
20261006,460940,"피앤에스로보틱스",KOSDAQ,5380.0,1.89,"건강관리장비와용품",1.64,3.9954770525,72389406400.0,5920.0,-8.78378378378378,,56.312292358804,27.726574500768,7.8,17.6050399372278,0,1,0,62,"없음",33,-27.9038718291055,27,20260810,12.984496124031,7.93516379223164,0,0,,,,,1,4905.0,"지지 재탈환",0,0,5287.97713133585,5877.97713133585
20261006,461030,"아이엠비디엑스",KOSDAQ,3085.0,6.38,"생명과학도구및서비스",0.49,0.59725975,44221984945.0,2975.0,2.01680672268908,2.01680672268908,44.535240040858,47.2375690607735,11.6,81.0690346638365,0,2,0,45,"없음",32,-53.1635802469136,5,,,,0,0,20261006,2975.0,3035.0,81.2783299571026,1,2975.0,"저항→지지",0,0,2640.37153866239,3285.37153866239
20261006,461300,"아이스크림미디어",KOSDAQ,17740.0,-3.74,"교육서비스",6.65,4.20707724,236543971420.0,19440.0,-9.72222222222222,,16.7611336032389,10.3430079155673,7.2,136.452320784641,4,1,0,74,"없음",49,4.96411483253589,78,20260807,8.36845273931366,4.86205821794896,0,0,,,,,0,,,0,0,18313.8275963935,18313.8275963935
20261006,462310,"뉴키즈온",KOSDAQ,4050.0,4.38,"섬유,의류,신발,호화품",0.48,0.357064495,31989350250.0,4205.0,-7.25326991676575,,39.0521327014218,11.7073170731707,4.6,111.277956631809,0,2,0,60,"없음",39,-6.92124105011933,63,20260721,11.8858954041204,2.91371681415929,0,0,,,,,0,,,0,0,3763.12489674737,3763.12489674737
20261006,462350,"이노스페이스",KOSDAQ,6380.0,-1.39,"우주항공과국방",22.55,14.689862305,216164429360.0,7200.0,-9.58333333333333,,40.8610885458976,39.377085650723,6.4,142.901775039548,0,2,0,56,"없음",28,-41.4199586070368,12,,,,0,0,,,,,1,6180.0,"저항→지지",0,0,6155.79535826493,7945.79535826493
20261006,462510,"라메디텍",KOSDAQ,3550.0,0.14,"건강관리장비와용품",2.09,4.95648471,31250525750.0,4285.0,-16.4527421236873,,1.171875,21.7527386541471,5.8,85.508615897721,0,2,0,70,"없음",30,-21.4912280701754,37,20260929,29.5345104333868,21.5728604471858,0,0,,,,,1,3200.0,"저항→지지",0,0,3724.51541894788,3724.51541894788
20261006,462520,"조선내화",KOSPI,13010.0,1.48,"비철금속",90.52,4.90974931,154235735680.0,12940.0,0.850077279752705,0.850077279752705,51.9230769230769,26.9628727936701,12.2,2850.00955826648,0,2,0,52,"없음",35,-4.32551319648094,67,,,,1,0,20261006,12940.0,13050.0,6513.66849722382,1,12820.0,"지지 재탈환",0,0,12353.6127285864,13843.6127285864
20261006,462860,"더즌",KOSDAQ,2960.0,1.2,"IT서비스",14.38,119.6509215575,212433584880.0,3405.0,-12.7753303964758,,22.3894637817498,33.5113484646195,3.8,16.7681538570653,0,2,0,52,"관망",32,-7.1875,63,20260921,21.7877094972067,3.76484221282958,1,0,,,,,1,2665.0,"지지 재탈환",0,0,3224.0870480557,3224.0870480557
20261006,462870,"시프트업",KOSPI,30750.0,-0.81,"게임엔터테인먼트",8.74,9.6380176,1806313117500.0,31900.0,-3.13479623824451,,63.9517345399698,20.7650273224044,12.0,65.635087039531,0,3,0,91,"없음",43,-3.58814352574103,68,20260609,10.2649006622517,5.59228860288799,0,0,,,,,0,,,0,0,31222.1735950118,31772.1735950118
20261006,462980,"아이지넷",KOSDAQ,1709.0,2.52,"IT서비스",0.25,0.5307303565,31162652833.0,1675.0,1.43283582089552,1.43283582089552,47.3103448275862,28.6060606060606,12.4,49.553984168303,0,3,0,84,"없음",40,-23.2957110609481,34,20260625,10.7142857142857,3.00686249522227,1,0,20261006,1675.0,1699.0,49.4731158054618,1,1592.0,"저항→지지",1,1,1518.39739587997,1518.39739587997
20261006,463020,"뉴엔AI",KOSDAQ,6920.0,-0.14,"IT서비스",3.09,7.65508508,62191424000.0,7530.0,-8.89774236387782,,72.9004940014114,32.5102880658436,4.8,5.93922341916955,0,2,0,80,"없음",45,-41.0146173688736,12,20260806,9.48693126815101,9.11132487523767,0,0,,,,,0,,,0,0,7631.19212914565,12701.1921291456
20261006,463480,"모티브링크",KOSDAQ,3980.0,1.66,"자동차부품",0.2,4.7850854125,49313624840.0,5160.0,-23.6434108527132,,6.32133450395084,39.0588235294118,9.6,10.6062571205808,0,1,0,48,"없음",26,-55.125284738041,4,20260611,9.5703125,3.74162450886617,0,0,,,,,0,,,0,0,4561.27813042381,4561.27813042381
20261006,464080,"에스오에스랩",KOSDAQ,10910.0,3.81,"전자장비와기기",13.15,10.3440127,196528037790.0,11990.0,-8.09007506255213,,20.1416207710464,17.5675675675676,6.2,110.960163293997,1,3,0,84,"없음",43,-22.8831350594822,35,20260615,11.358024691358,3.57017011035339,0,0,,,,,1,10500.0,"저항→지지",0,0,10589.1135740892,10589.1135740892
20261006,464280,"티디에스팜",KOSDAQ,5330.0,-1.11,"제약",0.89,0.75185274,29474900000.0,5930.0,-8.09443507588533,,61.4443084455324,42.4694708276798,13.0,65.2172424314595,0,3,0,80,"없음",44,-34.652278177458,19,,,,0,0,,,,,1,5440.0,"지지 재탈환",0,0,5405.23421191828,5775.23421191828
20261006,464500,"아이언디바이스",KOSDAQ,1762.0,5.57,"반도체와반도체장비",1.03,0.668256334,24656129406.0,1734.0,2.07612456747405,2.07612456747405,29.3953858392999,27.7176470588235,5.2,117.868226306995,0,2,0,74,"없음",35,-44.5141065830721,10,,,,1,0,20261006,1734.0,1770.0,119.287311071371,1,1645.0,"지지 재탈환",0,0,1639.97249600227,1870.97249600227
20261006,464580,"닷밀",KOSDAQ,1639.0,0.06,"방송과엔터테인먼트",0.08,0.3065008365,30167579871.0,1899.0,-13.9547130068457,,22.9320229320229,28.7298387096774,6.6,16.979523466651,0,2,0,52,"없음",32,-20.4866180048662,40,20260804,16.3421418636996,3.0830273454733,0,0,,,,,1,1511.0,"지지 재탈환",0,0,1637.7962675493,1722.7962675493
20261006,465480,"인스피언",KOSDAQ,4010.0,0.12,"IT서비스",1.28,0.4828279075,40652465720.0,4325.0,-7.16763005780347,,14.7904869762174,23.5294117647059,9.4,255.595861725088,0,2,0,52,"없음",30,-18.2281059063136,43,,,,0,0,,,,,1,3955.0,"저항→지지",0,0,3807.11496763426,3807.11496763426
20261006,466100,"클로봇",KOSDAQ,24100.0,1.47,"기계",67.4,60.76272835,745985109900.0,25300.0,-3.75494071146245,,74.4412050534499,36.5467625899281,6.6,71.4494685964708,0,2,0,72,"관망",50,-46.8294174163682,8,20260814,13.7391304347826,5.48094286811243,0,0,,,,,0,,,0,0,22278.2212953644,31728.2212953644
20261006,466410,"사이냅소프트",KOSDAQ,8740.0,-1.47,"소프트웨어",0.43,0.33553162,44023581020.0,9290.0,-5.92034445640474,,19.0871369294606,12.3789020452099,7.0,84.5940968971224,0,1,0,78,"없음",27,-19.0740740740741,42,,,,0,0,,,,,1,8650.0,"저항→지지",0,0,8513.59038713227,8513.59038713227
20261006,468530,"프로티나",KOSDAQ,51300.0,0.0,"생물공학",60.91,58.806399175,569694092400.0,56200.0,-8.36298932384341,,0.0,37.7885783718105,5.2,101.913938677348,0,2,0,57,"관망",35,-22.6726726726727,36,20260928,13.2196162046908,4.01222192074818,0,0,,,,,1,31950.0,"저항→지지",0,0,47855.8008670582,47855.8008670582
20261006,469610,"이노테크",KOSDAQ,16540.0,5.15,"디스플레이장비및부품",15.73,14.122981075,147915566000.0,17140.0,-3.09218203033839,,50.2963590177815,27.5598573611819,6.8,65.6396936982143,0,3,0,86,"없음",50,-5.73212258796822,65,20260813,14.8316062176166,23.3158676293739,0,0,,,,,1,16210.0,"저항→지지",0,0,15376.5725355025,17706.5725355025
20261006,471820,"셀로맥스사이언스",KOSDAQ,4150.0,0.73,"제약",0.2,0.19338936,46906947850.0,4200.0,-0.476190476190476,,25.6445047489824,9.16666666666667,3.2,113.755924060297,0,2,0,72,"없음",30,-15.1269035532995,50,,,,1,0,,,,,1,3925.0,"지지 재탈환",0,0,3961.1091720168,4076.1091720168
20261006,472850,"폰드그룹",KOSDAQ,4650.0,0.54,"섬유,의류,신발,호화품",1.1,1.31126768,267708181800.0,5210.0,-10.8445297504798,,48.6328125,24.8768472906404,4.8,38.1271104093854,1,2,0,90,"없음",50,-7.28542914171657,63,20260828,9.25196850393701,4.88233774818887,0,0,,,,,0,,,0,0,4750.79387744165,5630.79387744165
20261006,473980,"노머스",KOSDAQ,10250.0,-0.19,"방송과엔터테인먼트",1.12,3.09329721,111548208000.0,12610.0,-18.080888183981,,66.1784287616511,25.5536626916525,9.6,39.7580330824579,0,1,0,54,"없음",22,-39.4490035169988,14,,,,0,0,,,,,1,10230.0,"지지 재탈환",0,0,11604.6694488963,11604.6694488963
20261006,474170,"루미르",KOSDAQ,7400.0,0.27,"우주항공과국방",10.85,4.483284135,131850950400.0,8250.0,-9.09090909090909,,21.608040201005,63.003663003663,15.4,264.330629774431,0,1,0,52,"없음",25,-43.609022556391,10,,,,0,0,,,,,1,6780.0,"저항→지지",0,0,7212.97665570813,7212.97665570813
20261006,474610,"RF시스템즈",KOSDAQ,8650.0,-0.69,"우주항공과국방",7.91,7.02773179,124691653000.0,7330.0,17.462482946794,7.7762619372442,37.4433363553944,23.3890214797136,6.8,100.703135052569,2,3,0,85,"없음",43,-14.1575274177468,52,20260918,8.96551724137931,4.64484774750688,0,0,20260918,7330.0,7900.0,299.399278864802,1,7330.0,"저항→지지",0,0,7756.06393882942,7756.06393882942
20261006,474650,"링크솔루션",KOSDAQ,29200.0,-0.85,"기계",7.53,10.4185214,167995834400.0,29900.0,-3.67892976588629,,37.5696767001115,32.9707112970711,9.8,76.5808286353234,0,2,0,76,"없음",40,-48.936170212766,7,20260915,12.3287671232877,5.16375184772403,0,0,,,,,1,26050.0,"저항→지지",0,0,26153.4536977207,26153.4536977207
20261006,475150,"SK이터닉스",KOSPI,50200.0,1.01,"에너지장비및서비스",314.32,438.7193936,1710163600800.0,52600.0,-3.99239543726236,,84.2814863531733,24.3328100470958,6.0,20.030501703594,4,3,1,98,"돌파임박",75,-6.99815837937385,63,20260723,30.0,3.09129086544767,0,0,,,,,1,49900.0,"지지 재탈환",0,0,47894.329371675,81094.329371675
20261006,475230,"엔알비",KOSDAQ,9850.0,-1.79,"건설",4.57,9.480742365,107352027550.0,11870.0,-17.1019376579612,,27.0947533281128,17.9207920792079,6.0,50.3346850378814,0,1,0,52,"없음",26,-53.3649289099526,5,20260820,17.741935483871,5.70901781497007,0,0,,,,,0,,,0,0,10385.0924182421,10385.0924182421
20261006,475400,"씨메스로보틱스",KOSDAQ,19300.0,0.89,"기계",8.48,19.381341935,227873054200.0,22350.0,-13.4675615212528,,59.5910418695229,24.7982062780269,7.8,50.476958075596,0,1,0,54,"없음",30,-33.7671232876712,20,20260910,13.0737943056363,30.5421651983226,0,0,,,,,1,18950.0,"저항→지지",0,0,20056.7975589415,20056.7975589415
20261006,475430,"키스트론",KOSDAQ,4440.0,-1.33,"전기장비",5.7,5.3409004175,79245608400.0,4510.0,-0.997782705099778,,82.6687116564417,17.798353909465,6.8,49.583829544818,0,3,0,94,"없음",50,8.11138014527845,81,20260810,8.23389021479715,8.0648505426377,0,0,,,,,1,4340.0,"저항→지지",0,0,4106.20291898926,4446.20291898926
20261006,475460,"미트박스",KOSDAQ,2900.0,4.69,"인터넷과카탈로그소매",4.41,4.05652146,16374922500.0,3370.0,-12.1661721068249,,8.50689351716046,20.2162670427833,13.0,135.76534182013,2,1,0,45,"없음",36,13.2364192807957,85,20260902,11.0229276895944,63.4271476419505,0,0,,,,,1,2164.0,"저항→지지",0,0,3030.51116386538,3030.51116386538
20261006,475560,"더본코리아",KOSPI,14220.0,-0.49,"호텔,레스토랑,레저",1.97,3.624026915,210853733400.0,16170.0,-10.8225108225108,,62.515163768702,35.4166666666667,6.2,24.4277859889143,0,2,0,78,"없음",45,-31.8203309692671,22,20260818,21.8376337319069,36.0104113086053,0,0,,,,,0,,,0,0,15174.4663664505,20034.4663664505
20261006,475580,"에이럭스",KOSDAQ,7530.0,0.94,"교육서비스",3.62,16.918846145,102595497000.0,8740.0,-14.187643020595,,38.1590705987489,39.8081534772182,12.6,26.7621533496621,0,1,0,51,"없음",30,-42.3963133640553,11,20260820,12.9032258064516,19.7301093677433,0,0,,,,,1,7280.0,"지지 재탈환",0,0,7825.76349305357,8615.76349305357
20261006,475660,"에스켐",KOSDAQ,3065.0,4.61,"디스플레이장비및부품",0.11,0.3702046975,24304944275.0,3630.0,-16.8044077134986,,42.4657534246575,22.5761772853186,6.0,43.2232799363454,0,1,0,46,"없음",26,-41.5860735009671,12,20260601,13.7971698113208,4.85593928795143,0,0,,,,,0,,,0,0,3198.45687293909,3388.45687293909
20261006,475830,"오름테라퓨틱",KOSDAQ,20400.0,-3.55,"제약",77.57,142.149128375,443759486400.0,57500.0,-64.3478260869565,,39.1778107974245,59.375,9.4,133.506676465909,0,1,0,34,"관망",29,-76.1627906976744,2,20260804,19.5046439628483,3.21416993523623,0,0,,,,,0,,,0,0,48647.266993629,66447.266993629
20261006,475960,"토모큐브",KOSDAQ,35750.0,4.23,"생명과학도구및서비스",14.6,12.660302775,481773220500.0,37500.0,-4.8,,37.6077586206897,60.9022556390977,20.4,103.783571556368,0,1,0,40,"없음",31,-33.3955223880597,20,20260930,9.10518053375196,3.64764009840059,0,0,,,,,1,28350.0,"저항→지지",0,0,33037.3715580286,35887.3715580286
20261006,476040,"오가노이드사이언스",KOSDAQ,7330.0,3.82,"생물공학",1.32,1.681319035,48273620800.0,7530.0,-4.38247011952191,,38.3294301327088,34.341252699784,7.8,79.1903337410731,0,2,0,64,"없음",30,-67.7130044843049,2,,,,0,0,,,,,1,6700.0,"저항→지지",0,0,6407.07469737372,8137.07469737372
20261006,476060,"온코닉테라퓨틱스",KOSDAQ,15620.0,-0.57,"제약",22.86,40.911016185,709270460800.0,16430.0,-4.26049908703591,,47.3129080863887,41.980198019802,10.6,26.6636614137332,0,1,0,52,"관망",35,-25.2731591448931,31,20260831,22.0717670954638,9.89044432332307,1,0,,,,,1,15380.0,"저항→지지",0,0,15757.9232631154,16797.9232631154
20261006,476080,M83,KOSDAQ,4150.0,0.24,"방송과엔터테인먼트",0.39,0.36825603,33519550000.0,4565.0,-9.09090909090909,,46.5883977900552,22.2336065573771,6.8,12.2812721648869,0,2,0,61,"없음",45,-32.4104234527687,22,20260813,13.1210191082803,3.7459782651923,0,0,,,,,0,,,0,0,4033.34797730232,4323.34797730232
20261006,478560,"블랙야크아이앤씨",KOSDAQ,3515.0,5.24,"섬유,의류,신발,호화품",3.21,1.557533315,90793497470.0,3645.0,-8.3676268861454,,0.0,25.1396648044693,10.6,77.0363438851218,2,3,0,84,"없음",58,11.7056856187291,84,20260827,17.8438661710037,125.59047283852,0,0,,,,,1,3300.0,"저항→지지",0,0,3323.91730503625,3323.91730503625
20261006,479960,"위너스일렉",KOSDAQ,6470.0,1.89,"전기장비",9.39,0.760697655,46105220000.0,6150.0,3.73983739837398,2.76422764227642,55.0245098039216,16.7164179104478,6.4,1413.60109225605,0,2,0,82,"없음",32,-32.8421052631579,21,,,,0,0,20261001,6150.0,6320.0,134.412588329902,1,6150.0,"저항→지지",0,0,5911.7076584603,6081.7076584603
20261006,480370,"씨케이솔루션",KOSPI,2235.0,16.65,"기계",45.37,15.1526070855,72595946880.0,2275.0,-2.1978021978022,,0.0,34.4322344322344,6.8,538.793376003455,1,2,0,43,"없음",42,12.3170116102978,84,20260917,23.0274693161894,5.9814588097603,0,0,,,,,1,2195.0,"저항→지지",0,0,1933.77957531063,1933.77957531063
20261006,481070,"에이유브랜즈",KOSDAQ,14070.0,-0.71,"섬유,의류,신발,호화품",1.59,2.178006795,202070526000.0,16750.0,-16.4179104477612,,57.3977936404932,42.5833333333333,6.8,36.2008234852133,0,2,0,49,"없음",42,-18.6046511627907,43,20260813,12.8272251308901,18.2625818216031,0,0,,,,,0,,,0,0,16166.802406464,21606.802406464
20261006,482630,"삼양엔씨켐",KOSDAQ,15630.0,1.03,"반도체와반도체장비",42.64,25.186908245,342113816400.0,14180.0,10.7193229901269,9.02679830747532,59.2606149341142,58.1018518518518,14.2,163.248537784174,2,2,0,52,"없음",45,2.61437908496732,76,20261001,10.9834888729361,5.38052554199733,0,0,20261001,14180.0,15460.0,412.675398470482,1,14180.0,"저항→지지",0,0,14415.9575430963,14415.9575430963
20261006,483650,"달바글로벌",KOSPI,181800.0,-0.71,"화장품",171.78,263.1137625,2277438597000.0,191100.0,-4.65724751439037,,66.9659863945578,42.8312159709619,9.0,57.4629104273233,3,1,0,46,"관망",46,28.3098591549296,90,,,,0,0,,,,,0,,,0,0,183307.828461715,259307.828461715
20261006,484120,"도우인시스",KOSDAQ,23000.0,0.0,"디스플레이장비및부품",8.07,15.582090725,252020706000.0,25250.0,-9.10891089108911,,0.746268656716423,36.1946418808092,10.6,75.0716860043008,1,2,0,53,"없음",37,22.7272727272727,89,20260918,8.57142857142856,4.29934787721858,0,0,,,,,1,21700.0,"저항→지지",0,0,22066.0568657808,22066.0568657808
20261006,484590,"삼양컴텍",KOSDAQ,7300.0,-3.31,"우주항공과국방",19.31,14.80599538,300836285000.0,7690.0,-4.29128738621587,,43.6781609195402,29.9107142857143,9.6,141.65763724107,0,3,0,84,"없음",38,-36.6063738156761,17,20260617,9.9537037037037,3.56045395757674,0,0,,,,,1,7000.0,"저항→지지",0,0,6897.32192796997,6897.32192796997
20261006,484810,"티엑스알로보틱스",KOSDAQ,12440.0,1.22,"기계",9.55,29.66755078,192209382600.0,14760.0,-15.650406504065,,76.7931238885596,39.4791666666667,7.2,16.3642500630663,0,2,0,64,"없음",42,-10.0433526011561,58,20260731,13.4290540540541,3.41682287892099,0,0,,,,,1,12000.0,"지지 재탈환",0,0,13244.6007849995,17374.6007849995
20261006,484870,"엠앤씨솔루션",KOSPI,19230.0,3.11,"우주항공과국방",32.65,22.40317289,528088491000.0,19380.0,-0.412796697626419,,75.5259992678718,23.2570516232038,6.8,123.682251871116,0,2,0,55,"없음",40,-39.371092891025,14,20260831,21.1118464592985,13.2427134182131,1,0,,,,,1,15670.0,"저항→지지",0,0,16776.0426530013,22646.0426530013
20261006,486990,"노타",KOSDAQ,20800.0,1.71,"IT서비스",37.84,81.162223775,444962544000.0,25500.0,-17.843137254902,,37.0454545454545,30.6430155210643,9.4,77.400533008672,0,1,0,52,"관망",29,-33.7025316455696,20,20260922,28.9308176100629,25.7389422591608,0,0,,,,,1,18800.0,"저항→지지",0,0,22825.0499772143,22825.0499772143
20261006,487570,"HS효성",KOSPI,50300.0,1.0,"복합기업",0.8,1.68102125,187414128100.0,53600.0,-6.34328358208955,,41.0714285714286,19.3857965451056,8.6,20.1418524525228,0,2,0,90,"없음",45,-6.16822429906542,64,20260731,10.3362391033624,33.2423183207364,1,0,,,,,1,49600.0,"저항→지지",0,0,49878.8390600783,49878.8390600783
20261006,488280,"에스투더블유",KOSDAQ,17730.0,15.43,"IT서비스",1099.03,175.99053517,191935866780.0,15980.0,11.7647058823529,2.19023779724656,5.84766584766585,25.1067463706234,6.6,1306.25896091995,0,2,0,49,"관망",36,21.3315217391304,88,20261006,9.3692590324556,8.49878268651554,0,0,20261002,15980.0,16330.0,570.987861982311,1,11390.0,"저항→지지",1,1,15082.5729808775,15082.5729808775
20261006,488900,"비츠로넥스텍",KOSDAQ,11970.0,3.73,"우주항공과국방",56.39,17.09277232,346848022710.0,12460.0,,,,70.5,26.0,348.234118659921,0,0,0,0,"없음",,-27.5923718712753,27,20260917,12.018779342723,16.4964332560689,0,0,,,,,1,10180.0,"저항→지지",0,0,10957.2687193184,10957.2687193184
20261006,489460,"바이오비쥬",KOSDAQ,11570.0,0.35,"화장품",4.13,7.40043621,170695530590.0,12170.0,-5.17666392769104,,34.902244750181,18.8976377952756,4.6,28.3082318519223,2,3,0,84,"없음",60,46.4467005076142,94,20260723,14.0789473684211,5.0222255809747,0,0,,,,,0,,,0,0,11410.0558223723,11450.0558223723
20261006,489500,"엘케이켐",KOSDAQ,24000.0,-1.44,"반도체와반도체장비",6.42,3.622711425,153389712000.0,25050.0,-3.59281437125748,,44.0072859744991,28.8508557457213,9.8,156.743938064401,1,3,0,84,"없음",45,-24.53125,32,20260812,12.5603864734299,2.75842524579823,0,0,,,,,1,21550.0,"저항→지지",0,0,22624.7960042936,22624.7960042936
20261006,489790,"한화비전",KOSPI,51300.0,0.59,"통신장비",103.44,83.882228225,2590054407000.0,49600.0,4.83870967741935,2.21774193548387,57.4362606232295,19.2523364485981,5.0,106.447148348105,2,3,0,82,"없음",56,-26.7605633802817,28,20260604,17.4298375184638,3.15484986721494,0,0,20260930,49600.0,50700.0,97.1056992778462,1,49600.0,"저항→지지",0,0,47713.857787829,51513.857787829
20261006,494120,"큐리오시스",KOSDAQ,10450.0,7.18,"생명과학도구및서비스",9.7,9.30351121,159464533800.0,8650.0,,,,79.3,26.0,88.8722691234781,0,0,0,0,"없음",,-64.3330726598892,3,20260930,9.59821428571428,2.55048873742126,0,0,,,,,1,8650.0,"저항→지지",0,0,9124.77312414624,14924.7731241462
20261006,499790,"GS피앤엘",KOSPI,37950.0,-0.52,"호텔,레스토랑,레저",6.98,17.135549975,752580415950.0,40350.0,-5.57620817843866,,53.3044420368364,28.9647577092511,11.2,29.1395157049848,0,1,0,53,"없음",27,-9.71563981042654,59,,,,0,0,,,,,0,,,0,0,40058.9874066796,42608.9874066796
20261006,900070,"글로벌에스엠",KOSDAQ,1128.0,2.27,"자동차부품",10.65,6.8708936505,30311597952.0,1284.0,-12.3831775700935,,19.4348327566321,18.6067827681027,10.8,352.495741055577,4,1,0,40,"없음",46,7.75862068965517,80,20260930,13.4403209628887,430.809244766655,1,0,,,,,1,1030.0,"저항→지지",0,0,1133.15846984888,1133.15846984888
20261006,900140,"엘브이엠씨홀딩스",KOSPI,1192.0,0.51,"자동차",4.38,4.5454549335,230342594944.0,1327.0,-10.3993971363979,,11.340206185567,16.2015503875969,4.6,87.0966876536622,0,2,0,73,"없음",32,-25.6410256410256,30,20260928,9.63636363636364,9.73838599241772,1,0,,,,,1,1186.0,"지지 재탈환",0,0,1223.9695918985,1226.9695918985
20261006,900250,"크리스탈신소재",KOSDAQ,1237.0,-0.48,"비철금속",0.95,0.9682850555,44303156237.0,1286.0,-3.88802488335925,,70.399373531715,28.3601286173633,7.2,38.147438698037,0,3,0,94,"없음",50,-44.2238267148014,10,20260810,29.9345182413471,19.385132207573,0,0,,,,,1,1212.0,"저항→지지",0,0,1169.40257683625,1438.40257683625
20261006,900260,"로스웰",KOSDAQ,1925.0,-0.62,"통신장비",1.08,0.751819748,88607184050.0,2100.0,-8.33333333333333,,1.56190476190476,9.2485549132948,8.0,223.955955735357,5,1,0,41,"없음",50,16.3845223700121,86,,,,0,0,,,,,1,1814.0,"저항→지지",0,0,1858.74210509162,1858.74210509162
20261006,900270,"헝셩그룹",KOSDAQ,2620.0,1.16,"레저용장비와제품",1.09,17.9892952125,32649499420.0,4040.0,-35.2722772277228,,53.1972058033315,47.1226927252986,5.0,9.57110834287026,0,2,0,49,"없음",42,-49.9521531100478,7,20260911,14.6302250803859,4.76977160887606,0,0,,,,,0,,,0,0,3373.56854322627,3938.56854322627
20261006,900290,GRT,KOSDAQ,3290.0,-5.05,"화학",12.95,8.941409065,305153043650.0,3795.0,-12.1212121212121,,43.169877408056,23.049001814882,11.2,88.3174902086484,2,2,0,75,"없음",46,-35.7418111753372,18,20261001,10.7738998482549,3.20395902483787,0,0,,,,,0,,,0,0,3670.09992964557,3915.09992964557
20261006,900300,"오가닉티코스메틱",KOSDAQ,3090.0,3.34,"화장품",3.85,5.2193878025,63592499730.0,4575.0,-33.1147540983607,,57.0594479830149,30.4721030042918,6.8,21.2940987898362,0,1,0,39,"없음",30,-45.3571428571429,9,20261002,12.9943502824859,10.6129044216607,0,0,,,,,1,2950.0,"지지 재탈환",0,0,3521.6849367406,3826.6849367406
20261006,900310,"컬러레이",KOSDAQ,2040.0,-1.92,"화장품",0.1,0.0878461125,26129003400.0,2410.0,-14.9377593360996,,3.08071472581639,25.0,11.8,44.215540844717,0,1,0,57,"없음",26,-17.3387096774194,45,,,,0,0,,,,,0,,,0,0,2032.41496883667,2032.41496883667
20261006,900340,"윙입푸드",KOSDAQ,1406.0,10.02,"식품",6.53,3.2324163285,50029321192.0,1743.0,-17.6133103843947,,74.4840980820588,52.064128256513,7.2,73.8380585047119,0,2,0,55,"없음",42,-40.8810209962948,12,20260909,10.3780578206079,2.63982767975793,1,0,,,,,1,1327.0,"지지 재탈환",0,0,1506.96067276123,2258.96067276123
20261006,950130,"엑세스바이오",KOSDAQ,2200.0,1.15,"생명과학도구및서비스",0.59,1.767410155,77382434800.0,2325.0,-5.37634408602151,,32.1361058601134,22.7016885553471,4.8,29.7491132082455,0,2,0,73,"없음",33,-20.863309352518,39,,,,0,0,,,,,1,2175.0,"지지 재탈환",0,0,2286.36575040784,2441.36575040784
20261006,950140,"잉글우드랩",KOSDAQ,8080.0,-1.22,"화장품",0.47,1.01687169,160532357280.0,8390.0,-3.2181168057211,,57.8327444051826,26.5420560747664,7.0,16.4160431852719,0,2,0,72,"없음",43,-31.4767932489451,23,,,,0,0,,,,,0,,,0,0,8170.93469346786,10020.9346934679
20261006,950160,"코오롱티슈진",KOSDAQ,17120.0,6.14,"생물공학",169.98,105.084710985,1454689139200.0,17120.0,1.10981308411215,1.10981308411215,92.3054671680648,53.3437990580848,6.6,34.9786660864609,0,1,0,66,"관망",41,-83.7769447047798,1,20260805,17.2110552763819,2.83705088834269,1,0,20261006,17120.0,17310.0,35.2008150804781,1,16610.0,"지지 재탈환",0,0,14012.1670653467,76682.1670653467
20261006,950170,JTC,KOSDAQ,4255.0,-0.23,"백화점과일반상점",0.18,0.366708065,207529604325.0,4400.0,-3.63636363636364,,19.8449612403101,19.3124368048534,12.2,21.6663777166979,2,1,0,89,"없음",41,-11.9418483904465,55,,,,0,0,,,,,0,,,0,0,4293.90983837212,4788.90983837212
20261006,950190,"고스트스튜디오",KOSDAQ,9750.0,0.31,"게임엔터테인먼트",0.91,13.63177345,126916325250.0,12460.0,-22.3916532905297,,10.0487804878049,15.0259067357513,6.6,12.3315729363959,5,1,0,47,"없음",55,20.4234122042341,88,20260915,14.8261758691207,11.7149257133455,0,0,,,,,1,9650.0,"저항→지지",0,0,11451.5543081752,11451.5543081752
20261006,950200,"소마젠",KOSDAQ,3000.0,0.67,"생명과학도구및서비스",1.9,2.966234575,57708159000.0,4195.0,-27.7711561382598,,67.4358974358974,38.1663113006397,5.8,16.0376631220748,0,2,0,53,"없음",42,-14.6478873239437,50,20260826,10.3953147877013,5.85933270714967,0,0,,,,,0,,,0,0,3247.49029414486,4197.49029414486
20261006,950210,"프레스티지바이오파마",KOSPI,6030.0,-1.15,"제약",2.57,1.84649523,362379814650.0,6340.0,-6.78233438485804,,43.050430504305,27.4926686217009,12.4,107.224846370777,0,2,0,63,"없음",35,-39.632277834525,13,,,,0,0,,,,,0,,,0,0,6010.90991152773,6520.90991152773
20261006,950220,"네오이뮨텍",KOSDAQ,1956.0,-1.46,"제약",3.93,9.5161235275,66918359040.0,3705.0,-47.1524966261808,,61.8217821782178,19.6106705118962,9.2,17.8219551962032,0,1,0,38,"없음",30,-25.1242829827916,31,20260821,29.8405466970387,5.55241711655507,0,0,,,,,0,,,0,0,2341.86738952414,3356.86738952414
20261006,950250,"테라뷰",KOSDAQ,4180.0,1.58,"반도체와반도체장비",57.57,86.07550895,149213175760.0,4765.0,,,,79.3,26.0,205.887631564142,0,0,0,0,"데이터 부족",,-32.0472440944882,22,20260929,30.9774436090225,5.95337645544083,0,0,,,,,1,3795.0,"저항→지지",0,0,4001.40357519113,4001.40357519113
