session_date,code,name,market,close_price,change_ratio,sector_name,turnover_eok,average_turnover_20d_eok,market_cap_won,pivot,pivot_dist,breakout_distance,atr_contraction,base_depth,base_weeks,latest_volume_ratio,sepa_score,vcp_stage,vcp_ready,vcp_quality,signal,scan_score,rs_relative_return,rs_rating,ep_date,ep_gain_percent,ep_volume_multiple,ma10_pullback,breakout_precursor,breakout_date,breakout_pivot,breakout_close,breakout_volume_ratio,sr_flip,sr_flip_level,sr_flip_type,turtle_s1,turtle_s2,turtle_stop1,turtle_stop2
20261007,000020,"동화약품",KOSPI,5550.0,1.83,"제약",135.19,25.26801893,155019658500.0,5400.0,2.40740740740741,0.740740740740741,54.5836249125262,41.1375661375661,10.8,928.902164259538,0,1,0,75,"없음",37,-6.74536256323777,70,20260715,17.843137254902,21.0764949328086,0,0,20261006,5400.0,5440.0,5698.43467385896,1,5400.0,"저항→지지",0,0,5682.49045355322,7112.49045355322
20261007,000050,"경방",KOSPI,8130.0,2.14,"섬유,의류,신발,호화품",10.76,2.017747565,222886145100.0,8260.0,-2.78450363196126,,54.0590405904059,15.2222222222222,10.8,446.314017248722,1,2,0,56,"없음",35,-15.026455026455,56,,,,0,0,,,,,1,7990.0,"지지 재탈환",0,0,7837.61215914568,8827.61215914568
20261007,000070,"삼양홀딩스",KOSPI,57000.0,-0.35,"화학",7.11,4.1204489,442501887000.0,62500.0,-9.44,,50.9259259259259,8.24915824915825,9.6,164.157453148279,0,1,0,62,"없음",25,-16.5191740412979,54,,,,0,0,,,,,0,,,0,0,59129.7519898762,59829.7519898762
20261007,000080,"하이트진로",KOSPI,14810.0,0.14,"음료",8.67,10.6543335,1038678778910.0,15300.0,-3.4640522875817,,55.9539052496799,8.14026299311208,7.8,59.8817963865984,0,2,0,87,"없음",35,-12.8099173553719,60,,,,0,0,,,,,0,,,0,0,15109.1225239181,15349.1225239181
20261007,000100,"유한양행",KOSPI,75000.0,-1.7,"제약",124.29,152.716913,5521183575000.0,87100.0,-13.662456946039,,48.8117001828154,11.1543450064851,9.8,66.4489558716073,0,1,0,53,"관망",26,-24.4221105527638,39,,,,0,0,,,,,0,,,0,0,77571.8711003899,82571.8711003899
20261007,000120,"CJ대한통운",KOSPI,70500.0,0.86,"항공화물운송과물류",27.1,31.3049366,1608270252000.0,73500.0,-4.08163265306122,,65.9259259259259,11.1681643132221,9.8,86.4578581420958,0,1,0,85,"없음",27,-35.2617079889807,22,,,,0,0,,,,,0,,,0,0,70845.3884407922,76245.3884407922
20261007,000140,"하이트진로홀딩스",KOSPI,7720.0,-0.39,"음료",0.1,0.408292595,179156225800.0,8110.0,-4.80887792848335,,25.9593679458239,21.6505894962487,23.0,13.4601884426382,0,1,0,77,"없음",31,-14.2222222222222,58,,,,0,0,,,,,0,,,0,0,7710.59674999221,8080.59674999221
20261007,000150,"두산",KOSPI,1403000.0,-4.43,"복합기업",853.52,1309.9677075,22719950505000.0,1535000.0,-9.31596091205212,,45.5658879564527,24.4142101284958,6.6,78.9513877244996,3,1,0,58,"관망",48,24.8430493273543,91,20260529,18.7951807228916,2.62805881416211,0,0,,,,,1,1385000.0,"저항→지지",0,0,1347363.5625275,1347363.5625275
20261007,000180,"성창기업지주",KOSPI,4815.0,-0.1,"종이와목재",0.35,0.762363985,67170790800.0,5240.0,-8.3969465648855,,48.4741784037559,15.426497277677,7.0,67.9952205727627,0,2,0,74,"없음",30,-35.7859531772575,21,,,,0,0,,,,,0,,,0,0,4958.26946941116,5198.26946941116
20261007,000210,DL,KOSPI,49000.0,-0.91,"화학",17.65,27.089342275,1026838316000.0,56600.0,-13.86925795053,,44.4029850746269,24.7104247104247,9.8,51.2094704031455,2,1,0,62,"없음",36,-22.2488038277512,43,,,,0,0,,,,,0,,,0,0,51725.6525600983,51725.6525600983
20261007,000220,"유유제약",KOSPI,3850.0,1.72,"제약",5.33,3.7448282025,60627728700.0,4530.0,-15.4525386313466,,44.0993788819876,11.7021276595745,10.8,113.953172767066,1,1,0,50,"없음",31,-9.02612826603325,67,20260528,9.18635170603674,163.449789937128,1,0,,,,,1,3775.0,"지지 재탈환",0,0,4291.79518778987,4291.79518778987
20261007,000230,"일동홀딩스",KOSPI,6340.0,1.28,"제약",0.79,0.687584985,73166136000.0,7760.0,-19.3298969072165,,56.7164179104478,16.0246533127889,9.8,47.7825782993673,0,1,0,52,"없음",26,-38.9268292682927,18,,,,0,0,,,,,1,6160.0,"저항→지지",0,0,5912.30737150605,7232.30737150605
20261007,000240,"한국앤컴퍼니",KOSPI,25450.0,0.59,"자동차부품",8.71,15.54690885,2416101858000.0,25400.0,-0.78740157480315,,50.2777777777778,14.6067415730337,7.8,47.5245763306636,0,2,0,88,"없음",40,1.61290322580645,79,20260615,12.2710622710623,4.60318974152237,0,0,,,,,1,24850.0,"저항→지지",0,0,23923.590993221,25073.590993221
20261007,000250,"삼천당제약",KOSDAQ,238000.0,-1.24,"제약",1092.07,272.0273633,5582878336000.0,168700.0,41.0788381742739,2.1932424422051,43.8375750643409,23.1541938724259,7.4,276.598081817027,1,2,0,80,"관망",29,-68.010752688172,2,20261006,17.3809523809524,3.20160959727085,0,0,20260930,168700.0,172400.0,56.9986264047267,1,164200.0,"저항→지지",0,0,223559.796646015,225059.796646015
20261007,000270,"기아",KOSPI,109500.0,-2.75,"자동차",806.4,871.40372715,42750223281000.0,132700.0,-17.6337603617182,,69.6376811594203,23.3848314606742,6.8,88.8715159772999,2,3,0,84,"관망",45,-29.6200901481005,30,,,,0,0,,,,,0,,,0,0,124180.655482299,141980.655482299
20261007,000320,"노루홀딩스",KOSPI,15610.0,0.06,"건축자재",0.97,0.75371135,207474867110.0,19990.0,-21.5107553776888,,3.65079365079365,17.8928781636257,9.8,101.356188096261,0,1,0,46,"없음",22,-26.5105386416862,35,,,,0,0,,,,,0,,,0,0,18076.8972459205,18076.8972459205
20261007,000370,"한화손해보험",KOSPI,7310.0,1.11,"손해보험",19.57,45.234014475,853361468650.0,8740.0,-16.0183066361556,,33.4664005322688,17.7524429967427,9.8,38.0027451807894,4,1,0,48,"없음",46,9.71599402092676,86,20260828,9.31435963777489,2.61242029581042,0,0,,,,,0,,,0,0,8156.15065218748,8496.15065218748
20261007,000390,"SP삼화",KOSPI,7200.0,1.69,"건축자재",7.68,5.12238887,195864976800.0,7250.0,-1.24137931034483,,14.9122807017544,18.5534591194969,11.4,116.058270375882,1,3,0,89,"없음",44,-23.2583065380493,41,,,,1,0,,,,,1,6780.0,"저항→지지",0,0,6742.33854760809,6742.33854760809
20261007,000400,"롯데손해보험",KOSPI,2235.0,4.44,"손해보험",14.53,7.0205865075,693601675200.0,2600.0,-13.6538461538462,,44.6533819814763,33.3812949640288,10.8,141.765235848283,3,3,0,87,"없음",50,3.93518518518519,81,20260715,12.7659574468085,2.67508835426949,0,0,,,,,1,2145.0,"저항→지지",0,0,2335.23348232669,2515.23348232669
20261007,000430,"대원강업",KOSPI,4440.0,0.91,"자동차부품",2.66,5.61926995,275280000000.0,5090.0,-12.671905697446,,12.0588235294118,26.9767441860465,12.6,35.6225676096477,4,1,0,67,"없음",50,7.88834951456311,85,20260814,8.93333333333333,30.9193891074321,0,0,,,,,0,,,0,0,4671.59242585228,4671.59242585228
20261007,000440,"중앙에너비스",KOSDAQ,12320.0,0.0,"석유와가스",1.48,12.57405353,76718241600.0,15830.0,-21.8572331017056,,43.7093916125222,13.8117283950617,7.4,19.0499074344484,1,1,0,52,"없음",35,-44.5291479820628,12,20260910,9.89456609894566,29.5416889170177,0,0,,,,,0,,,0,0,14313.157871119,14313.157871119
20261007,000480,"CR홀딩스",KOSPI,4330.0,0.7,"비철금속",0.44,1.64411523,203035821700.0,4420.0,-2.03619909502262,,27.25,12.2899159663866,9.6,35.0631230670416,0,2,0,88,"없음",41,-10.9053497942387,64,,,,1,0,,,,,0,,,0,0,4360.18730968679,4765.18730968679
20261007,000490,"대동",KOSPI,7520.0,-2.21,"기계",7.79,9.80379592,216778024800.0,8590.0,-12.1071012805588,,71.9939879759519,24.120082815735,7.0,20.1693231201879,0,2,0,73,"없음",42,-23.3502538071066,41,20260813,9.41935483870968,17.1599880733043,0,0,,,,,0,,,0,0,7873.95950002019,9033.95950002019
20261007,000500,"가온전선",KOSPI,310000.0,-5.2,"전기장비",1631.11,936.090288,9231058170000.0,349500.0,-12.1602288984263,,36.4066286111633,54.3347639484979,10.2,192.147642267347,5,2,0,62,"수축중",61,430.206210493593,99,20260918,21.969696969697,5.28520788924745,0,0,,,,,1,275000.0,"저항→지지",0,0,302134.736553902,302134.736553902
20261007,000520,"삼일제약",KOSPI,8580.0,-1.61,"제약",3.74,8.02444999,186115738380.0,8520.0,-0.938967136150235,1.40845070422535,15.4613466334165,30.7407407407407,9.8,41.1410461378543,0,3,0,84,"없음",40,-21.4883720930233,45,20260909,12.5603864734299,2.6776047976329,0,0,20261002,8520.0,8640.0,87.0703324182924,1,7430.0,"저항→지지",0,0,7903.23834318784,7903.23834318784
20261007,000540,"흥국화재",KOSPI,3470.0,-0.29,"손해보험",0.71,1.608502525,222921978150.0,3695.0,-7.84844384303112,,18.6291739894552,16.4572864321608,4.2,36.5805394736183,0,2,0,79,"없음",45,-22.0823798627002,43,20260903,9.69529085872576,13.8608647927462,0,0,,,,,0,,,0,0,3623.49722753881,3638.49722753881
20261007,000590,"CS홀딩스",KOSPI,70700.0,0.14,"철강",0.27,0.3791882,81621877400.0,70500.0,0.425531914893617,0.567375886524823,42.7884615384615,16.1335187760779,11.4,49.0184299685225,1,3,0,94,"없음",45,-8.40879689521345,68,,,,0,0,20261006,70500.0,70900.0,114.576092427911,1,70500.0,"저항→지지",0,0,67519.9477796875,67519.9477796875
20261007,000640,"동아쏘시오홀딩스",KOSPI,94900.0,2.04,"제약",4.81,8.97320725,638916812300.0,96000.0,-1.14583333333333,,46.4435146443515,11.8421052631579,7.4,32.5040490864345,1,2,0,83,"없음",46,-0.315126050420168,77,,,,1,0,,,,,1,91300.0,"지지 재탈환",0,0,89990.3261839164,92790.3261839164
20261007,000660,"SK하이닉스",KOSPI,1730000.0,-2.43,"반도체와반도체장비",44224.3,57178.3343525,1.26375179145e+15,1855000.0,-7.54716981132075,,74.9228395061728,12.8635346756152,5.2,61.8366784847622,4,2,0,74,"수축중",57,92.0492721164614,98,,,,0,0,,,,,0,,,0,0,1733947.11618114,1969947.11618114
20261007,000670,"영풍",KOSPI,40150.0,-2.78,"핸드셋",9.65,53.747077275,739188922450.0,53500.0,-24.8598130841122,,21.4067278287462,11.0294117647059,7.6,37.8755928054758,0,1,0,46,"없음",26,-31.2820512820513,27,20260914,29.9089726918075,22.245861940014,0,0,,,,,1,38900.0,"지지 재탈환",0,0,48671.4592255074,48671.4592255074
20261007,000680,"LS네트웍스",KOSPI,2960.0,0.17,"증권",0.97,1.4512720225,233256927360.0,3050.0,-3.44262295081967,,39.9553571428571,13.3333333333333,11.4,45.5989107584629,0,1,0,80,"없음",27,-5.60897435897436,72,,,,0,0,,,,,0,,,0,0,2898.377882238,2978.377882238
20261007,000700,"유수홀딩스",KOSPI,6640.0,1.22,"항공화물운송과물류",1.29,1.56593573,172917631680.0,6780.0,-3.09734513274336,,16.4948453608248,13.0508474576271,14.8,52.5815954828404,5,1,0,75,"없음",52,-1.49925037481259,76,,,,0,0,,,,,1,6380.0,"지지 재탈환",0,0,6394.07649879846,6424.07649879846
20261007,000720,"현대건설",KOSPI,110900.0,-1.77,"건설",483.57,876.0270887,12349354338500.0,136100.0,-18.8831741366642,,32.3551542513168,30.0944669365722,9.8,64.2381423716898,2,1,0,68,"관망",40,-30.9568480300188,28,20260825,14.8674242424242,3.67670235534908,0,0,,,,,0,,,0,0,126872.195635043,126872.195635043
20261007,000760,"이화산업",KOSPI,12330.0,-0.08,"화학",0.09,0.13878639,34524000000.0,12880.0,-4.27018633540373,,39.769647696477,19.7959183673469,3.2,65.7398426554586,0,2,0,81,"없음",33,-18.452380952381,50,,,,0,0,,,,,1,12250.0,"지지 재탈환",0,0,13484.1761804982,13484.1761804982
20261007,000810,"삼성화재",KOSPI,627000.0,-1.26,"손해보험",407.58,547.2741365,27993965571000.0,694000.0,-9.94236311239193,,58.0547112462006,12.4822695035461,4.2,64.042563769898,4,2,0,68,"수축중",63,37.6651982378855,94,,,,0,0,,,,,0,,,0,0,640955.716423683,651955.716423683
20261007,000850,"화천기공",KOSPI,36800.0,0.0,"기계",1.07,2.7403805,80960000000.0,38500.0,-4.41558441558442,,71.7498243148278,14.6183699870634,6.6,25.5758018205343,3,2,0,91,"없음",62,0.960219478737997,79,20260818,11.2737920937042,7.93579176434015,0,0,,,,,0,,,0,0,37104.1134641999,37104.1134641999
20261007,000860,"강남제비스코",KOSPI,12480.0,4.35,"건축자재",0.74,0.80289444,162240000000.0,13000.0,-4.0,,6.74273858921162,7.97448165869219,8.0,48.5366305751211,1,1,0,62,"없음",36,-12.8491620111732,60,,,,0,0,,,,,1,12230.0,"지지 재탈환",0,0,13723.0070806934,13723.0070806934
20261007,000880,"한화",KOSPI,118900.0,-6.01,"복합기업",118.86,132.30512105,6340805853300.0,144800.0,-18.439226519337,,45.0613595940034,19.1447669782671,9.8,77.5081084557641,2,2,0,66,"관망",55,-13.5520517662904,59,20260827,9.50378469301933,4.62702640460891,0,0,,,,,0,,,0,0,131880.089319958,131880.089319958
20261007,000890,"보해양조",KOSPI,1317.0,0.15,"음료",1.01,3.009347133,36380840925.0,1657.0,-21.0018105009053,,94.7843989477296,71.8906605922551,13.8,13.9982760069683,0,2,0,64,"없음",42,-38.1087470449173,19,20260623,29.9145299145299,6.96949905911706,0,0,,,,,1,1299.0,"지지 재탈환",0,0,1319.2203759431,1519.2203759431
20261007,000910,"유니온",KOSPI,2960.0,0.68,"건축자재",1.14,1.3291741275,46210392240.0,3280.0,-10.0609756097561,,41.9047619047619,9.90566037735849,6.0,101.849778622611,0,1,0,52,"없음",25,-32.9545454545455,25,,,,0,0,,,,,0,,,0,0,3066.20854535913,3066.20854535913
20261007,000950,"전방",KOSPI,29900.0,-4.01,"섬유,의류,신발,호화품",0.06,0.21747935,50232000000.0,39250.0,-23.312101910828,,5.82877959927141,18.8948306595365,15.4,10.7639655553102,0,1,0,45,"없음",30,-14.1226818830243,58,20260626,10.7438016528926,51.5887584083913,0,0,,,,,1,28900.0,"지지 재탈환",0,0,33574.0377775065,33574.0377775065
20261007,000970,"한국주철관",KOSPI,6510.0,0.31,"철강",1.99,1.046151025,148431255000.0,6910.0,-6.22286541244573,,56.1514195583596,12.051649928264,15.0,181.09946034004,0,3,0,84,"없음",34,-5.26315789473684,72,,,,0,0,,,,,0,,,0,0,6487.44766404241,6677.44766404241
20261007,000990,"DB하이텍",KOSPI,135000.0,-3.36,"반도체와반도체장비",725.05,937.3696731,5873119380000.0,144500.0,-7.75086505190311,,43.7813440320963,19.1346153846154,7.0,103.191068038045,3,1,0,66,"관망",48,54.8199767711963,95,20260612,12.3067010309278,3.4244678900068,0,0,,,,,1,120000.0,"저항→지지",0,0,128241.567911378,128241.567911378
20261007,001000,"신라섬유",KOSDAQ,1729.0,-2.81,"부동산",0.28,0.912172363,8395173332.0,2550.0,-32.1960784313725,,90.2283411685695,70.9908256880734,10.8,20.6516614995698,0,2,0,53,"없음",42,-82.0736132711249,1,20260716,14.4219308700834,2.96948427103099,0,0,,,,,0,,,0,0,2196.62207896477,5096.62207896477
20261007,001020,"페이퍼코리아",KOSPI,1933.0,0.1,"종이와목재",0.38,0.220810458,68808347646.0,2205.0,-12.3356009070295,,6.28048780487804,33.5125448028674,5.8,108.54573331396,0,1,0,45,"없음",26,-36.6229508196721,21,20260818,8.25267447784004,4.9359595132842,0,0,,,,,0,,,0,0,2316.07349849262,2401.07349849262
20261007,001040,CJ,KOSPI,131400.0,1.08,"복합기업",88.0,135.45956495,3833857537200.0,138600.0,-5.62770562770563,,61.0774410774411,20.6359945872801,8.0,58.6132162605472,0,3,0,92,"관망",41,-34.9253731343284,22,,,,0,0,,,,,0,,,0,0,127792.830986075,136992.830986075
20261007,001060,"JW중외제약",KOSPI,27550.0,0.92,"제약",13.98,10.684333625,641527371500.0,28800.0,-4.6875,,50.7658643326039,17.5355450236967,7.2,83.1417775403665,1,3,0,89,"없음",51,-12.16,62,20260812,14.2857142857143,13.5431025172606,0,0,,,,,1,26800.0,"지지 재탈환",0,0,26806.0110829681,29656.0110829681
20261007,001070,"대한방직",KOSPI,5640.0,-0.53,"섬유,의류,신발,호화품",0.13,0.203013865,29892000000.0,6450.0,-12.4031007751938,,1.86666666666667,11.4649681528662,8.8,42.7823765215892,0,1,0,48,"없음",26,-16.4201183431953,54,20260528,9.09090909090908,5.21975404965276,0,0,,,,,0,,,0,0,6974.10798696315,6974.10798696315
20261007,001080,"만호제강",KOSPI,3955.0,0.51,"철강",1.33,1.874740895,138879666800.0,4190.0,-6.44391408114559,,33.1070889894419,23.8805970149254,6.8,91.4810506206175,0,2,0,67,"없음",30,-30.0,29,,,,0,0,,,,,1,3720.0,"지지 재탈환",0,0,3684.83918171737,4144.83918171737
20261007,001120,"LX인터내셔널",KOSPI,44000.0,1.62,"무역회사와판매업체",43.24,44.29196895,1705440000000.0,42750.0,3.27485380116959,2.57309941520468,27.2146847565842,17.8791615289766,9.8,103.642193045259,4,1,0,77,"없음",51,-13.4313725490196,60,,,,0,0,20261002,42750.0,43850.0,154.737019633534,1,42750.0,"저항→지지",1,1,40979.5642010057,40979.5642010057
20261007,001130,"대한제분",KOSPI,11210.0,2.09,"식품",1.8,1.439769315,189449000000.0,11980.0,-6.42737896494157,,50.4748982360923,11.8729096989967,9.6,109.821502093027,0,1,0,67,"없음",27,-22.206800832755,43,,,,1,0,,,,,0,,,0,0,11226.4879815995,11516.4879815995
20261007,001200,"유진투자증권",KOSPI,4035.0,-0.86,"증권",8.22,16.9447243875,390855996630.0,4425.0,-8.8135593220339,,61.2113402061856,26.2757871878393,11.4,45.6258021594691,2,1,0,80,"없음",39,-15.3200419727177,56,,,,0,0,,,,,0,,,0,0,4184.79839927982,4374.79839927982
20261007,001210,"금호전기",KOSPI,8680.0,-4.19,"디스플레이장비및부품",63.6,315.71009484,109598879320.0,14350.0,-39.5121951219512,,52.3964256701868,33.1701346389229,6.8,14.2352679621228,4,1,0,52,"관망",53,115.652173913043,98,20260831,16.8539325842697,3.75496030204765,0,0,,,,,0,,,0,0,11817.3072425073,12267.3072425073
20261007,001230,"동국홀딩스",KOSPI,2000.0,-2.68,"철강",7.35,17.0325479015,311015430000.0,2500.0,-19.6,,22.8158041179744,15.3886832363829,9.6,66.8258984491721,3,2,0,84,"없음",51,-10.8251996450754,64,,,,0,0,,,,,0,,,0,0,2294.72875887875,2294.72875887875
20261007,001250,"GS글로벌",KOSPI,3075.0,-2.23,"무역회사와판매업체",29.24,16.0494641575,253791324300.0,2720.0,13.2352941176471,7.16911764705882,26.063829787234,27.3752012882448,9.8,163.948786088316,3,3,0,86,"없음",48,17.1102661596958,89,20260930,9.58646616541354,6.36317155454493,0,0,20260930,2720.0,2915.0,363.060066143927,1,2695.0,"저항→지지",0,0,2963.3276544295,2963.3276544295
20261007,001260,"남광토건",KOSPI,8130.0,0.37,"건설",2.25,6.424183505,79938810360.0,9970.0,-19.1574724172518,,72.7272727272727,52.089552238806,12.8,26.7527486338289,2,1,0,56,"없음",36,-10.2449888641425,65,20260928,15.4450261780105,14.0940253527131,0,0,,,,,1,7790.0,"저항→지지",0,0,8854.32883606771,8854.32883606771
20261007,001270,"부국증권",KOSPI,50900.0,0.99,"증권",0.73,3.0482227,527827197400.0,53600.0,-6.52985074626866,,65.4593639575972,19.7811447811448,5.4,33.4405970175679,0,2,0,90,"없음",43,-34.9350649350649,22,,,,0,0,,,,,0,,,0,0,49533.9726513457,55333.9726513457
20261007,001290,"상상인증권",KOSPI,4235.0,-2.08,"증권",1.65,2.6732654725,91761540640.0,4360.0,-4.12844036697248,,67.396449704142,43.2045779685265,7.6,18.899163335585,2,2,0,53,"없음",57,-27.4305555555556,33,20260807,29.9136069114471,4.55012023053938,0,0,,,,,1,4060.0,"지지 재탈환",0,0,4578.880583142,6518.880583142
20261007,001340,PKC,KOSPI,5070.0,-3.61,"화학",3.72,4.3281641925,228292411230.0,5300.0,-4.33962264150943,,60.5799373040752,8.65384615384615,6.6,64.7591523953589,0,1,0,74,"없음",31,-26.4150943396226,35,20260528,29.9492385786802,24.76474747388,0,0,,,,,0,,,0,0,4908.12687040041,5028.12687040041
20261007,001360,"삼성제약",KOSPI,1436.0,-2.31,"제약",15.38,6.4873376145,135216745444.0,1420.0,0.28169014084507,3.16901408450704,0.0,12.6666666666667,7.4,283.868509960216,0,1,0,41,"없음",33,-22.5244831338411,42,20261001,12.3466257668712,8.34852819552425,0,0,20261001,1420.0,1465.0,742.608271650344,1,1400.0,"저항→지지",0,0,1339.71591937998,1339.71591937998
20261007,001390,"KG케미칼",KOSPI,4230.0,0.24,"자동차",4.78,4.2232635175,280887380280.0,4555.0,-7.79363336992316,,49.1034482758621,16.0,9.8,67.2993568224558,0,2,0,53,"없음",43,-20.0,47,20260807,9.70319634703196,4.36226862774175,0,0,,,,,0,,,0,0,4272.24220607752,4637.24220607752
20261007,001430,"세아베스틸지주",KOSPI,44250.0,-6.35,"철강",64.58,62.034215225,1586898765750.0,46850.0,-6.18996798292423,0.96051227321238,16.3615560640732,14.6608315098468,5.4,104.229939963142,1,1,0,73,"없음",35,-38.0985915492958,19,,,,0,0,20261006,46850.0,47300.0,96.0303542162021,1,42750.0,"저항→지지",0,0,43926.1766427945,43926.1766427945
20261007,001440,"대한전선",KOSPI,29950.0,-5.67,"전기장비",1171.16,885.2395921,5869978250200.0,33450.0,-11.0612855007474,,39.6140749148695,19.8728139904611,7.0,176.450213879533,2,1,0,62,"관망",43,-0.998336106489185,77,20260918,10.2787456445993,6.35464391406794,0,0,,,,,0,,,0,0,29515.188027292,29515.188027292
20261007,001450,"현대해상",KOSPI,47850.0,2.03,"손해보험",136.7,198.034040025,4079128762500.0,50700.0,-5.22682445759369,,30.7134220072551,16.4677804295943,9.8,52.8119886314702,5,1,0,51,"관망",56,52.7821939586645,95,,,,0,0,,,,,1,47500.0,"지지 재탈환",0,0,48610.9870524571,50210.9870524571
20261007,001460,BYC,KOSPI,37800.0,4.42,"섬유,의류,신발,호화품",2.43,1.10877575,236104470000.0,39000.0,-2.94871794871795,,13.9931740614334,15.0145772594752,9.4,213.684786117571,0,1,0,66,"없음",31,-20.9812108559499,45,20260806,8.92351274787535,2.95122042481011,1,0,,,,,1,36300.0,"지지 재탈환",0,0,35796.7160548645,36396.7160548645
20261007,001500,"현대차증권",KOSPI,7690.0,-1.16,"증권",3.28,4.977280395,475496108360.0,8120.0,-5.17241379310345,,73.6131934032984,19.5092024539877,9.8,47.2154252370159,1,3,0,100,"없음",51,-28.1045751633987,32,,,,0,0,,,,,0,,,0,0,7838.9853003826,7988.9853003826
20261007,001510,"SK증권",KOSPI,2275.0,-2.36,"증권",38.86,51.3026450375,526196318375.0,2485.0,-8.85311871227364,,62.7906976744186,38.1153305203938,6.0,35.5377081321041,2,2,0,79,"없음",57,-47.2519795062878,10,20260820,29.7921478060046,4.86723303019002,0,0,,,,,0,,,0,0,2276.54484008087,3291.54484008087
20261007,001520,"동양",KOSPI,1121.0,0.27,"건축자재",2.91,14.045609324,120083797872.0,1482.0,-24.5614035087719,,3.35820895522388,21.7741935483871,10.0,46.1065435352947,0,3,0,81,"없음",33,-28.9707750952986,31,20260918,29.7219558964525,43.5717590105934,0,0,,,,,1,1102.0,"저항→지지",0,0,1367.84227819487,1367.84227819487
20261007,001530,"DI동일",KOSPI,25250.0,-2.51,"섬유,의류,신발,호화품",4.05,7.006968725,523069430250.0,28950.0,-12.6079447322971,,34.7572815533981,16.5540540540541,4.6,51.5178976851177,4,2,0,69,"없음",55,17.6744186046512,90,20260828,10.6508875739645,10.8417569091179,0,0,,,,,1,25250.0,"저항→지지",0,0,26258.786215005,26908.786215005
20261007,001540,"안국약품",KOSDAQ,10280.0,3.63,"제약",4.51,3.06689416,134076077600.0,10400.0,-1.15384615384615,,64.4954128440367,28.1318681318681,7.6,62.072339681985,4,3,1,96,"없음",70,30.6226175349428,93,20260806,13.9745916515426,4.41551570104674,1,0,,,,,1,10020.0,"지지 재탈환",0,0,10125.1302805745,12885.1302805745
20261007,001550,"조비",KOSPI,10050.0,-0.79,"화학",1.08,3.71994622,52182001950.0,12010.0,-14.7377185678601,,68.1159420289855,29.1970802919708,6.4,7.03150653645089,1,2,0,60,"없음",47,-33.3767078724789,24,20260819,17.741935483871,91.3188479591587,0,0,,,,,0,,,0,0,10632.6260587414,12772.6260587414
20261007,001560,"제일연마",KOSPI,9160.0,-1.29,"비철금속",0.27,0.15781294,69616000000.0,9990.0,-5.10510510510511,,3.55160932297448,10.7327141382869,2.8,94.7238293653284,1,2,0,61,"없음",44,-13.8181818181818,59,,,,1,0,,,,,1,9290.0,"저항→지지",0,0,9083.52541940951,9083.52541940951
20261007,001620,"케이비아이동국실업",KOSPI,2180.0,0.0,"자동차부품",0.2,0.2937463925,48523761080.0,2295.0,-4.13943355119826,,49.238578680203,25.8823529411765,13.0,53.887231159832,0,1,0,88,"없음",31,-31.6770186335404,27,,,,1,0,,,,,1,2195.0,"저항→지지",0,0,2141.65042316493,2176.65042316493
20261007,001630,"종근당홀딩스",KOSPI,37500.0,0.4,"제약",1.7,0.71299205,187869787500.0,43800.0,-14.2694063926941,,0.0,23.6756756756757,14.8,147.482718142689,0,1,0,46,"없음",22,-21.3612565445026,45,,,,0,0,,,,,0,,,0,0,41162.5299151009,41162.5299151009
20261007,001680,"대상",KOSPI,17590.0,0.23,"식품",6.05,11.229864785,609458759750.0,19590.0,-10.3113833588566,,45.0537634408602,8.79828326180258,7.8,31.5763247381188,0,2,0,84,"없음",40,-13.6609336609337,59,,,,0,0,,,,,0,,,0,0,18676.259052398,18676.259052398
20261007,001720,"신영증권",KOSPI,139800.0,-1.62,"증권",6.72,11.9411913,2298312000000.0,161000.0,-13.1055900621118,,60.5737158105404,33.3519553072626,12.4,61.9016239953389,1,1,0,54,"없음",27,-29.5568982880161,30,,,,0,0,,,,,0,,,0,0,143915.971415442,157115.971415442
20261007,001740,"SK네트웍스",KOSPI,6370.0,-2.75,"복합기업",36.36,44.007530215,1277783072930.0,6600.0,-4.09090909090909,,75.8814102564102,29.112426035503,6.8,61.4083520787829,2,2,0,83,"없음",52,13.4408602150538,88,20260608,30.0,2.59071585219001,0,0,,,,,1,6150.0,"지지 재탈환",0,0,6020.27988810718,8260.27988810718
20261007,001750,"한양증권",KOSPI,19170.0,0.31,"증권",1.32,1.26303213,289648846620.0,20000.0,-4.4,,79.3893129770992,15.3023255813953,12.0,79.6837010924768,2,3,0,94,"없음",49,-25.8914728682171,36,,,,0,0,,,,,0,,,0,0,19025.9120297221,19795.9120297221
20261007,001780,"알루코",KOSPI,1672.0,1.46,"비철금속",6.3,3.9956821585,161899980704.0,1935.0,-13.2299741602067,,58.2120582120582,23.162583518931,13.0,122.632673432248,0,1,0,47,"없음",22,-30.4761904761905,28,,,,0,0,,,,,1,1598.0,"저항→지지",1,0,1565.82231621894,1823.82231621894
20261007,001790,"대한제당",KOSPI,2790.0,0.36,"식품",1.92,3.392932765,240614942850.0,2940.0,-5.27210884353742,,61.3287904599659,17.6174496644295,11.8,39.1943322434092,2,1,0,90,"없음",45,-7.32113144758736,69,20260708,12.3791102514507,6.94676801222284,0,0,,,,,0,,,0,0,2784.23052659387,2804.23052659387
20261007,001800,"오리온홀딩스",KOSPI,22850.0,0.66,"식품",7.29,15.24817645,1374579498200.0,26450.0,-13.9886578449905,,49.1484184914842,24.4897959183673,15.8,46.3782288127253,3,3,0,81,"없음",50,-6.18556701030928,71,20260611,10.4743083003953,3.03359802074419,0,0,,,,,0,,,0,0,24211.8544843815,27111.8544843815
20261007,001810,"무림SP",KOSDAQ,1118.0,-0.8,"종이와목재",0.21,0.4567901535,24749725000.0,1348.0,-17.0623145400593,,23.5434956105347,12.7777777777778,7.8,73.4905231535466,0,1,0,44,"없음",22,-29.3746051800379,30,,,,0,0,,,,,0,,,0,0,1334.89037326575,1334.89037326575
20261007,001820,"삼화콘덴서",KOSPI,161000.0,1.39,"전기제품",1195.58,1573.5343236,1673595000000.0,157700.0,0.697526949904883,1.83893468611287,38.0434782608696,22.0216606498195,7.0,85.4585748800995,5,2,0,54,"돌파완료",65,174.740484429066,99,20260911,18.7554019014693,4.68315367528516,0,0,20261006,157700.0,160600.0,87.6087703017514,1,157700.0,"저항→지지",0,0,142820.954388826,142820.954388826
20261007,001940,"KISCO홀딩스",KOSPI,25500.0,-0.97,"철강",1.01,1.56525535,361497690000.0,27600.0,-7.60869565217391,,19.2073170731707,12.6315789473684,5.6,29.3371853296185,3,2,0,73,"없음",55,0.196463654223969,78,,,,0,0,,,,,0,,,0,0,25708.7913602374,26758.7913602374
20261007,002020,"코오롱",KOSPI,23150.0,-2.32,"복합기업",5.77,5.55293065,298812792000.0,26600.0,-13.3458646616541,,83.1060606060606,23.873121869783,6.6,47.3723647996311,0,2,0,71,"없음",38,-64.7013782542113,3,,,,0,0,,,,,0,,,0,0,23741.0285728923,38641.0285728923
20261007,002030,"아세아",KOSPI,209000.0,0.97,"건축자재",3.05,3.86434405,430300068000.0,231000.0,-11.2554112554113,,25.9760541384695,20.6818181818182,9.0,36.3565475900385,0,1,0,59,"없음",29,-27.3049645390071,33,,,,0,0,,,,,0,,,0,0,208699.025007524,208699.025007524
20261007,002100,"경농",KOSPI,9020.0,0.0,"화학",0.66,1.47760522,176093626500.0,9230.0,-2.27518959913326,,55.256064690027,11.1221449851043,6.4,16.6219546181885,1,2,0,92,"없음",48,-5.64853556485356,71,,,,0,0,,,,,0,,,0,0,9075.18416615203,9775.18416615203
20261007,002140,"고려산업",KOSPI,1917.0,0.1,"식품",1.01,5.704953173,47808877725.0,2235.0,-14.0939597315436,,84.6764346764347,31.8164435946463,9.8,2.99650762819413,0,1,0,76,"없음",30,-29.4117647058824,30,20260724,13.0434782608696,13.9239181349193,0,0,,,,,0,,,0,0,2051.11854910758,2431.11854910758
20261007,002150,"도화엔지니어링",KOSPI,5000.0,0.0,"건설",0.56,1.511225555,168600000000.0,5230.0,-4.68451242829828,,28.1501340482574,12.79296875,9.8,24.0565430986088,0,1,0,78,"없음",27,-23.7767584097859,40,,,,0,0,,,,,0,,,0,0,5080.04847824745,5130.04847824745
20261007,002170,SYTS,KOSPI,52000.0,0.39,"섬유,의류,신발,호화품",1.77,0.5106812,156000000000.0,59000.0,-11.864406779661,,3.35365853658536,8.86524822695035,9.0,130.94105734712,0,1,0,49,"없음",25,-12.8978224455611,60,,,,0,0,,,,,0,,,0,0,55452.0193725523,55452.0193725523
20261007,002200,"한국수출포장",KOSPI,2785.0,0.91,"포장재",0.84,1.1793276025,93297335685.0,3110.0,-10.4501607717042,,19.1358024691358,8.05084745762712,12.0,61.3234856467379,0,3,0,89,"없음",36,-2.62237762237762,75,,,,0,0,,,,,1,2745.0,"저항→지지",0,0,2934.58153754992,2934.58153754992
20261007,002210,"동성제약",KOSPI,1299.0,1.17,"제약",0.64,1.297644286,125508739593.0,1567.0,-17.6770899808551,,69.5003728560776,55.8019801980198,9.0,15.6881946201628,0,2,0,55,"없음",38,-33.710174717369,24,,,,0,0,,,,,0,,,0,0,1371.08010417116,2392.08010417116
20261007,002220,"한일철강",KOSPI,2915.0,1.75,"철강",2.45,3.4108855275,77823095900.0,2905.0,0.0,,65.67140348076,37.3395565927655,7.6,38.1578005144831,0,2,0,65,"없음",49,-29.404617253949,30,20260803,18.2291666666667,2.88623025578455,0,0,,,,,1,2900.0,"지지 재탈환",0,0,2837.04372607958,4097.04372607958
20261007,002230,"피에스텍",KOSDAQ,5180.0,-1.15,"전기제품",1.5,1.8734007825,95421142600.0,5360.0,-3.35820895522388,,36.2745098039216,19.1848906560636,9.8,53.973357402853,1,3,0,83,"없음",48,-47.9396984924623,9,20260803,9.22063666300767,2.65245880843299,0,0,,,,,1,4990.0,"지지 재탈환",0,0,4978.16005939599,5178.16005939599
20261007,002240,"고려제강",KOSPI,16690.0,-1.88,"철강",4.36,6.13011757,450630000000.0,19380.0,-13.828689370485,,8.43170320404722,12.5714285714286,9.6,102.908558980149,0,1,0,41,"없음",22,-22.1445221445221,43,,,,0,0,,,,,1,16670.0,"지지 재탈환",0,0,19287.5175571037,19287.5175571037
20261007,002290,"삼일기업공사",KOSDAQ,3350.0,0.6,"건설",0.14,0.3409878725,41540000000.0,3500.0,-4.42857142857143,,26.4150943396226,15.7082748948107,11.8,30.999813814932,0,3,0,90,"없음",45,-15.3164556962025,56,,,,1,0,,,,,1,3305.0,"지지 재탈환",0,0,3327.10770328104,3327.10770328104
20261007,002310,"아세아제지",KOSPI,7540.0,-0.79,"포장재",3.05,5.85328666,297449305400.0,8770.0,-13.4549600912201,,12.0388349514563,7.75862068965517,7.6,44.8729224286019,2,1,0,54,"없음",36,-13.0584192439863,60,20260825,10.1673101673102,3.30699576647047,0,0,,,,,0,,,0,0,8520.98860974091,8520.98860974091
20261007,002320,"한진",KOSPI,16780.0,4.87,"항공화물운송과물류",12.15,5.37069624,260402376480.0,16000.0,4.1875,1.875,36.3636363636364,10.0705580500321,6.6,264.67381622546,0,1,0,51,"없음",29,-13.8501291989664,59,,,,0,0,20261006,16000.0,16300.0,110.787013888218,1,16000.0,"저항→지지",1,1,15359.2923645489,15359.2923645489
20261007,002350,"넥센타이어",KOSPI,5770.0,0.17,"자동차부품",3.69,8.314162045,563543650290.0,5800.0,-0.344827586206897,,58.2627118644068,19.3500738552437,7.0,57.4755784420067,0,2,0,86,"없음",33,-21.5739484396201,44,,,,0,0,,,,,1,5580.0,"지지 재탈환",0,0,5742.35864314213,6722.35864314213
20261007,002380,KCC,KOSPI,469500.0,-1.78,"건축자재",58.52,103.2971455,4034364672000.0,487500.0,-4.1025641025641,,66.3101604278075,23.9819004524887,10.0,54.3053247647662,2,3,0,81,"관망",51,-7.24206349206349,69,,,,0,0,,,,,0,,,0,0,477581.348411099,477581.348411099
20261007,002390,"한독",KOSPI,8840.0,3.63,"제약",0.97,0.75887956,121669631720.0,10880.0,-19.3014705882353,,0.0,18.616480162767,7.4,97.4904587149556,0,1,0,42,"없음",22,-18.628359592215,50,,,,0,0,,,,,0,,,0,0,9708.36736558573,9708.36736558573
20261007,002420,"우양피앤엘",KOSPI,5650.0,-4.4,"석유와가스",0.52,0.870230255,176098544600.0,6540.0,-12.0795107033639,,10.0583090379009,19.0769230769231,8.4,60.22399889997,4,1,0,49,"없음",46,12.7450980392157,87,20260918,8.6115992970123,4.33301873352803,0,0,,,,,1,5570.0,"지지 재탈환",0,0,5776.87239441608,5776.87239441608
20261007,002450,"삼익악기",KOSPI,1082.0,0.09,"레저용장비와제품",2.5,1.0627213205,97954450030.0,1140.0,-5.08771929824561,,51.6034985422741,14.6241830065359,13.0,172.449812010956,0,1,0,86,"없음",27,-9.53177257525084,66,,,,0,0,,,,,0,,,0,0,1117.50524470731,1117.50524470731
20261007,002460,"HS화성",KOSPI,11110.0,0.73,"건설",0.26,0.619960255,112766500000.0,13590.0,-18.3958793230316,,56.3585823488534,15.4849225753871,7.4,23.0940440258469,0,1,0,55,"없음",30,-7.66028309741882,69,20260612,9.44170771756978,3.57338318123995,1,0,,,,,1,10950.0,"저항→지지",0,0,12729.1294920542,12729.1294920542
20261007,002600,"조흥",KOSPI,139000.0,0.0,"식품",0.02,0.03433235,83400000000.0,139800.0,-0.572246065808298,,37.1165644171779,6.89655172413793,15.2,90.8304498269896,1,2,0,87,"없음",42,-2.7972027972028,75,,,,1,0,,,,,1,138000.0,"저항→지지",0,0,137593.568393359,137593.568393359
20261007,002620,"제일파마홀딩스",KOSPI,7560.0,-1.56,"제약",0.62,0.15454614,120758563800.0,7720.0,-1.16580310880829,,31.7434210526316,14.8831488314883,8.0,175.126359976013,1,2,0,76,"없음",40,-11.1757857974389,63,,,,0,0,,,,,0,,,0,0,7529.58530030904,7529.58530030904
20261007,002680,"한탑",KOSDAQ,3925.0,12.3,"식품",8.55,3.2950766825,30442417750.0,3595.0,9.17941585535466,9.17941585535466,29.5608108108108,40.9090909090909,7.0,63.5030261977653,2,1,0,59,"없음",33,7.09413369713506,84,20260720,13.7860082304527,13.3217973576841,0,0,20261007,3595.0,3925.0,62.2644705835046,1,2790.0,"저항→지지",1,1,2990.41278775972,3025.41278775972
20261007,002690,"동일제강",KOSPI,1317.0,-1.05,"철강",0.5,0.9655328,26735574120.0,1618.0,-19.4684796044499,,17.9906542056075,23.4907352062164,9.6,86.7614181700976,0,1,0,63,"없음",26,-17.843631778058,52,20260629,21.5882806476484,18.8638601228206,0,0,,,,,0,,,0,0,1480.99120360357,1535.99120360357
20261007,002700,"신일전자",KOSPI,1049.0,2.44,"가정용기기와용품",8.99,5.210047584,71906349529.0,1014.0,3.74753451676529,1.9723865877712,78.2657031684269,33.4057971014493,11.4,51.3053947897857,0,1,0,51,"없음",37,-24.8571428571429,38,20260713,9.83455882352942,16.1306421827248,0,0,20261006,1014.0,1034.0,40.8563524104134,1,981.0,"저항→지지",1,0,970.036598642614,1201.03659864261
20261007,002710,"TCC스틸",KOSPI,14330.0,-4.4,"철강",57.86,87.33837629,375642278010.0,15820.0,-10.9355246523388,,0.0716845878136266,23.7472766884532,4.2,132.109002624093,1,2,0,62,"없음",40,1.73285198555957,80,20261006,11.1111111111111,4.30039339606958,0,0,,,,,1,11890.0,"저항→지지",0,0,13891.670222688,13891.670222688
20261007,002720,"국제약품",KOSPI,4430.0,29.91,"제약",264.98,14.478391905,93738055760.0,3485.0,27.116212338594,27.116212338594,0.0,17.6626826029216,5.8,3283.68508629737,2,1,0,60,"없음",40,-9.03490759753593,67,20261007,27.2988505747126,207.275569034231,0,0,20261007,3485.0,4430.0,9437.59642331072,1,3245.0,"지지 재탈환",1,1,3138.68272900955,3413.68272900955
20261007,002760,"보락",KOSPI,1000.0,0.6,"식품",0.5,0.550253064,59900000000.0,1035.0,-3.47826086956522,,62.4113475177305,13.8328530259366,9.8,67.2519006086535,0,2,0,90,"없음",35,-15.6962025316456,55,,,,0,0,,,,,1,996.0,"지지 재탈환",0,0,989.603864797354,995.603864797354
20261007,002780,"진흥기업",KOSPI,6650.0,1.53,"건설",2.85,6.83333846,96738707100.0,7960.0,-17.5879396984925,,77.0220588235294,55.5478502080444,12.6,49.1231311300867,2,1,0,54,"없음",40,-32.3711340206186,26,20260706,14.3162393162393,7.47911541296926,0,0,,,,,0,,,0,0,7707.61326099195,7777.61326099195
20261007,002790,"아모레퍼시픽홀딩스",KOSPI,26400.0,4.14,"화장품",35.61,30.058432775,2018495952000.0,27100.0,-3.3210332103321,,36.4102564102564,11.913357400722,7.2,127.767939920123,0,2,0,75,"없음",35,-9.49913644214162,66,,,,1,0,,,,,1,25700.0,"지지 재탈환",0,0,25170.4949240658,26120.4949240658
20261007,002800,"신신제약",KOSDAQ,4600.0,3.14,"제약",3.94,1.020734935,69784300000.0,4625.0,-1.2972972972973,,48.4802431610942,13.3333333333333,10.8,131.227370846349,0,1,0,50,"없음",27,-18.0430879712747,51,,,,1,0,,,,,1,4555.0,"저항→지지",0,0,4473.88218080135,4863.88218080135
20261007,002810,"삼영무역",KOSPI,21350.0,-0.47,"화학",3.09,3.43574495,394269339800.0,22000.0,-2.95454545454545,,53.8461538461538,15.071283095723,7.4,65.7818341743692,4,2,0,86,"없음",55,12.664907651715,87,,,,0,0,,,,,0,,,0,0,20928.9254905819,23178.9254905819
20261007,002840,"미원상사",KOSPI,138300.0,1.24,"화학",3.31,2.87612555,622350000000.0,139800.0,-1.64520743919886,,47.5281873373807,10.0709219858156,5.2,60.9518383014454,2,2,0,78,"없음",57,0.954478707782673,79,20260709,8.87812752219532,2.60605517735579,1,0,,,,,1,136500.0,"저항→지지",0,0,129290.91665887,130490.91665887
20261007,002870,"신풍",KOSPI,1165.0,4.2,"포장재",1.66,3.0922582905,40726885500.0,1256.0,-6.92675159235669,,0.0,9.59164292497626,5.0,66.0132901769622,3,1,0,35,"없음",46,-6.17977528089888,71,20260701,26.3440860215054,5.91110319792657,0,0,,,,,1,1141.0,"저항→지지",0,0,1135.96173305025,1135.96173305025
20261007,002880,"디와이에이",KOSPI,3655.0,-1.62,"자동차부품",0.16,0.5241176575,34191790345.0,3975.0,-8.05031446540881,,79.022687609075,21.9832735961768,3.0,19.7486442193857,0,2,0,77,"없음",37,-20.8874458874459,46,20260626,25.7941550190597,8.90480797387511,0,0,,,,,1,3605.0,"저항→지지",0,0,3755.8609523045,4060.8609523045
20261007,002900,TYM,KOSPI,6620.0,0.91,"기계",7.36,12.34133292,274068000000.0,7090.0,-7.33427362482369,,48.585690515807,17.6110260336907,9.6,46.0529817279441,2,3,0,80,"없음",44,-2.52225519287834,75,,,,0,0,,,,,0,,,0,0,7029.6690051631,7029.6690051631
20261007,002920,"유성기업",KOSPI,1794.0,0.56,"자동차부품",1.06,1.439805124,46549815000.0,1895.0,-3.48284960422164,,1.95121951219512,10.010649627263,7.0,140.51555582547,0,2,0,61,"없음",30,-5.28223718280684,72,,,,0,0,,,,,1,1799.0,"저항→지지",0,0,1786.90241053817,1786.90241053817
20261007,002960,"한국쉘석유",KOSPI,534000.0,1.33,"화학",7.82,4.58344,694200000000.0,533000.0,0.187617260787992,,45.4191033138402,8.03402646502836,6.8,109.839408236467,5,2,0,88,"없음",64,12.6582278481013,87,,,,1,0,,,,,1,515000.0,"저항→지지",1,1,510109.897676521,510109.897676521
20261007,003000,"부광약품",KOSPI,4235.0,2.05,"제약",109.77,16.414608035,417844881685.0,4875.0,-13.025641025641,,40.1360544217687,13.8387484957882,9.6,552.6151490512,2,1,0,40,"없음",36,-45.0064850843061,11,,,,0,0,,,,,1,4080.0,"저항→지지",1,0,3849.95272026676,4494.95272026676
20261007,003010,"혜인",KOSPI,8390.0,-5.3,"기계",39.55,50.935431015,106659947330.0,10370.0,-19.4792671166827,,53.9130434782609,37.6975169300226,5.0,48.0163767089851,4,2,0,63,"없음",65,48.3126110124334,95,20260818,14.3446852425181,3.04165945759733,0,0,,,,,0,,,0,0,9096.36166881301,11186.361668813
20261007,003030,"세아제강지주",KOSPI,106900.0,-4.98,"철강",12.74,22.0063077,442743133300.0,121000.0,-10.7438016528926,,20.4869857262804,20.7070707070707,7.8,51.3460317956438,1,2,0,77,"없음",37,-50.9090909090909,7,20260930,9.1901728844404,2.65444911620866,0,0,,,,,1,107900.0,"저항→지지",0,0,108182.74676646,108182.74676646
20261007,003070,"코오롱글로벌",KOSPI,9080.0,-1.3,"건설",0.6,0.7800924,230849547720.0,9800.0,-6.63265306122449,,46.6460268317853,21.9130434782609,7.2,26.6846808295811,1,3,0,95,"없음",55,-18.3764495985727,51,20260812,13.5135135135135,28.5625594131453,0,0,,,,,0,,,0,0,9026.71768078591,10726.7176807859
20261007,003080,"SB성보",KOSPI,2230.0,0.22,"화학",0.06,0.4008762775,44644600000.0,2270.0,-1.10132158590308,,25.9072580645161,7.15883668903803,10.0,13.327772120505,1,1,0,74,"없음",32,-14.9621212121212,56,,,,1,0,,,,,1,2215.0,"지지 재탈환",0,0,2200.89417784257,2240.89417784257
20261007,003090,"대웅",KOSPI,15600.0,1.5,"제약",11.26,10.366219545,907014888000.0,15780.0,-1.90114068441065,,52.1895190236899,20.7169214549288,7.4,122.976657867585,0,2,0,47,"없음",30,-37.5806451612903,19,,,,0,0,,,,,1,15410.0,"지지 재탈환",0,0,16067.9248532337,17797.9248532337
20261007,003100,"선광",KOSDAQ,20300.0,-1.22,"운송인프라",2.15,1.30752615,133980000000.0,20800.0,-2.40384615384615,,55.2412645590682,11.9817997977755,15.0,44.1662430096594,2,3,0,90,"없음",56,-3.33333333333333,74,,,,0,0,,,,,0,,,0,0,20139.1101174255,20789.1101174255
20261007,003120,"일성아이에스",KOSPI,22200.0,-0.45,"제약",0.96,1.0909827,295260000000.0,23400.0,-5.12820512820513,,3.60000000000001,18.6698337292162,9.4,59.5437475661,2,1,0,71,"없음",37,-2.63157894736842,75,,,,0,0,,,,,1,21000.0,"저항→지지",0,0,23069.3802045092,23069.3802045092
20261007,003160,"디아이",KOSPI,41400.0,-2.47,"반도체와반도체장비",223.98,257.299189125,1171620000000.0,43900.0,-7.1753986332574,,4.64071856287425,28.9954337899543,9.8,110.508703462607,4,3,0,72,"관망",60,34.046052631579,93,20261001,14.4010767160162,4.02467967043849,0,0,,,,,1,32500.0,"저항→지지",0,0,39556.8314406806,39556.8314406806
20261007,003200,"일신방직",KOSPI,11100.0,2.02,"섬유,의류,신발,호화품",4.64,14.168701035,254856000000.0,12900.0,-13.7984496124031,,58.4750128799588,23.1404958677686,11.6,63.7979450194225,0,1,0,56,"없음",26,-7.33333333333333,69,20260914,15.3920619554695,29.3134564122816,0,0,,,,,1,11110.0,"저항→지지",0,0,11868.087495683,11868.087495683
20261007,003220,"대원제약",KOSPI,8200.0,4.06,"제약",27.54,3.092591255,183906180600.0,8960.0,-8.48214285714286,,49.9170812603648,48.3540599853694,16.4,838.816141054519,0,1,0,63,"없음",29,-21.7557251908397,44,20260608,10.3202846975089,75.2657357901621,0,0,,,,,1,7940.0,"저항→지지",1,0,7581.73063810827,8441.73063810827
20261007,003230,"삼양식품",KOSPI,1213000.0,0.25,"식품",295.76,585.7067505,9137547195000.0,1557000.0,-22.2222222222222,,57.3877551020408,17.4157303370787,12.0,43.2444806753844,2,1,0,49,"관망",40,-7.97872340425532,68,,,,0,0,,,,,0,,,0,0,1316561.57119841,1450561.57119841
20261007,003240,"태광산업",KOSPI,924000.0,0.98,"화학",10.42,8.534179,1028781600000.0,940000.0,-2.23404255319149,,55.4735547355474,12.4497991967871,4.4,79.2400758251561,2,2,0,79,"없음",45,-18.7444739168877,50,,,,1,0,,,,,1,897000.0,"지지 재탈환",0,0,888320.140067789,933320.140067789
20261007,003280,"흥아해운",KOSPI,1845.0,1.93,"해운사",59.8,174.0337916225,443583938655.0,2200.0,-15.8181818181818,,75.8327668252889,28.4507042253521,10.4,38.8290848159499,2,1,0,55,"관망",43,-50.0808625336927,8,20260910,8.01136363636363,12.4411493355969,1,0,,,,,1,1845.0,"저항→지지",0,0,2025.03992757795,2025.03992757795
20261007,003300,"한일홀딩스",KOSPI,17070.0,-0.81,"건축자재",1.29,2.4838856,526292749080.0,18230.0,-5.37575425123423,,38.4816753926701,18.0576631259484,12.4,41.5238546355208,3,1,0,74,"없음",46,0.349040139616056,78,,,,0,0,,,,,0,,,0,0,17684.5299492828,17864.5299492828
20261007,003310,"대주산업",KOSDAQ,1708.0,1.67,"식품",3.24,3.6399953125,60450133800.0,1842.0,-7.27470141150923,,66.7488697081792,28.2689253573319,9.8,59.0464571096143,1,1,0,71,"없음",34,-53.2054794520548,6,,,,0,0,,,,,1,1638.0,"지지 재탈환",0,0,1699.51334847717,1867.51334847717
20261007,003350,"한국화장품제조",KOSPI,16720.0,11.17,"화장품",975.33,318.435402595,378875200000.0,17200.0,-3.66279069767442,,13.0226480836237,22.0287660862983,7.0,324.642407370052,5,2,0,55,"수축중",69,81.6885964912281,97,20261007,11.1334674714956,3.23213077483081,1,0,,,,,1,14940.0,"저항→지지",0,0,15160.8355206316,15160.8355206316
20261007,003380,"하림지주",KOSDAQ,11480.0,-0.95,"식품",78.89,42.45525585,1285824529080.0,12100.0,-4.95867768595041,,44.7826086956522,17.3151750972763,9.8,142.189663602328,1,1,0,77,"관망",35,-20.0833912439194,47,,,,0,0,,,,,1,11350.0,"저항→지지",0,0,11164.0999434205,11164.0999434205
20261007,003460,"유화증권",KOSPI,2990.0,-0.33,"증권",0.81,0.8353757575,169540220850.0,3915.0,-23.4993614303959,,50.8196721311475,14.4817073170732,12.4,66.1456808481132,2,1,0,51,"없음",32,-12.6822157434402,61,,,,0,0,,,,,0,,,0,0,3721.77404765671,3721.77404765671
20261007,003470,"유안타증권",KOSPI,4250.0,-1.28,"증권",7.57,11.0436734275,818890433500.0,4825.0,-11.9170984455959,,59.462915601023,21.4807090719499,11.4,60.7673571684087,2,2,0,75,"없음",43,-11.1807732497388,63,,,,0,0,,,,,0,,,0,0,4542.83985850008,4617.83985850008
20261007,003480,"한진중공업홀딩스",KOSPI,4705.0,1.4,"가스유틸리티",0.94,1.0401501625,138937765460.0,4965.0,-5.63947633434038,,40.9733124018838,26.0504201680672,6.2,37.9651955503692,2,2,0,88,"없음",53,-2.19206680584551,76,,,,0,0,,,,,0,,,0,0,4949.85844355662,5619.85844355662
20261007,003490,"대한항공",KOSPI,30800.0,-1.12,"항공사",377.12,768.205943075,11341194757200.0,32500.0,-5.69230769230769,,29.5045045045045,12.4314442413163,9.6,47.4642463135924,5,2,0,75,"수축중",64,24.0890688259109,91,20260922,8.95008605851979,2.65799236612502,0,0,,,,,1,30050.0,"저항→지지",0,0,30271.0445610671,30271.0445610671
20261007,003520,"영진약품",KOSPI,1070.0,2.98,"제약",3.42,4.212887466,195695222170.0,1077.0,-0.649953574744661,,47.1395881006865,24.73604826546,7.0,95.8783193401216,0,2,0,86,"없음",33,-39.8876404494382,17,,,,1,0,,,,,0,,,0,0,1057.37378325302,1249.37378325302
20261007,003530,"한화투자증권",KOSPI,4445.0,-3.37,"증권",38.37,55.17740306,953664859875.0,5050.0,-12.0792079207921,,36.4717542120912,17.4484052532833,4.0,58.5655221034757,1,2,0,60,"없음",42,-37.1994342291372,20,20260904,8.97435897435896,3.88337354579069,0,0,,,,,0,,,0,0,4831.64261260576,4831.64261260576
20261007,003540,"대신증권",KOSPI,25100.0,-0.59,"증권",7.16,16.0363647,1196419762600.0,30650.0,-18.4339314845024,,65.2351738241309,26.2560777957861,12.4,45.6016040868391,1,1,0,59,"없음",27,-32.9758713136729,25,,,,0,0,,,,,0,,,0,0,28966.7295361951,28966.7295361951
20261007,003550,LG,KOSPI,111100.0,-3.73,"복합기업",123.5,275.9764027,16797431644400.0,119200.0,-7.29865771812081,,38.7276785714286,15.0433944069431,10.2,38.6673530056203,4,3,0,82,"관망",70,26.7201834862385,92,20260601,13.0968622100955,5.18565356893212,0,0,,,,,0,,,0,0,116275.975534417,116275.975534417
20261007,003570,"SNT다이내믹스",KOSPI,30350.0,-1.62,"자동차부품",18.15,31.9181229,1009219353950.0,36200.0,-16.4364640883978,,17.5831202046036,24.4897959183673,6.4,79.0191614559608,0,2,0,69,"없음",30,-38.3910386965377,18,20260928,11.9544592030361,5.06852089207895,0,0,,,,,1,29200.0,"저항→지지",0,0,32126.8600413878,32626.8600413878
20261007,003580,"HLB글로벌",KOSPI,2040.0,-1.92,"판매업체",19.86,14.0438503705,103353550200.0,2540.0,-20.6692913385827,,0.0,16.471897607123,3.8,248.798260007751,1,1,0,41,"없음",31,-3.35731414868106,74,20261006,15.5778894472362,7.51174204822341,0,0,,,,,1,1694.0,"저항→지지",0,0,2218.26687556012,2218.26687556012
20261007,003610,"방림",KOSPI,5490.0,-0.18,"섬유,의류,신발,호화품",3.29,3.88769925,176288171220.0,6070.0,-9.71993410214168,,26.3339070567986,6.14035087719298,8.0,72.6516783313086,3,1,0,63,"없음",40,8.08678500986193,85,,,,0,0,,,,,1,5420.0,"지지 재탈환",0,0,5760.44572368103,5760.44572368103
20261007,003620,"KG모빌리티",KOSPI,2610.0,1.16,"자동차",11.73,11.273478605,528198520320.0,2750.0,-5.81818181818182,,56.1933534743202,15.1462994836489,9.6,96.5463404653323,0,2,0,75,"없음",33,-26.628895184136,35,,,,0,0,,,,,1,2525.0,"지지 재탈환",0,0,2603.62379627074,2845.62379627074
20261007,003650,"미창석유",KOSPI,122200.0,0.66,"화학",1.21,2.87256735,212587918400.0,141500.0,-13.6395759717314,,49.757045675413,20.9941137998692,5.4,34.9056603773585,3,2,0,59,"없음",45,5.70934256055363,83,,,,0,0,,,,,0,,,0,0,131633.282651422,144133.282651422
20261007,003670,"포스코퓨처엠",KOSPI,191800.0,-6.21,"화학",1479.68,612.47353935,17059884996000.0,193500.0,-1.75710594315245,8.01033591731266,26.257253384913,13.7810945273632,4.8,229.128935805505,0,1,0,67,"관망",31,-10.1182033096927,65,,,,0,0,20261006,193500.0,209000.0,197.055741732258,1,187800.0,"저항→지지",0,0,187427.128080044,187427.128080044
20261007,003690,"코리안리",KOSPI,14600.0,1.04,"손해보험",12.9,28.657309195,2580127052600.0,15210.0,-4.14201183431953,,46.989247311828,9.67741935483871,6.6,34.4852864599395,5,1,0,80,"없음",52,17.1084337349398,89,,,,0,0,,,,,1,14550.0,"지지 재탈환",0,0,14513.3428520786,14783.3428520786
20261007,003720,"삼영",KOSPI,6410.0,-2.88,"화학",9.22,8.948732635,217940000000.0,6750.0,-4.59259259259259,,60.6991525423729,28.8647342995169,7.6,51.3026089668751,1,1,0,84,"없음",40,-13.3243606998654,60,20260810,9.71428571428572,6.38804202502458,0,0,,,,,1,6350.0,"저항→지지",0,0,6082.44000068453,7612.44000068453
20261007,003780,"진양산업",KOSPI,4210.0,6.31,"화학",66.9,8.43371087,54730000000.0,4470.0,-6.59955257270694,,10.354609929078,26.6533066132265,11.4,1115.28943423009,0,1,0,69,"없음",30,-24.6389891696751,38,,,,0,0,,,,,1,3940.0,"저항→지지",0,0,4250.42598599059,4480.42598599059
20261007,003800,"에이스침대",KOSDAQ,32000.0,-0.16,"가구",0.67,0.5238778,354880000000.0,33900.0,-5.6047197640118,,54.5994065281899,7.20720720720721,9.6,87.5961803553974,1,1,0,80,"없음",32,-6.158357771261,71,,,,0,0,,,,,0,,,0,0,32516.7783129471,32516.7783129471
20261007,003830,"대한화섬",KOSPI,107700.0,-1.19,"화학",0.01,0.16341825,143025600000.0,123300.0,-12.6520681265207,,16.8009205983889,12.106135986733,6.4,4.91344772847532,0,1,0,62,"없음",26,-11.9378577269011,62,,,,0,0,,,,,0,,,0,0,113813.760731923,113813.760731923
20261007,003850,"보령",KOSPI,8780.0,3.05,"제약",11.55,10.07593996,753211677460.0,8960.0,-1.89732142857143,,18.5383244206774,11.7857142857143,9.8,126.223778262504,1,1,0,64,"없음",32,-7.76495278069255,68,,,,0,0,,,,,1,8340.0,"지지 재탈환",0,0,8773.81249956316,8773.81249956316
20261007,003920,"남양유업",KOSPI,41800.0,-0.12,"식품",0.45,1.29497745,237150084600.0,43400.0,-3.80184331797235,,58.3875162548765,10.9913793103448,9.0,30.2019620411312,0,3,0,82,"없음",34,-18.45703125,50,,,,0,0,,,,,0,,,0,0,41870.9061879522,43820.9061879522
20261007,003960,"사조대림",KOSPI,27400.0,-0.54,"식품",0.49,0.80021435,251106395800.0,31350.0,-13.0781499202552,,41.7956656346749,19.4528875379939,7.4,23.1978659492016,0,2,0,72,"없음",38,-15.5038759689922,56,,,,0,0,,,,,0,,,0,0,29260.1980786063,31360.1980786063
20261007,004000,"롯데정밀화학",KOSPI,42700.0,-0.23,"화학",14.44,21.0012648,1101660000000.0,49050.0,-13.1498470948012,,54.2503863987635,19.8643410852713,15.0,68.5108475010138,1,1,0,64,"없음",27,-14.8,57,,,,0,0,,,,,0,,,0,0,45334.2590707939,47034.2590707939
20261007,004020,"현대제철",KOSPI,28500.0,-4.84,"철강",244.24,261.86748385,3803204872500.0,37200.0,-23.7903225806452,,9.28030303030303,16.871704745167,9.6,129.363214635787,2,1,0,41,"관망",40,-20.5882352941176,46,20260915,9.38461538461539,2.7711412930873,0,0,,,,,0,,,0,0,33931.3339907197,33931.3339907197
20261007,004060,"SG세계물산",KOSPI,2210.0,6.51,"섬유,의류,신발,호화품",16.61,1.91336774,44735916160.0,2170.0,1.84331797235023,1.84331797235023,66.5742024965326,13.6752136752137,3.8,398.953168294067,0,2,0,86,"없음",41,-57.824427480916,4,20260810,8.02348336594911,17.0480638690598,1,0,20261007,2170.0,2210.0,429.412533007752,1,2110.0,"지지 재탈환",0,0,2126.31970048347,3106.31970048347
20261007,004080,"신흥",KOSPI,14400.0,0.28,"건강관리장비와용품",0.16,0.616998555,133920000000.0,15200.0,-5.26315789473684,,0.488599348534195,7.65449438202247,21.2,21.4145794108138,5,1,0,45,"없음",52,3.52264557872035,81,,,,0,0,,,,,1,14160.0,"저항→지지",0,0,15925.3148200044,15925.3148200044
20261007,004090,"한국석유",KOSPI,11790.0,-0.34,"화학",7.6,82.935752605,149663674800.0,14880.0,-20.497311827957,,54.2028985507246,24.8254460822343,9.8,19.3618445063097,0,1,0,52,"없음",30,-26.2928348909657,36,20260910,10.3030303030303,49.7010464121426,0,0,,,,,1,11390.0,"저항→지지",0,0,13718.1851919142,13718.1851919142
20261007,004100,"태양금속",KOSPI,3200.0,-1.23,"자동차부품",9.5,12.1383678425,117440000000.0,3185.0,0.627943485086342,2.1978021978022,7.32356857523302,19.1729323308271,10.2,93.7229518487197,4,2,0,74,"없음",56,10.5172413793103,86,20260609,8.11287477954146,3.56420016047235,0,0,20261002,3185.0,3255.0,97.2227301745823,1,3185.0,"저항→지지",0,0,3101.07634163112,3101.07634163112
20261007,004140,"동방",KOSPI,1825.0,-0.33,"항공화물운송과물류",2.24,1.755255213,87548472950.0,1850.0,-1.72972972972973,,59.6733668341709,14.4444444444444,9.8,107.854609194508,0,1,0,85,"없음",27,-36.3222416812609,21,,,,0,0,,,,,1,1778.0,"지지 재탈환",0,0,1744.63414922598,1815.63414922598
20261007,004150,"한솔홀딩스",KOSPI,3555.0,0.28,"복합기업",1.17,2.3416526175,145849634100.0,3665.0,-3.27421555252387,,33.8983050847458,15.224358974359,9.6,40.7914977543468,4,3,1,93,"없음",56,9.07692307692308,85,,,,0,0,,,,,1,3465.0,"저항→지지",0,0,3430.77950313705,3430.77950313705
20261007,004170,"신세계",KOSPI,319000.0,-2.3,"백화점과일반상점",222.95,259.4316725,3013012739000.0,417500.0,-23.8323353293413,,81.5310492505353,59.6055979643766,13.4,80.1051305035303,2,2,0,59,"관망",46,0.4739336492891,78,,,,0,0,,,,,0,,,0,0,375572.250722863,576072.250722863
20261007,004250,NPC,KOSPI,2935.0,3.35,"포장재",0.85,0.45658467,107773200000.0,3000.0,-2.5,,37.4677002583979,21.7179902755267,9.6,95.5195585832742,0,3,0,97,"없음",42,-26.9662921348315,34,,,,1,0,,,,,1,2895.0,"지지 재탈환",0,0,2876.48588162651,2921.48588162651
20261007,004310,"현대약품",KOSPI,8160.0,-2.16,"제약",85.2,717.84863401,261120000000.0,11750.0,-31.2340425531915,,49.4019760790432,19.3370165745856,4.4,20.9420881328182,1,2,0,61,"관망",50,-12.1739130434783,61,20260908,23.9904988123515,7.33239460169373,0,0,,,,,1,6630.0,"저항→지지",0,0,10215.8779070062,10215.8779070062
20261007,004360,"세방",KOSPI,13490.0,0.75,"항공화물운송과물류",3.38,1.92370524,257869484470.0,13800.0,-2.2463768115942,,57.5581395348837,9.4197437829691,12.2,134.931058506082,1,1,0,84,"없음",32,-11.9451697127937,62,,,,0,0,,,,,1,13340.0,"지지 재탈환",0,0,13284.7230335578,13284.7230335578
20261007,004370,"농심",KOSPI,398000.0,0.51,"식품",59.71,92.2958025,2420891516000.0,412000.0,-3.15533980582524,,57.2443181818182,6.64993726474278,9.2,48.5445961606223,2,1,0,45,"없음",48,5.13833992094862,83,20260814,12.3234916559692,6.36402043562757,1,0,,,,,0,,,0,0,404705.480040873,432705.480040873
20261007,004380,"삼익THK",KOSPI,7780.0,-0.13,"기계",0.9,1.717460515,161046000000.0,7890.0,-2.53485424588086,,43.4735706580367,25.3038674033149,10.2,43.7331250145474,0,3,0,83,"없음",36,-40.8461538461538,15,,,,0,0,,,,,0,,,0,0,7586.3235665427,8436.3235665427
20261007,004410,"서울식품",KOSPI,1226.0,0.49,"식품",1.43,1.3419654025,48371845938.0,1244.0,-1.44694533762058,,40.9362549800797,22.0367278797997,9.8,53.8434905398944,0,3,0,89,"없음",46,-31.5083798882682,27,,,,1,0,,,,,0,,,0,0,1184.79411113636,1190.79411113636
20261007,004430,"송원산업",KOSPI,11780.0,2.08,"화학",14.47,10.72544555,282720000000.0,12400.0,-5.0,,64.7239263803681,24.5705750560119,9.8,75.8258681803832,4,1,0,84,"없음",55,28.6026200873362,92,20260701,15.0099403578529,2.88237899421077,1,0,,,,,1,11640.0,"저항→지지",0,0,11598.238632141,12498.238632141
20261007,004440,"삼일씨엔에스",KOSPI,5410.0,-1.46,"건축자재",1.27,5.204421445,68879833270.0,6150.0,-11.5447154471545,,42.3634336677815,39.0420899854862,12.2,44.6690512727929,2,1,0,52,"없음",39,-47.8427612655801,9,20260811,9.59752321981424,3.32560408940144,0,0,,,,,0,,,0,0,5548.15351029115,5548.15351029115
20261007,004450,"삼화왕관",KOSPI,27700.0,-1.07,"포장재",0.21,0.3736288,59676298300.0,29100.0,-4.81099656357388,,16.7630057803468,12.2040072859745,14.8,39.997033332627,2,3,0,82,"없음",55,0.0,78,,,,0,0,,,,,1,27150.0,"저항→지지",0,0,26962.2286464924,26962.2286464924
20261007,004490,"세방전지",KOSPI,63200.0,-2.17,"자동차부품",21.12,45.7376205,875952000000.0,70700.0,-11.3154172560113,,60.5241605241605,17.1378091872792,11.4,50.1207560132639,2,1,0,48,"없음",39,2.11726384364821,80,20260828,10.3161397670549,7.57188466200161,0,0,,,,,1,60600.0,"저항→지지",0,0,64525.2180177282,65625.2180177282
20261007,004540,"깨끗한나라",KOSPI,1233.0,0.24,"종이와목재",0.16,0.3230967285,45917774469.0,1350.0,-8.74074074074074,,70.167903162827,48.4184914841849,10.6,24.8386000202277,0,1,0,77,"없음",33,-39.1604938271605,18,20260716,26.542800265428,80.8079879671739,0,0,,,,,1,1220.0,"지지 재탈환",0,0,1257.12563306022,1937.12563306022
20261007,004560,"현대비앤지스틸",KOSPI,11870.0,-3.73,"비철금속",4.14,5.532592945,178985486570.0,13000.0,-8.61538461538461,,27.9138099902057,11.9047619047619,7.2,81.1248499804438,2,1,0,74,"없음",35,-25.2830188679245,37,,,,0,0,,,,,0,,,0,0,12223.9743681525,12223.9743681525
20261007,004590,"한국가구",KOSDAQ,5270.0,0.57,"식품과기본식료품소매",1.05,1.43094828,79050000000.0,5420.0,-1.1070110701107,,40.1098901098901,16.5202108963093,6.8,52.9770481305215,3,1,0,87,"없음",50,8.83248730964467,85,20260616,15.0735294117647,2.89622699441682,0,0,,,,,1,5100.0,"저항→지지",0,0,5081.35061730068,5351.35061730068
20261007,004650,"창해에탄올",KOSDAQ,9480.0,1.39,"음료",2.65,1.027115465,87129589800.0,9700.0,-2.2680412371134,,38.5395537525355,6.11169652265543,9.8,164.052764353667,0,1,0,79,"없음",27,-1.25,77,,,,1,0,,,,,1,9330.0,"지지 재탈환",0,0,9330.19545816678,9330.19545816678
20261007,004690,"삼천리",KOSPI,128600.0,0.7,"가스유틸리티",6.26,7.26457585,466403522200.0,136900.0,-7.23155588020453,0.803506208911614,34.7696879643388,15.6078431372549,15.4,67.5416641565028,1,3,0,86,"없음",47,-9.99291282778172,65,,,,0,0,20260910,136900.0,138000.0,98.1326601630236,0,,,0,0,131609.23021332,131609.23021332
20261007,004700,"조광피혁",KOSPI,66500.0,-0.75,"섬유,의류,신발,호화품",1.16,0.48747875,442167677000.0,68200.0,-2.49266862170088,,28.8,4.42748091603053,6.8,136.851393725478,2,1,0,73,"없음",37,-1.62721893491124,76,,,,0,0,,,,,1,66200.0,"저항→지지",0,0,64878.7113761151,64878.7113761151
20261007,004710,"한솔테크닉스",KOSPI,11730.0,-2.25,"전자장비와기기",85.92,102.01384857,622200454410.0,12390.0,-6.05326876513317,,47.6415094339623,25.3254437869822,7.0,79.6152025699752,3,2,0,69,"수축중",52,159.647557439215,98,20260903,12.0052770448549,6.28913161420876,0,0,,,,,1,9430.0,"저항→지지",0,0,10791.3149786546,10791.3149786546
20261007,004720,"팜젠사이언스",KOSPI,2990.0,3.28,"제약",0.95,0.4343547375,67736551350.0,3190.0,-6.73981191222571,,36.4667747163695,20.9160305343511,15.6,169.451009911704,0,1,0,67,"없음",27,-20.8776595744681,46,,,,1,0,,,,,1,2850.0,"지지 재탈환",0,0,2917.83013033886,3287.83013033886
20261007,004770,"써니전자",KOSPI,1772.0,-1.39,"전자장비와기기",9.35,46.867264336,62919180136.0,2705.0,-34.7874306839187,,63.0160692212608,32.3552123552124,4.6,29.0810239767638,4,2,0,55,"없음",62,6.45745322872661,84,20260903,11.7962466487936,5.15542077247999,0,0,,,,,0,,,0,0,2424.79247677102,2424.79247677102
20261007,004780,"대륙제관",KOSDAQ,4190.0,0.48,"포장재",0.28,1.00922366,66634403810.0,4380.0,-4.337899543379,,0.0,11.2707182320442,2.6,19.2780137989993,5,2,0,68,"없음",66,9.82961992136304,86,,,,0,0,,,,,1,4160.0,"저항→지지",0,0,4239.95877074398,4239.95877074398
20261007,004800,"효성",KOSPI,153000.0,-2.98,"복합기업",42.63,32.31091715,2561282271000.0,168200.0,-9.57193816884661,,60.2880658436214,28.8753799392097,9.8,125.082290980909,2,1,0,71,"없음",37,10.1375814627082,86,,,,0,0,,,,,0,,,0,0,161778.183111985,163978.183111985
20261007,004830,"덕성",KOSPI,3425.0,0.74,"섬유,의류,신발,호화품",2.23,1.1340806775,53704000000.0,3395.0,1.91458026509573,0.589101620029455,47.6683937823834,21.9143576826196,6.6,75.751670964745,0,3,0,93,"없음",48,-21.0946408209806,45,,,,0,0,20261006,3395.0,3415.0,72.9010189613744,1,3395.0,"저항→지지",0,0,3268.83263506021,3688.83263506021
20261007,004840,"DRB동일",KOSPI,3985.0,0.13,"화학",1.77,0.7821896325,76800370540.0,4040.0,-1.36138613861386,,59.0301003344482,13.8392857142857,9.8,163.611073106216,0,1,0,52,"없음",27,-24.0952380952381,39,,,,0,0,,,,,1,3960.0,"지지 재탈환",0,0,3869.02832847448,4384.02832847448
20261007,004890,"동일산업",KOSPI,34300.0,-1.15,"철강",0.07,0.157561675,83184874500.0,35600.0,-3.51123595505618,,0.649350649350646,9.34844192634561,9.8,25.2693482805357,0,1,0,67,"없음",31,-10.7792207792208,64,,,,0,0,,,,,0,,,0,0,35036.2263840224,35036.2263840224
20261007,004910,"조광페인트",KOSPI,3425.0,-0.15,"건축자재",0.34,0.3045549725,43840000000.0,3765.0,-9.03054448871182,,26.0042283298097,36.3905325443787,23.4,83.2338072411367,0,3,0,84,"없음",38,-29.5267489711934,30,,,,0,0,,,,,1,3400.0,"지지 재탈환",0,0,3450.6134081369,3590.6134081369
20261007,004960,"한신공영",KOSPI,10990.0,0.55,"건설",1.55,2.350772595,127162014980.0,12650.0,-13.9920948616601,,38.7417218543046,18.8311688311688,10.0,43.5687559893306,2,1,0,61,"없음",36,-31.9148936170213,26,,,,0,0,,,,,0,,,0,0,11574.640133688,11574.640133688
20261007,004970,"신라교역",KOSPI,8940.0,-1.22,"식품",0.64,0.823532265,143040000000.0,9240.0,-3.24675324675325,,11.0565110565111,13.4419551934827,10.8,56.8165380814693,0,1,0,45,"없음",31,-5.89473684210526,71,,,,0,0,,,,,0,,,0,0,8944.40732631594,9344.40732631594
20261007,004980,"성신양회",KOSPI,8110.0,0.5,"건축자재",4.31,4.334215085,198825352030.0,8400.0,-3.45238095238095,,73.327615780446,31.0274669379451,12.2,79.3384806979758,0,1,0,82,"없음",35,-13.9065817409766,58,20260707,8.72162485065711,11.5458266151939,0,0,,,,,0,,,0,0,8055.53899231928,8425.53899231928
20261007,004990,"롯데지주",KOSPI,23250.0,-0.43,"복합기업",8.9,30.565931225,2317182792000.0,25600.0,-9.1796875,,54.4615384615385,11.875,9.6,30.8954938366983,0,3,0,92,"없음",42,-18.7062937062937,50,,,,0,0,,,,,0,,,0,0,24242.6844311825,24242.6844311825
20261007,005010,"휴스틸",KOSPI,3945.0,-1.99,"철강",9.88,30.784382695,221661955875.0,4490.0,-12.4721603563474,,8.84557721139431,25.150421179302,10.0,52.1481850237743,1,3,0,82,"없음",38,-26.1278195488722,36,20260930,10.7652399481193,13.6296529674692,0,0,,,,,0,,,0,0,4070.88181475777,4070.88181475777
20261007,005070,"코스모신소재",KOSPI,46350.0,-2.93,"화학",58.45,61.5920043,1539495365850.0,46300.0,-0.647948164146868,1.72786177105832,29.0465631929047,31.7948717948718,10.2,117.102646581146,0,3,0,82,"없음",36,-13.5338345864662,59,,,,0,0,20261002,46300.0,47100.0,277.111077287026,1,43550.0,"저항→지지",0,0,43417.4306578287,43417.4306578287
20261007,005090,"SGC에너지",KOSPI,47200.0,-2.28,"에너지장비및서비스",16.71,56.4659249,680120517600.0,62400.0,-24.1987179487179,,55.583885772565,30.7237813884786,5.0,22.6382144133426,3,2,0,57,"없음",57,-21.8181818181818,44,20260723,29.1617473435655,7.25111432874596,0,0,,,,,0,,,0,0,54239.5235315584,59539.5235315584
20261007,005160,"동국산업",KOSDAQ,3860.0,-6.88,"철강",23.5,114.9887430725,209383700520.0,3980.0,-2.63819095477387,3.14070351758794,6.35751682872101,12.7744510978044,9.6,44.8385090363105,4,2,0,71,"수축중",55,19.7836166924266,90,20261002,18.0059523809524,2.96975138624313,0,0,20261006,3980.0,4105.0,468.700571030714,1,2620.0,"저항→지지",0,0,3896.97507471721,3896.97507471721
20261007,005180,"빙그레",KOSPI,88500.0,6.37,"식품",58.46,46.20364015,782499388500.0,89100.0,-0.673400673400673,,46.9679633867277,17.1875,4.8,77.6199184788627,4,3,1,93,"없음",71,22.5761772853186,91,20260820,9.54773869346734,2.84089827740805,1,0,,,,,0,,,0,0,86684.4151709824,88384.4151709824
20261007,005250,"녹십자홀딩스",KOSPI,9980.0,1.84,"제약",24.51,5.51206357,469341535800.0,11470.0,-11.5082824760244,,51.7265193370166,14.337899543379,7.4,289.415572697152,0,1,0,50,"없음",25,-27.344309234073,33,,,,1,0,,,,,1,9730.0,"지지 재탈환",1,0,9347.80436681471,10817.8043668147
20261007,005290,"동진쎄미켐",KOSDAQ,50900.0,-2.68,"반도체와반도체장비",224.56,204.690047325,2594379413400.0,53800.0,-5.39033457249071,,52.4300441826215,35.9840954274354,11.4,104.36214446701,3,2,0,62,"수축중",54,4.84037075180227,82,20261001,9.9585062240664,4.07499224680456,0,0,,,,,1,47100.0,"저항→지지",0,0,48777.3884500716,48777.3884500716
20261007,005300,"롯데칠성",KOSPI,95300.0,0.42,"음료",8.04,11.72664855,884277645200.0,100200.0,-4.79041916167665,,54.0322580645161,10.4106972301815,9.2,54.0695306932709,0,2,0,81,"없음",35,-18.8775510204082,49,,,,1,0,,,,,1,95300.0,"지지 재탈환",0,0,95210.7612047437,100710.761204744
20261007,005380,"현대차",KOSPI,337000.0,-3.16,"자동차",1881.21,1682.981951,68568207804000.0,459500.0,-26.7682263329706,,76.0858955588092,34.6978557504873,12.4,95.7392843147304,2,2,0,53,"관망",45,-31.0450819672131,28,,,,0,0,,,,,0,,,0,0,366139.023085639,430639.023085639
20261007,005420,"코스모화학",KOSPI,11430.0,-3.79,"화학",12.64,10.605257115,439006046040.0,10780.0,6.12244897959184,4.17439703153989,41.2593984962406,17.2268907563025,4.6,103.4234180425,0,3,0,85,"없음",34,-26.0504201680672,36,,,,0,0,20261002,10780.0,11230.0,149.049957018712,1,10780.0,"저항→지지",0,0,10917.2000498151,10917.2000498151
20261007,005430,"한국공항",KOSPI,96300.0,-0.52,"운송인프라",2.62,5.127704,304919986500.0,102600.0,-7.21247563352826,,45.8767772511848,19.8744769874477,8.2,25.819809339271,5,3,0,92,"없음",65,61.082910321489,96,20261001,13.9169472502806,3.51480964280465,0,0,,,,,1,83500.0,"저항→지지",0,0,93641.5259191851,93641.5259191851
20261007,005440,"현대지에프홀딩스",KOSPI,12300.0,-1.2,"복합기업",43.26,44.697682485,2255785547700.0,13520.0,-9.24556213017751,,61.7629541393687,25.9259259259259,11.4,118.671469785642,2,1,0,77,"없음",41,-15.4376292212267,56,20260625,9.03747244673034,3.44794388418733,0,0,,,,,1,12250.0,"저항→지지",0,0,12901.478481325,13121.478481325
20261007,005490,"POSCO홀딩스",KOSPI,309000.0,-2.83,"철강",638.6,659.810485,24485631843000.0,351000.0,-12.2507122507123,,55.8098591549296,15.3846153846154,10.0,82.2902000085352,2,1,0,61,"관망",36,-10.9826589595376,63,,,,0,0,,,,,0,,,0,0,322470.982664898,328470.982664898
20261007,005500,"삼진제약",KOSPI,19770.0,2.33,"제약",7.56,4.32384851,263336400000.0,24250.0,-18.2268041237113,,0.0,14.3152454780362,11.4,114.836035101822,2,1,0,74,"없음",32,7.77173913043478,85,,,,0,0,,,,,1,18750.0,"저항→지지",0,0,22725.932994164,22725.932994164
20261007,005610,"삼립",KOSPI,41150.0,0.49,"식품",1.33,1.1423048,355083720350.0,42450.0,-3.06242638398115,,45.3097345132743,9.51188986232791,9.2,97.2033456870693,0,1,0,74,"없음",27,-17.7,52,,,,1,0,,,,,1,40200.0,"지지 재탈환",0,0,40202.1783388416,40202.1783388416
20261007,005670,"푸드웰",KOSDAQ,6150.0,-0.16,"식품",0.17,1.5640059,61500000000.0,6450.0,-4.65116279069767,,47.96573875803,16.597510373444,6.8,9.19269346594983,1,3,0,89,"없음",39,3.88513513513514,81,,,,0,0,,,,,0,,,0,0,6104.01268463926,6844.01268463926
20261007,005680,"삼영전자",KOSPI,12570.0,0.56,"전기제품",2.18,2.713922625,251400000000.0,13740.0,-9.02474526928675,,64.3024618991794,26.761433868974,11.0,67.4154862257756,2,3,0,79,"없음",46,-19.6658097686375,48,,,,0,0,,,,,1,12400.0,"저항→지지",0,0,12793.7810027991,15233.7810027991
20261007,005690,"파미셀",KOSPI,13030.0,-1.14,"화학",111.78,199.41484119,781852302420.0,13820.0,-6.29522431259045,,25.42201215395,32.2515212981744,6.2,73.5747031380482,0,2,0,63,"관망",35,-19.4150591163659,48,,,,0,0,,,,,1,11400.0,"저항→지지",0,0,12329.4250442718,13299.4250442718
20261007,005710,"대원산업",KOSDAQ,10490.0,0.29,"자동차부품",1.99,1.167982745,210194424000.0,11420.0,-8.14360770577933,,5.88235294117647,14.2737195633921,7.6,174.003517905118,0,2,0,68,"없음",28,-17.8543461237275,52,,,,0,0,,,,,1,10410.0,"지지 재탈환",0,0,10632.8169370925,11122.8169370925
20261007,005720,"넥센",KOSPI,6290.0,-2.33,"자동차부품",6.54,3.22510727,330501615330.0,6290.0,-1.4308426073132,3.17965023847377,35.4898336414048,17.2573189522342,9.6,276.293257262068,2,2,0,80,"없음",45,-5.34351145038168,72,20260930,10.865561694291,21.6106601984016,0,0,20261002,6290.0,6490.0,483.210452613247,1,5690.0,"저항→지지",0,0,6017.16631353904,6017.16631353904
20261007,005740,"크라운해태홀딩스",KOSPI,5290.0,1.15,"식품",0.07,1.25810122,78542465630.0,5400.0,-2.59259259259259,,51.1818181818182,15.391156462585,9.6,6.57164641877505,0,1,0,52,"없음",31,-20.7831325301205,46,,,,0,0,,,,,0,,,0,0,5328.7692949685,5868.7692949685
20261007,005750,"대림바스",KOSPI,4205.0,-0.59,"건축제품",0.81,1.10490944,69770369200.0,5490.0,-22.9508196721311,,26.7983074753174,15.0276243093923,11.4,42.3028334859687,0,1,0,47,"없음",26,-28.9075630252101,31,,,,0,0,,,,,0,,,0,0,4424.92068608509,5119.92068608509
20261007,005800,"신영와코루",KOSPI,13600.0,1.8,"섬유,의류,신발,호화품",0.96,0.528964135,122400000000.0,14080.0,-3.40909090909091,,6.94259012016022,9.93788819875776,7.6,175.643630614947,0,1,0,72,"없음",27,-11.8600129617628,62,,,,0,0,,,,,1,13580.0,"저항→지지",0,0,13241.5433097065,13651.5433097065
20261007,005810,"풍산홀딩스",KOSPI,35650.0,-2.33,"비철금속",8.28,4.0683131,513976459800.0,37950.0,-6.32411067193676,,52.3277467411546,17.8521617852162,9.8,109.277112953446,1,3,0,100,"없음",47,0.0,78,,,,0,0,,,,,0,,,0,0,36114.2348633987,37264.2348633987
20261007,005820,"원림",KOSPI,14420.0,-0.55,"포장재",0.25,0.222597705,33136727400.0,16000.0,-9.875,,20.6618962432916,16.7435728411338,11.8,83.3008989852004,1,2,0,68,"없음",40,-5.6282722513089,71,,,,0,0,,,,,0,,,0,0,14865.6720626092,14865.6720626092
20261007,005830,"DB손해보험",KOSPI,187500.0,2.52,"손해보험",289.46,390.48080985,12281315437500.0,193300.0,-3.56958096223487,,38.107928047968,13.6538461538462,4.2,70.8857509273307,5,2,0,80,"수축중",65,10.952380952381,86,,,,0,0,,,,,0,,,0,0,186694.616327496,192194.616327496
20261007,005850,"에스엘",KOSPI,50800.0,-2.31,"자동차부품",17.28,33.25420805,2359584816000.0,50800.0,-0.393700787401575,1.5748031496063,64.3879173290938,22.3577235772358,12.0,45.5091952932369,2,1,0,49,"없음",37,-13.6518771331058,59,,,,0,0,20261001,50800.0,51600.0,157.135514251132,1,49700.0,"지지 재탈환",0,0,48640.1657152388,59140.1657152388
20261007,005860,"한일사료",KOSDAQ,2310.0,-0.22,"식품",5.48,20.6614344325,91022512350.0,2470.0,-6.68016194331984,,74.9685534591195,32.4324324324324,9.8,25.3968705066833,0,1,0,67,"없음",35,-40.2849740932642,16,20260720,14.9377593360996,21.1943471259458,0,0,,,,,0,,,0,0,2623.96522653396,2783.96522653396
20261007,005870,"휴니드",KOSPI,4390.0,-2.44,"우주항공과국방",1.86,1.7707293025,61969305850.0,4585.0,-4.4711014176663,,45.2679589509692,12.1900826446281,6.6,98.5363348987276,0,3,0,90,"없음",36,-48.651817116061,9,,,,0,0,,,,,0,,,0,0,4254.16447843439,4454.16447843439
20261007,005880,"대한해운",KOSPI,2070.0,1.47,"해운사",22.44,26.9687438445,668086993800.0,2170.0,-4.83870967741935,,38.9632107023411,19.7080291970803,11.4,58.4730019249268,2,1,0,70,"없음",41,-14.4927536231884,57,,,,1,0,,,,,1,2000.0,"지지 재탈환",0,0,2012.64354606261,2012.64354606261
20261007,005930,"삼성전자",KOSPI,270500.0,-0.55,"반도체와반도체장비",43684.76,44801.82984275,1.581418363464e+15,286500.0,-6.10820244328098,,65.5259822560203,14.7368421052632,6.0,72.5705933562922,4,1,0,85,"관망",51,41.8776371308017,94,,,,0,0,,,,,0,,,0,0,260779.1510191,262279.1510191
20261007,005940,"NH투자증권",KOSPI,26500.0,-0.56,"증권",100.3,112.1404114,9783961782500.0,26850.0,-1.48975791433892,,68.2747342600164,14.8148148148148,7.0,78.6062090344003,2,3,0,92,"관망",49,-16.9544740973312,53,,,,0,0,,,,,1,25750.0,"지지 재탈환",0,0,25625.0883472368,29725.0883472368
20261007,005950,"이수화학",KOSPI,11450.0,-3.29,"화학",20.62,34.55396877,301068235050.0,12240.0,-6.94444444444444,,69.2906929069291,37.9351740696279,6.6,37.4051399487618,4,2,0,64,"없음",61,42.1972534332085,94,,,,0,0,,,,,1,10800.0,"지지 재탈환",0,0,10717.9681118345,15137.9681118345
20261007,005960,"동부건설",KOSPI,8370.0,-0.36,"건설",1.39,4.468957035,192063569310.0,8900.0,-6.17977528089888,,36.3979848866499,21.5384615384615,6.2,31.9466968135673,4,1,0,81,"없음",55,-0.948991696322657,77,20260814,8.51900393184797,3.23690703714718,0,0,,,,,1,7660.0,"저항→지지",0,0,8139.67397391542,8339.67397391542
20261007,005990,"매일홀딩스",KOSDAQ,10500.0,-2.69,"식품",0.07,0.32554117,139632192000.0,11100.0,-5.40540540540541,,1.40280561122244,7.57855822550832,7.2,24.6953326213958,0,1,0,64,"없음",27,-5.49054905490549,72,,,,0,0,,,,,1,10480.0,"지지 재탈환",0,0,10507.6207755491,10507.6207755491
20261007,006040,"동원산업",KOSPI,35150.0,-0.42,"식품",6.3,10.602718225,1551549787850.0,36250.0,-3.58620689655172,,53.3755274261603,15.4390934844193,15.4,44.3556964780246,0,1,0,80,"없음",31,-10.613810741688,64,,,,0,0,,,,,0,,,0,0,36522.8800447518,37222.8800447518
20261007,006050,"국영지앤엠",KOSDAQ,2750.0,-6.78,"건축제품",0.88,1.92115352,9596191000.0,5740.0,-52.0905923344948,,30.8398950131234,55.8872305140962,10.2,112.306812896537,0,1,0,33,"없음",26,-79.6447076239822,1,20260908,8.13594232749744,4.71015719331505,0,0,,,,,0,,,0,0,5097.21402990727,5387.21402990727
20261007,006060,"화승인더",KOSPI,2250.0,-0.22,"섬유,의류,신발,호화품",0.69,1.3057945925,124470000000.0,2445.0,-7.77096114519427,,49.4565217391304,17.3333333333333,7.0,48.9789939336536,0,2,0,65,"없음",30,-31.039755351682,28,,,,0,0,,,,,0,,,0,0,2358.08299261636,2488.08299261636
20261007,006090,"사조오양",KOSPI,8910.0,-1.22,"식품",0.29,0.43256764,83956577760.0,9180.0,-1.4161220043573,,26.7223382045929,11.0236220472441,10.8,16.4333162593224,3,1,0,72,"없음",46,9.83009708737864,86,,,,1,0,,,,,1,8980.0,"저항→지지",0,0,8717.89687388316,8907.89687388316
20261007,006110,"삼아알미늄",KOSPI,66600.0,-4.17,"비철금속",116.73,101.49114415,1007222103000.0,75500.0,-12.8476821192053,,42.122487143525,31.8783068783069,9.8,93.9554097256212,4,1,0,48,"관망",50,91.2790697674419,98,20261006,10.8108108108108,2.64440571325649,0,0,,,,,1,65100.0,"지지 재탈환",0,0,61578.0610125165,64778.0610125165
20261007,006120,"SK디스커버리",KOSPI,71600.0,7.99,"석유와가스",85.59,21.46361285,1246824571600.0,58700.0,21.9761499148211,3.40715502555366,23.7341772151899,22.1518987341772,9.8,427.95590096288,2,3,0,85,"없음",45,33.8317757009346,93,20260625,12.6136363636364,5.92451471548731,1,0,20260923,58700.0,60700.0,169.758746761007,1,58500.0,"저항→지지",1,1,62591.1598606382,62591.1598606382
20261007,006140,"피제이전자",KOSDAQ,5750.0,-2.04,"건강관리장비와용품",27.46,15.05364672,85473750000.0,4870.0,18.0698151950719,16.8377823408624,0.0,17.2557172557173,9.6,360.395575216275,0,1,0,69,"없음",26,-12.8787878787879,60,20261002,30.5045871559633,68.9515137402927,0,0,20261002,4870.0,5690.0,4526.38780055983,1,4870.0,"저항→지지",0,0,5816.22232882538,5816.22232882538
20261007,006220,"제주은행",KOSPI,9630.0,-0.52,"은행",3.81,16.51235524,364000103910.0,10070.0,-4.07149950347567,,47.2140762463343,18.3673469387755,10.0,15.2190338288776,0,1,0,93,"없음",35,-22.9665071770335,41,20260610,14.55525606469,16.9142665833107,0,0,,,,,1,9550.0,"지지 재탈환",0,0,9712.41821304835,10142.4182130484
20261007,006260,LS,KOSPI,279500.0,-6.68,"전기장비",926.62,378.82073725,8720400000000.0,338500.0,-17.8729689807976,,56.2124248496994,32.5190839694656,9.8,225.116716213593,2,2,0,76,"관망",42,-0.179533213644524,78,,,,0,0,,,,,0,,,0,0,297756.388954254,318256.388954254
20261007,006280,"녹십자",KOSPI,130200.0,2.12,"제약",33.98,29.2944816,1521587247600.0,126500.0,3.08300395256917,1.10671936758893,43.6175991309071,12.3529411764706,7.4,96.1185568114472,0,3,0,95,"없음",43,-11.951384199865,62,,,,0,0,20261006,126500.0,127900.0,79.5403020473649,1,126500.0,"저항→지지",0,0,122365.319281169,127265.319281169
20261007,006340,"대원전선",KOSPI,12950.0,-3.29,"전기장비",302.41,339.816314185,1015466687200.0,14650.0,-11.9453924914676,,67.9035250463822,25.0458155161881,8.2,35.521206945479,4,1,0,75,"관망",57,137.569060773481,98,20260805,12.037708484409,3.30103096344358,0,0,,,,,0,,,0,0,12961.9149011811,14681.9149011811
20261007,006360,"GS건설",KOSPI,32850.0,-0.61,"건설",224.39,560.2893941,2811351946500.0,39350.0,-16.6454891994917,,48.2209737827715,41.5384615384615,10.0,29.1393766573678,4,1,0,63,"관망",55,16.9340463458111,89,20260723,18.213058419244,3.54513857237485,0,0,,,,,0,,,0,0,34829.0988691835,34829.0988691835
20261007,006370,"대구백화점",KOSPI,2990.0,-1.81,"백화점과일반상점",1.56,2.48729059,32356616890.0,3215.0,-7.15396578538103,,74.6168582375479,46.0576923076923,6.2,49.0068056615423,0,2,0,60,"없음",43,-42.5961538461538,13,20260827,11.2947658402204,3.42699271418704,0,0,,,,,0,,,0,0,3154.96051072878,6159.96051072878
20261007,006400,"삼성SDI",KOSPI,562000.0,-2.26,"전기제품",1864.44,1882.461598,45289067860000.0,600000.0,-7.16666666666667,,46.690518783542,26.8736616702355,10.0,81.8439940836278,4,1,0,59,"관망",49,28.9351851851852,93,,,,0,0,,,,,0,,,0,0,523997.873922355,546997.873922355
20261007,006490,"프리티",KOSPI,1461.0,0.14,"무선통신서비스",0.53,5.22980031,25927392513.0,3025.0,-51.702479338843,,29.8689956331878,61.09375,18.0,30.293983265387,0,1,0,31,"없음",26,-44.6800454373343,12,20260914,8.36820083682008,140.513790748561,0,0,,,,,1,1327.0,"지지 재탈환",0,0,2681.88363733374,2681.88363733374
20261007,006570,"대림통상",KOSPI,1890.0,1.94,"건축제품",0.13,0.470826329,28775250000.0,2080.0,-9.13461538461538,,19.5069667738478,17.6818181818182,5.0,4.70003962254083,0,1,0,52,"없음",29,-7.35294117647059,69,,,,0,0,,,,,0,,,0,0,1942.18665941065,2422.18665941065
20261007,006620,"동구바이오제약",KOSDAQ,3585.0,0.7,"제약",2.4,1.6367553875,102046996320.0,3610.0,-0.692520775623269,,35.7377049180328,19.2448233861145,7.4,73.0846205004882,0,3,0,94,"없음",45,-32.1022727272727,26,,,,0,0,,,,,0,,,0,0,3388.6380293341,3813.6380293341
20261007,006650,"대한유화",KOSPI,89600.0,-1.97,"화학",36.74,49.0566507,582400000000.0,115900.0,-22.6056945642796,,47.1958584987058,23.0097087378641,10.0,95.545771865669,0,1,0,48,"없음",29,-33.4075723830735,24,20260909,13.5942327497425,2.93745647366428,0,0,,,,,0,,,0,0,105029.612341726,105029.612341726
20261007,006660,"삼성공조",KOSPI,13000.0,-3.56,"자동차부품",15.38,39.751562305,105642082000.0,13800.0,-6.88405797101449,,62.5448028673835,28.7679425837321,6.4,19.3793099322301,1,3,0,87,"없음",55,10.3951890034364,86,20260818,29.9226139294927,3.55520674533634,0,0,,,,,0,,,0,0,12125.2321400109,15045.2321400109
20261007,006730,"서부T&D",KOSDAQ,11990.0,4.81,"호텔,레스토랑,레저",83.76,35.723595845,770680306770.0,11580.0,3.28151986183074,3.28151986183074,41.8406805877804,18.5153583617747,7.4,178.711457356413,1,1,0,83,"관망",36,-12.3809523809524,61,,,,0,0,20261007,11580.0,11960.0,181.419679663328,1,11560.0,"저항→지지",1,1,10637.6381020871,10637.6381020871
20261007,006740,"블루산업개발",KOSPI,4490.0,-5.57,"종이와목재",2.1,0.392701155,26719805910.0,5380.0,-17.2862453531599,,35.6975837879969,23.9928379588183,9.8,324.949049677971,0,2,0,62,"없음",35,-33.3832335329341,24,20260724,10.1925254813137,19.8951865602018,0,0,,,,,0,,,0,0,4868.32113119547,5868.32113119547
20261007,006800,"미래에셋증권",KOSPI,30600.0,-4.23,"증권",326.75,313.4147912,16616444160600.0,34750.0,-12.2302158273381,,64.4906033630069,25.0,7.0,83.3129781712277,2,2,0,74,"관망",45,-54.2042042042042,6,,,,0,0,,,,,0,,,0,0,33058.0206129974,39158.0206129974
20261007,006840,"AK홀딩스",KOSPI,6830.0,-2.43,"화학",0.18,0.47920707,90480841630.0,8060.0,-15.2605459057072,,12.0860927152318,11.044776119403,9.6,28.9462098363624,0,1,0,50,"없음",26,-18.3014354066986,51,,,,0,0,,,,,0,,,0,0,7351.09718357953,7401.09718357953
20261007,006880,"신송홀딩스",KOSPI,4215.0,-0.47,"식품과기본식료품소매",0.58,4.72586645,49858636470.0,4480.0,-5.58035714285714,,40.748031496063,20.3761755485893,7.4,27.7275760890298,0,1,0,52,"없음",31,-40.3385049365303,16,,,,0,0,,,,,0,,,0,0,5015.91026142247,5015.91026142247
20261007,006890,"태경케미컬",KOSPI,4860.0,0.21,"화학",0.72,1.0678072675,56376000000.0,5900.0,-17.7966101694915,,59.1145833333333,31.4203730272597,11.4,43.1090764148826,0,2,0,59,"없음",35,-47.2252448313384,10,20260713,8.29015544041452,22.3585463645168,0,0,,,,,0,,,0,0,4840.82666455524,5650.82666455524
20261007,006910,"보성파워텍",KOSDAQ,7210.0,-4.5,"전기장비",62.18,86.473570295,354226031040.0,7770.0,-7.20720720720721,,48.9200863930886,24.7630331753554,7.0,67.051779844452,2,3,0,94,"관망",59,-29.1052114060964,31,20260813,8.27586206896551,10.5759792340345,0,0,,,,,0,,,0,0,7172.87582898519,7582.87582898519
20261007,006920,"모헨즈",KOSDAQ,3005.0,-0.33,"건축자재",0.47,1.983371045,32814600000.0,3630.0,-17.2176308539945,,85.364659813999,21.2518195050946,9.6,17.8047427253949,2,1,0,58,"없음",40,-37.9772961816305,19,20260624,29.8368298368298,7.10311230361793,0,0,,,,,0,,,0,0,3224.81960983426,3304.81960983426
20261007,006980,"우성",KOSPI,16660.0,-2.06,"식품",0.09,1.84902831,51479400000.0,18830.0,-11.5241635687732,,37.7913429522753,22.7053140096618,3.8,11.6152363161739,2,2,0,61,"없음",55,-20.6666666666667,46,20260907,14.5454545454546,81.2212565892577,0,0,,,,,1,16240.0,"저항→지지",0,0,19089.5468141024,19089.5468141024
20261007,007070,"GS리테일",KOSPI,22400.0,0.9,"백화점과일반상점",13.39,41.8901081,1872806096000.0,26250.0,-14.8571428571429,,58.019801980198,26.6441821247892,7.6,32.3193632205647,3,1,0,49,"없음",41,0.224215246636771,78,,,,0,0,,,,,0,,,0,0,24302.4087847042,27702.4087847042
20261007,007120,"미래아이앤지",KOSPI,980.0,-1.21,"IT서비스",0.36,0.513035213,26776651720.0,1200.0,-18.8333333333333,,44.9694274596998,38.0193905817175,7.2,35.9456005659173,2,2,0,57,"없음",50,-49.5598135680994,8,20260812,27.5427542754275,44.3198328792915,0,0,,,,,0,,,0,0,1046.94084451091,1282.94084451091
20261007,007160,"사조산업",KOSPI,48150.0,-0.21,"식품",1.5,0.855568875,240750000000.0,50800.0,-4.92125984251969,,54.8258706467662,19.434628975265,7.6,61.996941642267,0,1,0,80,"없음",35,-9.03954802259887,67,20260630,11.4942528735632,8.68864917146156,0,0,,,,,1,48000.0,"지지 재탈환",0,0,48097.9535333188,53097.9535333188
20261007,007210,"벽산",KOSPI,1460.0,1.32,"건축자재",1.41,0.7936151525,95425600000.0,1500.0,-2.6,,40.4212637913741,23.0403800475059,15.0,109.613188204675,0,1,0,84,"없음",27,-20.8559046587216,46,,,,1,0,,,,,1,1429.0,"저항→지지",0,0,1457.87456024455,1457.87456024455
20261007,007280,"한국특강",KOSPI,2375.0,3.71,"철강",1.0,0.366156615,68035532500.0,2690.0,-12.0817843866171,,3.13935681470138,15.1696606786427,6.0,53.4884867965975,0,1,0,51,"없음",26,-17.6245210727969,52,,,,0,0,,,,,1,2270.0,"지지 재탈환",0,0,2361.33009388702,2361.33009388702
20261007,007310,"오뚜기",KOSPI,315000.0,-0.16,"식품",7.5,9.555328,1262466450000.0,328000.0,-4.42073170731707,,47.0,8.94428152492669,4.2,56.0162355253129,0,2,0,89,"없음",41,-14.344262295082,58,,,,0,0,,,,,0,,,0,0,320639.823152458,324639.823152458
20261007,007330,"푸른저축은행",KOSDAQ,9990.0,0.2,"기타금융",0.62,0.772604385,150677172000.0,10350.0,-3.47826086956522,,63.220675944334,8.09523809523809,12.2,65.390682950782,1,3,0,89,"없음",44,-8.76712328767123,67,,,,0,0,,,,,0,,,0,0,9985.1139085563,10125.1139085563
20261007,007340,"DN오토모티브",KOSPI,49050.0,-1.21,"자동차부품",47.04,57.13995915,2869957928250.0,52900.0,-7.84499054820416,,48.8779803646564,36.962962962963,6.6,47.6195084121232,4,2,0,83,"없음",60,19.7788697788698,90,20260814,19.1102123356926,5.01326980696005,0,0,,,,,1,47350.0,"저항→지지",0,0,47096.2790888421,61696.2790888421
20261007,007370,"진양제약",KOSDAQ,4030.0,1.26,"제약",0.85,0.283316045,56962385610.0,4155.0,-3.00842358604091,,53.276955602537,11.5044247787611,9.8,180.272334433623,0,1,0,86,"없음",27,-10.939226519337,64,,,,1,0,,,,,1,3970.0,"지지 재탈환",0,0,3962.76257786003,3962.76257786003
20261007,007390,"네이처셀",KOSDAQ,24600.0,-0.61,"생물공학",26.02,42.6190639,1585102377600.0,25800.0,-4.65116279069767,,71.7258261933904,27.2566371681416,11.8,36.8130578886814,4,1,0,58,"관망",55,37.8151260504202,94,20260602,12.6373626373626,4.11609665152924,0,0,,,,,0,,,0,0,23340.8294615854,25540.8294615854
20261007,007530,"와이엠",KOSDAQ,1879.0,5.56,"자동차부품",0.38,0.9055911365,41815700049.0,1623.0,15.7732593961799,9.11891558841651,0.0,33.4128878281623,13.0,63.3808849720807,0,1,0,74,"없음",30,-16.6740576496674,54,20260917,19.3396226415094,33.707650586303,1,0,20260917,1623.0,1771.0,2995.66316231595,1,1623.0,"저항→지지",0,0,1717.60074987429,1781.60074987429
20261007,007540,"샘표",KOSPI,46650.0,0.21,"식품",4.28,41.43924235,94021582200.0,72400.0,-35.3591160220994,,58.0534022394488,8.89603429796356,7.2,29.0787524819556,0,1,0,52,"없음",30,-14.7540983606557,57,20260910,29.9883313885648,16.8138819131059,0,0,,,,,1,43800.0,"저항→지지",0,0,68160.8581865746,68160.8581865746
20261007,007570,"일양약품",KOSPI,8170.0,1.36,"제약",1.51,1.32495421,155929874880.0,8970.0,-11.1482720178372,,21.5208034433285,15.5361050328228,7.4,121.796084043148,0,2,0,69,"없음",33,-28.7119856887299,32,,,,0,0,,,,,1,7850.0,"지지 재탈환",0,0,8261.06385124194,8431.06385124194
20261007,007590,"동방아그로",KOSPI,5580.0,0.9,"화학",0.08,0.136924865,75986079660.0,6000.0,-7.33333333333333,,0.0,21.7706821480406,2.4,29.5693261504198,0,2,0,74,"없음",39,-5.11945392491468,72,,,,0,0,,,,,0,,,0,0,6554.03190681513,6554.03190681513
20261007,007660,"이수페타시스",KOSPI,122700.0,-6.97,"반도체와반도체장비",1681.24,884.1789569,9007311171300.0,119800.0,1.25208681135225,2.50417362270451,31.2355658198614,12.1841155234657,6.4,188.821752473671,1,1,0,44,"관망",42,11.5915363385465,87,20260701,15.1646447140381,3.18204344649129,0,0,20261001,119800.0,122800.0,131.321050284237,1,119800.0,"저항→지지",0,0,118699.038915495,118699.038915495
20261007,007680,"대원",KOSDAQ,2990.0,-2.61,"건설",0.61,0.2501729825,39535986620.0,3320.0,-9.93975903614458,,77.90202342918,53.0278232405892,12.2,146.426533987103,0,1,0,67,"없음",29,-27.5151515151515,33,20260702,11.5862068965517,22.5716316773106,0,0,,,,,0,,,0,0,3144.59639422636,3534.59639422636
20261007,007690,"국도화학",KOSPI,38450.0,-0.13,"화학",1.32,5.6900202,356078990400.0,40000.0,-4.125,,63.0026809651474,20.7017543859649,9.8,14.77362193904,5,3,1,95,"없음",75,6.97350069735007,84,20260615,16.7449139280125,4.58934165135675,0,0,,,,,1,37300.0,"지지 재탈환",0,0,38214.646659218,40064.646659218
20261007,007700,"F&F홀딩스",KOSPI,13500.0,0.67,"섬유,의류,신발,호화품",0.42,0.940660445,528043954500.0,14000.0,-3.42857142857143,,54.8175865294668,11.8825100133511,7.6,20.0077254565866,0,1,0,91,"없음",31,-26.4817835780315,35,,,,0,0,,,,,1,13480.0,"지지 재탈환",0,0,13629.5042536648,14399.5042536648
20261007,007720,"소노스퀘어",KOSDAQ,1102.0,0.18,"판매업체",0.2,0.2667014385,22216419180.0,1177.0,-6.37213254035684,,7.68772348033374,45.3494771601541,16.4,54.0553806885465,0,1,0,45,"없음",27,-49.4031221303949,8,,,,0,0,,,,,0,,,0,0,1337.62182194319,1353.62182194319
20261007,007770,"한일화학",KOSDAQ,7870.0,-0.13,"화학",0.02,0.17024052,27623700000.0,8440.0,-6.75355450236967,,4.49438202247191,8.04248861911988,8.2,8.3726982151444,2,1,0,51,"없음",41,0.897435897435897,79,,,,0,0,,,,,1,7770.0,"저항→지지",0,0,8198.0652371855,8198.0652371855
20261007,007810,"코리아써키트",KOSPI,88700.0,0.0,"전자장비와기기",595.74,422.9144118,2127258394000.0,63300.0,36.650868878357,4.89731437598736,51.0869565217391,33.8114754098361,6.6,156.570434510662,3,2,0,51,"수축중",49,15.0265957446809,88,20260929,8.90804597701149,3.02034483104328,0,0,20260922,63300.0,66400.0,975.410093531536,1,53900.0,"저항→지지",0,0,78644.834543336,78644.834543336
20261007,007820,"엠엑스로보틱스",KOSDAQ,3455.0,-3.09,"기계",1.72,4.124197775,80582412645.0,5450.0,-36.605504587156,,75.7178305565402,19.5121951219512,13.0,4.68521577423438,0,1,0,50,"없음",30,-32.1218074656189,26,20260812,29.9290780141844,53.7674891515994,0,0,,,,,1,3400.0,"지지 재탈환",0,0,3464.52447309094,4979.52447309094
20261007,007860,"서연",KOSPI,7480.0,-1.71,"자동차부품",1.03,1.74839191,175629233120.0,7900.0,-5.31645569620253,,52.7245949926362,23.3021077283372,13.0,52.5197266378558,0,2,0,61,"없음",33,-21.0970464135021,45,,,,0,0,,,,,0,,,0,0,7410.66898919247,8030.66898919247
20261007,007980,TP,KOSPI,1786.0,0.45,"섬유,의류,신발,호화품",8.12,3.40663493,83758667100.0,1838.0,-2.8835690968444,,26.4444444444445,14.8354430379747,6.6,239.957602608812,1,2,0,74,"없음",35,-0.833333333333333,77,,,,0,0,,,,,1,1745.0,"저항→지지",0,0,1745.15229488475,1882.15229488475
20261007,008040,"사조동아원",KOSPI,7560.0,2.44,"식품",2.42,1.568296145,106705317600.0,9000.0,-15.6666666666667,,31.0430463576159,29.0909090909091,11.2,103.482014677641,0,1,0,56,"없음",26,-24.6276067527309,38,20260904,9.89717223650386,3.3722485765312,0,0,,,,,1,7480.0,"저항→지지",0,0,7952.81803060223,7952.81803060223
20261007,008060,"대덕",KOSPI,16280.0,-0.73,"전자장비와기기",12.13,12.04890218,509353955440.0,20700.0,-21.5942028985507,,56.2238493723849,30.4209183673469,11.0,87.2521959214234,3,1,0,45,"없음",37,26.0093167701863,92,,,,0,0,,,,,1,14670.0,"저항→지지",0,0,15220.20214573,19120.20214573
20261007,008250,"이건산업",KOSPI,3285.0,2.34,"건축자재",1.84,1.0578730325,35979405975.0,3300.0,-0.606060606060606,,59.5744680851064,18.3501683501683,10.6,39.3062818438713,0,1,0,50,"없음",35,-14.3603133159269,58,20260825,29.9625468164794,6.02810292329058,0,0,,,,,1,3075.0,"지지 재탈환",0,0,2961.57588318235,4171.57588318235
20261007,008260,"NI스틸",KOSPI,3205.0,-2.14,"건축자재",1.52,2.29508381,91663374985.0,3575.0,-10.3496503496504,,37.7617053673392,15.1193633952255,6.0,45.2387695847009,0,3,0,90,"없음",48,-9.20679886685552,66,20260820,9.66719492868462,6.33988052179242,0,0,,,,,0,,,0,0,3318.09457528204,3513.09457528204
20261007,008350,"남선알미늄",KOSPI,1069.0,-0.09,"비철금속",6.45,7.308546929,137985547210.0,1110.0,-3.69369369369369,,59.7145993413831,14.9498632634458,7.2,70.7842069107457,2,3,0,95,"없음",55,-34.4975490196078,23,,,,0,0,,,,,1,1063.0,"저항→지지",0,0,1064.54241496843,1080.54241496843
20261007,008370,"원풍",KOSDAQ,5250.0,0.0,"화학",0.94,0.6593754975,63000000000.0,5520.0,-4.89130434782609,,10.6060606060606,10.6796116504854,15.0,260.768541268409,5,1,0,55,"없음",52,5.31594784353059,83,,,,0,0,,,,,1,5110.0,"저항→지지",0,0,5216.34001058903,5216.34001058903
20261007,008420,"문배철강",KOSPI,2055.0,-2.14,"철강",0.8,2.20067578,42134702775.0,2550.0,-19.0196078431373,,56.1188811188811,30.3085299455535,14.2,37.0970759314981,2,3,0,84,"없음",45,-8.6283185840708,67,20260610,12.6760563380282,5.08771509210187,0,0,,,,,0,,,0,0,2286.98468587894,2366.98468587894
20261007,008470,"부스타",KOSDAQ,1640.0,0.06,"기계",0.16,0.3390760535,27567744000.0,1800.0,-8.88888888888889,,46.6559871846216,26.7563527653214,22.0,27.6683117265763,0,1,0,45,"없음",33,-16.8356997971602,53,20260707,14.8218829516539,7.43610781211753,0,0,,,,,0,,,0,0,1615.11500115481,2165.11500115481
20261007,008490,"서흥",KOSPI,20550.0,1.73,"제약",3.68,2.81940721,237745272150.0,21550.0,-4.40835266821346,,65.9550561797753,36.1374795417349,7.4,41.2319358947951,1,2,0,83,"없음",52,8.59251449657354,85,20260810,20.9302325581395,11.1258819774533,1,0,,,,,0,,,0,0,19972.3892815454,28872.3892815454
20261007,008700,"아남전자",KOSPI,1247.0,0.4,"전자제품",1.54,2.3037857865,96174650540.0,1292.0,-3.56037151702786,,50.0433651344319,8.38461538461539,1.8,28.8484653669937,1,2,0,73,"없음",52,-20.3324808184143,47,20260602,10.4651162790698,12.5308143827389,0,0,,,,,0,,,0,0,1213.38672935847,1213.38672935847
20261007,008730,"율촌화학",KOSPI,15700.0,-0.57,"포장재",7.94,7.834200155,389360000000.0,17330.0,-9.75187536064628,,43.4844192634561,21.2014134275618,9.6,84.5094878163937,0,1,0,55,"없음",25,-36.9354838709677,20,,,,0,0,,,,,1,15200.0,"저항→지지",0,0,15295.1158484465,15965.1158484465
20261007,008770,"호텔신라",KOSPI,39350.0,1.03,"백화점과일반상점",59.16,70.088378775,1544413561350.0,45500.0,-13.5164835164835,,79.5049504950495,29.6363636363636,12.0,66.9649322022812,1,1,0,66,"없음",34,-10.972850678733,63,,,,0,0,,,,,0,,,0,0,40990.6825146325,46040.6825146325
20261007,008830,"대동기어",KOSDAQ,6350.0,-3.2,"기계",12.28,17.6027963,121805166600.0,6590.0,-3.79362670713202,,70.8746700646218,21.8181818181818,7.0,39.8432565271061,0,3,0,96,"없음",46,-53.2448377581121,6,,,,0,0,,,,,0,,,0,0,6192.46965351843,7652.46965351843
20261007,008870,"금비",KOSPI,38650.0,-1.02,"포장재",0.01,0.09295125,38650000000.0,41350.0,-6.4087061668682,,8.40707964601769,10.5826397146254,6.6,16.8575063613232,0,1,0,78,"없음",31,-14.3805309734513,57,,,,0,0,,,,,0,,,0,0,38631.2280119243,39281.2280119243
20261007,008930,"한미사이언스",KOSPI,58800.0,2.08,"제약",80.54,149.159466475,4021423140000.0,61000.0,8.52459016393443,8.52459016393443,28.7651677373305,27.304347826087,5.8,188.956090057335,4,2,0,58,"돌파완료",63,74.2105263157895,97,20261007,14.7313691507799,2.78645464129855,0,0,20261007,61000.0,66200.0,194.373953247918,0,,,1,1,53477.7067953899,53477.7067953899
20261007,008970,"KBI동양철관",KOSPI,1419.0,-2.21,"철강",33.71,58.2788397295,147245241033.0,1695.0,-17.2861356932153,,0.41436464088398,23.7360754070266,9.8,112.281025948294,0,1,0,61,"없음",29,-21.1473565804274,45,20260930,29.1811846689896,11.3414438933779,0,0,,,,,1,1209.0,"저항→지지",0,0,1510.4701347716,1510.4701347716
20261007,009070,KCTC,KOSPI,4190.0,2.7,"항공화물운송과물류",17.85,4.7998085975,125700000000.0,4275.0,-1.87134502923977,,50.0,8.90736342042755,6.6,378.609764183827,0,1,0,71,"없음",27,-30.8896210873147,28,,,,1,0,,,,,1,4120.0,"저항→지지",0,0,4006.01348248731,4006.01348248731
20261007,009140,"케이아이이",KOSPI,23550.0,1.07,"전자제품",4.82,1.549269775,36992269350.0,25900.0,-7.91505791505791,,0.0,23.2365145228216,7.0,425.408247993357,3,1,0,41,"없음",44,4.60526315789474,82,20261006,20.3517587939698,17.0703354459731,0,0,,,,,1,22850.0,"저항→지지",0,0,22824.7714172381,22824.7714172381
20261007,009150,"삼성전기",KOSPI,1614000.0,-3.64,"전자장비와기기",8847.47,8495.7830665,120555625344000.0,1587000.0,1.26023944549464,6.11216131064902,62.0666442275328,23.625,6.8,76.5464017133597,4,3,0,90,"돌파완료",60,261.529808773903,99,,,,0,0,20261006,1587000.0,1684000.0,108.262126899221,1,1587000.0,"저항→지지",0,0,1491557.6053541,1491557.6053541
20261007,009160,SIMPAC,KOSPI,4915.0,-1.4,"비철금속",1.94,2.705931135,321298307720.0,5100.0,-3.62745098039216,,42.4725822532403,18.5424354243542,4.8,47.1956968538111,0,3,0,83,"없음",39,-7.08884688090737,70,,,,0,0,,,,,0,,,0,0,4711.17291772827,5011.17291772827
20261007,009180,"한솔로지스틱스",KOSPI,2800.0,-0.36,"항공화물운송과물류",0.23,0.5458821275,78836310000.0,2855.0,-1.40105078809107,,60.7017543859649,10.1243339253996,9.8,28.2626322914572,3,2,0,89,"없음",56,-4.73773265651438,73,,,,0,0,,,,,1,2785.0,"저항→지지",0,0,2725.95553209608,2750.95553209608
20261007,009200,"무림페이퍼",KOSPI,1511.0,-0.46,"종이와목재",0.18,1.646630226,62871667410.0,1690.0,-10.5917159763314,,13.1394182547643,12.3097286565189,9.8,21.7156639244897,0,1,0,63,"없음",25,-26.1124694376528,36,,,,0,0,,,,,1,1507.0,"지지 재탈환",0,0,1582.30380009862,1582.30380009862
20261007,009240,"한샘",KOSPI,40050.0,0.0,"가구",9.68,9.85490885,942533816400.0,41000.0,-1.82926829268293,,45.607476635514,14.4690781796966,7.4,59.0272396675527,1,3,0,95,"없음",50,-2.30582524271845,75,,,,1,0,,,,,1,39750.0,"저항→지지",0,0,38525.1650455571,40375.1650455571
20261007,009270,"신원",KOSPI,1082.0,-0.28,"섬유,의류,신발,호화품",1.18,2.9171238215,124181565226.0,1136.0,-5.63380281690141,,46.7087466185753,20.8955223880597,6.6,13.172301199224,0,2,0,78,"없음",47,-20.9439528023599,45,20260818,8.41121495327102,30.7926075288916,0,0,,,,,0,,,0,0,1125.20503591044,1248.20503591044
20261007,009290,"광동제약",KOSPI,6870.0,1.03,"제약",17.97,8.715570315,342124680960.0,6850.0,2.18978102189781,2.18978102189781,21.3080168776371,13.3235724743777,7.4,193.540404231381,2,1,0,62,"없음",39,-20.0913242009132,47,,,,0,0,20261007,6850.0,7000.0,199.269451336173,1,6410.0,"저항→지지",1,1,6463.60563349013,6463.60563349013
20261007,009300,"삼아제약",KOSDAQ,14000.0,0.14,"제약",0.08,0.16425396,89180000000.0,14330.0,-2.30286113049546,,13.1266490765172,7.14285714285714,7.0,21.3222829158034,1,1,0,68,"없음",36,-11.8942731277533,62,,,,0,0,,,,,0,,,0,0,13432.1703867835,14002.1703867835
20261007,009320,"아진전자부품",KOSPI,956.0,2.69,"자동차부품",2.6,0.676631966,47130580120.0,1032.0,-6.58914728682171,,42.184368737475,20.1101928374656,14.4,296.482532266247,1,1,0,51,"없음",36,-8.62559241706161,67,20260622,15.5115511551155,6.73762644405158,0,0,,,,,0,,,0,0,954.154347354784,1007.15434735478
20261007,009410,"태영건설",KOSPI,1629.0,-0.55,"건설",4.72,4.695444806,520389160173.0,1905.0,-14.1732283464567,,38.7656033287101,12.0,9.8,94.1484440866323,2,1,0,80,"없음",32,-13.031914893617,60,,,,0,0,,,,,1,1632.0,"지지 재탈환",0,0,1778.86698073808,1778.86698073808
20261007,009420,"한올바이오파마",KOSPI,45350.0,-5.13,"제약",86.64,115.95107975,2369112933300.0,65900.0,-31.0318664643399,,60.6126914660831,45.5,13.4,62.9339180433141,2,2,0,46,"관망",47,-22.3076923076923,43,20260629,19.3771626297578,3.03956448951999,0,0,,,,,0,,,0,0,50123.5384898739,59223.5384898739
20261007,009450,"경동나비엔",KOSPI,61700.0,1.15,"가정용기기와용품",13.06,16.4510121,898882126400.0,62600.0,-1.43769968051118,,66.2116040955631,22.207267833109,15.0,48.5856311460568,2,1,0,47,"없음",41,-6.51515151515152,70,,,,1,0,,,,,1,59700.0,"지지 재탈환",0,0,58811.8626926154,74111.8626926154
20261007,009460,"한창제지",KOSPI,2710.0,-0.18,"포장재",0.19,0.22116263,33440549060.0,2895.0,-6.39032815198618,,11.4337568058076,30.9957924263675,6.2,31.8135241414946,4,2,0,67,"없음",67,-4.57746478873239,73,20260723,9.72477064220183,2.65236659068461,0,0,,,,,0,,,0,0,2636.15598483083,3231.15598483083
20261007,009470,"삼화전기",KOSPI,27200.0,-1.98,"전기제품",10.62,18.3289936,179895904000.0,27900.0,-3.2258064516129,,55.0967741935484,21.5355805243446,7.0,68.2100679920896,0,2,0,83,"없음",37,-27.9038718291055,33,20260618,30.0,6.7722297253618,0,0,,,,,1,23800.0,"저항→지지",0,0,25236.7929410591,25236.7929410591
20261007,009520,"포스코엠텍",KOSDAQ,13190.0,-2.15,"철강",16.64,17.749298865,549267252570.0,12900.0,2.55813953488372,2.94573643410853,56.2215477996965,17.7777777777778,5.6,66.8229135598486,0,2,0,84,"없음",37,-26.5,35,,,,0,0,20261002,12900.0,13280.0,188.22725018386,1,12900.0,"저항→지지",0,0,12771.4108953779,12851.4108953779
20261007,009540,"HD한국조선해양",KOSPI,302000.0,-5.18,"조선",858.02,534.296683,21373481032000.0,370500.0,-18.8933873144399,,48.5968514715948,22.879177377892,9.8,162.858967197928,0,3,0,81,"관망",35,-19.3288590604027,48,,,,0,0,,,,,0,,,0,0,339328.594695864,381328.594695864
20261007,009580,"무림P&P",KOSPI,1790.0,-0.5,"종이와목재",5.81,27.8153673345,111639299960.0,1960.0,-10.2040816326531,,2.20970537261698,17.8786221979224,9.8,50.4011333699379,0,3,0,84,"없음",31,-34.5724907063197,23,,,,0,0,,,,,1,1690.0,"저항→지지",0,0,1903.61625573724,1903.61625573724
20261007,009680,"모토닉",KOSPI,10010.0,-0.5,"자동차부품",0.51,1.236539845,217548270940.0,10300.0,-2.42718446601942,,56.6945606694561,6.31163708086785,12.4,40.2510905082785,0,1,0,67,"없음",27,-7.62867647058824,69,,,,0,0,,,,,0,,,0,0,10332.2526498568,10332.2526498568
20261007,009730,"이렘",KOSDAQ,1993.0,0.0,"비철금속",0.93,1.093817128,15895177479.0,2520.0,-20.9126984126984,,63.5385671778439,33.3802816901408,7.0,55.5406709760449,0,1,0,56,"없음",30,-59.1514654642345,4,20260813,16.9197396963124,5.95885834244857,0,0,,,,,1,1975.0,"지지 재탈환",0,0,2181.97558853132,2501.97558853132
20261007,009770,"삼정펄프",KOSPI,27800.0,-0.36,"가정용품",0.14,0.37186665,69499193800.0,28500.0,-2.45614035087719,,0.561797752808986,12.8521126760563,12.0,21.3089928087321,0,3,0,88,"없음",39,-15.7575757575758,55,,,,0,0,,,,,1,27625.0,"지지 재탈환",0,0,29163.34542531,29163.34542531
20261007,009780,"엠에스씨",KOSDAQ,7560.0,-1.43,"식품",1.3,0.924806255,133056000000.0,7410.0,1.88933873144399,0.944669365721997,31.7708333333333,14.647137150466,6.8,68.9621434190289,1,2,0,71,"없음",46,6.94050991501416,84,20260814,12.210200927357,30.1704523061967,0,0,20261002,7410.0,7480.0,270.976107783114,1,6870.0,"저항→지지",0,0,7302.06884313657,7302.06884313657
20261007,009810,"MDS스피어",KOSPI,1963.0,4.19,"판매업체",0.04,0.177700821,39950300728.0,2125.0,-8.37647058823529,,4.31575064551826,14.9746192893401,6.6,19.9312619192075,0,1,0,48,"없음",29,-7.68136557610242,68,20260827,9.12589334799341,2.83167445249535,0,0,,,,,0,,,0,0,1821.065761398,1821.065761398
20261007,009830,"한화솔루션",KOSPI,36300.0,-1.89,"에너지장비및서비스",712.09,1038.44299105,8163599056800.0,31650.0,13.9020537124803,8.21484992101106,47.6007677543186,31.25,9.8,56.54196623436,2,2,0,76,"관망",44,1.78440341069513,80,20260928,16.4965986394558,6.28609571018806,0,0,20260928,31650.0,34250.0,346.187136808558,1,29450.0,"저항→지지",0,0,33079.1429150934,34129.1429150934
20261007,009900,"명신산업",KOSPI,8480.0,-2.53,"자동차부품",9.59,19.9460913,444946727840.0,8980.0,-6.23608017817372,,31.0099573257468,16.3066954643628,4.0,52.076027307004,0,2,0,66,"없음",35,-15.8,55,20260921,9.3198992443325,6.51976659882351,0,0,,,,,1,8230.0,"저항→지지",0,0,8484.55121287591,8484.55121287591
20261007,009970,"영원무역홀딩스",KOSPI,170400.0,4.93,"섬유,의류,신발,호화품",25.22,15.7791503,2207330416800.0,175600.0,-3.81548974943052,,52.8102392877017,23.5748792270531,7.8,128.238931901532,0,1,0,81,"없음",27,-24.9333333333333,38,,,,1,0,,,,,1,164900.0,"지지 재탈환",0,0,160773.188624324,199673.188624324
20261007,010040,"한국내화",KOSPI,1691.0,1.81,"비철금속",0.88,0.461675317,69444401842.0,1726.0,-2.02780996523754,,32.9457364341085,13.6129032258065,9.8,183.649865200668,0,2,0,75,"없음",35,-11.326691137913,63,20260804,11.578947368421,3.10500317949015,1,0,,,,,1,1680.0,"저항→지지",0,0,1575.17908484278,1603.17908484278
20261007,010060,"OCI홀딩스",KOSPI,239500.0,-2.04,"화학",388.46,577.41592075,4471520564000.0,234000.0,1.4957264957265,0.854700854700855,62.2784810126582,42.4691358024691,9.8,50.0351156574627,2,2,0,47,"관망",53,22.7390180878553,91,20260807,11.6803278688525,3.32655334291153,0,0,20261002,234000.0,236000.0,115.978740591441,1,234000.0,"저항→지지",0,0,211433.893061866,267433.893061866
20261007,010100,"한국무브넥스",KOSPI,3405.0,-1.3,"자동차부품",1.62,1.69439567,103683680100.0,3650.0,-6.43835616438356,,56.696300544881,19.5090439276486,13.0,75.324023234418,0,2,0,68,"없음",35,-25.27352297593,37,,,,0,0,,,,,0,,,0,0,3386.30485416573,3686.30485416573
20261007,010120,"LS ELECTRIC",KOSPI,206500.0,-5.06,"전기장비",1827.11,830.7546865,30975000000000.0,218500.0,-6.17848970251716,,63.1353337415799,16.0714285714286,5.0,147.489481050627,2,3,0,87,"관망",55,29.0931989924433,93,,,,0,0,,,,,0,,,0,0,195935.102008912,203435.102008912
20261007,010130,"고려아연",KOSPI,1067000.0,-3.79,"비철금속",141.72,179.790963,22271457923000.0,1430000.0,-25.4545454545455,,72.6027397260274,19.1705069124424,9.8,55.8035532589991,0,1,0,51,"관망",35,-29.7297297297297,30,20260810,11.6636528028933,2.59207535147333,0,0,,,,,0,,,0,0,1168219.33448927,1334219.33448927
20261007,010140,"삼성중공업",KOSPI,19550.0,-0.76,"조선",476.87,606.977816095,17204000000000.0,22500.0,-13.2888888888889,,56.7266495287061,22.6834381551363,9.8,83.4589830780903,0,2,0,71,"관망",36,-27.7407407407407,33,20260903,8.57572718154462,2.91749465473982,0,0,,,,,0,,,0,0,20798.2020308233,22148.2020308233
20261007,010170,"대한광통신",KOSDAQ,17820.0,-3.83,"통신장비",2968.37,2626.798339005,2770754461200.0,18990.0,-6.10847814639284,,18.6813186813187,16.6115155526142,5.2,124.992257297896,3,1,0,53,"관망",50,89.4792773645058,98,20260918,13.2307692307692,4.64427323749567,0,0,,,,,1,15860.0,"저항→지지",0,0,16403.2885688767,16403.2885688767
20261007,010240,"흥국",KOSDAQ,5170.0,-1.34,"기계",1.11,0.57637757,60520020000.0,5730.0,-9.77312390924956,,25.5244755244755,11.1209964412811,9.6,151.09195523723,2,1,0,64,"없음",35,-2.63653483992467,75,,,,0,0,,,,,0,,,0,0,5450.82757914459,5450.82757914459
20261007,010280,"아이티센엔텍",KOSDAQ,5740.0,0.35,"IT서비스",7.3,4.14959197,74762105180.0,6640.0,-13.5542168674699,,0.0,21.8600953895072,2.6,209.151707097873,3,2,0,48,"없음",45,10.7253086419753,86,20260930,9.70695970695972,28.0701685961731,0,0,,,,,1,5580.0,"저항→지지",0,0,5803.80693206646,5803.80693206646
20261007,010400,"우진아이엔에스",KOSPI,4130.0,2.48,"건설",1.35,0.67563325,31478860000.0,4545.0,-9.35093509350935,,11.9360902255639,25.7722007722008,4.6,128.679050340567,3,3,0,78,"없음",57,9.28381962864722,85,20260901,11.1244019138756,13.1370208901556,0,0,,,,,0,,,0,0,4249.141772743,4809.141772743
20261007,010470,"오리콤",KOSDAQ,5090.0,0.59,"광고",0.17,0.208468875,60953004500.0,5090.0,0.0,,40.8560311284047,13.1048387096774,9.2,64.5200559985392,0,1,0,94,"없음",33,-16.2828947368421,54,,,,0,0,,,,,1,5030.0,"저항→지지",0,0,4878.0578332187,4878.0578332187
20261007,010580,"에스엠벡셀",KOSPI,2180.0,-1.36,"자동차부품",7.63,126.8814525785,242528836800.0,2945.0,-26.1460101867572,,34.8205625606208,23.6416184971098,11.0,16.2237205996356,2,1,0,49,"관망",36,5.07246376811594,83,20260921,11.6,3.38287767347459,0,0,,,,,1,2000.0,"저항→지지",0,0,2634.30794908436,2634.30794908436
20261007,010640,"진양폴리",KOSPI,2055.0,4.1,"화학",5.13,2.4587559105,34318500000.0,2330.0,-12.0171673819742,,7.77877697841727,26.9622833843017,11.2,192.654033879354,0,1,0,52,"없음",26,-14.5833333333333,57,20260917,10.8324974924774,4.82858159723478,0,0,,,,,1,1962.0,"저항→지지",0,0,2067.08416790615,2067.08416790615
20261007,010660,"화천기계",KOSPI,3045.0,-0.65,"기계",0.82,2.010018685,66990000000.0,3185.0,-5.02354788069074,,47.2602739726027,14.4758735440932,7.0,29.4839588796603,0,2,0,80,"없음",41,-52.660406885759,6,,,,0,0,,,,,1,3000.0,"저항→지지",0,0,3029.7537079894,3029.7537079894
20261007,010690,"화신",KOSPI,7560.0,-2.2,"자동차부품",7.04,8.632702875,263998299600.0,7770.0,-2.83140283140283,,79.7441364605544,29.6618357487923,6.4,26.9308422382412,1,2,0,88,"없음",52,-32.7693677649154,25,20260619,19.1188694929343,9.64750501651585,0,0,,,,,1,7500.0,"지지 재탈환",0,0,7214.91634514939,9664.91634514939
20261007,010770,"평화홀딩스",KOSPI,3565.0,2.0,"자동차부품",0.45,0.6584481625,52139786290.0,3650.0,-3.01369863013699,,56.2767197823552,12.8787878787879,9.6,50.1004164510485,1,3,0,96,"없음",50,-7.45098039215686,69,,,,1,0,,,,,1,3535.0,"지지 재탈환",0,0,3524.82938019505,3759.82938019505
20261007,010820,"퍼스텍",KOSPI,6000.0,-3.23,"우주항공과국방",24.07,27.374485315,292631628000.0,6630.0,-9.80392156862745,,40.0254129606099,31.8518518518519,9.8,76.6827967149432,2,3,0,84,"없음",48,-16.5969316596932,54,20260616,9.81366459627329,9.1805796468743,0,0,,,,,1,5550.0,"지지 재탈환",0,0,6079.13176862228,6389.13176862228
20261007,010950,S-Oil,KOSPI,169900.0,2.78,"석유와가스",639.33,618.91956225,19127816360800.0,157300.0,8.58232676414495,4.83153210425938,9.15097456227289,17.546090273363,6.4,95.0155012649941,5,1,0,44,"돌파완료",58,51.0167992926614,95,20260707,8.98203592814371,3.0116197963276,0,0,20261002,157300.0,164900.0,116.531777520497,1,157300.0,"저항→지지",0,0,150904.974356562,150904.974356562
20261007,010960,"삼호개발",KOSPI,3080.0,0.33,"건설",0.59,2.0917476875,74289600000.0,3150.0,-2.22222222222222,,92.5486875529213,14.2241379310345,7.2,10.2609364227203,0,3,0,98,"없음",50,-20.5161290322581,46,20260706,14.2480211081794,5.55550454395472,0,0,,,,,0,,,0,0,2981.51248312435,3536.51248312435
20261007,011040,"경동제약",KOSDAQ,5060.0,0.4,"제약",2.62,1.302141885,155689955960.0,5390.0,-6.30797773654917,,49.6868475991649,15.4173764906303,4.4,62.4070240234921,1,2,0,86,"없음",48,-7.84671532846715,68,,,,0,0,,,,,0,,,0,0,5160.66873143935,5640.66873143935
20261007,011070,"LG이노텍",KOSPI,595000.0,-7.61,"전자장비와기기",1955.17,1181.381243,14081928665000.0,603000.0,-1.99004975124378,8.62354892205638,58.346709470305,21.7729393468118,4.8,125.924139158124,2,2,0,79,"관망",51,72.3032069970845,97,20260529,28.5714285714286,3.48928900738724,0,0,20261006,603000.0,655000.0,183.182103919081,1,545000.0,"지지 재탈환",0,0,566330.08788442,621330.08788442
20261007,011080,"형지I&C",KOSDAQ,430.0,1.65,"섬유,의류,신발,호화품",0.8,3.2966699715,3051392660.0,945.0,-54.4973544973545,,78.4984678243105,88.6129032258064,10.6,37.5743197432141,0,1,0,37,"없음",26,-91.8173168411037,1,20261002,19.3633952254642,2.81352437244327,0,0,,,,,0,,,0,0,671.898296578979,2870.89829657898
20261007,011150,"CJ씨푸드",KOSPI,1870.0,-0.58,"식품",0.8,0.646660029,67190545510.0,1937.0,-3.35570469798658,,27.3408239700374,23.9904988123515,10.8,94.0322059928371,0,1,0,40,"없음",27,-30.1492537313433,29,,,,0,0,,,,,0,,,0,0,1915.38268051538,1990.38268051538
20261007,011170,"롯데케미칼",KOSPI,60500.0,-1.79,"화학",56.82,121.34895615,2587912849500.0,62100.0,-2.73752012882448,,24.3536280233528,13.2786885245902,7.8,61.6070811281267,0,1,0,48,"관망",34,-26.3414634146341,36,20260909,18.1184668989547,4.67216957676844,0,0,,,,,0,,,0,0,64731.2365870988,64731.2365870988
20261007,011200,HMM,KOSPI,21300.0,-0.7,"해운사",115.27,158.40737295,20090968761000.0,21900.0,-2.96803652968037,,48.936170212766,12.7155172413793,5.8,45.4051088023293,4,3,1,94,"돌파임박",69,4.42260442260442,82,,,,0,0,,,,,1,20850.0,"지지 재탈환",0,0,20606.9355172497,22106.9355172497
20261007,011210,"현대위아",KOSPI,52200.0,-2.97,"자동차부품",30.11,30.4526803,1419583332600.0,59100.0,-12.0135363790186,,64.21875,17.5986842105263,10.2,87.803302835113,0,1,0,70,"없음",25,-35.4838709677419,22,,,,0,0,,,,,0,,,0,0,54734.328602785,64434.328602785
20261007,011230,"삼화전자",KOSPI,2640.0,-1.49,"전자장비와기기",2.58,11.7040959675,50597672400.0,2870.0,-8.88501742160279,,80.3786574870912,28.7833827893175,10.0,18.8011028626488,0,3,0,92,"없음",48,-3.14814814814815,74,20260703,30.0,3.30135331273725,0,0,,,,,0,,,0,0,2745.64718800876,3015.64718800876
20261007,011280,"태림포장",KOSPI,1537.0,2.88,"포장재",0.76,0.834440308,108828729780.0,1759.0,-12.7345082433201,,14.0122511485452,23.3666862860506,9.8,110.049335427956,0,1,0,44,"없음",22,-26.9047619047619,34,,,,0,0,,,,,1,1496.0,"지지 재탈환",0,0,1495.47498627059,1619.47498627059
20261007,011300,"우성머티리얼스",KOSPI,2755.0,-1.96,"섬유,의류,신발,호화품",0.89,2.9714197025,47493183275.0,3715.0,-24.764468371467,,23.2863849765258,46.975546975547,6.6,22.2939604336314,0,1,0,50,"없음",26,-11.5506329113924,63,20260922,11.3871635610766,5.54596160710794,0,0,,,,,1,2660.0,"저항→지지",0,0,3138.46944624639,3308.46944624639
20261007,011320,"유니크",KOSDAQ,3995.0,1.65,"자동차부품",0.73,0.758242455,77186176525.0,4100.0,-2.5609756097561,,12.1376811594203,9.0,7.0,84.7481894767957,1,1,0,70,"없음",32,3.76623376623377,81,,,,0,0,,,,,1,3950.0,"저항→지지",0,0,3776.05522198746,3776.05522198746
20261007,011330,"유니켐",KOSPI,4210.0,0.84,"자동차부품",3.69,4.6085983375,42179080640.0,5140.0,-16.8287937743191,,62.2467771639042,50.5208333333333,7.6,30.9474282295834,0,1,0,59,"없음",26,-40.625,15,,,,1,0,,,,,1,3985.0,"지지 재탈환",0,0,4484.40878282586,7024.40878282586
20261007,011370,"서한",KOSDAQ,3830.0,2.96,"건설",0.95,0.7192514075,77285466590.0,3880.0,-1.28865979381443,,51.4950166112957,28.6631016042781,12.6,74.8723508138929,0,2,0,84,"없음",43,-26.6283524904215,35,,,,1,0,,,,,1,3690.0,"지지 재탈환",0,0,4308.11510509929,4308.11510509929
20261007,011390,"부산산업",KOSPI,47950.0,1.91,"건축자재",0.72,2.3085035,50635200000.0,49700.0,-3.62173038229376,,57.2666666666667,26.1513157894737,6.4,10.9218947911179,0,2,0,77,"없음",47,-35.0948509485095,22,20260819,14.2857142857143,23.159391260303,0,0,,,,,1,45900.0,"지지 재탈환",0,0,48019.7793127678,55119.7793127678
20261007,011420,"갤럭시아에스엠",KOSPI,1401.0,-2.23,"레저용장비와제품",0.36,0.307995345,38597051244.0,1479.0,-4.05679513184584,,51.0110893672537,27.8678678678679,10.0,42.7806326682731,0,1,0,71,"없음",31,-21.2104386451971,45,,,,0,0,,,,,0,,,0,0,1471.45177420477,1547.45177420477
20261007,011500,"한농화성",KOSPI,14690.0,-3.16,"화학",9.67,9.76521591,229708146980.0,13820.0,4.99276410998553,4.12445730824891,41.6884816753927,17.0699803793329,4.6,91.9187605728453,0,2,0,82,"없음",32,-31.7176470588235,27,,,,0,0,20260930,13820.0,14390.0,549.503184858895,1,13500.0,"저항→지지",0,0,13838.1065935195,13888.1065935195
20261007,011560,"세보엠이씨",KOSDAQ,23600.0,-3.08,"건설",13.86,16.090166725,238002979200.0,26600.0,-11.0902255639098,,45.3968253968254,17.8181818181818,5.0,103.944793454061,5,2,0,74,"없음",57,26.2680192205019,92,20261001,9.32203389830508,6.74417365682879,0,0,,,,,1,23500.0,"지지 재탈환",0,0,23650.4501416812,24550.4501416812
20261007,011690,"와이투솔루션",KOSPI,3730.0,-2.1,"전자장비와기기",7.99,5.8518444375,136886382260.0,3900.0,-3.71794871794872,,37.880496054115,29.0989660265879,10.2,136.366961929724,1,2,0,70,"없음",35,-35.9215017064846,21,,,,0,0,,,,,1,3445.0,"저항→지지",0,0,3460.37015448963,3490.37015448963
20261007,011700,"한신기계",KOSPI,2520.0,-1.18,"기계",16.85,8.150514655,81764300520.0,2960.0,-14.527027027027,,40.7749077490775,27.283950617284,9.8,308.904760331645,0,1,0,56,"없음",26,-44.9401523394995,11,20260908,10.7368421052632,18.7254748340331,0,0,,,,,1,2480.0,"지지 재탈환",0,0,2676.89732997085,2676.89732997085
20261007,011760,"현대코퍼레이션",KOSPI,24550.0,-1.21,"무역회사와판매업체",3.34,7.6550523,324771115300.0,27450.0,-11.6575591985428,,42.8571428571429,14.0819964349376,7.4,56.9632299628885,2,1,0,62,"없음",39,-6.55105973025048,70,20260730,14.9425287356322,3.78677670630619,0,0,,,,,0,,,0,0,25808.6570632791,26408.6570632791
20261007,011780,"금호석유화학",KOSPI,115900.0,-2.36,"화학",66.0,79.2031618,2915733967500.0,131900.0,-12.357846853677,,47.2745292368682,15.2931854199683,9.8,59.0025636685643,1,1,0,60,"없음",34,-5.63265306122449,71,,,,0,0,,,,,0,,,0,0,124445.956890299,129245.956890299
20261007,011790,SKC,KOSPI,109300.0,-2.15,"화학",275.97,218.904408,5421093971400.0,113800.0,-5.00878734622144,,46.6798418972332,30.5681818181818,10.0,135.668043962993,2,3,0,87,"관망",52,16.7600963459814,89,20260601,12.3474515434314,4.02247777568381,0,0,,,,,1,93700.0,"저항→지지",0,0,103051.381525927,103051.381525927
20261007,011930,"신성이엔지",KOSPI,19550.0,-2.25,"반도체와반도체장비",58.89,38.7798913,396985858100.0,18500.0,5.13513513513514,2.0,36.9443245576176,33.7437701553797,9.8,159.066657089727,2,3,0,82,"없음",46,-28.8848263254113,31,,,,0,0,20261001,18500.0,18870.0,207.606961101694,1,18500.0,"저항→지지",0,0,18427.556147027,18427.556147027
20261007,012030,DB,KOSPI,2020.0,-2.18,"IT서비스",8.07,18.9152493095,406371344660.0,1715.0,16.9096209912536,1.98250728862974,21.2410501193317,22.4074074074074,9.8,54.2268158730136,4,3,0,83,"없음",53,18.1496758986447,90,20260907,10.948905109489,3.91132946295666,0,0,20260928,1715.0,1749.0,127.997909235049,1,1700.0,"저항→지지",0,0,1914.16171163636,1914.16171163636
20261007,012160,"영흥",KOSPI,2095.0,-0.48,"철강",0.12,0.7080367425,32725372785.0,2290.0,-5.02183406113537,,57.2649572649573,28.0575539568345,5.2,14.8407196176299,0,2,0,65,"없음",47,-21.0526315789474,45,20260708,20.8167895632445,27.7591915708347,0,0,,,,,0,,,0,0,2201.326201033,2701.326201033
20261007,012200,"계양전기",KOSPI,3070.0,-2.38,"자동차부품",9.89,27.15801676,108748085030.0,4650.0,-34.5161290322581,,61.3886778115502,43.6432637571158,6.6,70.6277998484457,1,1,0,38,"없음",31,-48.4771573604061,9,20260918,8.71369294605808,35.5382512645917,0,0,,,,,0,,,0,0,4054.47851180985,4674.47851180985
20261007,012280,"영화금속",KOSPI,3835.0,4.07,"자동차부품",0.78,0.661958015,37985295335.0,3980.0,-3.64321608040201,,1.96801968019679,23.9860950173812,15.2,127.153581692523,0,1,0,50,"없음",31,-26.8129770992366,34,20260623,13.2857142857143,3.24276889465938,1,0,,,,,1,3570.0,"지지 재탈환",0,0,3690.48735407734,3870.48735407734
20261007,012320,"경동인베스트",KOSPI,47250.0,8.12,"비철금속",14.73,4.455584175,111747336750.0,53400.0,-10.3932584269663,,24.0585774058577,15.7667386609071,10.0,463.335788408796,0,1,0,44,"없음",29,-16.9270833333333,53,20261007,8.13559322033899,4.10644890909553,1,0,,,,,0,,,0,0,48622.4353922674,48622.4353922674
20261007,012330,"현대모비스",KOSPI,373500.0,-1.71,"자동차부품",604.56,1015.8046245,33547988497500.0,392500.0,-5.35031847133758,,66.0,31.4393939393939,12.4,55.2246954859901,2,1,0,45,"관망",41,-9.16870415647922,66,,,,0,0,,,,,0,,,0,0,397311.331607942,517311.331607942
20261007,012340,"뉴인텍",KOSDAQ,374.0,-4.83,"전기제품",1.92,1.859093937,8244752582.0,500.0,-25.2,,70.3427065026362,64.7532729103726,7.4,121.241295794011,0,2,0,55,"없음",32,-75.0500333555704,2,20260811,11.9774011299435,5.47913721348799,0,0,,,,,0,,,0,0,478.521908840611,887.521908840611
20261007,012450,"한화에어로스페이스",KOSPI,983000.0,-3.91,"우주항공과국방",1639.04,1402.841526,50686823183000.0,1130000.0,-13.3628318584071,,43.7354085603113,22.6294820717131,6.4,101.612522090333,2,1,0,74,"관망",36,-26.5566391597899,35,,,,0,0,,,,,0,,,0,0,1036430.32408816,1139430.32408816
20261007,012610,"경인양행",KOSPI,3420.0,-0.58,"화학",3.05,3.5784544875,142327968300.0,3510.0,-1.42450142450142,,52.4566473988439,14.0173410404624,6.8,59.6864218345733,1,3,0,92,"없음",41,-15.7125456760049,55,,,,1,0,,,,,1,3300.0,"저항→지지",0,0,3261.52737713897,3261.52737713897
20261007,012620,"원일특강",KOSDAQ,7180.0,-0.42,"철강",0.22,0.291718825,31592000000.0,9050.0,-19.6685082872928,,0.0,11.4245416078984,9.2,77.9035722272205,0,1,0,40,"없음",22,-21.4902807775378,45,,,,0,0,,,,,1,7080.0,"저항→지지",0,0,8168.43758817378,8168.43758817378
20261007,012630,HDC,KOSPI,22700.0,-1.73,"건설",10.41,26.971962575,1356137066700.0,29150.0,-22.2984562607204,,37.2964169381108,28.5123966942149,10.0,59.3367711997258,2,1,0,66,"없음",36,-19.9646643109541,47,20260910,10.7287449392713,5.47267631947688,0,0,,,,,0,,,0,0,26779.3184510168,26779.3184510168
20261007,012690,"모나리자",KOSPI,1421.0,1.14,"가정용품",1.34,1.142473845,51967753355.0,1539.0,-7.47238466536712,,84.2092516347784,17.3731343283582,5.0,17.272681285675,0,2,0,76,"없음",45,-35.8558558558559,21,20260716,29.940119760479,23.8221392760224,0,0,,,,,1,1417.0,"지지 재탈환",0,0,1413.84883227399,2334.84883227399
20261007,012700,"리드코프",KOSDAQ,2895.0,0.0,"석유와가스",0.43,0.3970083075,75255096540.0,3775.0,-23.3112582781457,,23.9786856127886,17.0149253731343,9.8,48.3746142689575,0,1,0,54,"없음",26,-19.1340782122905,49,,,,0,0,,,,,0,,,0,0,3516.30969843216,3516.30969843216
20261007,012750,"에스원",KOSPI,83900.0,-0.94,"상업서비스와공급품",39.7,53.9809088,3188131034200.0,88200.0,-5.21541950113379,,40.9553641346907,12.6966292134831,5.2,76.0455968917916,3,2,0,78,"없음",55,-3.01624129930394,75,20260612,15.645371577575,3.16186349924701,0,0,,,,,0,,,0,0,82070.2147136007,82870.2147136007
20261007,012790,"신일제약",KOSDAQ,6480.0,0.0,"제약",1.72,1.01299657,77671969200.0,6470.0,0.154559505409583,,0.88809946714033,9.74264705882353,10.8,144.346492993224,4,2,0,78,"없음",52,6.93069306930693,84,,,,0,0,,,,,1,6120.0,"저항→지지",0,0,6212.15784547645,6212.15784547645
20261007,012800,"대창",KOSPI,1155.0,-3.02,"비철금속",5.18,3.810454826,105267276345.0,1245.0,-6.82730923694779,,30.7781649245064,29.2101341281669,15.2,123.261356192405,0,3,0,87,"없음",36,-12.9129129129129,60,,,,0,0,,,,,0,,,0,0,1158.32371259034,1162.32371259034
20261007,013000,"세우글로벌",KOSPI,1248.0,4.17,"화학",0.23,0.487688394,35823878688.0,1210.0,2.89256198347107,1.15702479338843,40.1268115942029,22.6896551724138,10.6,48.8167631591508,3,3,0,84,"없음",50,2.89256198347107,81,,,,0,0,20261006,1210.0,1224.0,468.027285950202,1,1210.0,"저항→지지",0,0,1186.25876640007,1345.25876640007
20261007,013030,"하이록코리아",KOSDAQ,34950.0,-1.96,"기계",4.49,11.37168,411296632800.0,39150.0,-10.8556832694764,,22.2903885480573,16.5151515151515,9.6,35.5999279045135,2,3,0,91,"없음",44,-3.85674931129477,74,,,,0,0,,,,,1,34700.0,"저항→지지",0,0,36532.3322519961,36532.3322519961
20261007,013120,"동원개발",KOSDAQ,2080.0,-0.48,"건설",0.8,1.2883771975,188880848000.0,2150.0,-3.25581395348837,,83.7615621788284,47.1349862258953,12.4,38.7415139854912,0,1,0,80,"없음",35,-28.8888888888889,31,20260703,29.8969072164948,20.0262233918518,0,0,,,,,0,,,0,0,2079.61838410369,2229.61838410369
20261007,013310,"아진산업",KOSDAQ,2315.0,-0.86,"자동차부품",1.2,1.781869595,89837237330.0,2400.0,-3.54166666666667,,61.0478359908884,21.5302491103203,6.8,42.6321824162398,0,2,0,90,"없음",43,-26.5079365079365,35,,,,0,0,,,,,0,,,0,0,2247.34035701329,2657.34035701329
20261007,013360,"일성건설",KOSPI,1363.0,-0.07,"건설",2.01,2.3187380555,73635911440.0,1440.0,-5.97222222222222,,87.0323617167776,27.0344074276352,7.4,29.0595840617795,0,3,0,94,"없음",50,-31.8913480885312,26,20260706,29.7448662103298,6.47093306707619,0,0,,,,,0,,,0,0,1409.6597141111,1685.6597141111
20261007,013520,"화승코퍼레이션",KOSPI,2540.0,-1.36,"자동차부품",1.44,1.5006673675,127130180080.0,2615.0,-2.86806883365201,,48.0851063829787,16.4912280701754,7.6,63.3936876692821,2,2,0,81,"없음",45,-10.4056437389771,65,,,,0,0,,,,,1,2470.0,"지지 재탈환",0,0,2466.44047875438,2656.44047875438
20261007,013570,"디와이",KOSPI,4160.0,-0.72,"자동차부품",0.55,1.344539775,109489673280.0,4350.0,-3.2183908045977,,21.6981132075472,14.1921397379913,2.8,21.7534759398133,0,2,0,87,"없음",43,-14.4308943089431,57,,,,0,0,,,,,1,4150.0,"지지 재탈환",0,0,4295.32640479967,4295.32640479967
20261007,013580,"계룡건설",KOSPI,21300.0,-0.93,"건설",3.7,11.131092075,190228319100.0,24200.0,-11.3636363636364,,74.249436335588,13.6842105263158,6.6,26.3338043579496,2,2,0,83,"없음",55,-19.8130841121495,48,20260702,8.40336134453781,34.7538369258406,0,0,,,,,0,,,0,0,22282.3649476436,22282.3649476436
20261007,013700,"까뮤이앤씨",KOSPI,1505.0,-1.63,"건설",1.96,2.379059555,89924999150.0,1773.0,-15.3976311336717,,49.0418118466899,25.6857855361596,4.6,28.7409440277015,4,2,0,70,"없음",62,12.781954887218,87,20260901,9.6502590673575,21.929823591885,0,0,,,,,0,,,0,0,1582.8338416586,1814.8338416586
20261007,013720,"청보",KOSDAQ,2150.0,0.23,"자동차부품",0.39,0.1670038325,26156100200.0,2445.0,-12.0654396728016,,33.4058496495045,71.1901450427181,23.2,138.790644866255,0,1,0,57,"없음",26,-51.5547543938711,7,20260730,17.9611650485437,3.76034879183382,0,0,,,,,0,,,0,0,2123.60797603033,2153.60797603033
20261007,013810,"스페코",KOSDAQ,1524.0,-0.13,"기계",0.27,0.380139145,22334936280.0,1673.0,-8.90615660490137,,45.6679470763978,29.8507462686567,12.0,57.3913351378572,0,2,0,80,"없음",30,-45.0810810810811,11,,,,0,0,,,,,0,,,0,0,1490.3625021807,1707.3625021807
20261007,013870,"지엠비코리아",KOSPI,3825.0,1.19,"자동차부품",0.16,0.5094049575,72951471000.0,4000.0,-5.0,,28.8537549407115,12.1026894865526,12.4,31.0095665521802,0,2,0,82,"없음",35,-23.2323232323232,41,,,,0,0,,,,,0,,,0,0,3760.45684196697,3790.45684196697
20261007,013890,"지누스",KOSPI,6720.0,-1.47,"가구",0.68,1.16383572,147341463360.0,7850.0,-14.0127388535032,,51.702786377709,25.4727474972191,8.4,47.412108509648,0,2,0,82,"없음",30,-36.6197183098592,21,,,,0,0,,,,,0,,,0,0,7324.62179163403,8694.62179163403
20261007,013990,"아가방컴퍼니",KOSDAQ,5270.0,-0.57,"섬유,의류,신발,호화품",10.43,4.107919615,173317314720.0,4930.0,7.09939148073022,3.24543610547667,46.0045662100457,19.7058823529412,6.6,218.699622431636,5,2,0,82,"없음",57,10.2296450939457,86,20260721,13.1054131054131,47.46875224481,0,0,20260930,4930.0,5090.0,174.022108903971,1,4840.0,"저항→지지",0,0,4963.81998010245,4963.81998010245
20261007,014100,"메디앙스",KOSDAQ,1562.0,2.97,"화장품",0.87,0.6384872155,18431600000.0,1650.0,-5.33333333333333,,17.1581769436997,26.6666666666667,8.2,197.293910571454,1,1,0,40,"없음",36,-7.13436385255648,69,20260630,8.71236386931453,3.80866520435474,0,0,,,,,1,1535.0,"지지 재탈환",0,0,1593.32287985835,1775.32287985835
20261007,014130,"한익스프레스",KOSPI,2820.0,0.89,"항공화물운송과물류",1.17,0.4881511575,33326430060.0,2730.0,3.47985347985348,2.93040293040293,62.5838926174497,18.8323917137476,10.0,187.015515982729,2,2,0,84,"없음",49,7.82442748091603,85,20260723,11.4406779661017,3.4789777609817,0,0,20261006,2730.0,2810.0,202.952177002723,1,2730.0,"저항→지지",1,1,2636.89409334735,2636.89409334735
20261007,014190,"원익큐브",KOSDAQ,1305.0,1.32,"화학",0.93,1.3716272995,46190567655.0,1400.0,-7.21428571428571,,11.0526315789474,10.8461538461538,5.0,75.5238603811269,0,2,0,57,"없음",35,-25.7714285714286,37,20260612,9.35628742514969,3.48375749098569,0,0,,,,,1,1260.0,"저항→지지",0,0,1262.471405266,1262.471405266
20261007,014280,"금강공업",KOSPI,4600.0,0.77,"건축제품",7.96,43.743328805,134915042200.0,5450.0,-15.6880733944954,,18.9454870420018,16.8287937743191,9.6,44.1700340362683,0,1,0,42,"없음",26,-7.54527162977867,69,20260928,9.98864926220204,20.7353640053523,0,0,,,,,1,4520.0,"저항→지지",0,0,4853.3277997629,4853.3277997629
20261007,014440,"영보화학",KOSPI,4655.0,-0.32,"화학",0.52,0.45605898,93100000000.0,4825.0,-4.24870466321244,,32.7823691460055,6.34573304157549,12.8,79.467654282103,0,1,0,83,"없음",31,-0.215982721382289,78,,,,0,0,,,,,0,,,0,0,4660.71271776927,4660.71271776927
20261007,014470,"부방",KOSDAQ,1050.0,-1.96,"가정용기기와용품",0.89,0.735297305,59902122000.0,1124.0,-6.22775800711744,,31.2854442344045,12.4886052871468,4.4,80.8577018392506,0,2,0,78,"없음",41,-19.4805194805195,48,20260804,14.2857142857143,3.45576421450628,0,0,,,,,1,1024.0,"저항→지지",0,0,1020.52277031748,1020.52277031748
20261007,014530,"극동유화",KOSPI,3380.0,0.15,"석유와가스",1.3,16.5407851525,117858639600.0,4000.0,-15.375,,39.0350877192982,30.8323563892145,21.6,17.0203352051694,2,1,0,55,"없음",36,-11.0381077529566,63,,,,1,0,,,,,1,3285.0,"저항→지지",0,0,3778.88385364423,3778.88385364423
20261007,014570,"고려제약",KOSDAQ,3240.0,-0.77,"제약",0.82,0.19509898,35640000000.0,3550.0,-8.73239436619718,,0.950118764845617,10.1449275362319,10.2,418.002380249893,0,2,0,74,"없음",28,-18.796992481203,50,,,,0,0,,,,,1,3230.0,"지지 재탈환",0,0,3297.48548259721,3297.48548259721
20261007,014580,"태경비케이",KOSPI,3965.0,0.38,"비철금속",1.73,1.4082000525,109366991500.0,3960.0,0.252525252525253,,36.0201511335013,12.8640776699029,11.4,86.4829188735129,1,3,0,86,"없음",43,-12.1681415929204,61,,,,0,0,,,,,1,3860.0,"저항→지지",0,0,3805.5076230254,4005.5076230254
20261007,014620,"성광벤드",KOSDAQ,29500.0,-1.67,"기계",36.75,62.684329525,783442238000.0,36400.0,-19.0934065934066,,34.9344978165939,21.8370883882149,7.6,64.0671580598796,2,1,0,51,"관망",39,-18.0806675938804,51,20260826,13.5496183206107,5.45803988166523,0,0,,,,,0,,,0,0,32720.104074982,32720.104074982
20261007,014680,"한솔케미칼",KOSPI,267500.0,-3.6,"화학",71.55,128.750864,2887404630000.0,241500.0,9.52380952380952,2.48447204968944,48.8651535380507,39.6551724137931,11.4,58.1916455932278,3,2,0,53,"수축중",45,-6.86619718309859,70,,,,0,0,20260929,241500.0,247500.0,158.85853042261,1,205000.0,"저항→지지",0,0,257856.664425689,257856.664425689
20261007,014710,"사조씨푸드",KOSPI,9950.0,0.0,"식품",0.5,0.4933172,171324502850.0,10070.0,-1.19165839126117,,32.258064516129,20.9074733096085,7.8,29.587373530685,3,2,0,60,"없음",62,35.3741496598639,94,20260730,8.08823529411764,2.92278131478249,0,0,,,,,1,9400.0,"지지 재탈환",0,0,9945.72224972949,10215.7222497295
20261007,014790,"HL D&I",KOSPI,2485.0,0.0,"건설",0.66,0.91689629,94078623485.0,2665.0,-6.00375234521576,,52.6522593320236,12.0,5.4,53.7186620414775,0,2,0,80,"없음",33,-26.6471449487555,35,,,,0,0,,,,,0,,,0,0,2468.89767369875,2553.89767369875
20261007,014820,"동원시스템즈",KOSPI,21700.0,-1.81,"포장재",2.92,5.005207975,629110819400.0,23850.0,-9.0146750524109,,41.2941961307538,23.3260393873085,15.6,35.829119543482,0,1,0,70,"없음",29,-14.2292490118577,58,,,,0,0,,,,,1,21400.0,"저항→지지",0,0,20798.3863755865,22298.3863755865
20261007,014830,"유니드",KOSPI,60500.0,-0.66,"화학",3.11,6.31127185,409439800000.0,67300.0,-9.65824665676077,,56.5116279069767,14.4171779141104,9.6,43.6172989906022,0,2,0,71,"없음",37,-26.6586248492159,35,20260611,9.28143712574849,2.52436730291705,0,0,,,,,0,,,0,0,62490.1193789615,63790.1193789615
20261007,014910,"성문전자",KOSPI,1945.0,-1.92,"전기제품",2.62,4.409704049,42512364865.0,2150.0,-9.11627906976744,,78.1402387758534,22.8169014084507,4.2,44.8647994787669,2,2,0,78,"없음",47,16.1021984551396,89,20260703,29.9126637554585,2.54719265587172,0,0,,,,,0,,,0,0,2102.39627112565,2217.39627112565
20261007,014940,"오리엔탈정공",KOSDAQ,4480.0,-1.86,"조선",4.37,5.28129887,204170001280.0,4945.0,-9.50455005055612,,64.5384615384615,34.8708487084871,9.8,28.74037404554,0,1,0,76,"없음",29,-31.8873668188737,26,,,,0,0,,,,,1,4445.0,"지지 재탈환",0,0,4527.84776554731,5002.84776554731
20261007,014950,"삼익제약",KOSDAQ,8160.0,-2.86,"제약",70.43,447.586884515,82151518080.0,12050.0,-32.3651452282158,,34.3244529019981,45.6428571428571,10.4,32.693592284532,0,2,0,57,"관망",37,-24.2565055762082,39,20260915,20.4641350210971,6.67542307550703,0,0,,,,,1,7000.0,"저항→지지",0,0,10125.7283806926,10125.7283806926
20261007,014970,"삼륭물산",KOSDAQ,4370.0,-0.79,"포장재",0.53,5.0165239,64785250000.0,5430.0,-19.5211786372007,,62.9179331306991,38.8793103448276,9.8,9.7048102908346,0,1,0,60,"없음",26,-47.6646706586826,10,,,,0,0,,,,,1,4355.0,"지지 재탈환",0,0,4906.59787703644,5276.59787703644
20261007,014990,"인디에프",KOSPI,3810.0,-4.27,"섬유,의류,신발,호화품",4.97,20.4560997475,57236102190.0,4455.0,-14.4781144781145,,46.5564738292011,26.8694550063371,5.8,17.2078232350597,1,2,0,62,"없음",47,0.263157894736842,78,20260901,29.9837925445705,3.07067599669538,0,0,,,,,1,3580.0,"지지 재탈환",0,0,4200.49277726711,4200.49277726711
20261007,015230,"대창단조",KOSPI,6500.0,0.0,"기계",2.42,4.06313144,176433530000.0,6630.0,-0.150829562594268,,37.5280898876404,18.7106918238994,12.4,54.9949397442984,3,1,0,72,"없음",42,-3.91872278664731,74,,,,0,0,,,,,1,6420.0,"저항→지지",0,0,6563.19441153248,6563.19441153248
20261007,015360,INVENI,KOSPI,14610.0,0.14,"가스유틸리티",1.44,1.92041776,383512500000.0,14900.0,-1.94630872483221,,55.146124523507,15.2380952380952,15.4,43.5398214854408,3,1,0,83,"없음",46,-8.11320754716981,68,,,,0,0,,,,,0,,,0,0,14306.8844598116,14306.8844598116
20261007,015710,"코콤",KOSDAQ,2950.0,1.03,"통신장비",0.28,0.228696905,51714975000.0,3180.0,-7.23270440251572,,49.1833030852994,22.2857142857143,5.8,19.672297677355,0,2,0,81,"없음",40,-24.3589743589744,39,,,,0,0,,,,,0,,,0,0,2933.60416063553,3253.60416063553
20261007,015750,"성우하이텍",KOSDAQ,5930.0,-1.17,"자동차부품",6.39,10.063200525,474400000000.0,6100.0,-2.45901639344262,,61.7486338797814,21.0355987055016,11.4,50.4028185365115,0,3,0,86,"없음",39,-33.1460674157303,25,,,,0,0,,,,,1,5880.0,"지지 재탈환",0,0,5913.86662713574,5983.86662713574
20261007,015760,"한국전력",KOSPI,30050.0,-0.83,"전기유틸리티",263.87,436.811323525,19291020513850.0,35325.0,-15.2158527954706,,72.741935483871,18.3561643835616,8.2,55.5870546821919,0,2,0,61,"관망",40,-31.4645308924485,27,,,,0,0,,,,,0,,,0,0,33217.0677297069,34392.0677297069
20261007,015860,"일진홀딩스",KOSPI,7160.0,-1.24,"전기장비",7.54,6.01497209,353327978280.0,7820.0,-8.56777493606138,,37.5212224108659,13.8545953360768,7.2,92.0421890026842,1,3,0,91,"없음",43,0.988700564971752,79,20260824,9.62145110410095,2.58086042943145,0,0,,,,,1,7000.0,"저항→지지",0,0,7229.13451283919,7229.13451283919
20261007,015890,"태경산업",KOSPI,4800.0,0.1,"비철금속",1.2,0.7431962125,140298000000.0,4880.0,-1.12704918032787,,34.2506142506143,4.8780487804878,6.6,78.0683033497575,1,1,0,76,"없음",36,-1.22824974411464,77,,,,0,0,,,,,1,4720.0,"지지 재탈환",0,0,4705.52399293358,4730.52399293358
20261007,016090,"대현",KOSPI,1416.0,0.43,"섬유,의류,신발,호화품",0.75,0.5576926315,62703750960.0,1479.0,-4.25963488843813,,7.96747967479675,27.9473684210526,19.4,59.7969267722912,0,1,0,77,"없음",31,-18.2919792267744,51,,,,1,0,,,,,1,1410.0,"지지 재탈환",0,0,1409.42248614184,1464.42248614184
20261007,016100,"리더스코스메틱",KOSDAQ,1271.0,-0.63,"포장재",0.11,0.4385282935,24277236274.0,1442.0,-11.8585298196949,,30.4579813250334,32.2709163346614,7.2,11.0616778429094,0,2,0,64,"없음",43,-16.7648984937787,53,20260702,15.6214367160775,7.19105088304626,0,0,,,,,1,1197.0,"저항→지지",0,0,1219.93317110168,1283.93317110168
20261007,016250,"SGC E&C",KOSDAQ,12350.0,3.87,"건설",0.15,0.2028846,62206777100.0,12450.0,-0.803212851405622,,26.8698060941828,21.5360253365004,9.8,34.5583231980112,0,2,0,85,"없음",43,-23.9063462723352,40,,,,1,0,,,,,1,12040.0,"저항→지지",0,0,13438.1647227099,13438.1647227099
20261007,016360,"삼성증권",KOSPI,89300.0,0.22,"증권",211.52,247.54556245,7974490000000.0,93000.0,-4.40860215053763,,73.1182795698925,18.2352941176471,8.2,59.0343124917319,2,3,0,95,"관망",53,-9.65447154471545,66,,,,0,0,,,,,1,88500.0,"저항→지지",0,0,86359.3652437892,106159.365243789
20261007,016380,"KG스틸",KOSPI,5600.0,-2.1,"철강",13.47,14.255492655,560049823200.0,6070.0,-6.75453047775947,,25.5289139633286,12.8333333333333,7.6,98.4095667983771,2,1,0,67,"없음",37,3.85321100917431,81,,,,0,0,,,,,0,,,0,0,5671.53744727838,5671.53744727838
20261007,016450,"한세예스24홀딩스",KOSPI,4305.0,0.12,"섬유,의류,신발,호화품",0.54,0.4187676,172200000000.0,4660.0,-7.72532188841202,,33.9712918660287,13.3550488599349,15.4,86.0821177567989,2,3,0,80,"없음",46,0.938967136150235,79,,,,0,0,,,,,0,,,0,0,4331.68745353134,4461.68745353134
20261007,016580,"환인제약",KOSPI,10180.0,-0.1,"제약",0.57,2.22164633,189348712600.0,10500.0,-3.04761904761905,,41.25,7.83018867924528,7.4,16.1582898142164,1,2,0,81,"없음",46,-3.32383665716999,74,,,,0,0,,,,,0,,,0,0,10069.2630375725,10209.2630375725
20261007,016590,"신대양제지",KOSPI,9010.0,-1.85,"포장재",0.41,0.796828715,363083358200.0,10800.0,-16.2962962962963,,54.3595263724435,21.5668202764977,9.6,36.9367664371016,0,1,0,76,"없음",22,-28.76280535855,31,,,,0,0,,,,,0,,,0,0,9889.20608517344,10109.2060851734
20261007,016600,"큐캐피탈",KOSDAQ,2180.0,-3.75,"창업투자",1.04,0.637642325,30436290180.0,2940.0,-26.0204081632653,,25.1479289940828,19.8473282442748,6.2,131.245724195206,0,1,0,41,"없음",26,-41.32721877529,15,20260611,20.4081632653061,4.25984027073051,0,0,,,,,0,,,0,0,2621.69263021067,2671.69263021067
20261007,016610,"DB증권",KOSPI,10150.0,-1.84,"증권",3.11,5.453353805,430830848350.0,10460.0,-3.25047801147228,,58.9774078478002,23.7373737373737,11.4,52.7757083077817,0,2,0,83,"없음",41,-22.1538461538462,43,,,,0,0,,,,,1,9970.0,"저항→지지",0,0,9979.21402438002,9979.21402438002
20261007,016670,"디모아",KOSDAQ,2650.0,-1.12,"소프트웨어",0.24,0.2537366675,27014720100.0,2840.0,-6.69014084507042,,22.148355493352,19.6629213483146,7.2,95.3980180131198,0,2,0,76,"없음",35,-33.9152119700748,24,20260624,8.56423173803527,4.05417890700334,0,0,,,,,1,2550.0,"저항→지지",0,0,2570.95982109133,2570.95982109133
20261007,016710,"대성홀딩스",KOSPI,6980.0,1.31,"가스유틸리티",0.6,0.81837859,112304423820.0,7240.0,-4.55801104972376,,21.6300940438871,6.71328671328671,7.0,58.006634240242,0,3,0,90,"없음",46,-19.6511627906977,48,,,,0,0,,,,,0,,,0,0,6891.39546707789,6891.39546707789
20261007,016740,"두올",KOSPI,3950.0,-1.25,"자동차부품",1.27,3.34324287,113262394800.0,4600.0,-12.2826086956522,,52.9900332225914,29.7921478060046,12.6,55.4100332108324,1,2,0,70,"없음",47,-13.0387931034483,60,20260909,8.15217391304348,25.5126394047318,1,0,,,,,1,3800.0,"저항→지지",0,0,4321.35849285127,4321.35849285127
20261007,016800,"퍼시스",KOSPI,23800.0,-2.06,"가구",0.05,0.21026835,273700000000.0,27850.0,-14.5421903052065,,13.3879781420765,19.2439862542955,16.2,23.7755587256301,0,3,0,84,"없음",31,-37.1202113606341,20,,,,0,0,,,,,0,,,0,0,26525.0238611321,26525.0238611321
20261007,016880,"웅진",KOSPI,1830.0,0.33,"출판",1.01,1.7352879135,146266556400.0,1900.0,-3.78947368421053,,55.0528541226216,22.2988505747126,9.8,40.0782266146973,0,1,0,57,"없음",31,-31.6635514018692,27,,,,0,0,,,,,1,1801.0,"지지 재탈환",0,0,1845.77726406857,2080.77726406857
20261007,016920,"카스",KOSDAQ,1010.0,-0.98,"전자장비와기기",0.99,0.9509504385,25955719320.0,1154.0,-12.4783362218371,,7.11513583441139,7.37240075614367,8.2,92.8422992339922,3,1,0,63,"없음",37,1.81451612903226,80,,,,0,0,,,,,0,,,0,0,1066.32995342778,1066.32995342778
20261007,017000,"신원종합개발",KOSDAQ,2315.0,0.0,"건설",0.71,0.58696162,27011482505.0,2650.0,-12.6415094339623,,67.2395273899033,41.6543574593796,12.6,57.0824322523543,0,1,0,70,"없음",30,-24.5928338762215,38,20260702,29.938900203666,72.5039066471366,0,0,,,,,0,,,0,0,2409.22858382488,2474.22858382488
20261007,017180,"명문제약",KOSPI,1305.0,3.16,"제약",2.96,4.359678978,44309257470.0,1533.0,-14.1552511415525,,38.622754491018,8.94117647058824,6.8,104.515579789094,0,1,0,50,"없음",22,-28.8263926446728,31,,,,1,0,,,,,1,1270.0,"저항→지지",0,0,1390.14205872223,1392.14205872223
20261007,017250,"인터엠",KOSDAQ,1071.0,1.52,"전자장비와기기",0.09,0.221202349,22539695157.0,1115.0,-3.94618834080717,,29.6619411123228,8.96091515729266,7.6,25.8988492769783,4,1,0,53,"없음",51,0.0,78,,,,0,0,,,,,1,1070.0,"저항→지지",0,0,1191.76515862273,1191.76515862273
20261007,017370,"우신시스템",KOSPI,3590.0,-0.42,"자동차부품",0.26,0.42123929,65747453860.0,4100.0,-12.8048780487805,,31.4775160599572,27.9651795429815,11.4,42.0397604548512,0,2,0,75,"없음",30,-38.2556131260794,19,,,,0,0,,,,,1,3460.0,"지지 재탈환",0,0,3676.34338715457,4041.34338715457
20261007,017390,"서울가스",KOSPI,54100.0,-0.73,"가스유틸리티",1.02,2.7799875,267795000000.0,65000.0,-16.7692307692308,,4.16666666666667,21.0365853658537,20.8,42.6839604803902,0,1,0,76,"없음",22,-14.5339652448657,57,,,,0,0,,,,,0,,,0,0,61816.4994773921,61816.4994773921
20261007,017480,"삼현철강",KOSDAQ,4630.0,-1.17,"철강",1.66,0.98247062,71500580700.0,4965.0,-6.7472306143001,,50.0,8.97832817337461,9.8,160.254911552489,3,2,0,81,"없음",45,1.09170305676856,79,,,,0,0,,,,,0,,,0,0,4738.42324380111,4863.42324380111
20261007,017510,"세명전기",KOSDAQ,7690.0,-3.51,"전기장비",13.08,14.489824705,117241740000.0,8400.0,-8.80952380952381,,49.2416582406471,26.5512265512266,10.0,73.0793860788651,0,1,0,77,"없음",29,-18.1623931623932,51,20260805,15.4205607476636,14.2421980900742,0,0,,,,,1,7600.0,"저항→지지",0,0,7607.94941918973,7677.94941918973
20261007,017550,"수산세보틱스",KOSPI,1821.0,-1.3,"기계",2.14,3.289721873,113628815730.0,1889.0,-3.91741662255161,,65.4822335025381,16.588785046729,5.4,39.7375340472529,2,2,0,91,"없음",55,-10.8108108108108,64,20260612,16.2280701754386,3.15836334595403,0,0,,,,,0,,,0,0,1776.92482598674,1996.92482598674
20261007,017670,"SK텔레콤",KOSPI,87400.0,-1.13,"무선통신서비스",212.58,602.0914846,18772650632200.0,106500.0,-18.4037558685446,,74.0622505985635,28.030303030303,9.6,19.8926755072227,2,1,0,61,"관망",45,10.7006369426752,86,20260602,11.5864527629234,6.15253061689911,0,0,,,,,0,,,0,0,86937.3075884549,99137.3075884549
20261007,017800,"현대엘리베이터",KOSPI,72300.0,-1.36,"기계",49.34,56.90261285,2826379435500.0,76200.0,-5.38057742782152,,59.2672413793103,13.125,6.4,62.0871964790506,0,3,0,94,"없음",41,-17.787913340935,52,,,,0,0,,,,,0,,,0,0,72495.402096288,76295.402096288
20261007,017810,"풀무원",KOSPI,8800.0,-0.23,"식품",1.1,1.989858985,335460769600.0,11320.0,-21.8197879858657,,17.8280542986425,12.4236252545825,6.8,46.4695502509222,0,1,0,51,"없음",26,-26.980198019802,34,,,,0,0,,,,,0,,,0,0,10756.4753104916,10756.4753104916
20261007,017860,"DS단석",KOSPI,13090.0,1.0,"화학",12.62,10.91461273,231086069060.0,13200.0,-0.984848484848485,,39.5540875309661,13.9280125195618,7.2,109.072738538771,0,1,0,81,"없음",27,-31.4989517819707,27,,,,1,0,,,,,1,12260.0,"저항→지지",0,0,12062.2068489594,12062.2068489594
20261007,017890,"한국알콜",KOSDAQ,16140.0,2.54,"화학",13.71,11.15481662,333670386840.0,16420.0,-1.70523751522533,,25.9821428571429,20.0122963418383,7.4,104.702769102899,5,1,0,76,"없음",52,55.4913294797688,96,,,,1,0,,,,,1,15000.0,"저항→지지",0,0,15252.9892295989,15252.9892295989
20261007,017940,E1,KOSPI,91400.0,0.66,"가스유틸리티",7.0,8.0717404,627004000000.0,99800.0,-8.31663326653307,,24.2088607594937,15.2083333333333,9.8,85.7868384045574,2,1,0,56,"없음",35,-7.85498489425982,68,,,,0,0,,,,,1,90300.0,"지지 재탈환",0,0,93320.2592674158,93320.2592674158
20261007,017960,"한국카본",KOSPI,20350.0,-0.73,"조선",27.02,32.638223425,1051616490100.0,25500.0,-20.3921568627451,,63.2,24.9797570850202,9.8,59.3526960405523,0,1,0,56,"없음",26,-50.7281553398058,8,,,,0,0,,,,,0,,,0,0,21369.3415481735,24119.3415481735
20261007,018000,"유니슨",KOSDAQ,1173.0,-2.49,"에너지장비및서비스",10.66,17.515597619,342412866321.0,1300.0,-9.76923076923077,,39.6600566572238,45.52,13.0,32.8814931654381,2,1,0,59,"없음",43,-21.3806970509383,45,20260827,9.82658959537572,5.70862353688132,0,0,,,,,0,,,0,0,1165.70013451532,1202.70013451532
20261007,018120,"진로발효",KOSDAQ,16680.0,-0.6,"음료",0.09,0.103502415,110440281600.0,17000.0,-2.23529411764706,,0.0,5.80568720379147,9.6,52.6434534105437,0,1,0,66,"없음",31,-5.02857142857143,72,,,,0,0,,,,,0,,,0,0,16411.1235624885,16411.1235624885
20261007,018250,"애경산업",KOSPI,11310.0,1.16,"화장품",2.1,2.09359176,298696364850.0,13120.0,-13.7957317073171,,57.9952267303103,11.6438356164384,10.6,47.5747111061102,0,1,0,50,"없음",26,-25.8846657929227,36,,,,1,0,,,,,0,,,0,0,11140.7603583968,12490.7603583968
20261007,018260,"삼성에스디에스",KOSPI,208000.0,-5.24,"IT서비스",375.18,307.77395675,16094582400000.0,229500.0,-9.80392156862745,,55.6907037358818,16.1554192229039,6.8,80.3685179381006,4,3,0,92,"관망",66,32.6073030108905,93,20260601,21.0702341137124,3.33175216217927,0,0,,,,,0,,,0,0,223081.009059249,226081.009059249
20261007,018290,"브이티",KOSDAQ,13710.0,7.87,"화장품",66.38,22.043329615,479052598980.0,11910.0,15.2812762384551,2.85474391267842,51.9014084507042,20.3316510454218,4.8,219.848319639594,0,2,0,85,"없음",30,-11.6473616473616,62,,,,0,0,20260929,11910.0,12250.0,208.613285131666,1,11910.0,"저항→지지",1,0,11771.9002931419,14371.9002931419
20261007,018310,"삼목에스폼",KOSDAQ,14930.0,-0.2,"건축제품",2.25,2.422833245,219471000000.0,15240.0,-2.03412073490814,,60.0180505415162,14.256480218281,9.8,119.541721051872,0,3,0,85,"없음",36,-20.0321371183717,47,,,,0,0,,,,,1,14900.0,"저항→지지",0,0,14636.2946069708,14636.2946069708
20261007,018470,"조일알미늄",KOSPI,5260.0,-1.31,"비철금속",2.94,4.4966031725,133216569440.0,5350.0,-2.05607476635514,,42.1342134213421,16.7155425219941,13.0,45.4915472483765,0,1,0,49,"없음",31,-25.0893495353824,37,,,,0,0,,,,,1,5200.0,"저항→지지",0,0,5097.37537291633,5217.37537291633
20261007,018500,"동원모빌리티",KOSPI,1326.0,-2.36,"자동차부품",2.37,0.7184729895,61997041158.0,1682.0,-21.4030915576694,,0.0,12.1574139142656,9.8,313.006005081488,1,1,0,38,"없음",27,-17.9900744416873,51,,,,0,0,,,,,0,,,0,0,1543.33325988852,1543.33325988852
20261007,018620,"우진비앤지",KOSDAQ,2885.0,8.26,"제약",0.21,0.3051271,20001653070.0,2900.0,-1.03448275862069,,46.6340269277846,12.3877917414722,8.2,36.6044789225221,0,1,0,78,"없음",35,-2.90933694181326,75,20260818,12.6953125,4.10992136059302,1,0,,,,,0,,,0,0,2592.85232398431,2707.85232398431
20261007,018670,"SK가스",KOSPI,269500.0,4.46,"가스유틸리티",83.51,27.29999675,2498061258000.0,260000.0,4.03846153846154,4.03846153846154,39.5106479383779,27.9044117647059,9.8,234.639800894283,3,1,0,83,"없음",50,4.23892100192678,82,20260723,13.8157894736842,2.62924495726429,0,0,20261007,260000.0,270500.0,233.640992614973,1,242000.0,"저항→지지",1,0,241115.603283824,251115.603283824
20261007,018680,"서울제약",KOSDAQ,1935.0,0.36,"제약",0.11,0.093989339,22560782265.0,2055.0,-5.83941605839416,,63.4956759217114,23.2067510548523,12.2,67.7066692930977,0,3,0,95,"없음",46,-28.5977859778598,32,,,,0,0,,,,,1,1932.0,"지지 재탈환",0,0,1854.59572798122,2129.59572798122
20261007,018700,"졸스",KOSDAQ,1288.0,-0.23,"화장품",0.1,0.1777800695,21538270880.0,1497.0,-13.9612558450234,,76.1712690040335,29.9380979178391,9.6,14.9663609721542,0,1,0,66,"없음",30,-20.8845208845209,46,20260723,29.9319727891157,4.71668713263275,0,0,,,,,0,,,0,0,1340.572853738,1620.572853738
20261007,018880,"한온시스템",KOSPI,3870.0,-0.51,"자동차부품",199.2,223.5326848825,3971592693540.0,3590.0,7.52089136490251,1.53203342618384,35.2429667519182,21.6073781291173,10.0,109.322941246616,1,3,0,77,"관망",45,-1.90597204574333,76,20260930,9.45736434108526,9.09088326517895,0,0,20261001,3590.0,3645.0,511.16220585499,1,3460.0,"저항→지지",0,0,3660.78353377639,3660.78353377639
20261007,019010,"베뉴지",KOSDAQ,4335.0,-0.46,"호텔,레스토랑,레저",2.03,10.6567765425,208947000000.0,5190.0,-16.3776493256262,,55.6327160493827,29.1952054794521,6.2,9.48034218623062,2,2,0,88,"없음",52,-14.5669291338583,57,20260818,29.8245614035088,42.2636092494862,0,0,,,,,0,,,0,0,4665.96769872397,5315.96769872397
20261007,019170,"신풍제약",KOSPI,10580.0,9.41,"제약",348.4,45.588049605,554587962760.0,12050.0,-9.29460580912863,,56.377358490566,22.0024721878863,9.6,705.753662300602,1,1,0,51,"없음",38,0.275229357798165,78,20261007,8.32507433102081,12.9292271511922,0,0,,,,,1,9080.0,"지지 재탈환",1,0,9484.29182114085,11024.2918211409
20261007,019180,"티에이치엔",KOSPI,4970.0,-1.19,"자동차부품",2.49,3.0925630925,89460000000.0,5430.0,-8.93186003683241,,67.6470588235294,25.948406676783,6.8,58.2408965688391,0,2,0,78,"없음",39,-36.6025641025641,21,,,,0,0,,,,,0,,,0,0,5047.04033174214,6207.04033174214
20261007,019210,"와이지-원",KOSDAQ,12460.0,-1.97,"기계",50.38,61.493972325,463433850880.0,14770.0,-15.6398104265403,,77.221702525725,41.4285714285714,6.6,55.762279416683,2,2,0,57,"관망",47,-1.50197628458498,76,20260814,9.50090198436559,2.5798879283801,0,0,,,,,1,12440.0,"지지 재탈환",0,0,12681.6173112599,22711.6173112599
20261007,019540,"일지테크",KOSDAQ,5030.0,-1.95,"자동차부품",0.72,1.196558525,67972905000.0,5200.0,-3.26923076923077,,59.9811676082863,29.6376811594203,7.0,27.8368653607241,2,2,0,88,"없음",53,-20.5371248025276,46,,,,0,0,,,,,0,,,0,0,5075.4380287737,6505.4380287737
20261007,019550,"SBI인베스트먼트",KOSDAQ,911.0,0.11,"창업투자",0.9,1.809822263,73392869314.0,1180.0,-22.6271186440678,,14.1119221411192,15.6367041198502,6.6,45.5512115080943,0,1,0,43,"없음",26,-26.4895330112721,35,20260622,11.3561190738699,3.05344028801515,0,0,,,,,0,,,0,0,1095.01192093529,1095.01192093529
20261007,019570,"GMI벤처",KOSDAQ,2975.0,3.3,"창업투자",0.46,0.30981598,28396386900.0,3100.0,-4.19354838709677,,0.0,16.1936560934891,6.0,80.2122743849201,2,1,0,49,"없음",37,-22.7568270481144,42,,,,1,0,,,,,1,2785.0,"지지 재탈환",0,0,3233.71754169224,3233.71754169224
20261007,019660,"글로본",KOSDAQ,1404.0,-2.36,"판매업체",0.32,0.496339775,19577843532.0,1530.0,-8.49673202614379,,60.2987777274785,31.010101010101,10.8,79.5387114369115,0,3,0,77,"없음",34,-39.1304347826087,18,,,,0,0,,,,,0,,,0,0,1383.24453742789,1816.24453742789
20261007,019680,"대교",KOSPI,1612.0,-0.68,"교육서비스",0.17,0.3127894745,64856966200.0,1713.0,-5.25394045534151,,47.8753541076487,22.1287128712871,10.8,48.284567448429,0,1,0,48,"없음",31,-49.5962732919255,8,20260806,9.52868852459017,6.48652998606255,0,0,,,,,0,,,0,0,1922.72400539071,2168.72400539071
20261007,019770,"서연탑메탈",KOSDAQ,3270.0,-0.61,"자동차부품",0.17,0.2541799025,38095500000.0,3365.0,-2.82317979197623,,56.25,13.8888888888889,7.8,32.6821164691968,0,2,0,81,"없음",41,-15.9383033419023,55,,,,0,0,,,,,1,3230.0,"지지 재탈환",0,0,3199.60164692105,3399.60164692105
20261007,019990,"에너토크",KOSDAQ,5640.0,5.22,"기계",28.88,8.381014535,55024336320.0,5690.0,-1.93321616871705,,30.2675585284281,22.1518987341772,3.6,591.709276097216,0,2,0,63,"없음",35,-37.9310344827586,19,20260908,13.0524152106886,31.9371764259213,0,0,,,,,1,5380.0,"저항→지지",0,0,5655.17741021241,5655.17741021241
20261007,020000,"한섬",KOSPI,21650.0,0.23,"섬유,의류,신발,호화품",19.68,31.70476126,464976920100.0,22200.0,-2.47747747747748,,38.725693007861,41.1067193675889,12.2,59.7608835770417,4,2,0,75,"없음",55,-11.6326530612245,62,20260918,10.3985056039851,8.24374737795292,0,0,,,,,1,16430.0,"저항→지지",0,0,20479.6726621102,20879.6726621102
20261007,020120,"키다리스튜디오",KOSPI,6670.0,-6.58,"양방향미디어와서비스",65.91,47.18673828,247215319220.0,8970.0,-25.6410256410256,,11.3074204946996,15.4522613065327,7.4,150.664829295782,4,1,0,36,"없음",49,100.3003003003,98,20260825,8.8235294117647,8.65850593437282,0,0,,,,,1,6390.0,"저항→지지",0,0,7944.57589289934,7944.57589289934
20261007,020150,"롯데에너지머티리얼즈",KOSPI,53900.0,-0.55,"전자장비와기기",173.06,151.474450025,2822498455700.0,44700.0,19.2393736017897,14.3176733780761,18.0811808118081,17.936694021102,4.6,122.206247017293,3,3,0,73,"관망",42,25.7075471698113,92,20261002,19.5321637426901,5.26522606628187,0,0,20261002,44700.0,51100.0,601.554635336056,1,44700.0,"저항→지지",0,0,48415.9855020573,48415.9855020573
20261007,020180,"대신정보통신",KOSDAQ,3900.0,1.04,"IT서비스",0.26,0.7947313825,29974553700.0,4225.0,-8.40236686390532,,15.9590043923865,30.6691449814126,6.4,24.8434517133031,0,1,0,66,"없음",29,-27.3921200750469,33,,,,0,0,,,,,0,,,0,0,3996.45845122008,5006.45845122008
20261007,020400,"대동금속",KOSDAQ,2555.0,-1.92,"자동차부품",0.19,0.3587424875,23182874260.0,2800.0,-8.75,,50.7109004739336,26.8895348837209,7.6,18.3306145201722,1,1,0,69,"없음",38,-52.3676360924683,6,20260810,9.09090909090908,14.7728659221358,0,0,,,,,0,,,0,0,2713.59576882746,3113.59576882746
20261007,020560,"아시아나항공",KOSPI,8260.0,-0.12,"항공사",6.05,10.865245215,1701483272860.0,8620.0,-4.52436194895592,,40.8427876823339,17.617237008872,12.4,55.0343298796701,3,3,0,78,"없음",53,16.0789844851904,89,20260922,8.3224967490247,3.7597014675821,0,0,,,,,1,8030.0,"저항→지지",0,0,8056.61220329038,8056.61220329038
20261007,020710,"시공테크",KOSDAQ,3665.0,1.24,"호텔,레스토랑,레저",1.22,11.109434705,73475810050.0,4625.0,-20.7567567567568,,6.64605873261206,15.2866242038217,8.2,17.2997226783974,0,1,0,43,"없음",22,-9.95085995085995,65,,,,0,0,,,,,0,,,0,0,4285.71695817536,4285.71695817536
20261007,021040,"대호특수강",KOSDAQ,917.0,-2.13,"철강",0.17,0.233686058,19903277758.0,1050.0,-12.6666666666667,,29.0492957746479,26.9456066945607,2.8,50.4384809677357,0,2,0,55,"없음",42,-22.9411764705882,41,20260810,20.042872454448,13.9438946728449,0,0,,,,,0,,,0,0,1074.51240539254,1074.51240539254
20261007,021050,"서원",KOSPI,1120.0,-2.61,"비철금속",1.11,1.596696374,53171540800.0,1180.0,-4.91525423728814,,25.990099009901,18.4331797235023,13.2,48.0951147917211,2,1,0,74,"없음",37,-9.00243309002433,67,,,,0,0,,,,,1,1081.0,"지지 재탈환",0,0,1092.2094268556,1093.2094268556
20261007,021080,"에이티넘인베스트",KOSDAQ,2030.0,0.0,"창업투자",1.52,2.807988915,97440000000.0,2365.0,-14.1649048625793,,62.5615763546798,19.2224622030238,11.4,40.4036021969935,0,1,0,63,"없음",22,-34.3042071197411,23,,,,0,0,,,,,0,,,0,0,2098.11821474443,2293.11821474443
20261007,021240,"코웨이",KOSPI,102500.0,1.69,"가정용기기와용품",118.25,201.4839848,7253661165000.0,109200.0,-7.41758241758242,,27.8985507246377,7.97244094488189,5.2,62.7533679147208,5,1,0,58,"관망",54,40.8077994428969,94,,,,0,0,,,,,1,100700.0,"저항→지지",0,0,100838.845764858,100838.845764858
20261007,021320,"KCC건설",KOSDAQ,5640.0,1.26,"건설",0.42,1.37530995,120696000000.0,6240.0,-9.61538461538462,,31.8764129615675,15.0892857142857,10.0,41.9783306892473,2,1,0,75,"없음",39,-18.0232558139535,51,,,,0,0,,,,,0,,,0,0,5645.52313654156,5645.52313654156
20261007,021650,"한국큐빅",KOSDAQ,1925.0,-1.23,"자동차부품",0.03,0.08432147,31474833775.0,1999.0,-3.70185092546273,,55.6715379262352,11.6009280742459,7.0,33.7883367667161,0,2,0,82,"없음",30,-13.4831460674157,60,,,,0,0,,,,,0,,,0,0,1918.59485180858,2153.59485180858
20261007,021820,"세원정공",KOSPI,10400.0,-3.88,"자동차부품",0.67,0.58976198,104000000000.0,11130.0,-6.55884995507637,,38.9168765743073,11.6007194244604,6.8,60.5301212116624,0,3,0,95,"없음",46,-30.1075268817204,29,,,,0,0,,,,,0,,,0,0,10323.0003262856,10463.0003262856
20261007,021880,"메이슨캐피탈",KOSDAQ,1162.0,0.35,"기타금융",0.1,0.3098191495,24655827280.0,1503.0,-22.6879574184963,,25.172231054584,20.0,2.6,17.5424795468848,0,2,0,73,"없음",38,-62.9346092503987,3,,,,0,0,,,,,0,,,0,0,1313.76930495249,1313.76930495249
20261007,022100,"포스코DX",KOSPI,21100.0,-3.65,"IT서비스",41.88,60.301795935,3207932781900.0,22500.0,-6.22222222222222,,57.3937908496732,18.6699507389163,10.0,26.9142331979263,0,2,0,75,"없음",50,-33.015873015873,25,20260601,19.2604006163328,12.7585836023197,0,0,,,,,1,20650.0,"지지 재탈환",0,0,20618.5051525588,20618.5051525588
20261007,022220,"티케이지애강",KOSDAQ,823.0,-0.12,"건축제품",0.06,0.687924786,42626938517.0,865.0,-4.85549132947977,,63.8181818181818,20.5202312138728,7.4,4.79349053719292,5,2,0,75,"없음",72,-7.83874580067189,68,20260901,14.4871794871795,59.1004330624204,0,0,,,,,1,638.0,"저항→지지",0,0,831.42494753938,831.42494753938
20261007,023000,"삼원강재",KOSPI,2195.0,-0.45,"자동차부품",0.27,0.2750522025,87229203420.0,2240.0,-2.00892857142857,,10.9429569266589,7.23684210526316,7.2,49.517144878572,0,2,0,79,"없음",43,-5.59139784946237,72,,,,0,0,,,,,1,2165.0,"지지 재탈환",0,0,2156.12974181861,2176.12974181861
20261007,023150,"MH에탄올",KOSPI,4580.0,2.46,"음료",0.53,0.5679168375,28402563140.0,4800.0,-4.79166666666667,,6.68176670441676,17.3404255319149,5.6,124.277063702061,1,2,0,55,"없음",40,7.78301886792453,85,20261001,10.6227106227106,32.4233198657031,0,0,,,,,1,4430.0,"저항→지지",0,0,4336.26582940926,4336.26582940926
20261007,023160,"태광",KOSDAQ,26700.0,-0.19,"기계",38.45,60.912108725,690655361400.0,29650.0,-10.1180438448567,,27.027027027027,20.2783300198807,7.4,79.777171340711,2,1,0,71,"관망",41,-25.3501400560224,37,20260826,9.17225950782998,5.0135203798848,0,0,,,,,1,25150.0,"저항→지지",0,0,26292.954495595,26292.954495595
20261007,023350,"한국종합기술",KOSPI,3715.0,-0.4,"건설",0.92,0.594325685,40679250000.0,4200.0,-11.547619047619,,41.5676959619952,28.6631016042781,12.8,117.894309786865,0,1,0,77,"없음",25,-20.3644158628081,47,,,,0,0,,,,,0,,,0,0,3902.30769727353,4007.30769727353
20261007,023410,"유진기업",KOSDAQ,3230.0,-0.62,"건축자재",5.21,6.59490521,249714087490.0,3845.0,-15.9947984395319,,80.6037251123956,36.2850971922246,12.8,54.7685995178511,0,1,0,59,"없음",26,-19.25,49,20260701,29.9280575539568,8.43865097320052,0,0,,,,,0,,,0,0,3620.68829867304,3620.68829867304
20261007,023450,"동남합성",KOSPI,31500.0,0.0,"화학",0.03,0.278447325,110250000000.0,32650.0,-3.52220520673813,,38.9067524115756,8.16326530612245,11.0,9.99052622513134,4,1,0,90,"없음",51,3.44827586206897,81,,,,0,0,,,,,0,,,0,0,31190.7307726036,31190.7307726036
20261007,023530,"롯데쇼핑",KOSPI,98700.0,-1.3,"백화점과일반상점",169.95,163.4233544,2792100118500.0,122300.0,-19.2150449713818,,65.9876835622928,54.4174757281553,15.6,109.046892334878,2,1,0,63,"관망",36,-6.79245283018868,70,,,,0,0,,,,,0,,,0,0,109534.097147908,141634.097147908
20261007,023590,"다우기술",KOSPI,37750.0,-1.82,"증권",17.9,17.53267865,1634096028000.0,42000.0,-10.3571428571429,,52.1545319465082,18.5372005044136,9.8,117.287154548225,1,1,0,71,"없음",30,-18.5945945945946,50,,,,0,0,,,,,0,,,0,0,39211.028676051,39211.028676051
20261007,023600,"삼보판지",KOSDAQ,9010.0,-0.22,"포장재",0.37,0.78500147,144234783000.0,9700.0,-7.11340206185567,,37.4749498997996,7.96277145811789,5.6,28.0896942017748,0,1,0,71,"없음",29,-7.49486652977413,69,,,,0,0,,,,,0,,,0,0,9227.20401139234,9227.20401139234
20261007,023760,"한국캐피탈",KOSDAQ,1404.0,-0.14,"기타금융",0.55,0.635482716,221557922352.0,1459.0,-3.97532556545579,,57.4844074844075,38.1193124368049,21.4,81.0738267116256,0,2,0,69,"없음",33,-25.7944915254237,37,,,,0,0,,,,,0,,,0,0,1405.45690395343,1405.45690395343
20261007,023770,"플레이위드",KOSDAQ,2660.0,-2.56,"게임엔터테인먼트",0.33,0.6086505475,23797676700.0,3430.0,-22.4489795918367,,28.3065512978986,10.6719367588933,8.6,39.3435586278851,0,1,0,40,"없음",26,-14.4694533762058,57,20260901,11.6379310344828,15.1008516881468,0,0,,,,,1,2350.0,"저항→지지",0,0,3066.18078714831,3066.18078714831
20261007,023790,"동일스틸럭스",KOSDAQ,1549.0,-4.03,"철강",3.69,20.2559762445,20245132592.0,2120.0,-26.9339622641509,,57.7433176902673,50.9864603481625,10.2,24.1678610958958,0,2,0,55,"없음",32,-16.0433604336043,55,20260930,31.3477289650037,2.50906831113439,0,0,,,,,1,1400.0,"지지 재탈환",0,0,1776.48505650471,2241.48505650471
20261007,023800,"인지컨트롤스",KOSPI,5050.0,0.0,"자동차부품",0.88,1.1939937,79836444850.0,5160.0,-2.13178294573643,,63.1067961165048,12.7272727272727,10.0,48.1570957934423,0,1,0,94,"없음",31,-26.0614934114202,36,,,,0,0,,,,,0,,,0,0,5087.69916839537,5357.69916839537
20261007,023810,"인팩",KOSPI,5360.0,-0.37,"자동차부품",0.52,0.632925995,53600000000.0,5260.0,2.28136882129278,2.28136882129278,28.9954337899543,10.4145601617796,9.6,63.565688397143,0,3,0,91,"없음",40,-33.4158415841584,24,,,,0,0,20261001,5260.0,5380.0,87.4017358140818,1,5260.0,"저항→지지",0,0,5039.88839063556,5179.88839063556
20261007,023900,"풍국주정",KOSDAQ,7100.0,-0.7,"화학",0.44,0.81363883,89460000000.0,8160.0,-13.4803921568627,,1.38339920948617,21.1165048543689,11.4,63.9563939195902,0,1,0,52,"없음",22,-27.9591836734694,33,,,,0,0,,,,,0,,,0,0,7578.14235537852,7578.14235537852
20261007,023910,"대한약품",KOSDAQ,26000.0,0.19,"제약",1.5,1.09550555,156000000000.0,26500.0,-2.07547169811321,,26.3374485596708,8.98876404494382,9.4,86.2760238781147,0,1,0,73,"없음",27,-10.8247422680412,64,,,,0,0,,,,,0,,,0,0,26131.177355882,26281.177355882
20261007,023960,"에쓰씨엔지니어링",KOSPI,1038.0,3.39,"건설",0.17,0.2761107575,39481339974.0,1130.0,-9.29203539823009,,0.0,13.4709931170108,9.6,44.5900835005893,0,1,0,49,"없음",29,-28.3216783216783,32,,,,0,0,,,,,1,1010.0,"저항→지지",0,0,1068.50576254783,1068.50576254783
20261007,024060,"흥구석유",KOSDAQ,12180.0,-0.16,"석유와가스",57.73,555.39249387,182700000000.0,17310.0,-29.4049682264587,,53.7052117263844,16.5217391304348,6.6,17.0644058509717,2,1,0,52,"관망",43,-33.6590662323561,24,20260910,20.0165425971877,11.080103901068,0,0,,,,,1,11500.0,"저항→지지",0,0,15426.2236311095,15426.2236311095
20261007,024070,WISCOM,KOSPI,1966.0,-0.66,"화학",0.08,0.274265969,30131777108.0,2185.0,-9.65675057208238,,9.34300341296928,22.72,1.6,21.4835567785993,2,2,0,51,"없음",50,-1.54613466334165,76,,,,0,0,,,,,1,1935.0,"지지 재탈환",0,0,2248.35041830097,2248.35041830097
20261007,024090,"디씨엠",KOSPI,11360.0,0.09,"비철금속",0.42,0.22121202,129504000000.0,11880.0,-4.37710437710438,,43.0073606729758,14.0116763969975,10.6,94.6414356680068,0,2,0,90,"없음",39,-8.31315577078289,68,,,,0,0,,,,,0,,,0,0,11460.5240770184,11790.5240770184
20261007,024110,"기업은행",KOSPI,20100.0,-0.5,"은행",86.41,161.315226975,16028259966900.0,21050.0,-4.51306413301663,,55.840927920464,10.4288939051919,10.8,45.4534157513709,0,3,0,89,"관망",39,-8.63636363636364,67,,,,0,0,,,,,0,,,0,0,20388.756965421,21238.756965421
20261007,024120,"KB오토시스",KOSDAQ,3035.0,-0.82,"자동차부품",0.12,0.190601975,34902500000.0,3240.0,-5.55555555555556,,27.7142857142857,6.43642072213501,4.8,31.4428008622612,0,1,0,71,"없음",31,-19.047619047619,49,,,,0,0,,,,,0,,,0,0,3078.63262843884,3118.63262843884
20261007,024720,"콜마홀딩스",KOSPI,9310.0,0.54,"화장품",0.89,1.761680365,319298171290.0,9670.0,-4.34332988624612,,45.4014598540146,18.8003581020591,7.2,17.4102836694609,1,3,0,97,"없음",51,2.54988913525499,80,,,,0,0,,,,,0,,,0,0,9445.18772514971,10515.1877251497
20261007,024740,"한일단조",KOSDAQ,2150.0,-1.15,"자동차부품",1.47,4.4831357375,70728655350.0,2410.0,-10.3734439834025,,35.0314825414997,24.2424242424242,9.8,38.7860178670362,2,1,0,77,"없음",39,-23.5398230088496,40,20260907,10.4368932038835,10.7988053927608,0,0,,,,,1,2125.0,"저항→지지",0,0,2222.07456514563,2222.07456514563
20261007,024800,"유성티엔에스",KOSDAQ,4275.0,-2.17,"도로와철도운송",0.53,1.442802965,150588456750.0,4850.0,-11.8556701030928,,22.9098805646037,10.4575163398693,6.6,39.1740462605907,3,1,0,62,"없음",44,6.74157303370786,84,20260528,29.8588490770901,29.3239116766316,0,0,,,,,0,,,0,0,4416.76665569779,4416.76665569779
20261007,024830,"세원물산",KOSDAQ,8040.0,-1.71,"자동차부품",0.81,0.21725255,67134000000.0,10740.0,-25.1396648044693,,16.5079365079365,12.8260869565217,6.0,372.940220753184,0,2,0,72,"없음",25,-30.3896103896104,29,,,,0,0,,,,,0,,,0,0,9735.20646196145,9735.20646196145
20261007,024850,"HLB이노베이션",KOSDAQ,17850.0,1.83,"반도체와반도체장비",58.91,68.278568295,616538482350.0,19680.0,-8.94308943089431,,1.07775211701309,21.1751018033741,3.0,120.051179211035,3,2,0,42,"수축중",50,-22.9247311827957,41,20260928,29.8153034300792,5.75343989365409,0,0,,,,,1,17190.0,"저항→지지",0,0,16692.106626867,16692.106626867
20261007,024880,"케이피에프",KOSDAQ,3840.0,-1.79,"기계",1.7,1.64221893,76575836160.0,4055.0,-5.05548705302096,,6.36833046471601,17.1464330413016,13.2,98.7270027258499,0,1,0,71,"없음",27,-29.8724954462659,29,,,,0,0,,,,,0,,,0,0,3770.83147672179,3770.83147672179
20261007,024900,"디와이덕양",KOSPI,2195.0,-1.13,"자동차부품",1.64,5.452120945,71480131100.0,2275.0,-3.2967032967033,,2.28353948620361,21.9477434679335,12.8,52.8748773520886,2,3,0,73,"없음",48,10.831234256927,86,20260916,14.0402843601896,52.1243377721043,0,0,,,,,1,2170.0,"저항→지지",0,0,2090.36018793825,2090.36018793825
20261007,024910,"경창산업",KOSDAQ,1502.0,0.0,"자동차부품",0.43,0.53040397,53800145510.0,1599.0,-6.06629143214509,,40.6296851574213,16.7524299599771,6.4,38.6461755732812,1,2,0,87,"없음",48,-28.133971291866,32,,,,0,0,,,,,1,1471.0,"지지 재탈환",0,0,1472.1265541449,1617.1265541449
20261007,024940,"PN풍년",KOSDAQ,2025.0,-2.88,"가정용기기와용품",0.54,2.3669616965,20250000000.0,2305.0,-10.8459869848156,,62.3372287145242,40.7333333333333,10.6,33.5089516624333,0,1,0,67,"없음",33,-46.4146023468057,10,20260716,29.8076923076923,31.7108429972542,0,0,,,,,1,1955.0,"저항→지지",0,0,2138.84291219109,2833.84291219109
20261007,024950,"삼천리자전거",KOSDAQ,4170.0,0.24,"레저용장비와제품",0.47,1.5463793025,51708000000.0,4850.0,-14.020618556701,,21.3276836158192,37.1910112359551,15.8,16.222382701707,0,1,0,56,"없음",30,-5.76271186440678,71,20260818,8.27505827505828,13.7036926999492,0,0,,,,,0,,,0,0,4431.45639923591,4621.45639923591
20261007,025000,"KPX케미칼",KOSPI,59100.0,2.43,"화학",5.57,2.7788567,245072038500.0,59800.0,-3.01003344481605,,7.6923076923077,5.64373897707231,4.8,205.609198949132,5,1,0,59,"없음",52,14.8514851485149,88,,,,1,0,,,,,1,57000.0,"저항→지지",0,0,56997.7339746889,56997.7339746889
20261007,025320,"시노펙스",KOSDAQ,3985.0,-0.5,"핸드셋",7.16,11.3404251125,367499700705.0,4080.0,-2.20588235294118,,80.0397877984085,26.4853977844914,7.4,30.8360204619331,0,3,0,93,"없음",49,-34.5901639344262,23,20260811,12.6674786845311,6.44859325668985,0,0,,,,,1,3895.0,"저항→지지",0,0,3761.14679089516,4646.14679089516
20261007,025440,"DH오토웨어",KOSDAQ,3195.0,0.0,"자동차부품",0.03,0.1299815175,31171199580.0,3445.0,-7.25689404934688,,38.3381924198251,16.8,7.2,13.6794932932272,0,2,0,76,"없음",33,-23.0120481927711,41,,,,0,0,,,,,0,,,0,0,3179.25419789857,3424.25419789857
20261007,025530,"SJM홀딩스",KOSPI,3650.0,0.0,"자동차부품",0.12,0.188485465,54509129200.0,3715.0,-1.74966352624495,,25.6410256410256,9.73936899862826,15.0,43.0499014520328,2,3,0,91,"없음",55,0.828729281767956,79,,,,0,0,,,,,1,3645.0,"저항→지지",0,0,3546.83800717963,3546.83800717963
20261007,025540,"한국단자",KOSPI,54900.0,-1.26,"자동차부품",7.27,8.7939937,555313500000.0,57300.0,-4.3630017452007,,56.2770562770563,17.9604261796043,7.0,62.6196859440827,0,3,0,99,"없음",45,-27.2244355909695,34,,,,0,0,,,,,0,,,0,0,54066.4570209997,62766.4570209997
20261007,025550,"한국선재",KOSDAQ,2345.0,-1.26,"철강",1.45,1.4515072975,59830339380.0,2870.0,-18.815331010453,,0.0,19.9555555555556,9.8,96.7371085396987,0,3,0,84,"없음",29,-28.7461773700306,32,,,,0,0,,,,,1,2320.0,"저항→지지",0,0,2621.55568108397,2621.55568108397
20261007,025560,"미래산업",KOSPI,8020.0,-6.74,"반도체와반도체장비",53.62,35.472784495,222784997560.0,11980.0,-34.0567612687813,,61.839530332681,50.6001846722068,9.6,95.0706992014021,4,2,0,43,"없음",55,194.556301267711,99,20260928,9.81595092024541,5.45810067109457,0,0,,,,,1,6530.0,"저항→지지",0,0,7714.54636237844,10704.5463623784
20261007,025620,"차AI헬스케어",KOSPI,5620.0,2.55,"화장품",0.28,0.5106659125,102306328260.0,5390.0,1.85528756957328,2.04081632653061,67.1497584541063,20.9844559585492,7.2,47.0973677633414,0,1,0,49,"없음",33,-40.6486486486487,15,20260623,29.9826689774697,6.43398241823004,0,0,20261006,5390.0,5500.0,207.761516696163,1,5390.0,"저항→지지",0,0,5320.23139286035,5790.23139286035
20261007,025750,"한솔홈데코",KOSPI,1878.0,-1.16,"건축자재",0.57,0.3277118375,30260268462.0,1938.0,-4.64396284829721,,48.9108910891089,13.8461538461538,9.6,284.529800147161,0,3,0,94,"없음",39,-31.4285714285714,27,,,,0,0,,,,,0,,,0,0,1885.99961064249,1885.99961064249
20261007,025770,"한국정보통신",KOSDAQ,7850.0,-0.25,"IT서비스",0.79,1.85347202,293937527350.0,8080.0,-2.72277227722772,,13.0518234165067,10.3448275862069,2.6,34.2417086788604,1,2,0,65,"없음",40,1.28865979381443,79,,,,0,0,,,,,1,7800.0,"지지 재탈환",0,0,7793.41960599797,7793.41960599797
20261007,025820,"이구산업",KOSPI,4180.0,-2.45,"비철금속",5.29,7.469725655,139787560000.0,4390.0,-4.66970387243736,,49.4117647058823,12.4468085106383,3.4,62.491023148841,0,2,0,83,"없음",43,-16.6334661354582,54,,,,0,0,,,,,0,,,0,0,4345.7875811801,4345.7875811801
20261007,025860,"남해화학",KOSPI,6020.0,-0.17,"화학",6.9,15.750858675,299066634860.0,6260.0,-3.19488817891374,,47.6510067114094,14.4776119402985,6.4,25.0907112027582,1,1,0,95,"없음",36,-23.7735849056604,40,,,,0,0,,,,,0,,,0,0,6123.17703552081,6293.17703552081
20261007,025880,"케이씨피드",KOSDAQ,2330.0,0.0,"식품",0.22,0.8287855975,38947949140.0,2415.0,-2.89855072463768,,55.7309540150995,14.6616541353383,7.4,21.5616748871676,0,2,0,84,"없음",35,-19.5540308747856,48,,,,0,0,,,,,1,2330.0,"지지 재탈환",0,0,2305.68437574368,2612.68437574368
20261007,025890,"한국주강",KOSPI,2620.0,-1.13,"철강",0.31,0.811207495,29198893920.0,2790.0,-6.09318996415771,,4.21686746987952,11.8081180811808,7.0,27.2615676147961,5,1,0,79,"없음",52,33.6053034166242,93,,,,0,0,,,,,1,2600.0,"저항→지지",0,0,2602.95419756106,2602.95419756106
20261007,025900,"동화기업",KOSDAQ,7340.0,-3.42,"건축자재",4.37,4.627333715,371090471900.0,7710.0,-4.66926070038911,,61.7215189873418,27.4444444444444,7.6,39.0557784259462,0,2,0,79,"없음",47,-34.1397849462366,23,20260807,30.0,14.7996229367258,0,0,,,,,0,,,0,0,6943.98415904024,8233.98415904024
20261007,025950,"동신건설",KOSDAQ,9980.0,-0.2,"건설",1.99,1.626834975,83832000000.0,10490.0,-4.86177311725453,,83.7871479695037,31.3583815028902,7.2,33.1698677516103,0,2,0,86,"없음",47,-35.8199356913183,21,20260706,15.1729004940014,7.2869596000796,0,0,,,,,1,9900.0,"지지 재탈환",0,0,9439.53667640427,12759.5366764043
20261007,025980,"아난티",KOSDAQ,4940.0,-2.18,"호텔,레스토랑,레저",33.15,85.1380240225,480666890600.0,5120.0,-3.7109375,,51.6504854368932,23.801652892562,6.0,17.0056650812452,0,1,0,56,"관망",38,-30.6610407876231,28,20260819,18.8888888888889,29.9707915347584,0,0,,,,,0,,,0,0,5165.55379986931,5425.55379986931
20261007,026040,"제이에스티나",KOSDAQ,2185.0,2.1,"섬유,의류,신발,호화품",0.95,2.9100411575,36060781150.0,2350.0,-9.14893617021277,,53.4104046242775,37.6150627615063,10.8,12.316212238432,0,1,0,47,"없음",33,-27.8716216216216,33,20260902,17.5280898876405,8.87624271334012,0,0,,,,,0,,,0,0,2366.26672076683,2626.26672076683
20261007,026150,"특수건설",KOSDAQ,3915.0,-0.25,"건설",0.85,0.97129936,68693885865.0,4230.0,-7.4468085106383,,63.1818181818182,17.2368421052632,9.6,79.9266092028977,0,1,0,83,"없음",29,-42.4264705882353,14,20260701,12.5158027812895,6.25877302726405,0,0,,,,,0,,,0,0,3880.52629242724,3880.52629242724
20261007,026890,"스틱인베스트먼트",KOSPI,8220.0,4.45,"창업투자",5.33,3.09648001,318696280140.0,8600.0,-4.41860465116279,,38.2864792503347,17.545871559633,10.6,154.485125553886,0,1,0,62,"없음",27,-10.2620087336245,65,,,,1,0,,,,,1,8140.0,"지지 재탈환",0,0,7999.93632405765,8119.93632405765
20261007,026910,"광진실업",KOSDAQ,2335.0,1.52,"철강",4.5,8.51840494,18512641210.0,4095.0,-43.1013431013431,,58.6632764257174,66.4664664664665,8.2,108.338550687933,3,1,0,28,"없음",41,22.0534311157674,91,20260910,17.1428571428571,6.05494352956022,0,0,,,,,1,2130.0,"지지 재탈환",0,0,3165.21881976454,5780.21881976454
20261007,026940,"부국철강",KOSPI,2065.0,-1.2,"철강",2.43,7.309534355,41300000000.0,2440.0,-15.1639344262295,,80.098452883263,63.2196162046908,14.0,23.1394751982535,2,1,0,55,"없음",40,1.71990171990172,79,20260812,10.2870813397129,12.0846860495208,0,0,,,,,0,,,0,0,2180.8096546904,2475.8096546904
20261007,026960,"동서",KOSPI,26300.0,-0.57,"식품",8.47,17.043464075,2622110000000.0,26150.0,0.382409177820268,5.35372848948375,34.9514563106796,15.180265654649,15.2,47.9770622044127,2,3,0,84,"없음",45,-5.91397849462366,71,,,,0,0,20261002,26150.0,27550.0,370.488134053756,1,25700.0,"저항→지지",0,0,26383.9978799548,26383.9978799548
20261007,027040,"서울전자통신",KOSDAQ,2025.0,-0.25,"전자장비와기기",6.15,9.472695914,28183482225.0,2215.0,-8.12641083521445,,21.5668751861781,30.8333333333333,7.2,99.904621687749,2,2,0,51,"없음",42,-4.46009389671362,73,20260807,12.8296146044625,5.39681305471812,0,0,,,,,1,1800.0,"저항→지지",0,0,1866.1568593324,2151.1568593324
20261007,027050,"코리아나",KOSDAQ,1328.0,3.27,"화장품",1.39,2.941373302,53120000000.0,1450.0,-8.48275862068965,,47.5691847419596,27.2886297376093,7.2,49.6020497402826,0,1,0,72,"없음",29,-27.2078990674712,34,,,,0,0,,,,,1,1311.0,"지지 재탈환",0,0,1439.37695262006,1593.37695262006
20261007,027360,"아주IB투자",KOSDAQ,3660.0,-9.29,"창업투자",97.3,145.543411045,443392185960.0,4235.0,-14.0495867768595,,37.9615952732644,37.1549893842887,6.8,74.3480808567541,2,2,0,65,"관망",45,-61.1526147278549,3,20260917,8.39260312944523,15.8143091812409,0,0,,,,,1,3355.0,"저항→지지",0,0,3795.63672609424,4070.63672609424
20261007,027410,BGF,KOSPI,3860.0,3.76,"화학",5.25,2.23760689,369466813260.0,3795.0,-0.263504611330698,,40.6032482598608,9.27070457354759,9.6,292.62284328826,1,2,0,77,"없음",38,-19.8093220338983,48,,,,1,0,,,,,0,,,0,0,3712.80197947104,4042.80197947104
20261007,027580,"상보",KOSDAQ,1963.0,1.39,"화학",0.19,1.0809233665,23234568565.0,2080.0,-5.625,,15.4164749194662,32.2048997772829,7.6,8.79120142479734,0,1,0,70,"없음",31,-33.6824324324324,24,,,,0,0,,,,,1,1735.0,"저항→지지",0,0,1837.08133027329,2002.08133027329
20261007,027710,"팜스토리",KOSDAQ,1105.0,1.38,"식품",1.7,2.48343476,123115343000.0,1174.0,-5.36626916524702,,56.5,19.3548387096774,10.6,47.6054665979052,1,1,0,74,"없음",36,-15.8333333333333,55,,,,0,0,,,,,0,,,0,0,1114.02895746318,1149.02895746318
20261007,027740,"마니커",KOSPI,1151.0,1.41,"식품",0.33,1.542709014,36550711714.0,1199.0,-4.92076730608841,,34.3554443053817,43.641975308642,15.6,12.8460620050497,0,1,0,60,"없음",35,-30.4029304029304,28,20260825,15.7616892911011,10.4346467220028,0,0,,,,,0,,,0,0,1402.54746454063,1629.54746454063
20261007,027830,"대성창투",KOSDAQ,742.0,0.13,"창업투자",0.58,1.305427919,40068000000.0,998.0,-25.6513026052104,,19.82421875,42.1157684630739,11.0,51.1675461088654,0,1,0,32,"없음",26,-51.4397905759162,7,20260730,8.50574712643679,12.6888788737486,0,0,,,,,1,737.0,"지지 재탈환",0,0,889.380191401319,970.380191401319
20261007,027970,"한국제지",KOSPI,2720.0,0.74,"종이와목재",0.33,0.479599465,103441991680.0,3300.0,-17.5757575757576,,13.8853503184713,24.5142002989537,16.0,95.4652079238147,0,1,0,52,"없음",22,-29.98712998713,29,,,,0,0,,,,,0,,,0,0,3221.20930529793,3221.20930529793
20261007,028050,"삼성E&A",KOSPI,48900.0,1.77,"건설",893.16,906.829899025,9584400000000.0,55200.0,-11.6847826086957,,43.8305709023941,22.5352112676056,10.0,105.033927645195,4,2,0,67,"수축중",59,28.6279683377309,92,20260723,12.953995157385,3.35929075002059,0,0,,,,,0,,,0,0,50234.9961994844,50234.9961994844
20261007,028100,"동아지질",KOSPI,19850.0,0.92,"건설",3.25,24.354794805,222759022450.0,21000.0,-7.09523809523809,,0.0,20.3265765765766,12.4,25.935785029497,4,1,0,47,"없음",49,7.1389346512905,84,,,,0,0,,,,,1,17800.0,"저항→지지",0,0,20717.9351582945,20717.9351582945
20261007,028260,"삼성물산",KOSPI,337000.0,-1.46,"복합기업",811.29,1120.6250885,54650474797000.0,385500.0,-12.970168612192,,71.8339100346021,16.4588528678304,3.6,62.7822734730389,2,2,0,62,"관망",45,22.8937728937729,91,,,,0,0,,,,,0,,,0,0,361639.178041257,361639.178041257
20261007,028300,HLB,KOSDAQ,45950.0,-3.06,"건강관리장비와용품",482.48,521.303960225,6120458346850.0,47700.0,-3.77358490566038,,27.4370561652679,31.8912237330037,10.8,78.1127838037891,0,2,0,55,"관망",39,-13.5593220338983,59,20261006,15.990159901599,5.37194276239112,0,0,,,,,1,33400.0,"저항→지지",0,0,43803.496023176,43803.496023176
20261007,028670,"팬오션",KOSPI,6230.0,3.83,"해운사",263.85,168.213793015,3330368059760.0,6430.0,-3.57698289269051,,25.9589652096342,16.8453292496172,5.6,118.705643232711,5,2,0,71,"수축중",69,22.5296442687747,91,20260804,14.2857142857143,3.10888820168729,0,0,,,,,1,6040.0,"저항→지지",0,0,5788.66890276113,5888.66890276113
20261007,029460,"케이씨",KOSPI,47050.0,3.52,"반도체와반도체장비",29.17,16.0237613,518516171750.0,46900.0,0.852878464818763,0.852878464818763,16.8,25.434439178515,11.4,173.07161554351,5,3,0,75,"없음",67,49.6835443037975,95,20260921,8.79120879120878,3.01300503075901,1,0,20261007,46900.0,47300.0,177.433206265066,1,45000.0,"저항→지지",1,1,42531.214540968,42531.214540968
20261007,029480,"광무",KOSDAQ,1357.0,-1.74,"IT서비스",1.4,1.213467486,81038862124.0,1695.0,-20.0589970501475,,66.4152617568767,37.2117962466488,12.0,94.2167838306108,0,1,0,63,"없음",26,-34.6987951807229,23,20260824,12.4645892351275,5.93149297492015,0,0,,,,,0,,,0,0,1540.25987698194,1540.25987698194
20261007,029530,"신도리코",KOSPI,38050.0,-2.31,"사무용전자제품",1.69,1.63191125,369683488450.0,39750.0,-3.89937106918239,,53.1062124248497,11.5890083632019,9.4,61.0559342323187,0,3,0,96,"없음",45,-25.968992248062,36,,,,0,0,,,,,0,,,0,0,38541.9613319591,41291.9613319591
20261007,029780,"삼성카드",KOSPI,42050.0,0.96,"카드",27.22,38.35212715,4871866366550.0,46850.0,-10.8858057630736,,63.6507936507936,17.5595238095238,9.6,64.8953820900751,0,1,0,66,"없음",29,-21.5225563909774,44,20260612,9.22587486744433,4.76693953035472,0,0,,,,,0,,,0,0,44896.4010326508,48446.4010326508
20261007,030000,"제일기획",KOSPI,18960.0,1.66,"광고",66.95,80.81227378,2181181626000.0,19120.0,-1.15062761506276,,37.046908315565,12.0822622107969,9.2,98.3930349620224,1,1,0,61,"없음",35,-2.02177293934681,76,,,,0,0,,,,,1,18820.0,"지지 재탈환",0,0,18363.8555162374,18693.8555162374
20261007,030190,"NICE평가정보",KOSPI,16640.0,3.03,"상업서비스와공급품",13.96,9.86445439,969591850240.0,16400.0,1.58536585365854,1.58536585365854,25.3363228699552,8.57321652065081,6.8,92.1719475035907,2,1,0,71,"없음",39,-1.30331753554502,77,,,,1,0,20261007,16400.0,16660.0,93.0405040999884,1,15950.0,"저항→지지",0,0,15667.2124007491,15667.2124007491
20261007,030200,KT,KOSPI,51300.0,-0.39,"다각화된통신서비스",91.83,137.2472445,12928712440500.0,53800.0,-5.0185873605948,,63.843648208469,11.8965517241379,11.8,54.3574674655358,2,1,0,81,"관망",40,-16.7752442996743,53,,,,0,0,,,,,0,,,0,0,53420.716256983,53420.716256983
20261007,030210,"다올투자증권",KOSPI,3960.0,1.15,"증권",4.27,2.77371415,241207979760.0,3980.0,-1.38190954773869,,38.0035026269702,9.33333333333333,2.8,168.677562340757,3,2,0,74,"없음",45,-3.79901960784314,74,,,,1,0,,,,,1,3855.0,"지지 재탈환",0,0,3873.00653184875,3873.00653184875
20261007,030520,"한컴",KOSDAQ,17570.0,-4.77,"소프트웨어",25.84,24.36906149,424838102080.0,17700.0,-0.96045197740113,3.78531073446328,42.3274386765545,16.7604049493813,9.6,116.822936291344,0,1,0,62,"없음",27,-13.0024813895782,60,,,,0,0,20261006,17700.0,18370.0,436.442919319664,1,16730.0,"지지 재탈환",0,0,17543.7063676681,17913.7063676681
20261007,030610,"교보증권",KOSPI,9800.0,-1.21,"증권",3.41,3.42860602,1116837017800.0,10460.0,-6.50095602294455,,70.5376344086022,21.7726396917148,11.4,74.4464847259421,2,1,0,91,"없음",41,-20.2283849918434,47,,,,0,0,,,,,0,,,0,0,9924.16003659121,10134.1600365912
20261007,030960,"양지사",KOSDAQ,4500.0,-3.02,"상업서비스와공급품",1.09,1.063640475,71910000000.0,6230.0,-27.6886035313002,,74.4328922495274,30.0699300699301,10.8,40.5471556179573,0,1,0,54,"없음",30,-33.4564254062038,24,20260622,10.8581436077058,5.43379537448664,0,0,,,,,0,,,0,0,5730.78226479209,5730.78226479209
20261007,031210,"서울보증보험",KOSPI,42700.0,1.91,"손해보험",16.72,18.040245925,2981382234600.0,43300.0,-1.15473441108545,,40.7265774378585,11.358574610245,4.2,80.3882918454237,0,2,0,71,"없음",35,-18.1644359464627,51,,,,1,0,,,,,1,42700.0,"지지 재탈환",0,0,42456.7725619076,42606.7725619076
20261007,031310,"아이즈비전",KOSDAQ,1000.0,-0.2,"통신장비",0.53,0.48101738,29746651000.0,1022.0,-2.15264187866928,,30.3296703296703,13.6105860113422,6.8,82.4787540188722,0,1,0,51,"없음",31,-43.1818181818182,13,20260803,10.6194690265487,2.61319486910956,0,0,,,,,1,978.0,"지지 재탈환",0,0,1095.90071030739,1095.90071030739
20261007,031330,"에스에이엠티",KOSDAQ,8610.0,-2.6,"전자장비와기기",29.99,32.04953762,860957526870.0,8700.0,-1.72413793103448,1.60919540229885,74.0869101572914,37.6871880199667,7.0,52.939270635947,2,2,0,86,"관망",54,62.5475285171103,96,,,,0,0,20261001,8700.0,8840.0,77.5686248726895,1,8130.0,"저항→지지",0,0,8019.52445910316,11029.5244591032
20261007,031430,"신세계인터내셔날",KOSPI,10800.0,2.76,"섬유,의류,신발,호화품",8.99,5.42745892,377848800000.0,10680.0,1.59176029962547,1.59176029962547,57.0526315789474,14.3712574850299,7.4,103.873796568273,1,3,0,91,"없음",45,-10.4785478547855,65,,,,1,0,20261007,10680.0,10850.0,102.542226169962,0,,,1,0,10064.3588112066,11514.3588112066
20261007,031510,"오스템",KOSDAQ,1132.0,0.0,"자동차부품",0.58,0.6311893425,31696000000.0,1220.0,-7.21311475409836,,36.6024518388792,15.6479217603912,7.8,63.6770008490267,4,3,0,86,"없음",60,8.63723608445297,85,20260601,11.9469026548673,8.20944532454111,0,0,,,,,0,,,0,0,1123.86407499449,1130.86407499449
20261007,031820,"아이티센씨티에스",KOSPI,5830.0,1.75,"IT서비스",2.93,1.86181635,70573001180.0,6560.0,-11.1280487804878,,22.1761658031088,18.4027777777778,9.6,163.752858231707,1,1,0,59,"없음",30,-17.771509167842,52,,,,1,0,,,,,1,5610.0,"지지 재탈환",0,0,6070.11599303181,6070.11599303181
20261007,031980,"피에스케이홀딩스",KOSDAQ,204500.0,3.81,"반도체와반도체장비",482.81,324.15764445,4409509777500.0,174000.0,17.816091954023,3.90804597701149,28.2733086502861,16.721044045677,6.6,127.758723203279,5,2,0,59,"돌파완료",63,85.3526220614828,97,20260610,10.96,2.85148192615672,0,0,20260929,174000.0,180800.0,96.0319137963959,1,173900.0,"저항→지지",0,0,177934.704057481,177934.704057481
20261007,032190,"다우데이타",KOSDAQ,19020.0,-1.04,"증권",6.99,10.044251485,728466000000.0,20800.0,-8.55769230769231,,53.7878787878788,16.849243609807,9.8,53.7719833506266,1,1,0,81,"없음",30,-19.9157894736842,48,,,,0,0,,,,,0,,,0,0,19426.5443598398,19476.5443598398
20261007,032280,"삼일",KOSDAQ,1333.0,0.76,"항공화물운송과물류",0.05,0.3958088655,21612715470.0,1404.0,-5.05698005698006,,65.9667541557305,8.48708487084871,9.4,11.4192090221521,0,1,0,69,"없음",27,-4.71765546819157,73,,,,0,0,,,,,1,1320.0,"지지 재탈환",0,0,1317.95443543379,1335.95443543379
20261007,032300,"한국파마",KOSDAQ,8980.0,4.42,"제약",130.25,16.371186965,97942174980.0,8150.0,9.8159509202454,5.76687116564417,0.0,18.0645161290323,9.8,1688.13816956172,0,1,0,58,"없음",33,-22.9776247848537,41,20261002,13.421052631579,248.567990520803,0,0,20261002,8150.0,8620.0,20836.7643123289,1,7850.0,"저항→지지",0,0,8525.23704483581,8525.23704483581
20261007,032350,"롯데관광개발",KOSPI,11180.0,2.57,"호텔,레스토랑,레저",59.2,34.004006585,891330620440.0,12290.0,-9.92676973148902,,64.2624728850325,38.6706948640483,12.2,148.48729751416,0,1,0,56,"없음",27,-38.9072847682119,18,,,,0,0,,,,,0,,,0,0,11646.5138906578,13136.5138906578
20261007,032500,"케이엠더블유",KOSDAQ,20250.0,-3.11,"통신장비",37.24,53.06228352,854381945250.0,21650.0,-6.9284064665127,,38.2962962962963,31.25,9.8,74.4842960885687,2,3,0,77,"관망",50,-30.9931506849315,28,20260916,10.0182149362477,4.16743077670205,0,0,,,,,1,15500.0,"저항→지지",0,0,19215.0589794699,19215.0589794699
20261007,032540,"TJ미디어",KOSDAQ,3770.0,0.0,"전자제품",0.07,0.358256935,78783247010.0,4600.0,-17.8260869565217,,4.7001620745543,18.809201623816,16.2,23.4179558975151,3,3,0,79,"없음",59,-2.95250320924262,75,20260609,9.40298507462687,3.00483475896739,0,0,,,,,1,3115.0,"저항→지지",0,0,4249.69432187532,4249.69432187532
20261007,032560,"황금에스티",KOSPI,5570.0,0.36,"비철금속",0.43,0.705670925,94690000000.0,5900.0,-5.59322033898305,,0.600600600600607,7.99256505576208,11.4,38.6013622835228,1,1,0,65,"없음",32,-5.91216216216216,71,,,,1,0,,,,,1,5550.0,"지지 재탈환",0,0,5543.88567433406,5593.88567433406
20261007,032620,"GC메디아이",KOSDAQ,3220.0,-0.92,"건강관리기술",1.08,1.14196507,168074787580.0,3325.0,-2.40601503759399,,46.6824644549763,12.4172185430464,9.6,58.4049305517516,0,3,0,96,"없음",36,-19.6782178217822,48,,,,0,0,,,,,1,3150.0,"저항→지지",0,0,3156.18320349937,3156.18320349937
20261007,032640,"LG유플러스",KOSPI,14500.0,-0.41,"무선통신서비스",83.17,126.463233595,6154202114000.0,14840.0,-2.49326145552561,,53.3007334963325,10.7438016528926,7.4,63.8337939036929,0,1,0,72,"관망",30,-7.48081841432225,69,,,,0,0,,,,,1,14420.0,"지지 재탈환",0,0,14516.5594359649,15076.5594359649
20261007,032680,"소프트센",KOSDAQ,999.0,-0.3,"IT서비스",0.26,0.8682996905,23032825119.0,1089.0,-8.26446280991736,,36.5024288688411,24.3268337975859,8.2,15.1355566618426,0,2,0,78,"없음",35,-16.4016736401674,54,20260921,8.41530054644808,5.48885779018824,0,0,,,,,1,930.0,"저항→지지",0,0,967.583295213846,967.583295213846
20261007,032750,"삼진",KOSDAQ,2925.0,0.34,"전자제품",0.06,0.14941457,26416031850.0,3200.0,-8.59375,,50.8997429305913,9.98415213946117,5.0,23.2602113939581,0,2,0,91,"없음",40,-12.0300751879699,62,,,,0,0,,,,,0,,,0,0,3046.21661266985,3046.21661266985
20261007,032800,"판타지오",KOSDAQ,1481.0,-1.0,"방송과엔터테인먼트",0.03,0.217953019,22373502544.0,1658.0,-9.89143546441496,,53.0859662013226,20.0114351057747,9.4,7.60502409105676,0,1,0,85,"없음",29,-17.5496688741722,52,20260629,11.5757575757576,13.4774450776856,0,0,,,,,0,,,0,0,1575.69762858453,1578.69762858453
20261007,032820,"우리기술",KOSDAQ,12390.0,-3.2,"우주항공과국방",386.84,934.665569415,2140801342680.0,14790.0,-16.4976335361731,,41.1431805319751,26.133909287257,5.0,67.6142419574409,2,1,0,56,"관망",40,-43.9909297052154,12,20260909,21.2531752751905,12.3675839864081,0,0,,,,,1,12300.0,"저항→지지",0,0,13265.0077939405,13265.0077939405
20261007,032830,"삼성생명",KOSPI,280500.0,-1.58,"생명보험",479.85,825.20082675,56100000000000.0,304000.0,-8.38815789473684,,69.9708454810496,16.4133738601824,6.0,43.8602761534177,2,3,0,88,"관망",56,22.6872246696035,91,,,,0,0,,,,,0,,,0,0,287579.563628161,312079.563628161
20261007,032850,"비트컴퓨터",KOSDAQ,4010.0,-1.6,"건강관리기술",2.64,2.7795294775,66659404930.0,4350.0,-8.62068965517241,,11.0348941246645,18.0288461538462,10.8,131.214151530368,0,3,0,74,"없음",31,-26.3888888888889,35,,,,0,0,,,,,1,3910.0,"지지 재탈환",0,0,4066.47890044771,4066.47890044771
20261007,032860,"더라미",KOSDAQ,3150.0,3.45,"판매업체",0.84,0.3045968975,25449391800.0,3280.0,18.75,18.75,16.4456233421751,26.4367816091954,4.8,233.255475754395,0,2,0,49,"없음",22,-39.3302180685358,17,20261007,31.5878378378378,2.83227395063849,0,0,20261007,3280.0,3895.0,238.413254315067,1,2725.0,"지지 재탈환",1,1,2714.87665419025,2934.87665419025
20261007,032940,"원익",KOSDAQ,8800.0,-4.97,"화장품",16.46,157.097577825,160099992800.0,11600.0,-24.3103448275862,,52.4471921689851,31.1274509803922,11.4,11.2034888512827,1,1,0,52,"관망",35,-11.1336032388664,63,20260904,17.1328671328671,8.52504101889308,0,0,,,,,1,6420.0,"저항→지지",0,0,10121.2394971745,10121.2394971745
20261007,032960,"동일기연",KOSDAQ,2685.0,0.19,"전자장비와기기",0.79,1.09168433,47237137875.0,2925.0,-7.86324786324786,,1.32689987937272,16.7464114832536,9.8,138.581188478241,1,3,0,74,"없음",40,-15.6758448060075,55,20261001,8.08270676691729,3.16970041317326,0,0,,,,,1,2250.0,"저항→지지",0,0,2528.15688565651,2528.15688565651
20261007,033050,"제이엠아이",KOSDAQ,806.0,-0.74,"가정용품",0.05,0.158227029,25662498368.0,849.0,-5.06478209658422,,69.4825765575502,18.7564766839378,7.4,10.2309127135139,2,3,0,96,"없음",56,-9.94413407821229,65,,,,0,0,,,,,0,,,0,0,800.140270295827,904.140270295827
20261007,033100,"제룡전기",KOSDAQ,49300.0,-2.18,"전기장비",76.76,35.15313125,791876763700.0,47450.0,3.89884088514226,3.16122233930453,71.3669064748201,16.2135922330097,7.2,137.710367559275,2,3,0,90,"관망",53,4.8936170212766,82,,,,0,0,20261001,47450.0,48950.0,71.4124254766158,1,48900.0,"저항→지지",0,0,46452.6587329593,47352.6587329593
20261007,033130,"디지틀조선",KOSDAQ,1693.0,-0.65,"IT서비스",0.27,0.8381080335,62836147031.0,1987.0,-14.7961751383996,,40.5121470781353,23.4942528735632,11.0,34.7573926183613,2,1,0,59,"없음",32,-32.950495049505,25,,,,0,0,,,,,0,,,0,0,1737.6307430885,2031.6307430885
20261007,033160,"엠케이전자",KOSDAQ,20350.0,4.36,"반도체와반도체장비",350.93,166.00113235,499878580300.0,20950.0,-3.81861575178998,,34.4804981973124,35.6072351421189,7.0,171.334585786449,3,2,0,55,"수축중",54,9.9290780141844,86,20260805,11.0097719869707,2.85270708784928,0,0,,,,,1,17350.0,"저항→지지",0,0,18049.9399230057,18049.9399230057
20261007,033170,"시그네틱스",KOSDAQ,3335.0,-0.74,"반도체와반도체장비",5.46,13.150239216,57180786105.0,3420.0,-1.75438596491228,,0.0,32.9140461215933,9.4,56.3394390081838,1,2,0,53,"없음",40,-7.81893004115226,68,20261001,13.381555153707,4.13950691724282,0,0,,,,,1,1900.0,"저항→지지",0,0,3036.7724029399,3036.7724029399
20261007,033200,"모아텍",KOSDAQ,2435.0,-0.41,"전자장비와기기",0.03,0.15861484,22413028115.0,2655.0,-8.28625235404897,,51.328903654485,25.4385964912281,9.8,18.8016185990076,0,1,0,77,"없음",25,-30.7254623044097,28,,,,0,0,,,,,1,2425.0,"지지 재탈환",0,0,2434.90337470619,2624.90337470619
20261007,033230,"인성정보",KOSDAQ,1122.0,-0.88,"IT서비스",1.23,2.18191188,56678256360.0,1175.0,-4.59574468085106,,30.8914386584289,21.4001591089897,5.4,46.7935799184156,0,2,0,82,"없음",35,-32.1428571428571,26,20260928,10.0990099009901,8.63019994119171,0,0,,,,,1,1069.0,"저항→지지",0,0,1072.61149790063,1138.61149790063
20261007,033240,"자화전자",KOSPI,27400.0,-3.01,"통신장비",18.92,20.02869965,591990754800.0,28300.0,-3.53356890459364,,55.7412989860236,20.440251572327,4.0,72.3504564869415,2,2,0,75,"없음",50,-24.585635359116,38,20260813,11.4180478821363,3.40853745921618,0,0,,,,,0,,,0,0,28570.6173405606,30420.6173405606
20261007,033250,"체시스",KOSPI,4060.0,-0.73,"자동차부품",1.25,2.2776346325,25984000000.0,4715.0,-14.9522799575822,,30.6519898391194,24.5283018867925,10.8,56.3716107065276,0,2,0,72,"없음",30,-19.2346424974824,49,20260715,29.8611111111111,12.777457562058,0,0,,,,,0,,,0,0,4365.62879434871,4365.62879434871
20261007,033270,"유나이티드제약",KOSPI,17820.0,0.45,"제약",3.83,4.953427695,283530010500.0,18750.0,-3.89333333333333,,50.7042253521127,10.5058365758755,11.4,77.7162787171127,1,2,0,82,"없음",40,-12.5242718446602,61,,,,1,0,,,,,0,,,0,0,17935.4764258746,18035.4764258746
20261007,033290,"로젠",KOSDAQ,1524.0,0.33,"항공화물운송과물류",0.31,0.237014237,85582202724.0,1600.0,-4.4375,,32.7058823529412,15.792646172393,9.6,78.2704397936496,0,1,0,86,"없음",31,-24.1191066997519,39,20260609,10.5082417582418,26.1136973575265,0,0,,,,,0,,,0,0,1495.77790325167,1554.77790325167
20261007,033310,"엠투엔",KOSDAQ,1439.0,-0.14,"자동차부품",0.31,0.700180706,57520364184.0,1513.0,-4.89094514210178,,41.6666666666667,23.5580264072272,15.4,16.2070637333424,0,1,0,53,"없음",35,-23.9026969857218,40,20260825,12.2781065088757,17.2158798386864,0,0,,,,,1,1430.0,"지지 재탈환",0,0,1414.34960220758,1505.34960220758
20261007,033320,"제이씨현시스템",KOSDAQ,3115.0,-2.96,"컴퓨터와주변기기",1.09,4.3353507725,59541455680.0,3190.0,-1.72413793103448,0.783699059561128,49.8595505617977,22.4161073825503,6.8,14.5813634148961,0,2,0,59,"없음",47,-36.1507128309572,21,20260806,11.7021276595745,42.7752975284984,0,0,20261006,3190.0,3215.0,30.2041456345628,1,3010.0,"지지 재탈환",0,0,3291.990636416,3421.990636416
20261007,033530,"SJG세종",KOSPI,6810.0,-0.44,"자동차부품",1.72,2.10689702,184226156190.0,6850.0,-0.875912408759124,,53.9518900343643,14.7019867549669,6.6,51.0219724258506,0,3,0,97,"없음",45,-11.1256544502618,63,,,,0,0,,,,,0,,,0,0,6615.7245101681,7075.7245101681
20261007,033540,"파라텍",KOSDAQ,2735.0,1.3,"기계",0.55,0.79576391,28578742510.0,2990.0,-9.03010033444816,,57.5633687653311,39.6511627906977,6.8,99.273680269562,0,1,0,64,"없음",29,-53.1034482758621,6,20260701,12.9564193168433,4.24075447071397,0,0,,,,,1,2665.0,"지지 재탈환",0,0,2974.05133451419,4489.05133451419
20261007,033560,"블루콤",KOSDAQ,5800.0,2.47,"부동산",1.61,0.993113615,99180000000.0,5070.0,13.4122287968442,4.73372781065089,5.46296296296296,16.6666666666667,9.4,74.2225259027336,5,1,0,61,"없음",55,73.1927710843374,97,20260929,9.82419855222336,3.47454240783707,0,0,20260929,5070.0,5310.0,112.657814140414,1,5070.0,"저항→지지",1,1,5063.82297286228,5063.82297286228
20261007,033640,"네패스",KOSDAQ,31150.0,-3.71,"반도체와반도체장비",75.54,69.513765825,718294142300.0,28700.0,8.36236933797909,1.91637630662021,22.5046497210167,53.6585365853659,11.4,118.739085671148,4,3,0,69,"돌파완료",60,54.726368159204,95,20260917,10.5590062111801,3.56116496356222,0,0,20260929,28700.0,29250.0,227.234435151269,1,28700.0,"저항→지지",0,0,29867.6216626763,29867.6216626763
20261007,033780,KT&G,KOSPI,178300.0,1.08,"담배",320.25,384.5441209,18509404304800.0,179700.0,-0.556483027267668,,52.212389380531,12.6892950391645,9.2,71.7722557716109,5,2,0,80,"수축중",62,11.6875,87,,,,1,0,,,,,1,173200.0,"저항→지지",0,0,170890.841303982,182690.841303982
20261007,033790,"피노",KOSDAQ,9880.0,-4.26,"전기제품",140.22,186.445952185,849807975640.0,10470.0,-5.8261700095511,,31.5123010130246,29.2703150912106,9.8,81.7808788350043,3,1,0,43,"관망",50,25.765306122449,92,20260904,15.515288788222,3.51892075639159,0,0,,,,,1,8270.0,"저항→지지",0,0,8948.46863438835,8948.46863438835
20261007,033830,"티비씨",KOSDAQ,1704.0,0.59,"방송과엔터테인먼트",0.04,0.189139048,32217749520.0,1830.0,-9.01639344262295,,16.9491525423729,19.35,2.8,19.0651101043595,0,2,0,64,"없음",30,-44.5,12,,,,0,0,,,,,1,1659.0,"저항→지지",0,0,1850.21275117849,1850.21275117849
20261007,033920,"무학",KOSPI,7300.0,0.41,"음료",0.36,1.288748785,208050000000.0,8000.0,-8.75,,40.0,10.3879849812265,14.2,23.7809856503212,0,1,0,75,"없음",25,-15.4113557358053,56,,,,0,0,,,,,0,,,0,0,7516.26603265556,7806.26603265556
20261007,034020,"두산에너빌리티",KOSPI,80500.0,-1.23,"기계",1806.59,2396.84127135,51565172253000.0,84000.0,-4.88095238095238,,58.9445910290238,22.972972972973,9.8,86.7558341510597,2,2,0,63,"관망",51,-19.7791164658635,48,20260825,10.5479452054795,2.50213136620795,0,0,,,,,0,,,0,0,86610.4032297933,86610.4032297933
20261007,034120,SBS,KOSPI,11690.0,-0.09,"방송과엔터테인먼트",0.1,0.64831605,216863972220.0,12380.0,-5.25040387722132,,59.0083798882682,19.1685912240185,12.4,14.4006191437021,0,3,0,93,"없음",45,-25.381679389313,37,,,,0,0,,,,,0,,,0,0,11923.3290909157,12293.3290909157
20261007,034220,"LG디스플레이",KOSPI,8280.0,-3.38,"디스플레이패널",227.98,250.206928065,4140000000000.0,8870.0,-6.8771138669673,,69.4769711163154,12.8450106157113,3.8,68.9237552327024,0,2,0,79,"관망",44,-27.5438596491228,33,20260529,11.5811373092926,4.51584348741184,0,0,,,,,0,,,0,0,8680.82945524309,10210.8294552431
20261007,034230,"파라다이스",KOSPI,9880.0,4.99,"호텔,레스토랑,레저",68.93,26.640233385,915178294160.0,10400.0,-4.42307692307692,,77.3667711598746,41.9230769230769,12.8,183.342264935883,0,1,0,65,"없음",30,-41.1834319526627,15,,,,1,0,,,,,1,9580.0,"지지 재탈환",0,0,9529.29775782058,11579.2977578206
20261007,034310,NICE,KOSPI,11700.0,0.0,"IT서비스",1.7,3.312288595,430058736900.0,12280.0,-4.64169381107492,,39.8970398970399,15.7971014492754,6.4,33.0179121321462,0,1,0,59,"없음",31,-10.8149276466108,64,,,,0,0,,,,,0,,,0,0,12272.6152028254,13032.6152028254
20261007,034590,"인천도시가스",KOSPI,26250.0,0.0,"가스유틸리티",0.21,0.2060079,114837292500.0,26900.0,-2.41635687732342,,24.5033112582781,8.03738317757009,6.6,71.6594444839099,2,2,0,80,"없음",43,-2.05223880597015,76,,,,0,0,,,,,0,,,0,0,26123.6396506015,26123.6396506015
20261007,034730,SK,KOSPI,578000.0,-1.37,"석유와가스",562.26,712.573251,41906562334000.0,628000.0,-8.28025477707006,,71.3664055700609,10.1899827288428,5.2,61.6892688492418,4,1,0,58,"관망",53,79.4392523364486,97,20260625,20.5056179775281,2.97741289597818,0,0,,,,,0,,,0,0,564135.551462971,609135.551462971
20261007,034810,"해성산업",KOSDAQ,5860.0,-0.68,"종이와목재",0.34,0.587194665,185059690720.0,6190.0,-5.33117932148627,,59.8621877691645,15.8518518518519,8.2,18.646126835707,0,1,0,81,"없음",35,-22.1779548472776,43,20260731,9.73913043478261,7.35160404810193,0,0,,,,,0,,,0,0,5966.80511869255,6346.80511869255
20261007,034830,"한국토지신탁",KOSPI,1113.0,0.18,"부동산",3.26,2.713796984,281020512990.0,1250.0,-10.8,,47.075208913649,9.47907771135781,12.8,103.192130742307,1,1,0,68,"없음",30,-31.1728395061728,28,,,,0,0,,,,,0,,,0,0,1191.53590006064,1191.53590006064
20261007,034940,"조아제약",KOSDAQ,2655.0,4.53,"제약",2.68,2.1433415,16450287075.0,3220.0,-17.2360248447205,,82.4274621986105,31.0533515731874,10.8,48.2529157833309,0,2,0,66,"없음",42,-40.5133928571429,16,20260828,20.9737827715356,38.7140914437466,0,0,,,,,1,2600.0,"지지 재탈환",0,0,2795.33648201403,3480.33648201403
20261007,034950,"한국기업평가",KOSDAQ,103400.0,0.98,"상업서비스와공급품",1.17,0.744537,469489147600.0,105000.0,-1.52380952380952,,51.3513513513513,6.00571973307912,9.6,102.760736196319,5,2,0,84,"없음",60,2.68123138033764,80,,,,0,0,,,,,0,,,0,0,101987.828153369,102487.828153369
20261007,035000,"HS애드",KOSPI,6390.0,4.07,"광고",8.25,11.360779085,103566845160.0,6380.0,0.156739811912226,,53.8834951456311,14.7142857142857,7.0,116.186342282605,0,2,0,78,"없음",32,-21.978021978022,44,,,,1,0,,,,,0,,,0,0,6263.9267598922,6673.9267598922
20261007,035080,"그래디언트",KOSDAQ,11340.0,-2.07,"인터넷과카탈로그소매",6.02,3.60111023,126714622860.0,12070.0,-4.8053024026512,,28.3391405342625,11.9685039370079,4.2,145.972880831217,3,2,0,65,"없음",55,-2.54452926208651,75,20260810,10.4733131923464,17.715186499995,0,0,,,,,0,,,0,0,11720.1654418886,11830.1654418886
20261007,035150,"백산",KOSPI,10380.0,-2.08,"섬유,의류,신발,호화품",1.87,1.424564585,205223800020.0,11380.0,-8.78734622144112,,37.3553719008264,12.5719769673704,12.8,108.750255715622,0,1,0,69,"없음",25,-19.0958690568979,49,,,,0,0,,,,,0,,,0,0,10797.6951751088,10797.6951751088
20261007,035200,"프럼파스트",KOSDAQ,2540.0,0.4,"건축제품",0.29,4.70720469,23418751740.0,2965.0,-14.5025295109612,,42.0814479638009,28.6931818181818,3.0,12.5583965995454,0,2,0,71,"없음",38,-31.4864864864865,27,,,,0,0,,,,,0,,,0,0,3223.27108385941,3223.27108385941
20261007,035250,"강원랜드",KOSPI,14330.0,0.14,"호텔,레스토랑,레저",21.84,31.375991785,3065767365000.0,14680.0,-2.79291553133515,,48.8924050632911,4.84196368527236,9.0,53.0706520247836,0,1,0,74,"없음",27,-16.8414918414918,53,,,,0,0,,,,,0,,,0,0,14476.8925818314,14476.8925818314
20261007,035420,NAVER,KOSPI,189000.0,-1.1,"양방향미디어와서비스",910.38,1267.8658498,28745835741000.0,229000.0,-17.8602620087336,,72.8326180257511,19.1397849462366,6.8,54.9409140560557,0,2,0,75,"관망",45,-10.4285714285714,65,20260727,8.43373493975903,2.71300602467216,0,0,,,,,0,,,0,0,205160.760558123,220660.760558123
20261007,035460,"기산텔레콤",KOSDAQ,2625.0,-0.19,"통신장비",2.47,4.805940245,39165892500.0,2685.0,-2.79329608938547,,12.0,26.4208242950108,11.6,70.4265024004251,2,2,0,58,"없음",47,-2.79329608938547,75,20260916,8.0338266384778,25.7076268776931,0,0,,,,,1,2420.0,"저항→지지",0,0,2516.0128059135,2516.0128059135
20261007,035510,"신세계 I&C",KOSPI,15230.0,-1.99,"IT서비스",10.06,34.13728093,212929107000.0,17700.0,-14.8022598870057,,29.4076655052265,8.1294964028777,6.6,59.1230718132628,0,1,0,51,"없음",26,-23.5294117647059,40,20260908,10.1511879049676,6.93815098812988,0,0,,,,,1,13590.0,"저항→지지",0,0,16335.0453586996,16335.0453586996
20261007,035600,"KG이니시스",KOSDAQ,9690.0,-0.1,"IT서비스",1.28,3.273444265,267002465460.0,10710.0,-9.52380952380952,,60.6361829025845,13.8164251207729,15.4,25.242339817988,0,1,0,82,"없음",29,-6.64739884393064,70,,,,0,0,,,,,0,,,0,0,10197.4319296878,10317.4319296878
20261007,035610,"솔본",KOSDAQ,4880.0,-1.01,"건강관리기술",0.35,2.98434879,133448465360.0,5410.0,-9.79667282809612,,32.258064516129,13.2553606237817,6.8,13.4400441048011,4,1,0,59,"없음",49,41.4492753623188,94,,,,0,0,,,,,1,4820.0,"지지 재탈환",0,0,5179.87726186729,5179.87726186729
20261007,035620,"바른손이앤에이",KOSDAQ,599.0,-0.66,"방송과엔터테인먼트",0.95,1.0872673985,11147340882.0,768.0,-22.0052083333333,,31.8373071528752,31.4814814814815,6.2,79.3880619480983,0,1,0,45,"없음",26,-46.1814914645103,11,20260728,11.25,6.0938536561489,0,0,,,,,0,,,0,0,663.452528302212,805.452528302212
20261007,035720,"카카오",KOSPI,33050.0,-1.34,"양방향미디어와서비스",375.49,420.9702507,14641166855500.0,37250.0,-11.6778523489933,,61.0084033613445,20.8685162846803,7.2,60.7490006629317,0,2,0,77,"관망",43,-31.8134715025907,26,,,,0,0,,,,,0,,,0,0,34542.5316653983,39092.5316653983
20261007,035760,"CJ ENM",KOSDAQ,35300.0,2.92,"방송과엔터테인먼트",17.16,28.58615185,774099136200.0,39550.0,-10.4930467762326,,16.3636363636364,17.8045515394913,7.4,59.1451192490479,0,3,0,81,"없음",36,-38.0035026269702,19,,,,0,0,,,,,1,34950.0,"저항→지지",0,0,36051.167984167,36051.167984167
20261007,035810,"이지홀딩스",KOSDAQ,4485.0,0.56,"식품",5.96,5.728154445,289355089725.0,4770.0,-6.60377358490566,,35.3909465020576,23.4580384226491,15.2,82.2278753120055,1,3,0,86,"없음",41,-21.7047451669596,44,,,,0,0,,,,,0,,,0,0,4523.93107478263,4523.93107478263
20261007,035890,"서희건설",KOSDAQ,2160.0,-1.82,"건설",3.77,5.5264847375,448391237760.0,2410.0,-10.7883817427386,,40.6882591093117,16.078431372549,3.6,64.5365606943199,0,2,0,69,"없음",33,-32.8125,25,,,,0,0,,,,,0,,,0,0,2336.96884982425,2336.96884982425
20261007,035900,"JYP Ent.",KOSDAQ,38650.0,2.11,"방송과엔터테인먼트",77.56,59.798892025,1373330815800.0,40450.0,-4.32632880098888,,77.3930753564155,22.6987447698745,7.8,84.2475514833549,0,1,0,84,"관망",30,-38.6687797147385,18,,,,1,0,,,,,1,38250.0,"지지 재탈환",0,0,38025.6985227165,47025.6985227165
20261007,036000,"예림당",KOSDAQ,2720.0,1.68,"출판",0.41,0.37731657,62653233440.0,3045.0,-10.6732348111658,,20.5588822355289,24.3204577968526,2.8,42.3787043811357,0,2,0,64,"없음",45,-13.7876386687797,59,20260820,8.09352517985611,4.08246366637405,0,0,,,,,0,,,0,0,3200.97428072133,3205.97428072133
20261007,036010,"아비코전자",KOSDAQ,8080.0,-3.46,"전기제품",6.19,7.353185355,107406906720.0,7680.0,5.078125,5.72916666666667,48.881239242685,28.1068524970964,6.8,60.2549463482719,2,3,0,89,"없음",50,-7.02764976958525,70,20260814,14.7812971342383,6.39771288066125,0,0,20261001,7680.0,8120.0,134.839462007521,1,7680.0,"저항→지지",0,0,7975.94392434878,7975.94392434878
20261007,036030,"케이티알파",KOSDAQ,5040.0,1.61,"인터넷과카탈로그소매",1.58,1.6252459475,247056470640.0,5080.0,-0.78740157480315,,16.1137440758294,6.49779735682819,10.0,89.4282199113248,2,2,0,67,"없음",40,2.85714285714286,80,,,,1,0,,,,,1,4760.0,"저항→지지",0,0,4847.90011640892,4847.90011640892
20261007,036090,"위지트",KOSDAQ,1426.0,0.0,"디스플레이장비및부품",2.73,7.9940846925,60677032964.0,1535.0,-7.36156351791531,,63.0300957592339,22.3926380368098,4.0,34.8513357969455,0,2,0,75,"없음",35,-18.0403458213256,51,20260904,8.53269537480064,17.6994596396082,0,0,,,,,1,1369.0,"저항→지지",0,0,1462.10766793313,1462.10766793313
20261007,036120,"서울평가정보",KOSDAQ,1530.0,-1.1,"상업서비스와공급품",0.89,0.995245812,53771850000.0,1754.0,-13.2839224629418,,38.3739837398374,23.9130434782609,9.8,34.4899001540339,0,1,0,75,"없음",26,-26.3438256658596,36,,,,0,0,,,,,0,,,0,0,1648.7455534217,1734.7455534217
20261007,036170,"에이치엠넥스",KOSDAQ,3200.0,2.07,"디스플레이장비및부품",6.03,7.82064266,196370003200.0,2935.0,9.02896081771721,2.89608177172061,31.5137067938022,26.3698630136986,7.0,62.5670273911696,2,2,0,69,"없음",45,-33.4719334719335,24,20260917,8.54870775347914,3.60695660305504,0,0,20261002,2935.0,3020.0,106.942071185432,1,2935.0,"저항→지지",1,1,2723.15689335242,2723.15689335242
20261007,036190,"금화피에스시",KOSDAQ,33450.0,0.15,"건설",1.52,1.23787125,200700000000.0,35000.0,-4.42857142857143,,18.1564245810056,13.4564643799472,5.4,64.3362854387002,2,2,0,88,"없음",53,-12.0893561103811,62,,,,0,0,,,,,0,,,0,0,33183.7970540621,35733.7970540621
20261007,036200,"유니셈",KOSDAQ,10690.0,-3.08,"반도체와반도체장비",18.0,27.7446357,327800543870.0,9500.0,12.1052631578947,10.1052631578947,43.677269200931,19.0338164251208,6.4,69.4148524769335,1,3,0,86,"없음",38,15.1351351351351,88,20260929,12.4731182795699,5.59777328561557,0,0,20260929,9500.0,10460.0,502.884229088343,1,9280.0,"저항→지지",0,0,9990.73400347258,9990.73400347258
20261007,036220,"오상헬스케어",KOSDAQ,6880.0,6.67,"생명과학도구및서비스",22.36,22.413642085,98448782080.0,7690.0,-13.1339401820546,,0.0,10.9677419354839,9.8,235.60823168745,0,1,0,33,"없음",22,-24.3488108720272,39,,,,0,0,,,,,0,,,0,0,7420.29464493232,7420.29464493232
20261007,036460,"한국가스공사",KOSPI,36250.0,0.83,"가스유틸리티",41.04,54.8611742,3346346250000.0,37050.0,-2.56410256410256,,37.9581151832461,9.71128608923885,4.2,73.2910812631003,1,2,0,77,"없음",40,0.837988826815642,79,,,,0,0,,,,,1,35150.0,"지지 재탈환",0,0,35643.889037831,36193.889037831
20261007,036480,"대성미생물",KOSDAQ,5960.0,0.0,"제약",0.23,0.22618567,22648000000.0,6330.0,-5.84518167456556,,52.7472527472528,17.2463768115942,11.0,71.7762272723931,0,1,0,80,"없음",31,-25.2195734002509,37,20260703,9.61538461538463,5.34326039365233,0,0,,,,,0,,,0,0,5919.89884947356,6439.89884947356
20261007,036530,"SNT홀딩스",KOSPI,44700.0,0.0,"자동차부품",4.12,5.6962769,728783704200.0,49900.0,-10.4208416833667,,39.2857142857143,18.2994454713494,10.6,76.1941896492554,0,2,0,57,"없음",28,-24.8739495798319,38,,,,0,0,,,,,0,,,0,0,46656.1144936972,50856.1144936972
20261007,036540,"SFA반도체",KOSDAQ,11450.0,-2.39,"반도체와반도체장비",463.2,808.84140735,1883070469350.0,11160.0,1.88172043010753,2.68817204301075,3.38983050847458,42.3611111111111,11.0,92.8598466056705,4,2,0,48,"돌파완료",60,75.7341576506955,97,20260921,18.020022246941,6.67128111975117,0,0,20261002,11160.0,11460.0,166.303200364404,1,11160.0,"저항→지지",0,0,11020.5716555415,11020.5716555415
20261007,036560,"KZ정밀",KOSDAQ,11850.0,-0.92,"기계",0.54,0.549454635,186637500000.0,12750.0,-7.05882352941176,,55.0649350649351,13.1598513011152,8.0,55.7416614849205,0,2,0,82,"없음",39,-21.6269841269841,44,,,,0,0,,,,,0,,,0,0,11817.4682354391,12887.4682354391
20261007,036570,NC,KOSPI,238000.0,6.25,"게임엔터테인먼트",491.52,266.4362255,5127477236000.0,244500.0,-3.47648261758691,,18.4543325526932,25.410447761194,7.4,225.50215734648,2,3,0,77,"관망",52,2.8322440087146,80,20260602,14.3824027072758,5.37193305122116,1,0,,,,,1,224500.0,"저항→지지",0,0,220914.686367373,244414.686367373
20261007,036580,"팜스코",KOSPI,2450.0,0.0,"식품",0.55,0.9257840475,89983460350.0,2890.0,-15.2249134948097,,47.5504322766571,26.1290322580645,12.0,49.5720657107387,1,1,0,64,"없음",35,-25.6449165402124,37,20260708,11.1111111111111,4.97693281841065,0,0,,,,,0,,,0,0,2638.16385576696,2768.16385576696
20261007,036620,"감성코퍼레이션",KOSDAQ,3825.0,1.59,"섬유,의류,신발,호화품",7.36,7.4284795125,343725760800.0,4000.0,-4.125,,63.9744952178534,24.3697478991597,7.4,62.2604079285589,0,2,0,84,"없음",41,-30.7761732851986,28,,,,1,0,,,,,1,3685.0,"지지 재탈환",0,0,3662.70725583581,4422.70725583581
20261007,036630,"세종텔레콤",KOSDAQ,8000.0,3.36,"다각화된통신서비스",0.1,0.867662515,112000000000.0,8870.0,-9.80834272829763,,56.5116279069767,45.3083109919571,11.8,9.90468492334379,0,2,0,68,"없음",45,-14.0708915145005,58,20260909,13.4471718249733,3.3984926543322,0,0,,,,,0,,,0,0,9434.87004950578,9434.87004950578
20261007,036640,HRS,KOSDAQ,5040.0,0.8,"화학",3.11,1.37565744,82428192000.0,4980.0,1.20481927710843,0.602409638554217,38.1374722838138,12.5766871165644,15.0,169.297754925693,2,3,0,89,"없음",48,-1.5625,76,,,,1,0,20261006,4980.0,5010.0,214.90177937462,1,4980.0,"저항→지지",0,0,4881.15294604951,4881.15294604951
20261007,036670,"삼양케이씨아이",KOSDAQ,5070.0,0.8,"화학",1.23,0.44768142,54554214000.0,5180.0,-2.12355212355212,,49.7153700189753,4.97131931166348,4.8,277.950550248792,0,2,0,81,"없음",30,-17.0212765957447,53,,,,0,0,,,,,1,5060.0,"지지 재탈환",0,0,5000.96142204917,5090.96142204917
20261007,036710,"심텍홀딩스",KOSDAQ,5150.0,-0.58,"반도체와반도체장비",9.87,16.3328594975,272062933100.0,4780.0,7.94979079497908,4.81171548117155,40.8263305322129,22.1276595744681,7.6,53.7430353396592,5,3,0,86,"없음",60,102.352941176471,98,20260810,20.5479452054794,7.64975034344124,0,0,20261002,4780.0,5010.0,169.995334545723,1,4780.0,"저항→지지",0,0,4756.38647057438,4756.38647057438
20261007,036800,"나이스정보통신",KOSDAQ,8220.0,-0.72,"상업서비스와공급품",6.53,10.887978925,374010000000.0,8750.0,-6.74285714285714,,19.3850267379679,12.7791563275434,4.6,57.0163537757442,5,2,0,54,"없음",60,63.855421686747,96,20261002,8.16326530612246,3.25031426232805,0,0,,,,,1,8060.0,"저항→지지",0,0,7968.48988098025,7968.48988098025
20261007,036810,"에프에스티",KOSDAQ,34400.0,-4.04,"반도체와반도체장비",40.63,41.54641875,744752741600.0,36650.0,-6.54843110504775,,27.9957012358947,24.7404844290657,6.8,76.6404973685274,1,2,0,65,"관망",42,-12.1794871794872,61,20261001,11.0935023771791,2.60399383209557,0,0,,,,,1,26850.0,"저항→지지",0,0,32603.5703379002,32603.5703379002
20261007,036830,"솔브레인홀딩스",KOSDAQ,47500.0,-3.65,"전기제품",24.92,29.217387225,973939097500.0,45800.0,4.14847161572052,6.87772925764192,29.010989010989,21.3740458015267,10.0,80.6699404257939,3,1,0,50,"없음",48,-2.6530612244898,75,20261002,10.9977324263039,4.51004365529573,0,0,20261002,45800.0,48950.0,410.934890592215,1,44100.0,"저항→지지",0,0,44460.4469403202,44460.4469403202
20261007,036890,"진성티이씨",KOSDAQ,11250.0,-1.06,"기계",4.21,7.507806105,247867008750.0,13480.0,-16.6913946587537,,69.0,24.6630727762803,7.4,56.7547622133149,1,1,0,72,"없음",27,-32.9952267303103,25,,,,0,0,,,,,0,,,0,0,12491.4910474379,13851.4910474379
20261007,036930,"주성엔지니어링",KOSDAQ,252500.0,-9.34,"반도체와반도체장비",6086.68,3549.1811673,11736483052500.0,239500.0,5.01043841336117,18.1628392484342,38.6576858311282,56.3963963963964,11.0,163.02693021191,5,2,0,54,"돌파완료",70,286.328725038402,99,20261006,18.1628392484342,2.57563690838257,0,0,20261006,239500.0,283000.0,256.846862002286,1,214000.0,"저항→지지",0,0,245075.022851946,245075.022851946
20261007,037030,"파워넷",KOSDAQ,3955.0,-4.0,"전기제품",27.03,16.13916221,100903883360.0,3950.0,0.0,5.06329113924051,37.0623398804441,31.0038119440915,10.0,183.755277098363,2,3,0,82,"없음",50,-31.6608996539792,27,20261002,10.6666666666667,3.4345960657724,0,0,20261002,3950.0,4150.0,337.887095210322,1,3815.0,"저항→지지",0,0,3724.28614648575,3724.28614648575
20261007,037070,"파세코",KOSDAQ,6790.0,0.15,"가정용기기와용품",4.01,3.726203245,135800000000.0,6510.0,4.3010752688172,1.0752688172043,85.1851851851852,37.3044524669073,8.6,7.37463928891822,0,2,0,85,"없음",49,-22.3112128146453,42,20260715,8.68385345997287,2.5334670174369,1,0,20260928,6510.0,6580.0,4.84096673549497,1,6510.0,"저항→지지",0,0,6197.85707580703,8467.85707580703
20261007,037230,"한국팩키지",KOSDAQ,1330.0,0.3,"포장재",0.25,0.9141141805,39634434910.0,1496.0,-11.096256684492,,28.4859365649312,18.3544303797468,3.0,18.2422013179945,0,2,0,61,"없음",40,-49.9058380414313,8,,,,0,0,,,,,1,1315.0,"지지 재탈환",0,0,1423.92897282898,1519.92897282898
20261007,037270,"YG PLUS",KOSPI,3160.0,1.77,"방송과엔터테인먼트",7.21,3.142287175,201175427600.0,3180.0,-1.10062893081761,,60.0600600600601,18.1446111869031,7.4,132.591375511835,0,1,0,81,"없음",27,-39.7509578544061,17,,,,1,0,,,,,1,3090.0,"지지 재탈환",0,0,3062.37959579802,3427.37959579802
20261007,037330,"인지디스플레",KOSDAQ,726.0,0.14,"디스플레이장비및부품",0.31,0.2932645575,31860672624.0,768.0,-5.46875,,72.2719141323793,20.1660735468565,7.4,52.031892923076,0,2,0,77,"없음",47,-47.007299270073,10,20260820,8.10810810810811,3.19659650529428,1,0,,,,,1,700.0,"지지 재탈환",0,0,699.121356323568,910.121356323568
20261007,037350,"성도이엔지",KOSDAQ,8400.0,-0.71,"건설",21.23,10.455772735,127764000000.0,7990.0,4.75594493116396,4.50563204005006,69.6547546941248,14.9812734082397,3.6,182.523517233865,2,2,0,77,"없음",46,-16.7164179104478,54,20261001,8.02069857697283,3.00676478873033,0,0,20261001,7990.0,8350.0,236.902339952277,1,7990.0,"저항→지지",0,0,7885.10654689876,8165.10654689876
20261007,037370,EG,KOSDAQ,4330.0,2.61,"비철금속",0.37,0.8302637075,37346128760.0,4700.0,-8.51063829787234,,5.01635768811342,20.8139534883721,7.4,44.2342319494814,0,2,0,65,"없음",43,-15.8512720156556,55,20260914,8.87417218543047,4.81649060484248,0,0,,,,,1,3985.0,"저항→지지",0,0,4146.71254896382,4146.71254896382
20261007,037400,"우리엔터프라이즈",KOSDAQ,3335.0,0.3,"디스플레이장비및부품",0.32,1.0449279575,17490971115.0,4010.0,-16.8329177057357,,68.9750692520776,21.2927756653992,7.2,42.748852056301,0,2,0,61,"없음",42,-32.4214792299899,26,20260907,23.4177215189873,13.640483990203,0,0,,,,,0,,,0,0,3788.78386142167,3788.78386142167
20261007,037440,"희림",KOSDAQ,4050.0,-0.98,"건설",2.93,6.2256543325,56386023750.0,4350.0,-6.4367816091954,,61.68,17.4406604747162,5.4,12.3888901875507,1,3,0,91,"없음",55,-5.45876887340302,72,20260826,9.52380952380953,42.2743625642255,0,0,,,,,0,,,0,0,4044.96243566737,4524.96243566737
20261007,037460,"삼지전자",KOSDAQ,31400.0,-4.12,"통신장비",11.5,14.362495125,512401590800.0,33600.0,-6.25,,61.5243902439024,28.2853566958698,7.0,52.9543043400895,2,2,0,86,"없음",51,18.4210526315789,90,,,,0,0,,,,,1,31450.0,"저항→지지",0,0,30545.9140101421,36895.9140101421
20261007,037560,"LG헬로비전",KOSPI,1550.0,-0.45,"방송과엔터테인먼트",1.06,1.4352051215,120042640750.0,1635.0,-5.32110091743119,,37.2707263389582,16.1073825503356,7.2,51.7121061113812,0,2,0,75,"없음",40,-31.8061674008811,26,20260602,10.8391608391608,65.7846367774143,0,0,,,,,0,,,0,0,1545.0443732268,1668.0443732268
20261007,037710,"광주신세계",KOSPI,33550.0,-0.59,"백화점과일반상점",3.6,5.69823915,255891620600.0,44100.0,-23.8095238095238,,93.8359017076218,44.7986577181208,13.4,18.7257790324431,2,2,0,57,"없음",52,-8.44686648501362,67,20260626,29.97542997543,21.9306096922841,0,0,,,,,0,,,0,0,33899.9021997245,47749.9021997245
20261007,037760,"쎄니트",KOSDAQ,2545.0,1.8,"철강",0.29,0.990917865,86104783945.0,2540.0,0.196850393700787,,11.0810810810811,9.63114754098361,6.2,39.8928729303408,5,2,0,74,"없음",57,20.6161137440758,90,,,,0,0,,,,,1,2485.0,"저항→지지",1,1,2326.65117037118,2326.65117037118
20261007,037950,"엘컴텍",KOSDAQ,2750.0,-0.9,"전자장비와기기",0.34,0.6274480475,46446133250.0,3100.0,-11.4516129032258,,2.92825768667643,30.1675977653631,8.0,30.0359558663087,0,2,0,50,"없음",39,-30.6117290192113,28,,,,0,0,,,,,1,2660.0,"지지 재탈환",0,0,2751.03745128382,3191.03745128382
20261007,038010,"제일테크노스",KOSDAQ,5500.0,0.18,"조선",0.28,0.69035717,49500000000.0,5450.0,0.917431192660551,0.917431192660551,35.2642276422764,22.0713073005093,11.4,37.8257548058773,1,3,0,85,"없음",40,-10.7142857142857,64,,,,0,0,20261002,5450.0,5500.0,182.164866985155,1,5450.0,"저항→지지",0,0,5565.99533709883,5565.99533709883
20261007,038070,"서린바이오",KOSDAQ,4120.0,0.61,"생물공학",0.59,0.5019654225,38318785120.0,4955.0,-16.8516649848638,,3.95809080325959,28.3427495291902,6.2,61.2418965265522,0,2,0,50,"없음",36,-34.08,24,,,,0,0,,,,,1,3955.0,"지지 재탈환",0,0,4577.42173722248,4817.42173722248
20261007,038110,"에코플라스틱",KOSDAQ,2050.0,-0.97,"자동차부품",2.23,2.826543246,84397208500.0,2200.0,-7.5,,56.5402843601896,27.7092511013216,9.8,49.0310393359824,0,1,0,71,"없음",29,-44.9255751014885,12,,,,0,0,,,,,0,,,0,0,2042.59763182014,2112.59763182014
20261007,038290,"마크로젠",KOSDAQ,12470.0,-0.64,"생명과학도구및서비스",3.63,1.719956325,135192258000.0,12930.0,-3.63495746326373,,42.5298804780876,20.6349206349206,6.2,106.086558078136,0,2,0,91,"없음",37,-23.6987140232701,40,,,,0,0,,,,,1,12300.0,"저항→지지",0,0,12036.2157532419,13596.2157532419
20261007,038390,"레드캡투어",KOSDAQ,9940.0,0.2,"도로와철도운송",0.39,0.8140146,166204970680.0,10490.0,-5.24308865586273,,35.2517985611511,22.8130360205832,20.8,32.9264687249229,0,1,0,63,"없음",27,-4.60652591170825,73,,,,0,0,,,,,0,,,0,0,10082.8995134513,10082.8995134513
20261007,038460,"바이오스마트",KOSDAQ,2860.0,-0.69,"전기장비",2.27,2.9439708475,72285190120.0,2945.0,-2.20713073005093,,34.6895074946467,18.7919463087248,7.2,69.2603768678782,1,2,0,83,"없음",40,-33.4872979214781,24,,,,0,0,,,,,1,2730.0,"저항→지지",0,0,2729.64337965904,2749.64337965904
20261007,038540,"상상인",KOSDAQ,1965.0,-1.75,"기타금융",0.54,0.9927007945,108720135045.0,1979.0,-0.707427993936331,0.555836280949975,28.076062639821,28.8801571709234,8.0,23.3444776719196,2,3,0,90,"없음",60,-10.0686498855835,65,20260806,11.0294117647059,39.7460267526965,0,0,20261006,1979.0,1990.0,87.1360233302726,1,1918.0,"지지 재탈환",0,0,1911.46834040394,2361.46834040394
20261007,038620,"위즈코프",KOSDAQ,2120.0,-0.24,"운송인프라",0.19,0.631900835,32109293160.0,1997.0,6.15923885828743,5.40811216825238,30.6154655444503,18.7409200968523,9.6,34.8337595512856,0,3,0,87,"없음",34,-17.5097276264591,52,,,,0,0,20261001,1997.0,2105.0,170.815485943219,1,1959.0,"저항→지지",0,0,2070.83327122179,2070.83327122179
20261007,038680,"에스넷",KOSDAQ,3900.0,-1.27,"IT서비스",2.56,2.5418146125,77659303800.0,4240.0,-8.13679245283019,,43.8339438339438,28.3671036948748,10.4,43.3399170385721,4,1,0,62,"없음",53,1.16883116883117,79,20260819,13.8297872340426,8.85111935551403,0,0,,,,,1,3610.0,"지지 재탈환",0,0,3731.74872860775,4136.74872860775
20261007,038870,"에코심플렉스",KOSDAQ,2135.0,0.23,"에너지장비및서비스",0.17,1.165904594,29921916115.0,2285.0,-7.00218818380744,,33.4092980856882,13.1674442716433,7.2,24.3208941155564,0,2,0,71,"없음",32,-31.3408723747981,27,20260709,29.9760191846523,46.8871870127488,0,0,,,,,1,1940.0,"저항→지지",0,0,1953.45000576325,1953.45000576325
20261007,038880,"아이에이",KOSDAQ,3585.0,2.28,"자동차부품",0.67,0.63018785,26939206455.0,4100.0,-12.5609756097561,,53.5407725321888,40.2094240837696,6.8,79.1822753554635,0,2,0,57,"없음",35,-47.2794117647059,10,20260814,16.5986394557823,6.11126126355834,0,0,,,,,1,3395.0,"저항→지지",0,0,3501.02865744289,4401.02865744289
20261007,038950,"파인디지털",KOSDAQ,2840.0,-0.18,"전자제품",0.02,0.07729195,28998572600.0,3260.0,-13.1901840490798,,18.3856502242152,13.713405238829,3.8,19.0442905631542,1,2,0,52,"없음",30,-13.719512195122,59,,,,0,0,,,,,0,,,0,0,2990.74381509882,2990.74381509882
20261007,039010,"현대에이치티",KOSDAQ,8030.0,-1.11,"통신장비",5.05,2.71131438,69258750000.0,8810.0,-9.19409761634506,,25.9216589861751,17.1021377672209,7.8,133.310719611544,0,3,0,80,"없음",36,-4.4205495818399,73,,,,0,0,,,,,1,7770.0,"저항→지지",0,0,7878.4406517659,7878.4406517659
20261007,039020,"이건홀딩스",KOSDAQ,2600.0,-0.19,"건축자재",2.54,2.462278095,58720243400.0,2920.0,-11.1301369863014,,24.8046875,34.1891891891892,5.6,79.7636960650836,0,2,0,71,"없음",32,-19.9074074074074,48,20260818,8.17843866171004,3.45087895313198,0,0,,,,,1,2520.0,"지지 재탈환",0,0,2659.25667890297,3439.25667890297
20261007,039030,"이오테크닉스",KOSDAQ,519000.0,-4.6,"반도체와반도체장비",744.53,566.58951975,6393846450000.0,564000.0,-8.33333333333333,,38.0811808118081,16.7037861915368,6.6,119.809683929179,4,1,0,57,"관망",53,18.8505747126437,90,20260612,21.4285714285714,4.92000723450331,0,0,,,,,1,494500.0,"저항→지지",0,0,502410.462174127,502410.462174127
20261007,039130,"하나투어",KOSPI,30150.0,0.17,"호텔,레스토랑,레저",3.61,9.0475217,467021449800.0,35950.0,-16.1335187760779,,61.6182572614108,8.72894333843798,7.4,43.0853733750664,0,1,0,52,"없음",26,-28.2142857142857,32,,,,0,0,,,,,0,,,0,0,34074.8221561865,34074.8221561865
20261007,039200,"오스코텍",KOSDAQ,39500.0,0.89,"제약",58.44,38.991592375,1511197952000.0,37700.0,5.70291777188329,3.71352785145889,37.9652605459057,16.375,6.2,103.629324877635,0,3,0,84,"관망",41,-24.9529190207156,38,,,,0,0,20261006,37700.0,39100.0,127.263124307899,1,37700.0,"저항→지지",1,0,35321.6210685044,36171.6210685044
20261007,039240,"경남스틸",KOSDAQ,1963.0,1.13,"철강",0.35,0.983411694,52960962652.0,2125.0,-7.62352941176471,,40.5529953917051,23.5555555555556,9.8,31.9855556281299,0,1,0,87,"없음",25,-27.2962962962963,33,,,,0,0,,,,,0,,,0,0,1989.2428360372,1989.2428360372
20261007,039290,"인포뱅크",KOSDAQ,4160.0,0.73,"IT서비스",0.07,0.2645512625,36166948480.0,4290.0,-2.7972027972028,,33.4389857369255,16.0511363636364,9.6,27.2875685653862,0,1,0,68,"없음",27,-12.4868835257083,61,,,,1,0,,,,,1,3995.0,"저항→지지",0,0,3852.81433917834,3852.81433917834
20261007,039310,"세중",KOSDAQ,1213.0,1.76,"소프트웨어",0.45,0.4197560825,21981582071.0,1499.0,-19.079386257505,,18.1453634085213,26.7269205939316,4.2,33.1844771434231,1,1,0,48,"없음",35,-33.7158469945355,24,20260812,10.3817816476892,3.3795721570965,0,0,,,,,0,,,0,0,1283.86503100713,1578.86503100713
20261007,039340,"한국경제TV",KOSDAQ,4815.0,-0.41,"방송과엔터테인먼트",0.04,0.36774071,105930000000.0,5390.0,-10.6679035250464,,28.90625,5.2415210688592,11.2,8.34351329256361,0,1,0,60,"없음",29,-3.11871227364185,74,,,,0,0,,,,,0,,,0,0,5182.93090170849,5182.93090170849
20261007,039420,"케이엘넷",KOSDAQ,2650.0,-0.56,"IT서비스",0.86,0.37701704,60809534100.0,2830.0,-6.53710247349823,,26.5734265734266,11.5843270868825,7.4,117.552159675882,0,1,0,75,"없음",27,-7.19298245614035,69,,,,0,0,,,,,0,,,0,0,2680.53284612359,2785.53284612359
20261007,039440,"에스티아이",KOSDAQ,24350.0,-5.98,"반도체와반도체장비",46.42,24.73543002,377596594450.0,21650.0,12.4711316397229,5.08083140877598,51.5335868187579,27.3705179282869,7.4,183.919712614277,0,2,0,58,"없음",32,-20.4248366013072,46,20261001,11.6379310344828,5.92835981834136,0,0,20260929,21650.0,22750.0,309.010320311763,1,21650.0,"저항→지지",0,0,23681.656779844,24531.656779844
20261007,039490,"키움증권",KOSPI,247000.0,-2.37,"증권",195.72,171.1827815,6478394052000.0,279500.0,-11.9856887298748,,70.917225950783,32.027972027972,11.4,87.0085269673741,0,1,0,73,"관망",29,-43.7714285714286,13,,,,0,0,,,,,0,,,0,0,255440.422076119,311940.422076119
20261007,039560,"다산네트웍스",KOSDAQ,2870.0,-4.65,"통신장비",10.53,10.378553125,123089903160.0,3120.0,-8.17307692307692,,0.0,28.3088235294118,13.2,161.415630394423,1,1,0,65,"없음",34,-44.2607003891051,12,20261002,16.247582205029,16.1482462740327,0,0,,,,,1,2720.0,"저항→지지",0,0,2813.73551895226,2813.73551895226
20261007,039570,"HDC랩스",KOSPI,7420.0,0.0,"건설",0.35,0.45286478,192605399420.0,7840.0,-5.35714285714286,,38.6075949367089,16.4542294322132,21.8,45.082502097511,0,3,0,90,"없음",45,-9.62241169305725,66,,,,0,0,,,,,0,,,0,0,7463.86097708308,7553.86097708308
20261007,039610,"화성밸브",KOSDAQ,6560.0,-2.81,"기계",8.4,21.46161492,68292224000.0,7550.0,-13.2450331125828,,16.3804491413474,23.5188509874327,9.8,61.6807750311708,0,2,0,50,"없음",30,-17.6100628930818,52,20260930,16.4744645799012,8.18108693944307,0,0,,,,,1,6530.0,"저항→지지",0,0,6619.3035510902,6619.3035510902
20261007,039740,"한국정보공학",KOSDAQ,2945.0,-0.67,"판매업체",0.35,0.2795549475,23614179165.0,3780.0,-22.0899470899471,,15.7407407407407,17.7489177489178,7.0,63.8118313814232,2,1,0,52,"없음",36,-29.3764988009592,30,,,,0,0,,,,,0,,,0,0,3446.1810754909,3446.1810754909
20261007,039830,"오로라",KOSDAQ,15000.0,-0.07,"레저용장비와제품",5.31,7.666184645,161443350000.0,17240.0,-13.2250580046404,,58.8508415554266,45.2,8.2,34.1776432243101,2,2,0,75,"없음",52,46.6666666666667,95,20260921,8.34976988823142,2.52519841213,0,0,,,,,0,,,0,0,14993.1749221278,22753.1749221278
20261007,039840,"디오",KOSDAQ,9890.0,-0.6,"건강관리장비와용품",3.61,5.98784295,132682538920.0,10690.0,-7.57717492984097,,39.9786780383795,30.7458143074581,7.2,95.1977878182886,0,2,0,45,"없음",28,-39.8660986001217,17,,,,0,0,,,,,0,,,0,0,10424.614301769,12294.614301769
20261007,039860,"나노엔텍",KOSDAQ,4600.0,-0.22,"생명과학도구및서비스",16.66,13.4679001875,175228043800.0,4925.0,-6.80203045685279,,56.7964731814842,38.5576923076923,10.0,88.3333593181003,1,3,0,79,"없음",43,-15.9340659340659,55,20260722,29.8998569384835,5.41501399469256,0,0,,,,,1,4280.0,"저항→지지",0,0,4453.7039752919,4728.7039752919
20261007,039980,"폴라리스AI",KOSDAQ,5030.0,-3.45,"IT서비스",2.27,4.108153785,72337506420.0,5430.0,-7.91896869244936,,74.8830514573588,25.15625,5.8,4.0628304204088,0,3,0,84,"없음",48,-38.1953028430161,19,20260807,9.47546531302876,5.16976529292183,0,0,,,,,0,,,0,0,4819.18781166623,6389.18781166623
20261007,040160,"누리플렉스",KOSDAQ,6830.0,5.4,"IT서비스",0.67,1.05392577,81163287330.0,7900.0,-20.126582278481,,20.6153846153846,23.9304812834225,3.0,36.2949191138927,2,2,0,57,"없음",50,-38.6783284742468,18,20260818,13.1531531531532,2.79027346191525,0,0,,,,,0,,,0,0,6553.64203671427,6553.64203671427
20261007,040300,YTN,KOSDAQ,2260.0,-0.66,"방송과엔터테인먼트",1.88,16.354760653,107749974800.0,3160.0,-28.4810126582279,,10.1175742574257,7.26840855106888,8.2,28.0652283337978,0,1,0,47,"없음",30,-27.3311897106109,33,20260915,18.961625282167,5.14457437667338,0,0,,,,,1,2080.0,"저항→지지",0,0,2893.15768407469,2893.15768407469
20261007,040350,"크레오에스지",KOSDAQ,3455.0,0.73,"IT서비스",2.15,4.3158359475,68603157180.0,4550.0,-26.043956043956,,73.0935640886966,61.3414634146341,6.2,56.0649260362555,2,2,0,50,"없음",42,-5.2112676056338,72,20260608,26.4705882352941,3.81151239432808,0,0,,,,,0,,,0,0,3663.97376060179,7488.97376060179
20261007,040420,"정상제이엘에스",KOSDAQ,5830.0,0.0,"교육서비스",0.47,0.62601668,91400128160.0,5990.0,-2.67111853088481,,37.4233128834356,9.78792822185971,21.4,58.4891362912125,1,3,0,85,"없음",44,0.0,78,,,,0,0,,,,,0,,,0,0,5852.99837061964,5852.99837061964
20261007,040610,SG&G,KOSDAQ,3210.0,-0.47,"자동차부품",0.46,0.61676396,54709949580.0,3315.0,-2.8657616892911,,53.7207872078721,11.8518518518519,6.6,51.1426007172765,0,1,0,81,"없음",31,-23.1503579952267,41,,,,0,0,,,,,0,,,0,0,3091.63032467417,3151.63032467417
20261007,040910,"아이씨디",KOSDAQ,4265.0,2.03,"디스플레이장비및부품",0.27,0.3366459525,77513282875.0,4895.0,-12.8702757916241,,21.1764705882353,14.3377885783718,9.8,59.2182827237175,2,1,0,50,"없음",32,-21.743119266055,44,,,,1,0,,,,,1,4200.0,"지지 재탈환",0,0,4431.21112220101,4431.21112220101
20261007,041020,"폴라리스오피스",KOSDAQ,3185.0,-2.0,"자동차부품",5.15,4.4399314025,158242880705.0,3245.0,-2.00308166409861,,45.7943925233645,13.1578947368421,8.0,50.5248844993451,0,3,0,91,"없음",49,-29.5681063122924,30,20260723,14.6840148698885,9.25470705091773,0,0,,,,,1,3100.0,"저항→지지",0,0,2970.82623423426,2970.82623423426
20261007,041190,"우리기술투자",KOSDAQ,6060.0,-3.35,"창업투자",89.37,189.33399,483588000000.0,6600.0,-8.03030303030303,,42.5847457627119,24.3323442136499,4.0,35.2055822922525,0,2,0,62,"관망",35,-5.74534161490683,71,20260825,15.8432708688245,18.1649055761908,0,0,,,,,1,5750.0,"저항→지지",0,0,5929.49355863182,6389.49355863182
20261007,041440,"현대에버다임",KOSDAQ,6360.0,-3.05,"기계",4.86,3.86100902,113473288320.0,7000.0,-9.28571428571429,,54.8172757475083,21.4397496087637,10.0,85.5031421853284,0,1,0,92,"없음",25,-28.6516853932584,32,,,,0,0,,,,,0,,,0,0,6500.24028296257,6790.24028296257
20261007,041460,"한국전자인증",KOSDAQ,3415.0,-0.29,"IT서비스",1.32,1.6303293225,62938822235.0,3800.0,-10.1315789473684,,39.3333333333333,16.4804469273743,11.0,84.190969089053,0,1,0,71,"없음",29,-14.3036386449184,58,20260624,9.17573872472783,2.8976625050989,0,0,,,,,1,3390.0,"지지 재탈환",0,0,3551.31519013625,3551.31519013625
20261007,041510,"에스엠",KOSDAQ,79200.0,1.28,"방송과엔터테인먼트",61.31,103.76931145,1813259448000.0,91000.0,-13.0769230769231,,31.3676286072773,8.5750315258512,5.2,69.538649159888,0,1,0,47,"관망",29,-12.1111111111111,62,20260611,21.1459754433833,4.40309505508583,0,0,,,,,1,77100.0,"저항→지지",0,0,82752.7716007414,82752.7716007414
20261007,041520,"이엘씨",KOSDAQ,12730.0,-2.45,"반도체와반도체장비",2.27,2.123438185,155162532900.0,12800.0,-0.546875,0.859375,39.5189003436426,42.2776911076443,18.2,65.2383415337144,5,1,0,52,"없음",56,38.9737991266376,94,20260814,11.2663755458515,7.46528118274873,0,0,20261001,12800.0,12910.0,114.720535923407,1,12340.0,"저항→지지",0,0,12018.5833274684,12288.5833274684
20261007,041650,"상신브레이크",KOSPI,2230.0,1.83,"자동차부품",0.16,0.1563855775,47881333500.0,2250.0,-1.33333333333333,,33.9957416607523,15.1785714285714,10.0,61.2416895951261,0,1,0,94,"없음",31,-15.5893536121673,55,,,,1,0,,,,,0,,,0,0,2304.06992685012,2304.06992685012
20261007,041830,"인바디",KOSDAQ,53200.0,1.72,"건강관리장비와용품",38.95,40.06233145,717182922400.0,63400.0,-15.615141955836,,58.1993569131833,30.8843537414966,8.0,69.5255660574586,4,2,0,57,"수축중",63,81.3559322033898,97,20260806,23.4567901234568,6.85571277977908,0,0,,,,,0,,,0,0,56186.8217685976,66686.8217685976
20261007,041910,"폴라리스AI파마",KOSDAQ,5900.0,3.51,"제약",5.03,1.648751045,78371765000.0,5700.0,3.33333333333333,3.33333333333333,54.5798637395912,19.5826645264847,5.8,121.111947541657,0,2,0,90,"없음",45,-18.5338865836791,50,20260723,8.72093023255813,6.16852574959328,1,0,20261007,5700.0,5890.0,109.118101738237,1,5600.0,"저항→지지",1,0,5228.12213164019,5828.12213164019
20261007,041920,"메디아나",KOSDAQ,10320.0,0.49,"건강관리장비와용품",7.09,6.551188625,191933661360.0,10650.0,-3.38028169014084,,60.5386416861827,60.0121359223301,14.8,88.2974848038263,1,2,0,58,"없음",35,-52.9061784897025,6,,,,0,0,,,,,1,8900.0,"저항→지지",0,0,9553.0340977922,9553.0340977922
20261007,041930,"SY동아",KOSDAQ,4965.0,-0.3,"자동차부품",0.56,18.38669333,75468000000.0,6260.0,-20.7667731629393,,57.233368532207,13.8412017167382,10.0,5.23001989732838,0,1,0,52,"없음",26,-20.1288244766506,47,,,,0,0,,,,,0,,,0,0,5849.20818941931,5849.20818941931
20261007,041960,"코미팜",KOSDAQ,10960.0,5.08,"제약",79.69,26.052112695,817815482960.0,10690.0,2.05799812909261,2.05799812909261,16.1947904869762,11.7988394584139,3.6,265.22335916709,5,2,0,71,"없음",64,28.2021151586369,92,20260807,9.04325032765401,3.31894156054601,0,0,20261007,10690.0,10910.0,277.651367266619,1,10380.0,"저항→지지",1,1,9629.87586767469,9629.87586767469
20261007,042000,"카페24",KOSDAQ,22400.0,-2.4,"IT서비스",85.6,59.336419345,541590985600.0,19560.0,15.0306748466258,9.40695296523517,0.0,19.4910665944775,9.6,242.279592631499,0,2,0,61,"관망",32,-16.5120593692022,54,20261006,11.4634146341464,3.88379430165959,0,0,20261001,19560.0,21400.0,608.645396339797,1,19560.0,"저항→지지",0,0,21561.206708455,21561.206708455
20261007,042040,"케이피엠테크",KOSDAQ,5190.0,3.18,"화학",0.4,0.325270985,45002443290.0,5430.0,-4.41988950276243,,70.7254830477579,32.8571428571429,7.6,35.81803490892,0,1,0,65,"없음",35,-59.7580832751803,4,20260917,10.1910828025478,5.32249115322491,1,0,,,,,1,4835.0,"저항→지지",0,0,4819.9528134036,5689.9528134036
20261007,042110,"에스씨디",KOSDAQ,1071.0,3.08,"전기제품",2.86,1.616426505,51760963044.0,1048.0,2.5763358778626,2.5763358778626,79.4871794871795,22.4522292993631,8.6,62.4214871117066,0,3,0,96,"없음",52,-27.1680216802168,34,20260713,13.1340579710145,29.9082471156057,0,0,20261007,1048.0,1075.0,60.1520003652079,1,1020.0,"저항→지지",0,0,996.515442574687,1395.51544257469
20261007,042370,"비츠로테크",KOSDAQ,10840.0,-8.06,"전기제품",139.16,173.34471022,284008271000.0,11970.0,-9.77443609022556,,0.0,22.210953346856,7.6,179.103510268495,2,1,0,59,"관망",43,-9.47191953059514,66,20260917,29.2655367231638,70.1452230320287,0,0,,,,,1,8910.0,"저항→지지",0,0,10630.7961158954,10630.7961158954
20261007,042420,"네오위즈홀딩스",KOSDAQ,21000.0,-4.76,"게임엔터테인먼트",2.81,1.900274825,170987943000.0,25000.0,-15.8,,9.91784037558686,12.6315789473684,9.4,154.088796778994,0,1,0,63,"없음",22,-11.3684210526316,63,,,,0,0,,,,,0,,,0,0,23214.3624007214,23214.3624007214
20261007,042500,"링네트",KOSDAQ,4355.0,0.0,"IT서비스",1.57,3.3402539875,97077932120.0,4560.0,-4.71491228070175,,17.659137577002,10.1307189542484,5.0,34.4131960074632,2,1,0,68,"없음",41,9.03387703889586,85,,,,0,0,,,,,1,4205.0,"지지 재탈환",0,0,4268.91847577048,4298.91847577048
20261007,042510,"라온시큐어",KOSDAQ,16620.0,11.77,"소프트웨어",2995.13,353.327318915,184578861360.0,12400.0,30.6451612903226,19.9193548387097,0.0,21.0986267166042,10.0,1590.12657314066,4,1,0,40,"돌파완료",49,83.4654586636467,97,20261007,8.94418291862811,10.7912795324071,0,0,20261006,12400.0,14870.0,842.206115421348,1,9130.0,"저항→지지",1,1,12714.1184827338,12714.1184827338
20261007,042520,"한스바이오메드",KOSDAQ,22400.0,0.67,"건강관리장비와용품",25.4,22.72967567,319454620800.0,23750.0,-5.47368421052632,,58.3558558558559,32.4,7.4,88.4923512546807,0,1,0,57,"없음",31,-40.2130492676431,16,20260707,14.5739910313901,2.68858496516289,0,0,,,,,1,21700.0,"저항→지지",0,0,20671.0124625357,22721.0124625357
20261007,042600,"새로닉스",KOSDAQ,11900.0,-1.49,"가정용기기와용품",2.59,2.533252465,147840530600.0,12480.0,-4.6474358974359,,23.197715917202,23.6861051115911,4.8,110.027058461705,1,1,0,47,"없음",36,-26.0869565217391,36,20261006,10.4300091491308,4.10616679427099,0,0,,,,,1,11360.0,"지지 재탈환",0,0,11056.291860936,12166.291860936
20261007,042660,"한화오션",KOSPI,74300.0,-3.76,"조선",596.93,545.18572325,22766515174200.0,90900.0,-18.4818481848185,,80.5454545454545,22.1615720524017,9.8,88.6309253860274,0,1,0,82,"관망",26,-41.6535433070866,14,,,,0,0,,,,,0,,,0,0,83736.6627434277,92236.6627434277
20261007,042700,"한미반도체",KOSPI,265500.0,-4.5,"반도체와반도체장비",1534.1,1626.75968425,25305389100000.0,246500.0,7.09939148073022,2.23123732251521,58.4952084952085,45.8545454545455,10.8,89.6069578689479,2,1,0,58,"관망",43,-3.47349177330896,74,20260612,24.0549828178694,4.65749639164522,0,0,20260929,246500.0,252000.0,99.8949130213569,1,246500.0,"저항→지지",0,0,252262.304632515,252262.304632515
20261007,042940,"상지건설",KOSDAQ,5420.0,4.03,"건설",1.61,1.623923458,37011619040.0,5940.0,-9.25925925925926,,71.2092519951305,27.1942446043165,7.4,42.8844391692178,0,2,0,74,"없음",45,-34.7457627118644,23,20260701,29.9198429576313,4.68992303924941,0,0,,,,,1,5322.0,"지지 재탈환",0,0,5309.37818757852,6252.37818757852
20261007,043150,"바텍",KOSDAQ,17440.0,-1.02,"건강관리장비와용품",3.29,3.79251898,259058224640.0,18000.0,-3.11111111111111,,69.1644562334218,26.752688172043,7.4,44.1775107501037,1,2,0,90,"없음",52,-22.4888888888889,42,20260811,12.2087132725431,9.62194028599256,0,0,,,,,0,,,0,0,17894.7257103065,22264.7257103065
20261007,043200,"파루",KOSDAQ,1257.0,0.56,"에너지장비및서비스",1.3,1.2397104995,26274011349.0,1273.0,-0.706991358994501,,75.7905832747716,23.4234234234234,4.2,26.127008752861,0,2,0,90,"없음",47,-35.1794871794872,22,20260828,10.8189331329827,31.9002519612252,1,0,,,,,1,1204.0,"저항→지지",0,0,1141.95233015406,1552.95233015406
20261007,043260,"성호전자",KOSDAQ,32250.0,-0.31,"전기제품",1753.97,1306.474799845,2433322098000.0,28700.0,10.2787456445993,9.40766550522648,25.9198839949248,37.5,6.6,174.417913306815,2,2,0,58,"관망",46,-33.2278481012658,25,20260918,18.9189189189189,9.18191245193023,0,0,20261002,28700.0,31400.0,339.92775533121,1,28700.0,"저항→지지",0,0,27755.341207525,27755.341207525
20261007,043340,"에쎈테크",KOSDAQ,588.0,-3.29,"기계",0.18,0.476002685,27930000000.0,973.0,-39.568345323741,,27.9569892473118,43.3234421364985,8.0,34.9740007026278,1,1,0,40,"없음",31,-47.027027027027,10,20260805,15.421686746988,2.62140317781274,0,0,,,,,0,,,0,0,865.937331613397,903.937331613397
20261007,043360,"디지아이",KOSDAQ,2290.0,-0.43,"컴퓨터와주변기기",0.09,0.50241817,20610000000.0,2795.0,-18.0679785330948,,46.5909090909091,41.838134430727,4.2,13.589635692055,2,2,0,57,"없음",52,-10.3718199608611,65,20260902,29.8876404494382,34.5808829816544,0,0,,,,,0,,,0,0,2360.47086108367,3210.47086108367
20261007,043370,"피에이치에이",KOSDAQ,11110.0,-0.8,"자동차부품",3.09,1.670160565,233310000000.0,11450.0,-3.66812227074236,,40.75382803298,8.54184641932701,6.6,171.793879002172,0,1,0,73,"없음",27,-11.8305355715428,62,,,,0,0,,,,,0,,,0,0,10881.5587773235,10881.5587773235
20261007,043590,"웰킵스하이텍",KOSDAQ,1628.0,-1.75,"전기제품",0.99,0.3923636725,22089324268.0,1768.0,-7.91855203619909,,47.9391891891892,50.1329787234042,17.6,139.567429237373,3,1,0,39,"없음",44,22.406015037594,91,20260721,13.0713712910986,5.66023855095417,0,0,,,,,1,1524.0,"저항→지지",0,0,1556.03889374581,1556.03889374581
20261007,043650,"국순당",KOSDAQ,3485.0,-0.29,"음료",0.7,6.5798495825,62236189440.0,4495.0,-22.3581757508343,,82.0294784580499,37.573385518591,14.0,22.0980760835761,0,1,0,57,"없음",30,-15.7004830917874,55,20260623,20.8516886930984,47.9358790022656,0,0,,,,,0,,,0,0,4199.05627882302,4199.05627882302
20261007,043710,"코스리거글로벌",KOSDAQ,3070.0,1.66,"건강관리업체및서비스",0.14,0.3857244575,53149381140.0,3910.0,-16.2404092071611,,15.3188180404355,31.0693641618497,10.2,44.5547699302947,0,1,0,44,"없음",22,-23.9256678281069,40,,,,1,0,,,,,1,2920.0,"지지 재탈환",0,0,3380.62394832499,3380.62394832499
20261007,043910,"자연과환경",KOSDAQ,3210.0,0.0,"상업서비스와공급품",0.47,1.453701125,36398655450.0,4305.0,-25.4355400696864,,56.4618644067797,17.887323943662,8.0,14.2284231204809,0,1,0,52,"없음",30,-34.6232179226069,23,20260826,11.6138763197587,50.693920644025,0,0,,,,,0,,,0,0,3594.98607712321,3914.98607712321
20261007,044340,"위닉스",KOSDAQ,2725.0,-0.37,"가정용기기와용품",1.38,2.05496969,48705083125.0,2950.0,-7.6271186440678,,85.4583772391992,60.0,8.4,3.51156710467876,0,2,0,78,"없음",45,-44.1598360655738,12,20260727,10.0917431192661,8.12864086705497,0,0,,,,,0,,,0,0,2962.87213185224,6132.87213185224
20261007,044450,"KSS해운",KOSPI,12200.0,2.09,"해운사",5.23,18.053967975,275445805000.0,12750.0,-4.15686274509804,,0.0,9.25925925925926,6.8,49.0172814194683,4,1,0,61,"없음",51,11.3947128532361,87,20260922,15.5155155155155,17.9417343011152,1,0,,,,,1,10580.0,"저항→지지",0,0,11831.9067219985,11831.9067219985
20261007,044480,"빌리언스",KOSDAQ,3090.0,0.49,"방송과엔터테인먼트",0.32,1.3144779875,20549065470.0,5330.0,-42.0262664165103,,37.1772805507745,66.1610268378063,17.8,57.2022123296911,0,1,0,39,"없음",22,-62.0858895705521,3,,,,0,0,,,,,0,,,0,0,4657.21065834803,4657.21065834803
20261007,044490,"태웅",KOSDAQ,36750.0,-2.39,"에너지장비및서비스",35.89,95.080681675,735271251750.0,39650.0,-7.69230769230769,,42.8115015974441,21.6316440049444,4.4,38.9048139921834,2,2,0,75,"관망",50,-26.1352169525732,36,20260902,11.6941529235382,6.90784211727755,0,0,,,,,0,,,0,0,36937.3162705156,36937.3162705156
20261007,044780,"에이치케이",KOSDAQ,1320.0,-2.22,"기계",0.15,0.5291877135,24427638840.0,1645.0,-19.6960486322188,,14.7915027537372,16.794380587484,4.2,22.4224605334658,1,1,0,37,"없음",31,-10.7432432432432,64,,,,0,0,,,,,0,,,0,0,1520.85517381194,1520.85517381194
20261007,044820,"코스맥스비티아이",KOSPI,25550.0,7.13,"건강관리업체및서비스",26.21,7.67887775,245380181550.0,26450.0,-3.21361058601134,,16.2393162393162,26.5866209262436,7.0,238.056221450435,5,2,0,53,"없음",66,53.8461538461538,95,20260812,9.375,6.17437207276191,1,0,,,,,1,24500.0,"지지 재탈환",0,0,23199.0852099107,25899.0852099107
20261007,044960,"이글벳",KOSDAQ,3205.0,3.05,"제약",12.43,1.0666100425,40517235015.0,3155.0,1.58478605388273,1.58478605388273,43.142144638404,10.4761904761905,12.4,1276.17899350353,0,1,0,76,"없음",29,-17.3969072164948,53,,,,1,0,20261007,3155.0,3205.0,1658.00549378269,1,3150.0,"저항→지지",0,0,3100.05810206178,3100.05810206178
20261007,044990,"에이치엔에스하이텍",KOSDAQ,11970.0,-0.5,"전자장비와기기",1.33,1.29616882,91994537250.0,11610.0,2.84237726098191,0.775193798449612,23.8745980707395,31.6170555108608,12.2,79.9574242525441,0,2,0,72,"없음",39,-21.8586387434555,44,20260730,11.1713665943601,3.75843918223747,0,0,20261002,11610.0,11700.0,91.7317717432321,1,11610.0,"저항→지지",0,0,10986.2967540868,12346.2967540868
20261007,045060,"오공",KOSDAQ,2130.0,1.91,"화학",1.3,0.51062658,36086404620.0,2215.0,-4.74040632054176,,12.7572016460905,10.3982300884956,6.6,232.011775140113,0,1,0,66,"없음",27,-7.45614035087719,69,,,,0,0,,,,,1,2080.0,"지지 재탈환",0,0,2075.5553165608,2120.5553165608
20261007,045100,"한양이엔지",KOSDAQ,33500.0,-2.33,"반도체와반도체장비",20.38,26.6316355,586250000000.0,35650.0,-6.45161290322581,,64.2166344294004,21.3953488372093,9.6,71.5364846287456,4,3,0,80,"없음",58,5.20504731861199,83,20261001,9.10493827160495,4.80904100264182,0,0,,,,,1,32650.0,"저항→지지",0,0,32599.2199563322,32649.2199563322
20261007,045300,"성우테크론",KOSDAQ,3110.0,2.47,"반도체와반도체장비",1.77,0.64288085,32801207320.0,2780.0,11.1510791366906,1.61870503597122,28.1464530892449,29.2947558770344,13.0,222.327153920583,2,3,0,84,"없음",41,3.51758793969849,81,,,,0,0,20261001,2780.0,2825.0,135.753121932172,1,2780.0,"저항→지지",0,0,2871.05037276777,2871.05037276777
20261007,045340,"토탈소프트",KOSDAQ,6840.0,0.74,"운송인프라",0.54,1.036618395,58536993600.0,6910.0,-1.30246020260492,,48.1099656357388,24.5945945945946,15.2,35.2897115602201,0,3,0,89,"없음",45,-1.44508670520231,76,,,,1,0,,,,,1,6750.0,"지지 재탈환",0,0,6543.88305553536,6543.88305553536
20261007,045390,"대아티아이",KOSDAQ,3000.0,-1.8,"도로와철도운송",11.89,27.60928693,211420131000.0,3200.0,-6.25,,51.3043478260869,23.8482384823848,6.4,24.5434961736321,0,1,0,42,"없음",35,-29.2452830188679,31,20260901,15.2845528455285,2.81849458952527,0,0,,,,,1,2915.0,"지지 재탈환",0,0,3483.71982688957,3648.71982688957
20261007,045510,"정원엔시스",KOSDAQ,1220.0,1.24,"IT서비스",0.96,0.871410891,38405547540.0,1259.0,-2.22398729150119,,0.891152132399745,14.512093411176,7.0,68.8177874281237,4,1,0,49,"없음",51,15.8043273753528,89,20260929,12.6629422718808,17.600656476665,0,0,,,,,1,1159.0,"저항→지지",0,0,1313.52105279623,1313.52105279623
20261007,045520,"크린앤사이언스",KOSDAQ,3255.0,0.46,"화학",0.25,1.5971554475,21157500000.0,3590.0,-9.33147632311978,,71.0,27.1103896103896,7.0,12.092045081891,1,3,0,87,"없음",53,0.308166409861325,78,20260909,8.33333333333333,3.06096772603804,0,0,,,,,1,2580.0,"저항→지지",0,0,3222.64894721221,3222.64894721221
20261007,045660,"에이텍",KOSDAQ,8670.0,0.58,"컴퓨터와주변기기",1.79,0.91783347,71614200000.0,9200.0,-5.8695652173913,,26.7536704730832,17.6470588235294,5.0,103.093295065356,0,2,0,70,"없음",37,-8.93796004206099,67,,,,0,0,,,,,1,8520.0,"지지 재탈환",0,0,8789.18089230109,9369.18089230109
20261007,045970,"코아시아",KOSDAQ,3830.0,0.0,"핸드셋",2.1,2.0427565625,100785975080.0,4000.0,-4.25,,36.3069245165315,26.7833109017497,5.8,60.6745478002159,0,3,0,90,"없음",45,-21.8367346938776,44,,,,0,0,,,,,1,3750.0,"저항→지지",0,0,3520.84841940594,3520.84841940594
20261007,046120,"오르비텍",KOSDAQ,5160.0,-4.62,"에너지장비및서비스",30.3,90.53416318,174694034280.0,6520.0,-20.8588957055215,,33.7415799142682,26.4595103578154,6.8,74.0603057059694,2,1,0,50,"관망",36,-56.4924114671164,5,20260908,29.8283261802575,30.1040394705651,0,0,,,,,1,5140.0,"저항→지지",0,0,5684.009007332,5684.009007332
20261007,046210,"HLB파나진",KOSDAQ,1342.0,-3.66,"생명과학도구및서비스",5.01,6.1573766025,61098522320.0,1600.0,-15.6875,,32.0547945205479,11.3934426229508,4.6,132.500022056063,0,1,0,49,"없음",26,-45.2738336713996,11,20261006,11.3801452784504,11.6240883147283,0,0,,,,,1,1200.0,"저항→지지",0,0,1391.18809068698,1406.18809068698
20261007,046310,"백금T&A",KOSDAQ,2360.0,0.21,"통신장비",0.21,0.4356648425,38747992760.0,2425.0,-3.29896907216495,,42.4418604651163,25.987525987526,10.8,28.3734653425295,0,2,0,85,"없음",41,-20.2380952380952,47,,,,0,0,,,,,1,2340.0,"저항→지지",0,0,2286.59490520304,2291.59490520304
20261007,046390,"삼화네트웍스",KOSDAQ,2130.0,1.67,"방송과엔터테인먼트",0.23,0.2069599995,36783338490.0,2220.0,-4.05405405405405,,34.66796875,13.3928571428571,5.8,47.6756246890673,0,2,0,70,"없음",47,-17.1206225680934,53,20260824,8.68486352357321,3.39012351231469,0,0,,,,,1,2040.0,"지지 재탈환",0,0,1967.11272091049,1967.11272091049
20261007,046440,"KG파이낸셜",KOSDAQ,4020.0,0.0,"IT서비스",0.92,1.67451874,145726551720.0,4265.0,-5.86166471277843,,55.7046979865772,13.0434782608696,8.2,26.2727087206421,0,2,0,87,"없음",43,-19.7,48,,,,0,0,,,,,0,,,0,0,4085.63204945092,4305.63204945092
20261007,046890,"서울반도체",KOSDAQ,10450.0,-3.6,"디스플레이장비및부품",15.46,27.42141593,609291430000.0,11090.0,-6.22182146077547,,43.4962717481359,15.2542372881356,6.8,56.0632059859752,2,1,0,54,"없음",37,10.6382978723404,86,,,,0,0,,,,,1,10070.0,"저항→지지",0,0,10513.786612407,10513.786612407
20261007,046940,"우원개발",KOSDAQ,2750.0,0.73,"건설",1.08,1.8781951125,49704462500.0,3125.0,-10.56,,83.1763967357188,48.7551867219917,12.4,35.7930940940802,0,2,0,73,"없음",43,-39.9570354457572,17,20260702,15.8295281582953,48.9534402124398,0,0,,,,,1,2755.0,"지지 재탈환",0,0,2729.24086319508,3124.24086319508
20261007,047040,"대우건설",KOSPI,17340.0,-2.31,"건설",626.05,1513.49732323,7125138442920.0,19700.0,-12.5888324873096,,42.7123454287452,27.3576309794989,5.2,52.3624356998616,2,2,0,65,"관망",46,-11.3741636644364,63,20260908,8.4736556219446,3.98867793194015,0,0,,,,,0,,,0,0,18699.6537551286,19349.6537551286
20261007,047050,"포스코인터내셔널",KOSPI,57300.0,0.0,"무역회사와판매업체",211.81,302.6496549,10080375752400.0,58700.0,-3.23679727427598,,23.784355179704,17.9930795847751,9.8,27.8901614115531,2,1,0,82,"관망",50,-24.9669749009247,38,20260616,9.01502504173624,3.26482108614949,0,0,,,,,1,56700.0,"저항→지지",0,0,53826.3534538969,53826.3534538969
20261007,047080,"한빛소프트",KOSDAQ,1094.0,-0.09,"게임엔터테인먼트",0.26,0.546513815,27155664028.0,1150.0,-5.1304347826087,,23.7649063032368,8.06945863125638,5.8,26.2785567445104,0,1,0,61,"없음",35,-18.3994016454749,51,20260901,11.144578313253,5.08166420022227,0,0,,,,,1,979.0,"저항→지지",0,0,1058.47349122678,1058.47349122678
20261007,047310,"파워로직스",KOSDAQ,3265.0,-1.66,"핸드셋",2.43,3.01332641,119534115075.0,3220.0,1.39751552795031,1.5527950310559,51.6382699868938,15.6297420333839,6.8,67.5133055255909,0,3,0,92,"없음",40,-30.531914893617,28,,,,0,0,20261002,3220.0,3270.0,122.397214427083,1,3220.0,"저항→지지",0,0,3128.63775351149,3128.63775351149
20261007,047400,"유니온머티리얼",KOSPI,847.0,-4.72,"자동차부품",2.07,3.2382749055,35574000000.0,1114.0,-27.0197486535009,,7.86963434022257,29.757785467128,6.0,130.932869731185,0,2,0,40,"없음",30,-51.3173652694611,7,20260914,9.54022988505747,5.36589711926544,0,0,,,,,0,,,0,0,970.063420867438,1012.06342086744
20261007,047560,"이스트소프트",KOSDAQ,8070.0,-3.93,"소프트웨어",2.72,3.00933161,94847371740.0,8380.0,-2.98329355608592,,30.6616961789376,27.7439024390244,8.4,77.5480025166591,0,1,0,71,"없음",27,-39.0554722638681,18,,,,0,0,,,,,1,7250.0,"지지 재탈환",0,0,7679.76884429376,8769.76884429376
20261007,047770,"코데즈컴바인",KOSDAQ,3490.0,-3.06,"섬유,의류,신발,호화품",10.46,45.6017624925,132070680980.0,3730.0,-5.89812332439678,,46.2978030919447,25.9036144578313,6.4,13.2924014379713,2,2,0,68,"관망",57,-22.9418221734358,41,20260901,12.5356125356125,6.1468282928406,0,0,,,,,1,3415.0,"지지 재탈환",0,0,3835.22134937329,3885.22134937329
20261007,047810,"한국항공우주",KOSPI,122500.0,-5.19,"우주항공과국방",525.08,321.6976231,11940700607500.0,134500.0,-9.81412639405204,,63.631156930126,23.6593059936909,7.8,119.811218445462,2,3,0,94,"관망",52,-35.4443853113358,22,,,,0,0,,,,,0,,,0,0,122255.853015094,152655.853015094
20261007,047820,"초록뱀미디어",KOSDAQ,3180.0,-0.16,"방송과엔터테인먼트",0.1,0.4003157825,77763497400.0,3450.0,-7.68115942028986,,51.1111111111111,18.0740740740741,9.8,21.6708372447364,0,3,0,90,"없음",34,-27.5312855517634,33,,,,0,0,,,,,0,,,0,0,3174.74480679057,3219.74480679057
20261007,047920,"HLB제약",KOSDAQ,12560.0,-3.46,"제약",518.2,133.29325141,547134801280.0,13100.0,-4.65648854961832,,9.35950723621613,28.5385500575374,4.6,645.776762816173,1,2,0,44,"관망",34,-19.3204573347975,49,20261006,29.5816733067729,5.43609593138608,0,0,,,,,1,7980.0,"저항→지지",0,0,11073.9321603987,11073.9321603987
20261007,048410,"현대바이오",KOSDAQ,7310.0,2.24,"화장품",91.65,110.49519779,705455731320.0,7360.0,-0.815217391304348,,42.5906735751295,30.6954436450839,7.0,107.050750711237,2,2,0,53,"관망",50,-47.4820143884892,10,20260909,13.8977635782748,12.0194521587571,1,0,,,,,1,6980.0,"저항→지지",0,0,6754.55367164659,7364.55367164659
20261007,048430,"유라테크",KOSDAQ,5810.0,-1.02,"자동차부품",0.98,8.22708421,66931200000.0,7240.0,-19.475138121547,,27.8156996587031,29.6296296296296,18.0,21.8266658282119,0,1,0,54,"없음",26,-23.490813648294,40,,,,0,0,,,,,0,,,0,0,6678.3369560669,6768.3369560669
20261007,048470,"대동스틸",KOSDAQ,2820.0,-3.92,"철강",0.62,1.1510302875,27213000000.0,3315.0,-14.9321266968326,,5.85284280936455,16.1812297734628,7.6,50.5640198152601,0,1,0,41,"없음",22,-15.0602409638554,56,,,,0,0,,,,,0,,,0,0,2959.45187197902,2959.45187197902
20261007,048530,"인트론바이오",KOSDAQ,2875.0,1.41,"생명과학도구및서비스",7.58,1.90311673,88813804250.0,3100.0,-7.25806451612903,,20.7855973813421,17.7330895795247,11.4,350.729311828511,0,1,0,64,"없음",25,-29.1871921182266,31,,,,0,0,,,,,1,2865.0,"저항→지지",0,0,2769.73498819082,2769.73498819082
20261007,048550,"SM C&C",KOSDAQ,978.0,-5.05,"광고",18.15,3.9320405915,94586898360.0,1230.0,-20.0813008130081,,52.0631067961165,46.8473451327434,7.8,277.285146002703,1,2,0,49,"없음",40,-11.6801437556155,62,20260804,10.8847867600255,3.12329506824136,0,0,,,,,0,,,0,0,1046.68508749649,1624.68508749649
20261007,048770,"TPC로보틱스",KOSDAQ,4025.0,-3.36,"기계",11.42,68.4273346875,63184413775.0,4895.0,-18.2839632277835,,46.9630557294928,29.520295202952,3.2,35.1559979306595,3,2,0,58,"수축중",57,25.5886970172684,92,20260907,10.3404791929382,26.8263681468978,0,0,,,,,1,2985.0,"저항→지지",0,0,4734.27051326984,4734.27051326984
20261007,048830,"엔피케이",KOSDAQ,1034.0,1.87,"화학",0.51,1.0333159435,19360536382.0,1218.0,-15.927750410509,,0.0,17.1681415929204,10.6,74.9330765855283,4,1,0,66,"없음",46,-1.4436958614052,76,20260702,11.7084826762246,4.42263195981575,0,0,,,,,1,1019.0,"지지 재탈환",0,0,1100.93265494955,1100.93265494955
20261007,048870,"시너지이노베이션",KOSDAQ,1601.0,0.44,"건강관리장비와용품",1.7,3.505068053,141059247763.0,1648.0,-2.85194174757282,,28.7915652879156,18.0473372781065,10.8,35.4130587221498,0,1,0,72,"없음",27,-26.221198156682,36,,,,0,0,,,,,1,1499.0,"지지 재탈환",0,0,1524.91699886514,1601.91699886514
20261007,048910,"대원미디어",KOSDAQ,7400.0,2.64,"방송과엔터테인먼트",3.57,3.77639283,93084200400.0,7330.0,1.22783083219645,1.22783083219645,5.07518796992481,21.406411582213,9.6,104.716349699659,2,1,0,66,"없음",43,-0.802139037433155,77,20260814,10.0790513833992,5.49523645121781,0,0,20261007,7330.0,7420.0,102.524910176442,1,6750.0,"저항→지지",0,0,7115.63847589127,7115.63847589127
20261007,049070,"인탑스",KOSDAQ,18700.0,-3.56,"핸드셋",6.71,16.671889105,294381010000.0,21100.0,-11.2796208530806,,64.1073951954781,21.608040201005,9.6,49.0227353181477,3,2,0,64,"없음",52,9.28196147110333,85,20260907,8.74224478285393,11.4586227897742,0,0,,,,,1,18130.0,"저항→지지",0,0,19586.6482189766,19586.6482189766
20261007,049080,"기가레인",KOSDAQ,9470.0,-5.02,"통신장비",28.42,76.514863875,80384522980.0,11970.0,-21.3032581453634,,60.0864792948611,38.950988822012,8.2,38.8684948111716,2,2,0,67,"관망",52,-40.1524777636595,16,20260916,28.6885245901639,5.1145977941373,0,0,,,,,0,,,0,0,10112.0709678364,13092.0709678364
20261007,049120,"파인디앤씨",KOSDAQ,2900.0,2.11,"디스플레이장비및부품",0.27,0.303542355,36796998000.0,3665.0,-20.8731241473397,,1.59027128157156,29.296875,12.6,27.5110253775886,1,1,0,50,"없음",35,-17.8470254957507,52,20260827,9.93031358885017,4.58491445248952,0,0,,,,,0,,,0,0,3372.31481113568,3372.31481113568
20261007,049430,"코메론",KOSDAQ,21950.0,-1.57,"기계",5.46,7.0583226,198603600000.0,23400.0,-5.55555555555556,,5.320813771518,12.3595505617978,6.6,78.7866806821991,5,3,0,79,"없음",61,-4.53563714902808,73,,,,0,0,,,,,1,21000.0,"저항→지지",0,0,22138.9397713437,22138.9397713437
20261007,049470,"비트플래닛",KOSDAQ,2610.0,-1.14,"소프트웨어",0.53,9.44849957,61452186390.0,3580.0,-27.0949720670391,,24.8184944593045,25.35,7.6,7.50350385031522,0,1,0,42,"없음",26,-23.6842105263158,40,20260922,11.2522686025408,19.0210758553118,0,0,,,,,1,2530.0,"저항→지지",0,0,3068.58066647077,3068.58066647077
20261007,049480,"오픈베이스",KOSDAQ,1999.0,-2.49,"컴퓨터와주변기기",4.32,4.67715338,62813343617.0,2085.0,-4.70023980815348,,50.4054630815194,35.9578947368421,12.0,118.538170255945,0,1,0,74,"없음",31,-7.79582366589327,68,20260709,13.1578947368421,19.9485215193541,0,0,,,,,1,1900.0,"저항→지지",0,0,1922.50513028115,1922.50513028115
20261007,049520,"유아이엘",KOSDAQ,3710.0,-0.93,"핸드셋",1.52,1.518042015,114426138750.0,4005.0,-7.61548064918852,,51.4739229024943,12.8947368421053,9.6,62.4661730762562,2,3,0,86,"없음",52,-5.9720457433291,71,,,,0,0,,,,,0,,,0,0,3757.76911593398,3827.76911593398
20261007,049550,"잉크테크",KOSDAQ,3465.0,0.29,"컴퓨터와주변기기",0.48,0.21397476,67935749805.0,3645.0,-4.93827160493827,,6.00790513833992,10.0308641975309,10.8,52.7611944830769,4,2,0,77,"없음",63,7.60869565217391,84,,,,0,0,,,,,1,3430.0,"지지 재탈환",0,0,3518.50953723957,3518.50953723957
20261007,049630,"재영솔루텍",KOSDAQ,7120.0,-3.91,"핸드셋",12.32,14.2369726,166359789680.0,7490.0,-5.07343124165554,,61.7834394904459,35.5599214145383,6.6,43.0180360174091,0,3,0,89,"없음",50,-52.0404721753794,7,20260814,29.9280575539568,15.7577236166024,0,0,,,,,1,6900.0,"지지 재탈환",0,0,6660.70668499551,9350.70668499551
20261007,049720,"고려신용정보",KOSDAQ,9170.0,0.99,"상업서비스와공급품",0.92,1.568598005,131131000000.0,9340.0,-3.10492505353319,,72.9634002361275,26.1306532663317,9.8,6.37708177930988,0,3,0,94,"없음",46,-11.7073170731707,62,,,,0,0,,,,,0,,,0,0,9271.97222997104,11561.972229971
20261007,049800,"우진플라임",KOSPI,2020.0,1.76,"기계",0.52,0.5102009945,40400000000.0,2400.0,-15.4166666666667,,10.7294117647059,14.1304347826087,10.0,148.996411751514,0,1,0,46,"없음",22,-23.2514177693762,41,,,,0,0,,,,,1,1971.0,"저항→지지",0,0,2176.30405457415,2176.30405457415
20261007,049830,"승일",KOSDAQ,6790.0,4.78,"포장재",0.01,0.050233165,41637040480.0,6570.0,3.34855403348554,3.34855403348554,37.1308016877637,10.8469539375929,12.6,12.7885845056202,0,1,0,88,"없음",29,-8.1190798376184,68,,,,1,0,20261007,6570.0,6790.0,12.4110000653211,1,6570.0,"저항→지지",1,0,6289.19065877923,6329.19065877923
20261007,049950,"미래컴퍼니",KOSDAQ,11150.0,-2.53,"디스플레이장비및부품",1.7,1.90983567,98319406600.0,11080.0,0.451263537906137,2.6173285198556,51.778955336866,26.1710037174721,7.0,56.3825524166366,0,2,0,86,"없음",41,-20.3862660944206,47,20260813,13.2692307692308,19.7441141382417,0,0,20261001,11080.0,11370.0,106.106588248928,1,11080.0,"저항→지지",0,0,10730.5718152165,12380.5718152165
20261007,049960,"쎌바이오텍",KOSDAQ,15230.0,-1.04,"생물공학",0.96,1.137231055,143162000000.0,15710.0,-3.05537873965627,,47.7511961722488,14.0995260663507,7.8,59.2926608298153,2,2,0,77,"없음",45,5.76388888888889,83,,,,0,0,,,,,1,15030.0,"지지 재탈환",0,0,15405.7962396617,15885.7962396617
20261007,050120,"ES큐브",KOSDAQ,3300.0,-1.05,"레저용장비와제품",0.05,0.1898234425,44761483800.0,3460.0,-4.6242774566474,,18.8034188034188,20.6666666666667,6.2,10.2498956951684,5,1,0,60,"없음",60,33.0645161290323,93,20260615,17.6470588235294,22.3643218573271,0,0,,,,,0,,,0,0,3096.53513080197,3346.53513080197
20261007,050760,"에스폴리텍",KOSDAQ,1229.0,0.99,"화학",1.07,0.981764897,20075319262.0,1328.0,-9.26204819277108,,76.2545899632803,45.3734671125975,12.8,50.4832434709419,0,1,0,71,"없음",33,-14.3567874911158,58,20260706,13.9568345323741,2.53795676582411,0,0,,,,,1,1200.0,"저항→지지",0,0,1201.26698650626,1201.26698650626
20261007,050860,"아세아텍",KOSDAQ,1736.0,1.7,"기계",0.1,0.1912849145,39060000000.0,1831.0,-7.64609503003823,,6.0891938250429,10.1092896174863,4.8,26.7538534944429,1,1,0,77,"없음",30,-16.9041769041769,53,,,,0,0,,,,,1,1664.0,"저항→지지",0,0,1701.60045680532,1701.60045680532
20261007,050890,"쏠리드",KOSDAQ,10110.0,-4.44,"통신장비",116.99,159.785767715,614248558740.0,11050.0,-9.04977375565611,,23.5447437011295,23.6549165120594,7.0,104.859806041675,2,3,0,79,"관망",45,-31.0226492793411,28,,,,0,0,,,,,1,10030.0,"저항→지지",0,0,9846.52968708552,9846.52968708552
20261007,050960,"수산아이앤티",KOSDAQ,8840.0,0.11,"소프트웨어",0.16,0.25135507,59678840000.0,8920.0,1.12107623318386,1.45739910313901,22.9534510433387,11.8214716525935,9.6,48.0523652295718,2,1,0,76,"없음",39,1.34831460674157,79,,,,0,0,20261006,8920.0,9050.0,434.858236214994,1,8920.0,"저항→지지",0,0,8534.46052404338,8534.46052404338
20261007,051160,"지어소프트",KOSDAQ,13720.0,0.44,"판매업체",29.7,48.146212115,184981930560.0,13400.0,2.38805970149254,2.76119402985075,0.0,25.2577319587629,7.8,74.6572379483816,5,1,0,66,"돌파완료",58,69.5920889987639,97,20260917,17.5,54.2691985959006,0,0,20261006,13400.0,13770.0,66.4306414839382,1,13400.0,"저항→지지",0,0,12161.1386205494,12161.1386205494
20261007,051360,"토비스",KOSDAQ,11600.0,-1.36,"디스플레이장비및부품",0.94,1.397461615,108583099200.0,12680.0,-8.51735015772871,,62.8178694158076,19.8518518518519,7.0,13.4913821808395,5,1,0,84,"없음",54,18.9255689973344,90,,,,0,0,,,,,1,11480.0,"저항→지지",0,0,11813.423780782,12633.423780782
20261007,051370,"인터플렉스",KOSDAQ,7170.0,-4.53,"전자장비와기기",14.06,18.323207075,167257974240.0,7800.0,-8.2051282051282,,17.6724137931035,24.4979919678715,7.0,124.814234762634,0,2,0,66,"없음",32,-45.7575757575758,11,20260922,14.1494435612083,35.0063216060784,0,0,,,,,1,6530.0,"저항→지지",0,0,7020.91459582272,7020.91459582272
20261007,051380,"피씨디렉트",KOSDAQ,1520.0,1.13,"컴퓨터와주변기기",0.1,0.229173186,23316909440.0,1580.0,-3.86075949367089,,54.2646071188717,22.7560718057022,8.0,19.6736257452585,0,2,0,81,"없음",43,-29.3488372093023,30,,,,0,0,,,,,0,,,0,0,1537.19916225847,1780.19916225847
20261007,051390,YW,KOSDAQ,4025.0,-1.59,"판매업체",0.92,0.1762584625,45705356200.0,4270.0,-5.73770491803279,,1.3136288998358,14.2857142857143,12.6,398.204379763996,3,1,0,53,"없음",42,-4.62085308056872,73,,,,0,0,,,,,0,,,0,0,4093.35186345581,4093.35186345581
20261007,051490,"나라엠앤디",KOSDAQ,2675.0,1.13,"기계",0.27,0.4818310025,37985000000.0,2850.0,-6.31578947368421,,24.952741020794,29.3948126801153,2.8,19.7789548642611,0,2,0,64,"없음",43,-25.8333333333333,37,,,,0,0,,,,,1,2510.0,"지지 재탈환",0,0,3184.05169895536,3184.05169895536
20261007,051500,"CJ프레시웨이",KOSDAQ,21750.0,0.46,"식품과기본식료품소매",0.74,1.3342192,258206995500.0,24500.0,-12.2448979591837,,61.2826603325416,9.09090909090909,9.6,46.9254226248631,0,1,0,58,"없음",22,-29.5081967213115,30,,,,0,0,,,,,0,,,0,0,23120.2224245971,23520.2224245971
20261007,051600,"한전KPS",KOSPI,44500.0,-1.87,"전기유틸리티",41.95,67.099160275,2002500000000.0,49700.0,-11.0663983903421,,37.4414976599064,14.5383104125737,5.4,75.5166467156651,0,2,0,78,"없음",37,-24.4444444444444,39,20260612,29.6146044624746,2.54465085094633,0,0,,,,,0,,,0,0,46335.8975609636,47535.8975609636
20261007,051630,"진양화학",KOSPI,1710.0,21.28,"화학",33.23,11.7143560225,36252000000.0,1949.0,-13.4940995382247,,0.0,52.4324324324324,10.2,435.499415847896,0,1,0,40,"없음",29,-25.8901098901099,36,20261007,19.3205944798301,3.40933248726208,1,0,,,,,1,1505.0,"지지 재탈환",0,0,1706.24428311523,1706.24428311523
20261007,051780,"큐로홀딩스",KOSDAQ,2365.0,0.0,"식품",0.82,0.8218500875,17974056760.0,2570.0,-7.97665369649805,,13.2941176470588,36.6666666666667,10.8,125.195038685117,0,1,0,27,"없음",29,-36.4247311827957,21,20260930,11.7505995203837,2.65048942252285,0,0,,,,,1,2320.0,"지지 재탈환",0,0,2416.27460120529,2721.27460120529
20261007,051900,"LG생활건강",KOSPI,271000.0,2.07,"화장품",143.82,186.93368825,4058366733000.0,312000.0,-13.3012820512821,,42.9065743944637,22.2056631892697,7.8,58.6988351730477,3,3,0,87,"관망",57,6.70611439842209,84,20260806,10.7692307692308,3.1929767681059,0,0,,,,,0,,,0,0,287035.767014604,310535.767014604
20261007,051910,"LG화학",KOSPI,276500.0,-0.9,"화학",473.83,510.7779145,19518782286500.0,298000.0,-7.88590604026846,,49.0228013029316,17.9487179487179,10.0,93.0656454942806,0,3,0,77,"관망",38,-12.16,62,,,,0,0,,,,,1,264000.0,"저항→지지",0,0,270818.798454711,272818.798454711
20261007,052020,"에스티큐브",KOSDAQ,7730.0,-2.89,"판매업체",6.88,12.538162565,525510839430.0,8220.0,-5.96107055961071,,33.2355816226784,18.0232558139535,3.0,55.0898922396599,2,2,0,70,"없음",43,-55.5747126436782,5,,,,0,0,,,,,0,,,0,0,7578.42908590916,8548.42908590916
20261007,052220,iMBC,KOSDAQ,1630.0,-0.79,"방송과엔터테인먼트",0.28,9.359531142,37490000000.0,2260.0,-28.141592920354,,21.9790675547098,14.9462365591398,6.6,7.77097278070317,0,1,0,50,"없음",26,-46.3140495867769,11,,,,0,0,,,,,0,,,0,0,2060.62949083558,2060.62949083558
20261007,052260,"현대바이오랜드",KOSDAQ,5000.0,-0.2,"화장품",32.32,105.00830993,150000000000.0,6240.0,-19.7115384615385,,0.0,12.9411764705882,5.8,81.1307564234417,3,2,0,64,"수축중",47,19.2857142857143,90,20260929,25.0275633958104,40.4028421726178,0,0,,,,,1,4135.0,"저항→지지",0,0,5645.92965746852,5645.92965746852
20261007,052300,"오션인더블유",KOSDAQ,1604.0,1.97,"건축제품",0.51,3.7088863525,26055581312.0,1770.0,-10.9604519774011,,1.27015144113337,13.5185185185185,5.0,18.8921363885386,1,1,0,43,"없음",34,4.23280423280423,82,20260918,18.4931506849315,18.4019052085563,0,0,,,,,1,1530.0,"저항→지지",0,0,1711.14124666273,1711.14124666273
20261007,052330,"코텍",KOSDAQ,10470.0,0.67,"디스플레이패널",0.99,1.48170815,185963836830.0,10990.0,-5.27752502274795,,34.8127600554785,29.5862068965517,20.2,45.7117477749771,3,1,0,78,"없음",46,3.68525896414343,81,,,,0,0,,,,,0,,,0,0,11234.451610513,12344.451610513
20261007,052400,"코나아이",KOSDAQ,35900.0,-2.31,"IT서비스",13.36,23.001282175,522822146900.0,39050.0,-8.19462227912932,,61.0151187904968,23.0769230769231,7.4,63.438009275393,0,2,0,58,"없음",33,-36.436170212766,21,,,,0,0,,,,,1,35500.0,"지지 재탈환",0,0,37778.7205471637,40478.7205471637
20261007,052420,"오성첨단소재",KOSDAQ,9580.0,-1.24,"디스플레이장비및부품",1.33,2.27246243,93328446220.0,10390.0,-6.54475457170356,,50.9336099585062,16.6988416988417,3.8,39.7717382909536,0,2,0,82,"없음",47,-28.4977908689249,32,20260831,8.26612903225807,6.8814278664254,0,0,,,,,0,,,0,0,9579.75877732604,10239.758777326
20261007,052460,"아이크래프트",KOSDAQ,5870.0,-6.08,"IT서비스",10.18,12.5591085625,85748584320.0,6720.0,-11.6071428571429,,63.3966891477621,48.780487804878,6.2,24.4328009166038,4,2,0,47,"없음",65,59.6774193548387,96,20260803,12.3376623376623,2.5730405821797,0,0,,,,,1,5050.0,"지지 재탈환",0,0,5550.27171280301,7440.27171280301
20261007,052600,"한네트",KOSDAQ,2860.0,1.06,"IT서비스",0.34,0.2413000425,33072182000.0,3170.0,-10.0946372239748,,37.7682403433476,15.1745068285281,10.0,82.3678831592229,0,2,0,79,"없음",35,-23.2839838492598,41,,,,0,0,,,,,0,,,0,0,2866.63410665691,3086.63410665691
20261007,052690,"한전기술",KOSPI,127100.0,-1.32,"전기유틸리티",409.98,1027.9262015,4857762000000.0,154100.0,-18.624269954575,,36.7165834719911,23.8552437223043,5.4,71.7408163409083,2,2,0,47,"관망",44,-25.0448296473401,38,20260908,16.5985282093214,5.92220249602849,0,0,,,,,0,,,0,0,136329.788355318,136329.788355318
20261007,052710,"아모텍",KOSDAQ,21750.0,-4.19,"핸드셋",143.64,209.99787521,406307400000.0,19800.0,7.82828282828283,10.6060606060606,44.6685236768802,72.6985992145706,14.8,89.7617937367422,3,1,0,49,"관망",48,60.0929814037193,96,20260922,13.2748538011696,3.19997203279043,0,0,20261001,19800.0,21900.0,221.610566602891,1,19800.0,"저항→지지",0,0,20075.8741831843,20075.8741831843
20261007,052790,"액토즈소프트",KOSDAQ,4695.0,-2.09,"게임엔터테인먼트",1.86,4.399766485,51290748165.0,5150.0,-9.12621359223301,,16.0313901345291,14.4329896907216,7.4,80.2721807384163,0,3,0,78,"없음",35,-13.8121546961326,59,20260928,24.25,95.5477975231379,0,0,,,,,1,4310.0,"저항→지지",0,0,4706.58487047789,4706.58487047789
20261007,052860,"아이앤씨",KOSDAQ,7560.0,-1.82,"반도체와반도체장비",3.04,6.17561299,135073416240.0,8220.0,-9.48905109489051,,6.96452036793692,32.8723404255319,11.4,60.1924126089657,5,2,0,49,"없음",57,62.0915032679739,96,20260928,10.3092783505155,3.13774225523505,0,0,,,,,1,7120.0,"저항→지지",0,0,7260.77240194099,7260.77240194099
20261007,052900,"KX하이텍",KOSDAQ,1231.0,0.57,"반도체와반도체장비",7.46,8.2894766005,94378418790.0,1015.0,20.5911330049261,2.5615763546798,43.1496062992126,29.5506473724296,6.6,62.2955041232984,2,2,0,82,"없음",35,6.25,83,,,,0,0,20260917,1015.0,1041.0,56.4586570518714,1,1015.0,"저항→지지",0,0,1146.75822077461,1199.75822077461
20261007,053030,"바이넥스",KOSDAQ,6550.0,-0.91,"제약",2.14,3.667528125,214081431400.0,7530.0,-13.4130146082337,,53.4508076358297,20.6349206349206,9.6,40.416262954198,0,2,0,72,"없음",30,-44.5106382978723,12,,,,0,0,,,,,1,6420.0,"저항→지지",0,0,6347.15441786583,7147.15441786583
20261007,053050,"지에스이",KOSDAQ,1905.0,0.74,"가스유틸리티",1.05,7.249630061,57126372285.0,2335.0,-20.0,,61.3741339491917,30.6372549019608,9.8,33.3758868546372,0,1,0,61,"없음",26,-31.3235294117647,27,,,,0,0,,,,,0,,,0,0,2188.98618844611,2188.98618844611
20261007,053060,"세동",KOSDAQ,1230.0,0.0,"자동차부품",0.46,0.33447443,21718625370.0,1450.0,-15.1724137931034,,22.7106227106227,19.3989071038251,6.8,83.6193100995733,0,1,0,50,"없음",22,2.67111853088481,80,,,,0,0,,,,,1,1228.0,"지지 재탈환",0,0,1366.99249676801,1385.99249676801
20261007,053080,"케이엔솔",KOSDAQ,9320.0,-3.42,"기계",4.75,3.72794128,121158201240.0,9450.0,-1.37566137566138,2.01058201058201,55.3319919517103,47.3641524736415,15.4,62.2232766017076,0,2,0,48,"없음",35,-14.5737855178735,57,,,,0,0,20261002,9450.0,9640.0,114.076347457696,1,9250.0,"저항→지지",0,0,8716.66919538082,10386.6691953808
20261007,053160,"프리엠스",KOSDAQ,8900.0,1.37,"기계",1.13,0.90598976,53400000000.0,11180.0,-20.8407871198569,,4.07455570004334,21.6300940438871,10.4,119.328999152814,4,2,0,69,"없음",55,7.66423357664234,85,20260616,14.7826086956522,13.5870119737118,0,0,,,,,0,,,0,0,9938.86987128609,9938.86987128609
20261007,053210,"스카이라이프",KOSPI,4040.0,0.62,"방송과엔터테인먼트",1.4,1.075461715,191992738200.0,5220.0,-22.5095785440613,,57.847533632287,7.15137067938021,10.2,116.602895679951,0,1,0,49,"없음",22,-14.5723336853221,57,,,,1,0,,,,,1,4010.0,"지지 재탈환",0,0,5008.66079284595,5008.66079284595
20261007,053260,"금강철강",KOSDAQ,6930.0,-3.08,"철강",19.36,287.79900297,129729600000.0,9460.0,-27.5898520084567,,25.4418139379793,28.4090909090909,7.4,13.5577030572145,4,2,0,45,"수축중",52,56.0364464692483,96,20260930,23.7878787878788,2.61964254132068,0,0,,,,,1,5900.0,"저항→지지",0,0,7875.27504421386,7875.27504421386
20261007,053270,"구영테크",KOSDAQ,1930.0,-1.08,"자동차부품",0.27,0.5990947995,52902081650.0,2100.0,-6.66666666666667,,29.2116182572614,14.0405616224649,9.6,27.8508582680095,0,1,0,81,"없음",31,-15.6989247311828,55,,,,0,0,,,,,0,,,0,0,1980.13004148324,1980.13004148324
20261007,053280,"예스24",KOSDAQ,2800.0,0.0,"인터넷과카탈로그소매",0.34,1.623951345,70000000000.0,3000.0,-6.5,,35.0202429149798,18.5567010309278,10.8,39.8903497770077,0,1,0,52,"없음",27,-18.4593023255814,50,,,,0,0,,,,,0,,,0,0,2946.38114256272,3176.38114256272
20261007,053290,"NE능률",KOSDAQ,1494.0,0.07,"교육서비스",0.19,0.179457746,24690302658.0,1698.0,-12.8386336866902,,27.8740157480315,27.536231884058,9.8,51.2776236160583,0,1,0,73,"없음",30,-31.7972350230415,26,20260715,14.1587301587301,2.63745904005032,0,0,,,,,0,,,0,0,1550.93839531025,1685.93839531025
20261007,053300,"한국정보인증",KOSDAQ,5400.0,-4.09,"IT서비스",15.46,32.281962615,213651788400.0,6090.0,-11.3300492610837,,0.0,14.5762711864407,10.0,100.473679197444,0,1,0,43,"관망",29,-7.05679862306368,70,20260915,10.1960784313726,65.1852704774302,0,0,,,,,1,5160.0,"저항→지지",0,0,5631.94798962371,5631.94798962371
20261007,053350,"이니텍",KOSDAQ,4900.0,2.08,"소프트웨어",5.18,2.94986811,107903218500.0,4990.0,-2.50501002004008,,26.984126984127,22.0828105395232,9.2,115.047873234513,2,1,0,81,"없음",41,46.5361445783133,95,20260701,9.82658959537572,2.79043676834213,1,0,,,,,1,4805.0,"저항→지지",0,0,4470.86500625291,4470.86500625291
20261007,053450,"세코닉스",KOSDAQ,3265.0,-2.54,"전자장비와기기",1.31,0.971456305,48298501795.0,3255.0,0.307219662058372,1.53609831029186,45.702005730659,21.195652173913,10.0,82.2969416070009,0,3,0,82,"없음",38,-37.0905587668593,20,,,,0,0,20261001,3255.0,3305.0,189.343544685507,1,3100.0,"저항→지지",0,0,3083.23095504025,3383.23095504025
20261007,053580,"웹케시",KOSDAQ,7140.0,0.28,"소프트웨어",0.63,0.67857243,92494673040.0,8180.0,-12.958435207824,,7.76397515527951,15.7971014492754,10.0,37.9262570438717,0,1,0,75,"없음",26,-17.9723502304147,52,,,,0,0,,,,,1,6900.0,"지지 재탈환",0,0,7479.10484697956,7479.10484697956
20261007,053610,"프로텍",KOSDAQ,81200.0,-5.25,"반도체와반도체장비",64.85,28.1873899,730800000000.0,87300.0,-7.67468499427262,,44.02460456942,24.7933884297521,6.8,235.394247851007,4,3,0,80,"없음",54,44.4444444444444,94,,,,0,0,,,,,1,65300.0,"저항→지지",0,0,77912.9290672276,77912.9290672276
20261007,053620,"태양",KOSDAQ,6790.0,3.82,"가정용품",2.69,0.35835162,58394000000.0,8210.0,-17.5395858708892,,0.0,6.97329376854599,11.4,607.884346899254,3,1,0,74,"없음",37,-4.64788732394366,73,,,,0,0,,,,,1,6750.0,"지지 재탈환",0,0,7719.99623280276,7719.99623280276
20261007,053690,"한미글로벌",KOSPI,20250.0,-2.17,"건설",21.69,48.516644925,221890387500.0,25100.0,-19.9203187250996,,44.6563630384742,29.4661190965092,10.0,39.5290058750501,2,1,0,62,"없음",40,-36.9905956112853,20,20260827,9.35251798561152,8.75228517922981,0,0,,,,,0,,,0,0,22276.7607260992,22276.7607260992
20261007,053700,"삼보모터스",KOSDAQ,3990.0,-0.62,"자동차부품",2.78,3.70946299,106595870430.0,3980.0,0.0,1.63316582914573,55.7029177718833,25.0505050505051,6.8,30.6665439975728,0,3,0,96,"없음",52,-33.5559265442404,24,20260814,12.0098039215686,19.0311464624332,0,0,20261002,3980.0,4045.0,56.0403111734957,1,3895.0,"지지 재탈환",0,0,3818.68175035074,4648.68175035074
20261007,053800,"안랩",KOSDAQ,77800.0,-12.58,"소프트웨어",191.97,97.41468775,865642166800.0,78800.0,-2.03045685279188,14.4670050761421,0.0,14.6218487394958,15.0,327.448626681797,4,3,0,78,"돌파임박",62,27.3927392739274,92,20261006,15.0510204081633,8.90784549508521,0,0,20261006,78800.0,90200.0,1295.98381034654,1,69800.0,"저항→지지",0,0,85150.2554602356,85150.2554602356
20261007,053950,"경남제약",KOSDAQ,2070.0,1.22,"제약",5.21,20.6307494625,40612673430.0,2695.0,-22.6345083487941,,45.1980792316927,30.1234567901235,9.8,49.8289761623071,0,1,0,50,"없음",30,-47.2151898734177,10,20260915,9.04761904761904,4.26214248818283,0,0,,,,,1,1922.0,"저항→지지",0,0,2293.08702867935,2293.08702867935
20261007,053980,"오상자이엘",KOSDAQ,2445.0,1.03,"소프트웨어",1.36,0.9003047525,46412904435.0,2450.0,-0.204081632653061,,43.5215946843854,18.5441941074523,5.8,32.7185030586951,0,2,0,92,"없음",43,-22.0095693779904,43,,,,1,0,,,,,1,2435.0,"지지 재탈환",0,0,2376.67125470914,2741.67125470914
20261007,054040,"한국컴퓨터",KOSDAQ,4415.0,0.11,"디스플레이장비및부품",0.2,0.8647433675,70954745350.0,4635.0,-4.74649406688242,,46.5208747514911,17.4242424242424,7.4,13.2333259208619,1,2,0,92,"없음",48,-14.437984496124,57,,,,0,0,,,,,0,,,0,0,4429.47588372515,5074.47588372515
20261007,054050,"NH농우바이오",KOSDAQ,7060.0,-0.56,"생물공학",0.58,1.21894535,113175760660.0,7600.0,-6.71052631578947,,43.3628318584071,12.9251700680272,15.6,43.8838449479035,1,1,0,82,"없음",32,-11.4856429463171,63,,,,0,0,,,,,1,7080.0,"저항→지지",0,0,7336.72236091044,7336.72236091044
20261007,054090,"삼진엘앤디",KOSDAQ,1004.0,0.2,"전자장비와기기",0.87,0.8182610535,25059068928.0,1197.0,-16.1236424394319,,8.52589641434263,12.4517374517375,7.0,79.2776848791688,4,1,0,48,"없음",46,-4.01529636711281,74,,,,0,0,,,,,0,,,0,0,1047.32392577101,1047.32392577101
20261007,054210,"이랜텍",KOSDAQ,7140.0,-1.11,"핸드셋",8.97,7.25615702,180579239400.0,7200.0,0.0,0.694444444444444,49.3251533742331,24.802110817942,11.0,119.081183866469,0,3,0,84,"없음",35,-31.2977099236641,27,,,,0,0,20261006,7200.0,7250.0,243.973957124062,1,6980.0,"저항→지지",0,0,6615.49399032507,7655.49399032507
20261007,054220,"비츠로시스",KOSDAQ,1697.0,-1.51,"IT서비스",0.62,1.9209251125,21366275352.0,2150.0,-21.7209302325581,,3.44827586206897,29.1387559808612,6.8,33.1803394781685,0,2,0,58,"없음",40,-39.8928571428571,17,20260813,14.6247594611931,7.89946663950023,0,0,,,,,1,1658.0,"저항→지지",0,0,1894.60859276273,1894.60859276273
20261007,054300,"팬스타엔터프라이즈",KOSDAQ,975.0,-3.66,"해운사",3.18,2.27604232,57255358875.0,1129.0,-13.7289636846767,,33.8222605694564,19.6277495769882,6.0,127.432719127396,0,2,0,77,"없음",36,-5.98455598455598,71,20260701,18.1699346405229,5.65657561503813,0,0,,,,,0,,,0,0,1058.02396476423,1065.02396476423
20261007,054410,"케이피티유",KOSDAQ,2515.0,-4.19,"비철금속",1.31,0.29804626,14402006660.0,3630.0,-30.5785123966942,,24.2841993637328,36.1185983827493,18.2,513.768000651923,0,1,0,70,"없음",26,-29.8050139275766,30,20260715,15.1234567901235,9.7562643058963,0,0,,,,,0,,,0,0,3306.93749589938,3476.93749589938
20261007,054450,"텔레칩스",KOSDAQ,10200.0,-2.21,"반도체와반도체장비",6.75,5.57531483,154471176600.0,10650.0,-4.22535211267606,,50.0438981562774,14.6666666666667,7.0,105.890944882014,0,2,0,76,"없음",30,-18.7898089171975,50,,,,0,0,,,,,1,9650.0,"저항→지지",0,0,9733.44486812272,9733.44486812272
20261007,054540,"삼영엠텍",KOSDAQ,7090.0,-0.28,"조선",7.04,5.38495787,92170000000.0,7470.0,-5.62248995983936,,54.7377326565144,22.2516556291391,6.8,42.1012382890922,0,1,0,92,"없음",35,-38.6422976501305,18,20260724,11.0091743119266,41.5102425741786,0,0,,,,,1,6940.0,"저항→지지",0,0,6637.84269590082,7337.84269590082
20261007,054620,APS,KOSDAQ,4025.0,1.51,"반도체와반도체장비",0.83,2.9220389875,74036739525.0,3995.0,0.750938673341677,0.750938673341677,45.565749235474,17.7272727272727,8.2,40.3839373527065,1,1,0,79,"없음",34,-57.1808510638298,5,,,,0,0,20261007,3995.0,4025.0,40.4013682163527,1,3920.0,"저항→지지",0,0,3690.74437527948,4070.74437527948
20261007,054670,"대한뉴팜",KOSDAQ,5560.0,0.36,"제약",0.81,0.68114573,79813355200.0,5850.0,-4.95726495726496,,33.7995337995338,10.4240282685512,9.6,88.3150360080681,0,2,0,78,"없음",33,-22.2377622377622,43,,,,0,0,,,,,1,5540.0,"지지 재탈환",0,0,5425.26770716941,5795.26770716941
20261007,054780,"키이스트",KOSDAQ,2205.0,2.08,"방송과엔터테인먼트",1.96,3.153833802,43345433565.0,2550.0,-13.5294117647059,,0.0,35.3776630083925,10.4,91.5755741181506,0,1,0,53,"없음",16,-15.1923076923077,56,20261002,9.06862745098038,11.6350630322623,0,0,,,,,1,1417.0,"저항→지지",0,0,2252.69430448665,2252.69430448665
20261007,054800,"아이디스홀딩스",KOSDAQ,14570.0,0.55,"컴퓨터와주변기기",0.9,1.038573565,150766804920.0,15100.0,-3.70860927152318,,19.8751300728408,9.97458703939009,6.8,109.541909352034,2,1,0,74,"없음",37,-9.91325898389096,66,,,,0,0,,,,,0,,,0,0,15105.3433612263,15105.3433612263
20261007,054920,"한컴위드",KOSDAQ,5240.0,-6.93,"비철금속",94.82,164.2847655675,147857504440.0,5880.0,-12.4149659863946,,0.0,18.192627824019,7.4,125.089211474919,2,1,0,41,"관망",39,-1.52963671128107,76,20261006,11.5768463073852,6.12403646396661,0,0,,,,,1,3835.0,"저항→지지",0,0,5146.0552865694,5146.0552865694
20261007,054930,"유신",KOSDAQ,17460.0,-0.91,"건설",0.92,3.31833578,52380000000.0,22000.0,-20.6363636363636,,2.76941601444911,17.5,6.4,30.1260744985673,0,1,0,41,"없음",22,-28.5889570552147,32,,,,0,0,,,,,0,,,0,0,20181.6067976002,20181.6067976002
20261007,054940,"엑사이엔씨",KOSDAQ,3350.0,-1.9,"반도체와반도체장비",0.92,2.67219445,22226275150.0,3690.0,-6.23306233062331,,58.099173553719,39.0291262135922,11.0,14.4081788478415,3,2,0,50,"없음",62,-3.88888888888889,74,20260831,30.0,21.6109282947495,0,0,,,,,0,,,0,0,3626.29868497061,4686.29868497061
20261007,054950,"제이브이엠",KOSDAQ,24350.0,0.21,"건강관리장비와용품",2.89,3.4783925,294388870200.0,24900.0,-2.40963855421687,,56.2091503267974,11.1111111111111,11.6,65.1356219247305,1,2,0,80,"없음",50,-1.21951219512195,77,20260730,12.4390243902439,6.18675060291437,0,0,,,,,1,23600.0,"저항→지지",0,0,23391.9487148085,24341.9487148085
20261007,055490,"테이팩스",KOSPI,17100.0,2.33,"전자장비와기기",1.33,2.55387515,81851715000.0,17700.0,-3.38983050847458,,25.4248810333107,23.3383685800604,9.6,33.3751437405347,2,2,0,64,"없음",55,6.07940446650124,83,20260827,17.2464840858623,4.13974186066209,0,0,,,,,1,15500.0,"저항→지지",0,0,16011.3051745195,16011.3051745195
20261007,055550,"신한지주",KOSPI,103100.0,-0.48,"은행",683.86,1062.03978635,48400319640900.0,115200.0,-10.5902777777778,,47.4770642201835,11.306765523633,9.8,62.1289130015782,4,1,0,80,"관망",49,10.3965702036442,86,,,,0,0,,,,,0,,,0,0,109087.784224919,109087.784224919
20261007,056080,"유진로봇",KOSDAQ,12320.0,-4.42,"기계",44.75,55.90533509,471061187520.0,13000.0,-5.07692307692308,,44.9905482041588,30.0382653061224,6.8,96.0709341743866,1,2,0,71,"관망",38,-52.5384615384615,6,,,,0,0,,,,,1,12260.0,"저항→지지",0,0,11489.5563830864,13919.5563830864
20261007,056190,SFA,KOSDAQ,31000.0,-2.52,"기계",43.83,43.123783525,1113171560000.0,29450.0,5.26315789473684,2.37691001697793,4.98891352549889,21.9907407407407,9.6,108.418168728629,3,3,0,83,"관망",55,11.310592459605,87,20260915,15.8953722334004,4.99172431437765,0,0,20261001,29450.0,30150.0,215.395536083142,1,29450.0,"저항→지지",0,0,29441.4316745356,29441.4316745356
20261007,056360,"코위버",KOSDAQ,6470.0,-6.64,"통신장비",11.4,13.248746915,63385296000.0,6920.0,-7.51445086705202,1.01156069364162,2.6027397260274,25.0381679389313,7.0,137.6425247728,2,3,0,76,"없음",45,-13.6302294197031,59,20260923,8.50340136054422,3.2913059250872,0,0,20261006,6920.0,6990.0,302.672617245256,1,6390.0,"저항→지지",0,0,6220.09797177981,6220.09797177981
20261007,056700,"신화인터텍",KOSDAQ,1415.0,0.14,"디스플레이장비및부품",0.49,0.566917326,41226153765.0,1440.0,-1.73611111111111,,69.2513368983957,16.012084592145,15.0,71.562884868736,0,3,0,87,"없음",45,-22.7198252321136,42,,,,0,0,,,,,0,,,0,0,1392.41680450258,1467.41680450258
20261007,056730,CNT85,KOSDAQ,1324.0,8.17,"건설",1.81,0.2983931405,19624641788.0,1450.0,-8.68965517241379,,12.2678396871945,30.8679706601467,9.8,761.101287369239,0,1,0,52,"없음",29,-41.6740088105727,14,20261007,9.96677740863787,8.00573638694537,1,0,,,,,1,1222.0,"지지 재탈환",0,0,1236.05114565569,1486.05114565569
20261007,057030,"YBM넷",KOSDAQ,2115.0,0.71,"교육서비스",0.14,0.460231005,34501354155.0,2290.0,-7.64192139737991,,2.52525252525254,14.7974413646055,11.4,47.9361020310721,0,1,0,48,"없음",25,-21.5213358070501,45,,,,0,0,,,,,1,2100.0,"저항→지지",0,0,2244.44356197963,2244.44356197963
20261007,057680,"티사이언티픽",KOSDAQ,1646.0,-1.5,"IT서비스",0.48,1.1375179455,25995128214.0,1953.0,-15.8218125960061,,25.2064490758946,29.4117647058824,4.0,27.394722064123,0,2,0,63,"없음",40,-48.944099378882,9,20260904,10.7970604861504,8.9725503154562,0,0,,,,,0,,,0,0,1940.85504726044,1940.85504726044
20261007,058110,"멕아이씨에스",KOSDAQ,1680.0,7.69,"건강관리장비와용품",12.47,1.635911326,26964890400.0,1579.0,7.40975300823306,0.633312222925903,22.972972972973,42.5796006475985,10.0,1033.43233177764,1,1,0,36,"없음",34,-47.1651090342679,10,20260813,9.7442143727162,2.66815518857661,0,0,20261006,1579.0,1589.0,112.846101876761,1,1579.0,"저항→지지",0,0,1733.94353082048,1733.94353082048
20261007,058400,KNN,KOSDAQ,5890.0,-0.17,"방송과엔터테인먼트",0.15,1.437349535,78001105080.0,7680.0,-23.1770833333333,,26.0034904013962,28.6752827140549,15.0,12.4006928518207,0,1,0,45,"없음",22,-20.2702702702703,47,,,,0,0,,,,,1,5790.0,"저항→지지",0,0,7111.16616781562,7111.16616781562
20261007,058430,"포스코스틸리온",KOSPI,4500.0,-2.81,"비철금속",10.09,10.12932796,270000000000.0,4960.0,-9.17338709677419,,51.7699115044248,24.9217935349322,10.0,75.7712096165074,2,3,0,90,"없음",48,-3.22234156820623,74,20260617,17.2905525846702,32.7038474486041,0,0,,,,,0,,,0,0,4512.03504667642,4682.03504667642
20261007,058450,"한주에이알티",KOSDAQ,599.0,4.54,"방송과엔터테인먼트",1.47,1.2073868645,3233385228.0,1844.0,-67.5162689804772,,82.2274052478134,89.171270718232,8.8,194.895888879815,0,2,0,37,"없음",30,-82.5618631732169,1,20260629,26.0677466863034,6.23883931809938,0,0,,,,,0,,,0,0,1433.77945602334,4304.77945602334
20261007,058470,"리노공업",KOSDAQ,86000.0,-1.04,"반도체와반도체장비",911.06,720.24008955,6554219100000.0,77500.0,10.4516129032258,5.67741935483871,33.7662337662338,32.9192546583851,11.4,150.096860454048,2,1,0,64,"관망",39,-18.1644359464627,51,,,,0,0,20261001,77500.0,81900.0,241.852122130431,1,77500.0,"저항→지지",0,0,79850.2246658714,79850.2246658714
20261007,058610,"에스피지",KOSDAQ,100100.0,-5.83,"전기제품",197.02,354.3748523,2219953736000.0,107600.0,-7.15613382899628,,54.9778761061947,33.4410339256866,6.8,33.1621576907805,1,3,0,81,"관망",57,-10.4035874439462,65,20260915,19.6629213483146,4.41930401606852,0,0,,,,,1,98500.0,"저항→지지",0,0,96471.925614573,110571.925614573
20261007,058630,"엠게임",KOSDAQ,3985.0,0.76,"게임엔터테인먼트",0.56,1.7834780775,74808707390.0,4210.0,-5.93824228028503,,30.162703379224,18.7229437229437,7.2,38.7040081760821,0,1,0,45,"없음",27,-23.1067961165049,41,,,,0,0,,,,,1,3950.0,"지지 재탈환",0,0,4576.6479642192,4696.6479642192
20261007,058650,"세아홀딩스",KOSPI,126300.0,-1.94,"철강",1.42,1.05758435,512176306800.0,130200.0,-2.99539170506912,,50.4158004158004,24.3515850144092,15.4,129.847843496167,1,1,0,75,"없음",32,-22.1331689272503,43,,,,0,0,,,,,0,,,0,0,132104.512848103,132104.512848103
20261007,058730,"다스코",KOSPI,3155.0,-1.25,"건축자재",5.17,15.6955902475,63892696905.0,4340.0,-27.1889400921659,,87.780269058296,50.8620689655172,11.8,8.92866543774024,2,2,0,61,"없음",52,-15.0537634408602,56,20260902,10.5189340813464,5.22168179235615,0,0,,,,,0,,,0,0,3412.50910068503,4992.50910068503
20261007,058850,KTcs,KOSPI,2205.0,0.23,"상업서비스와공급품",0.95,2.187489895,91296812250.0,2220.0,-0.900900900900901,,39.1794871794872,25.5474452554745,20.2,49.1782197023376,0,3,0,81,"없음",34,-15.5470249520154,56,,,,0,0,,,,,1,2140.0,"저항→지지",0,0,2146.60100800463,2221.60100800463
20261007,058860,KTis,KOSPI,2610.0,0.38,"상업서비스와공급품",1.94,8.29538353,90833220000.0,2930.0,-10.580204778157,,0.732600732600726,5.2734375,6.6,49.3694916023633,1,1,0,39,"없음",30,-6.59536541889483,70,,,,1,0,,,,,1,2565.0,"저항→지지",0,0,2785.92282706855,2785.92282706855
20261007,058970,"엠로",KOSDAQ,16370.0,-4.38,"소프트웨어",3.12,3.28851076,202378937780.0,16970.0,-3.53565114908662,1.47318797878609,53.6055143160127,18.7569988801792,6.2,55.6607442220004,0,3,0,96,"없음",50,-41.326164874552,15,20260828,11.75,7.46900222482417,0,0,20261006,16970.0,17220.0,69.3892204131992,1,15470.0,"지지 재탈환",0,0,15829.3282204661,16979.3282204661
20261007,059090,"미코",KOSDAQ,23000.0,-4.17,"반도체와반도체장비",53.6,86.63985389,768585894000.0,24700.0,-7.89473684210526,,32.9209896249002,17.6618163572504,7.0,81.9581305429561,5,2,0,72,"수축중",60,67.8966789667897,97,20260922,10.4477611940299,6.09223023094839,0,0,,,,,1,20700.0,"저항→지지",0,0,22047.7717432868,22047.7717432868
20261007,059100,"아이컴포넌트",KOSDAQ,6680.0,-0.3,"디스플레이장비및부품",1.48,1.73388444,47233344800.0,7150.0,-6.99300699300699,,4.96948561464691,15.4381084840056,4.4,78.8232967564353,5,3,0,76,"없음",61,19.6043165467626,90,,,,0,0,,,,,1,6560.0,"저항→지지",0,0,6454.02421460094,6494.02421460094
20261007,059120,"아진엑스텍",KOSDAQ,7500.0,-7.06,"반도체와반도체장비",34.17,39.01144216,137325495000.0,7650.0,-2.74509803921569,1.17647058823529,60.2055800293686,28.843537414966,9.4,36.7414204190451,3,2,0,56,"수축중",65,4.20168067226891,82,20260903,12.1753246753247,5.42125879506083,0,0,20261001,7650.0,7740.0,40.2123379265767,1,6740.0,"저항→지지",0,0,7238.09545273717,7268.09545273717
20261007,059210,"메타바이오메드",KOSDAQ,3745.0,-0.53,"건강관리장비와용품",1.11,2.6204043725,101757061525.0,3840.0,0.260416666666667,,29.2642140468227,17.0533642691415,6.6,52.0329594412973,0,1,0,81,"없음",29,-11.4942528735632,63,,,,1,0,,,,,1,3680.0,"지지 재탈환",0,0,3630.65417414555,4005.65417414555
20261007,059270,"해성에어로보틱스",KOSDAQ,5240.0,-4.38,"기계",1.19,3.793818045,58506166760.0,5620.0,-7.47330960854092,,40.0247831474597,38.9570552147239,6.8,33.3864965443913,0,1,0,46,"없음",33,-49.8553519768563,8,20260601,13.1301289566237,2.73416352669494,0,0,,,,,1,5180.0,"지지 재탈환",0,0,4938.14420961464,5818.14420961464
20261007,060150,"인선이엔티",KOSDAQ,3020.0,0.67,"상업서비스와공급품",0.35,0.9711790575,137602108240.0,3000.0,-0.833333333333333,0.666666666666667,41.4351851851852,17.6651305683564,10.6,24.1952875194306,0,3,0,89,"없음",39,-28.226779252111,32,,,,0,0,20261006,3000.0,3020.0,31.8903672028954,1,2955.0,"저항→지지",0,0,2902.07492811388,3067.07492811388
20261007,060230,"제이케이시냅스",KOSDAQ,1335.0,0.98,"전자장비와기기",0.66,2.422568465,26092866030.0,1480.0,-11.6891891891892,,40.0069396252602,33.6075949367089,8.6,35.5316458598719,0,1,0,51,"없음",29,-48.4418145956607,9,20260909,11.7892976588629,14.971995997005,0,0,,,,,1,1280.0,"저항→지지",0,0,1247.30892626928,1547.30892626928
20261007,060250,"NHN KCP",KOSDAQ,13510.0,-1.39,"IT서비스",20.07,32.57314301,542569854610.0,14000.0,-3.57142857142857,,45.8964646464646,22.0172201722017,4.0,33.3146063848103,0,2,0,90,"관망",47,-17.481662591687,53,20260824,8.39210155148096,3.47016189274281,0,0,,,,,1,13230.0,"지지 재탈환",0,0,14781.2197741527,14781.2197741527
20261007,060260,"뉴보텍",KOSDAQ,835.0,5.43,"건축제품",0.99,0.5044829115,11140867260.0,1059.0,-21.152030217186,,62.4514458351316,48.2,8.2,115.993807470819,1,1,0,55,"없음",31,-35.0194552529183,22,20260805,11.4529914529915,7.95020314607381,0,0,,,,,0,,,0,0,931.476311100473,1351.47631110047
20261007,060280,"큐렉소",KOSDAQ,8730.0,-3.0,"건강관리장비와용품",20.63,16.478930095,360197966700.0,8460.0,2.71867612293144,2.00945626477541,40.0377714825307,26.1950286806883,6.8,110.143776713232,0,2,0,63,"없음",32,-45.4145728643216,11,,,,0,0,20261001,8460.0,8630.0,136.388809492366,1,8460.0,"저항→지지",0,0,8338.01496787551,9528.01496787551
20261007,060310,3S,KOSDAQ,1175.0,-2.16,"기계",1.27,1.184382887,62344372000.0,1278.0,-6.41627543035994,,30.7152875175316,22.5190839694656,6.6,68.6005616114557,0,2,0,58,"없음",37,-6.41627543035994,70,20260527,16.0106737825217,6.40778863338291,0,0,,,,,1,1173.0,"저항→지지",0,0,1140.40438721671,1172.40438721671
20261007,060370,"LS마린솔루션",KOSDAQ,33550.0,-4.01,"건설",70.37,48.0845726,1752613551700.0,36200.0,-7.32044198895028,,42.9495472186287,28.0952380952381,9.6,166.548363262019,3,2,0,71,"수축중",45,10.3618421052632,86,,,,0,0,,,,,0,,,0,0,32702.8647062868,32702.8647062868
20261007,060380,"동양에스텍",KOSDAQ,1325.0,1.22,"철강",0.06,0.1335563575,26102500000.0,1332.0,-0.525525525525526,,28.7009063444109,8.08005930318755,4.8,26.4494582192753,0,2,0,80,"없음",41,-5.22174535050071,72,,,,0,0,,,,,1,1319.0,"저항→지지",0,0,1295.70873814231,1295.70873814231
20261007,060480,"국일신동",KOSDAQ,1117.0,1.18,"비철금속",4.41,2.9639568935,12387530000.0,1650.0,-32.3030303030303,,0.0,27.9551337359793,7.8,241.852675604547,0,1,0,39,"없음",26,-33.5909631391201,24,20261006,28.8214702450408,4.82400104492158,0,0,,,,,1,935.0,"지지 재탈환",0,0,1419.40427361341,1419.40427361341
20261007,060540,"에스에이티",KOSDAQ,1348.0,1.35,"핸드셋",0.19,0.912228949,35227195032.0,1470.0,-8.29931972789116,,1.83112919633773,18.6008230452675,9.8,22.8906479459838,3,2,0,60,"없음",54,4.49612403100775,82,,,,0,0,,,,,1,1339.0,"저항→지지",0,0,1403.06965421874,1403.06965421874
20261007,060560,"HC홈센타",KOSDAQ,1955.0,1.56,"건축자재",0.13,0.127301292,49633541955.0,2190.0,-10.7305936073059,,41.0580980201233,31.2065439672802,12.8,71.2564543889845,0,1,0,81,"없음",29,-51.8472906403941,7,20260701,15.8221302998966,3.81395582483426,0,0,,,,,1,1949.0,"지지 재탈환",0,0,1968.59523655584,1968.59523655584
20261007,060570,"드림어스컴퍼니",KOSDAQ,4940.0,-1.2,"방송과엔터테인먼트",0.09,1.3899126575,73212351160.0,6260.0,-19.0095846645367,,21.9097449313277,16.5195460277427,5.6,11.7637287840859,0,1,0,46,"없음",30,-21.8195836545875,44,20260910,28.7779237844941,18.6741597625899,1,0,,,,,1,4535.0,"저항→지지",0,0,5526.41889238915,5526.41889238915
20261007,060590,"씨티씨바이오",KOSDAQ,3015.0,-0.82,"제약",0.76,0.920543385,72905775300.0,3130.0,-2.55591054313099,,43.1771894093686,14.3333333333333,9.6,58.5933292307231,0,2,0,59,"없음",33,-21.6944801026958,44,,,,0,0,,,,,0,,,0,0,2939.13201505673,3209.13201505673
20261007,060720,"KH바텍",KOSDAQ,11620.0,-0.6,"핸드셋",6.9,9.863166875,275131876040.0,11490.0,-0.696257615317667,0.783289817232376,62.665736217725,19.7019867549669,6.6,38.409540415508,0,3,0,94,"없음",45,-16.4714494875549,54,,,,0,0,20261002,11490.0,11580.0,71.33532136629,1,11240.0,"저항→지지",0,0,10840.7871446286,11100.7871446286
20261007,060850,"영림원소프트랩",KOSDAQ,4300.0,-1.94,"소프트웨어",0.73,0.32368947,34963300000.0,4865.0,-11.6135662898253,,36.0629921259843,19.5283018867925,6.8,187.351696873913,0,1,0,59,"없음",25,-29.2763157894737,31,,,,0,0,,,,,0,,,0,0,4580.5113445059,5015.5113445059
20261007,060900,"에이전트AI",KOSDAQ,1773.0,10.19,"에너지장비및서비스",5.56,3.2137155835,11602132578.0,3900.0,-53.4358974358974,,44.3180349062702,67.6100628930818,9.2,374.987400510268,0,1,0,36,"없음",22,-83.0169269615636,1,,,,0,0,,,,,0,,,0,0,3280.29736311048,4165.29736311048
20261007,060980,"HL홀딩스",KOSPI,37750.0,0.53,"자동차부품",2.5,4.689802525,338102099250.0,40600.0,-7.26600985221675,,43.6058700209644,10.8040201005025,9.8,51.1455022586827,0,2,0,71,"없음",30,-11.4117647058824,63,,,,0,0,,,,,0,,,0,0,38457.7101089808,39707.7101089808
20261007,061040,"알에프텍",KOSDAQ,7280.0,-0.27,"핸드셋",0.26,0.28505841,65871063440.0,7800.0,-3.97435897435897,,11.376404494382,20.0797872340426,8.2,44.6358782929175,0,1,0,79,"없음",35,-7.57650542941757,69,20260826,11.8181818181818,3.23157844930919,0,0,,,,,0,,,0,0,7009.01694471822,7009.01694471822
20261007,061090,"세나테크놀로지",KOSDAQ,43700.0,3.8,"통신장비",19.12,6.53446065,238931935000.0,38900.0,,,,50.4,17.0,179.667452735921,0,0,0,0,"없음",,17.4731182795699,89,20260930,13.3333333333333,3.23233316644017,0,0,,,,,1,38900.0,"저항→지지",1,0,37691.6653391587,44941.6653391587
20261007,061250,"화일약품",KOSDAQ,6500.0,0.78,"제약",0.7,3.698453715,54714296000.0,10190.0,-36.702649656526,,18.75,28.6206896551724,12.8,39.9007702398663,0,1,0,35,"없음",30,-35.1758793969849,22,20260915,12.0689655172414,9.19421465774989,0,0,,,,,0,,,0,0,9294.1192157449,9294.1192157449
20261007,061970,"LB세미콘",KOSDAQ,4685.0,-3.5,"반도체와반도체장비",13.5,15.39687054,328338883110.0,4975.0,-6.53266331658291,,59.7090095131505,41.1251980982567,6.2,41.7447348967013,2,2,0,75,"없음",55,18.7133009956599,90,20260818,18.1525241675618,4.21164374813773,0,0,,,,,1,4230.0,"저항→지지",0,0,4339.13516682028,5674.13516682028
20261007,062040,"산일전기",KOSPI,231500.0,-1.49,"전기장비",971.28,609.258631,7093819775000.0,215000.0,6.51162790697674,5.58139534883721,50.9235668789809,37.0652173913044,10.0,148.995456911984,3,1,0,67,"관망",50,61.2676056338028,96,20260827,13.9061616732617,3.46955672620211,0,0,20261002,215000.0,227000.0,160.038176032987,1,215000.0,"저항→지지",0,0,212618.848408423,212618.848408423
20261007,063080,"컴투스홀딩스",KOSDAQ,12210.0,-2.32,"게임엔터테인먼트",1.75,2.53094202,80527294320.0,12770.0,-2.66249021143305,,51.3595166163142,20.284135753749,9.6,57.1840149294889,0,1,0,48,"없음",31,-28.1917966493356,32,20260625,11.9130434782609,3.39068445081157,0,0,,,,,1,11870.0,"지지 재탈환",0,0,12115.4480393697,14695.4480393697
20261007,063160,"종근당바이오",KOSPI,14990.0,10.87,"제약",77.2,4.90363612,82234570380.0,14000.0,7.14285714285714,7.14285714285714,7.94314381270903,15.7046979865772,2.8,2957.03869294913,0,2,0,60,"없음",35,-22.037422037422,43,20261007,9.56902848794741,67.4537346566531,0,0,20261007,14000.0,15000.0,7125.50329679974,1,13260.0,"지지 재탈환",1,1,13444.7122925717,13444.7122925717
20261007,063170,"서울옥션",KOSDAQ,5610.0,0.72,"판매업체",0.63,1.27455647,99713637870.0,6480.0,-14.5061728395062,,8.38206627680312,14.2410015649452,4.0,32.3831248000998,0,1,0,50,"없음",26,-27.0092226613966,34,,,,0,0,,,,,0,,,0,0,5863.31097545302,5863.31097545302
20261007,063440,"SM Life Design",KOSDAQ,1099.0,0.46,"방송과엔터테인먼트",0.63,0.802124278,49805981036.0,1106.0,-2.16998191681736,,35.5912743972445,19.4515852613539,10.4,74.3176029002287,0,3,0,80,"없음",43,-29.0491803278689,31,20260917,8.00800800800801,7.90889670964668,0,0,,,,,1,1021.0,"저항→지지",0,0,1035.08603075861,1096.08603075861
20261007,063570,"NICE인프라",KOSDAQ,3310.0,-0.15,"상업서비스와공급품",0.17,0.4030860275,113028979680.0,3495.0,-5.29327610872675,,24.5762711864407,20.3366058906031,15.0,24.5763028168003,0,1,0,76,"없음",31,-18.3723797780518,51,,,,0,0,,,,,1,3210.0,"지지 재탈환",0,0,3301.57498189133,3321.57498189133
20261007,063760,"이엘피",KOSDAQ,2180.0,1.63,"디스플레이장비및부품",1.13,0.62163256,20328783400.0,2585.0,-15.8607350096712,,33.1439393939394,23.2209737827715,9.6,232.350871221589,1,1,0,37,"없음",27,-24.2160278745645,39,,,,0,0,,,,,0,,,0,0,2343.48160958959,2428.48160958959
20261007,064240,"홈캐스트",KOSDAQ,1699.0,-3.96,"전문소매",1.24,0.630414168,58945532449.0,1954.0,-12.9989764585466,,8.89192886456908,22.6857887874837,9.8,130.471237121545,0,1,0,48,"없음",22,-16.8704156479218,53,,,,0,0,,,,,0,,,0,0,2126.99141959896,2126.99141959896
20261007,064260,"다날",KOSDAQ,4525.0,-3.0,"IT서비스",20.73,48.6787514725,342295692925.0,4685.0,-3.62860192102455,0.64034151547492,51.3494318181818,29.5918367346939,6.0,12.98058445706,0,2,0,86,"관망",47,-28.4469096671949,32,20260820,9.58019375672767,3.12255018994911,0,0,20261006,4685.0,4715.0,28.2914397668582,0,,,0,0,4885.50295898865,5315.50295898865
20261007,064290,"인텍플러스",KOSDAQ,58500.0,-3.15,"반도체와반도체장비",153.65,206.455011725,760405113000.0,62600.0,-6.54952076677316,,20.2824858757062,20.7446808510638,6.2,71.7360095057532,5,2,0,67,"수축중",64,178.571428571429,99,20260818,17.3139158576052,2.65240060953884,0,0,,,,,1,58100.0,"저항→지지",0,0,53382.3520998088,53382.3520998088
20261007,064350,"현대로템",KOSPI,108200.0,-3.74,"2026년 3분기 경영실적 발표",366.99,399.40088285,11809196102600.0,131800.0,-18.133535660091,,73.4128674904133,37.8034682080925,9.8,83.5252697582743,0,1,0,63,"관망",26,-42.8495762711864,13,,,,0,0,,,,,0,,,0,0,119276.862983919,160876.862983919
20261007,064400,"LG씨엔에스",KOSPI,69600.0,-5.43,"IT서비스",469.7,327.23496765,6743261980800.0,77200.0,-10.3626943005181,,62.7039627039627,17.6890156918688,10.0,95.1823396737383,2,2,0,81,"관망",51,16.3025210084034,89,20260601,26.274165202109,3.80945242236454,0,0,,,,,0,,,0,0,70687.2077507646,77487.2077507646
20261007,064480,"브리지텍",KOSDAQ,2580.0,0.39,"IT서비스",0.43,0.5938429575,30837450000.0,3030.0,-14.8514851485149,,66.913123844732,21.9015280135823,12.0,58.932012227854,0,2,0,58,"없음",28,-40.5529953917051,16,,,,0,0,,,,,1,2575.0,"지지 재탈환",0,0,2661.77396763347,2866.77396763347
20261007,064520,"테크엘",KOSDAQ,1500.0,-0.13,"반도체와반도체장비",0.16,0.0971119565,33526593000.0,1699.0,-11.7127722189523,,19.9908925318761,26.5968586387435,2.8,135.891164390739,0,2,0,48,"없음",28,-13.6939010356732,59,,,,0,0,,,,,0,,,0,0,1709.52435092148,1709.52435092148
20261007,064550,"바이오니아",KOSDAQ,8660.0,-2.26,"생물공학",18.72,55.482536495,223517120060.0,10880.0,-20.6801470588235,,59.6858638743455,26.3736263736264,6.2,38.8562889668958,0,1,0,53,"관망",30,-23.4250221827862,40,20260901,25.1422070534699,14.7920076084222,0,0,,,,,0,,,0,0,9813.9095835836,10113.9095835836
20261007,064760,"티씨케이",KOSDAQ,283500.0,-4.38,"반도체와반도체장비",211.41,194.9673105,3169364436000.0,316000.0,-10.6012658227848,,48.7951807228916,47.7099236641221,11.4,99.9274463099993,4,2,0,62,"수축중",57,21.505376344086,90,,,,0,0,,,,,1,251500.0,"저항→지지",0,0,278813.274895071,278813.274895071
20261007,064800,"포니링크",KOSDAQ,2155.0,1.89,"전문소매",1.11,1.1374311215,55084944145.0,3150.0,-31.7460317460317,,39.4174757281553,21.2107623318386,11.4,64.4660480545739,0,1,0,40,"없음",30,-38.5714285714286,18,20260826,9.44350758853287,3.7672214641065,0,0,,,,,0,,,0,0,2700.51214675906,3090.51214675906
20261007,064820,"케이프",KOSDAQ,7770.0,-1.89,"증권",1.6,2.702544255,239783870550.0,8020.0,-2.36907730673317,,69.6750902527076,23.4920634920635,6.8,27.7750702676345,0,1,0,91,"없음",31,-25.781990521327,37,,,,0,0,,,,,1,7650.0,"지지 재탈환",0,0,7519.10002520364,9359.10002520364
20261007,064850,"에프앤가이드",KOSDAQ,20450.0,0.49,"IT서비스",10.28,7.27395281,233341289400.0,22550.0,-9.75609756097561,,49.5455604754137,19.1442676906199,8.2,131.783506555084,2,2,0,78,"없음",38,-0.245098039215686,78,,,,1,0,,,,,1,18410.0,"저항→지지",0,0,19637.1473693842,20737.1473693842
20261007,064960,"SNT모티브",KOSPI,26700.0,-0.37,"자동차부품",7.8,15.059537825,708625262400.0,28450.0,-6.67838312829526,,34.6560846560847,12.5226860254083,9.6,43.6214808551812,0,2,0,63,"없음",30,-20.9821428571429,45,,,,0,0,,,,,1,26500.0,"저항→지지",0,0,26503.740360862,27053.740360862
20261007,065060,"지엔코",KOSDAQ,3400.0,0.29,"섬유,의류,신발,호화품",1.07,0.28091288,20367312400.0,3740.0,-9.09090909090909,,25.9827420901246,21.8844984802432,12.4,338.094527469248,2,1,0,43,"없음",39,13.3333333333333,88,20260715,26.4591439688716,9.39731119897298,1,0,,,,,1,3250.0,"지지 재탈환",0,0,3258.31421928231,3258.31421928231
20261007,065130,"탑엔지니어링",KOSDAQ,3050.0,-3.79,"핸드셋",1.9,0.92945955,48812200000.0,2920.0,4.45205479452055,1.54109589041096,21.7993079584775,26.71875,11.4,185.519750051148,0,3,0,81,"없음",35,-1.13452188006483,77,,,,0,0,20261001,2920.0,2965.0,246.686830731383,1,2920.0,"저항→지지",0,0,2934.15999936296,2934.15999936296
20261007,065150,"대산F&B",KOSDAQ,1254.0,-0.79,"식품",1.14,1.052545006,19986552960.0,1414.0,-11.6690240452617,,39.6353547364249,28.5714285714286,4.8,179.587974401235,0,2,0,49,"없음",28,-56.8566493955095,5,,,,0,0,,,,,0,,,0,0,1313.02626442201,2708.02626442201
20261007,065350,"신성델타테크",KOSDAQ,32700.0,-3.4,"가정용기기와용품",20.9,27.290968275,898725099600.0,32550.0,0.307219662058372,0.768049155145929,65.5655655655655,22.3367697594502,9.6,52.2737442353775,0,3,0,90,"없음",45,-43.0191972076789,13,20260629,20.9964412811388,2.96153782199364,0,0,20261002,32550.0,32800.0,77.8807513784617,1,32550.0,"저항→지지",0,0,31254.2947033056,31254.2947033056
20261007,065370,"위세아이텍",KOSDAQ,3175.0,5.13,"소프트웨어",0.53,0.1849576625,23444053950.0,3045.0,4.26929392446634,0.985221674876847,41.2005457025921,24.5481927710843,8.4,127.873617030839,0,2,0,87,"없음",43,-33.991683991684,24,20260720,8.19964349376114,4.45958405901035,1,0,20261006,3045.0,3075.0,125.685588181479,1,3045.0,"저항→지지",1,0,2753.68151369748,2983.68151369748
20261007,065440,"이루온",KOSDAQ,1614.0,-2.12,"IT서비스",6.51,10.278160819,44021882280.0,1832.0,-12.0087336244541,,21.1640211640212,21.280487804878,7.0,113.210590760751,1,1,0,61,"없음",31,-40.9523809523809,15,20261002,15.2313167259786,34.8668813188198,0,0,,,,,1,1545.0,"저항→지지",0,0,1610.97341756212,1610.97341756212
20261007,065450,"빅텍",KOSDAQ,2960.0,-0.84,"우주항공과국방",10.92,28.9117254275,87307576880.0,3330.0,-12.012012012012,,2.91828793774319,22.360248447205,9.8,66.1624716606989,1,2,0,62,"없음",30,-39.2116182572614,18,,,,0,0,,,,,1,2850.0,"저항→지지",0,0,3020.59064594399,3020.59064594399
20261007,065500,"오리엔트정공",KOSDAQ,1049.0,5.01,"자동차부품",1.92,0.8176589675,37494314688.0,1078.0,-3.71057513914657,,43.8825448613377,24.8665141113654,8.2,210.128328222824,0,1,0,52,"없음",27,-51.2676056338028,7,,,,0,0,,,,,1,1012.0,"지지 재탈환",0,0,1080.88324161357,1206.88324161357
20261007,065510,"휴비츠",KOSDAQ,7250.0,3.72,"건강관리장비와용품",10.9,1.91146401,78864738750.0,6990.0,3.86266094420601,1.57367668097282,35.7320099255583,15.2702702702703,11.4,476.294771633868,0,3,0,87,"없음",35,-8.56423173803526,67,,,,0,0,20261002,6990.0,7100.0,160.586591917276,1,6990.0,"저항→지지",1,0,6759.67016521778,6909.67016521778
20261007,065530,"와이어블",KOSDAQ,1477.0,-2.25,"무선통신서비스",11.0,10.1722975645,70657847043.0,1628.0,-8.78378378378378,,1.34028294862249,15.2029520295203,8.2,204.167164561109,1,2,0,51,"없음",37,-31.8807339449541,26,20261002,18.3164458300857,45.3339299649935,0,0,,,,,1,1310.0,"저항→지지",0,0,1471.05367192348,1471.05367192348
20261007,065650,"하이퍼코퍼레이션",KOSDAQ,1499.0,9.18,"컴퓨터와주변기기",0.64,0.306455848,16408034513.0,1744.0,-15.5963302752294,,1.24023886081763,43.3115468409586,10.8,211.419872203225,0,1,0,38,"없음",26,-61.0993657505285,3,20260901,11.4723926380368,3.86509445341083,0,0,,,,,1,1397.0,"지지 재탈환",0,0,1583.91826688284,2009.91826688284
20261007,065660,"안트로젠",KOSDAQ,16390.0,9.78,"제약",14.18,3.02479579,163999979000.0,15550.0,5.20900321543408,5.20900321543408,67.6971973418087,22.9840921557872,8.2,295.350227452329,0,1,0,87,"없음",31,-62.8181818181818,3,20261007,8.99400399733512,5.38032887764521,1,0,20261007,15550.0,16360.0,307.627297546843,1,15040.0,"저항→지지",1,0,14362.0554399346,18222.0554399346
20261007,065680,"우주일렉트로",KOSDAQ,23750.0,-3.85,"핸드셋",1.99,5.01538445,214711186250.0,28450.0,-16.1687170474517,,47.0723306544202,41.8856259659969,11.0,44.1480457554468,0,2,0,57,"없음",30,-11.0074626865672,63,20260922,15.2619589977221,10.3844247339612,0,0,,,,,1,21700.0,"지지 재탈환",0,0,24919.4177799939,28819.4177799939
20261007,065690,"파커스",KOSDAQ,1937.0,1.04,"컴퓨터와주변기기",0.32,0.6291630325,23272100059.0,1889.0,2.54102699841186,1.48226574907358,37.8926701570681,12.085635359116,10.2,33.4670264481379,5,3,0,88,"없음",77,44.9850299401198,95,20260722,9.00000000000001,4.61914856220045,1,0,20261006,1889.0,1917.0,26.9532102660685,1,1889.0,"저항→지지",1,0,1758.63587401173,1796.63587401173
20261007,065710,"서호전기",KOSDAQ,43100.0,-0.12,"운송인프라",1.27,3.255839025,221965000000.0,46200.0,-6.70995670995671,,49.7744360902256,20.9580838323353,13.8,37.0502208473922,0,3,0,89,"없음",43,-2.48868778280543,75,20260625,8.39954597048809,3.31203385714781,0,0,,,,,0,,,0,0,43955.7337817404,44855.7337817404
20261007,065770,CS,KOSDAQ,881.0,-6.67,"통신장비",1.47,2.3284435695,9263771384.0,970.0,-9.17525773195876,,67.3225998807394,57.7222222222222,5.2,55.1825807380456,1,2,0,61,"없음",37,-64.0554875560995,3,20261006,18.8916876574307,15.4439192428986,0,0,,,,,1,820.0,"지지 재탈환",0,0,1025.11483442796,2163.11483442796
20261007,065950,"웰크론",KOSDAQ,1221.0,9.02,"건설",5.83,0.734748078,34470419742.0,1305.0,-5.05747126436782,,56.2646644767715,42.6751592356688,10.8,591.933835104933,0,1,0,54,"없음",31,-22.8518057285181,42,20261007,8.97097625329815,12.2225652396171,1,0,,,,,1,1155.0,"저항→지지",0,0,1165.94492392312,1430.94492392312
20261007,066130,"하츠",KOSDAQ,3455.0,-0.72,"가정용기기와용품",0.49,0.39252424,44224000000.0,3925.0,-12.484076433121,,0.0,15.8854166666667,7.2,72.2968343922007,0,1,0,36,"없음",26,-21.2155963302752,45,,,,0,0,,,,,0,,,0,0,3637.3214598469,3637.3214598469
20261007,066310,"큐에스아이",KOSDAQ,8580.0,-5.3,"반도체와반도체장비",7.8,8.47425532,79550508180.0,8900.0,-3.37078651685393,2.02247191011236,17.948717948718,16.2361623616236,7.0,139.681421305662,2,2,0,68,"없음",40,-24.6275197195443,38,,,,0,0,20261006,8900.0,9080.0,368.412006737122,1,8460.0,"저항→지지",0,0,8586.58824984918,8586.58824984918
20261007,066360,"체리부로",KOSDAQ,1524.0,3.74,"식품",0.32,0.422098495,36539434668.0,1645.0,-7.35562310030395,,5.56328233657858,35.8695652173913,15.8,69.1297866072556,2,1,0,49,"없음",39,-35.3689567430025,22,20260611,8.41248303934872,11.916565843249,0,0,,,,,1,1354.0,"저항→지지",0,0,1492.9914141224,1492.9914141224
20261007,066430,"아이로보틱스",KOSDAQ,2015.0,-1.95,"화학",3.73,9.5344835675,78894254140.0,2205.0,-8.84353741496599,,66.401766004415,19.9588477366255,5.6,12.3155987066026,2,3,0,90,"없음",58,2.81329923273657,80,20260814,13.9269406392694,6.38108952651725,0,0,,,,,0,,,0,0,2059.93549326391,2554.93549326391
20261007,066570,"LG전자",KOSPI,210500.0,-9.46,"전자제품",3883.14,1613.90063505,34287216299000.0,221000.0,-5.42986425339367,5.42986425339367,37.3230373230373,18.4449244060475,6.6,195.81661542271,4,3,1,86,"돌파임박",60,85.7777777777778,97,,,,0,0,20261006,221000.0,233000.0,136.209039136147,0,,,0,0,210981.547093111,210981.547093111
20261007,066590,"스모트로닉",KOSDAQ,2285.0,0.0,"자동차부품",1.45,1.7490139075,88379086045.0,2830.0,-19.2579505300353,,78.8194444444445,43.3198380566802,10.2,18.8967285426374,0,1,0,57,"없음",30,-17.6576576576577,52,20260721,30.0,20.6595555725374,0,0,,,,,0,,,0,0,2280.54325879496,3475.54325879496
20261007,066620,"국보디자인",KOSDAQ,24700.0,0.61,"건설",4.04,0.99918425,185250000000.0,26250.0,-5.52380952380952,,23.1884057971014,12.1495327102804,6.6,294.627822339713,5,2,0,79,"없음",58,8.29694323144105,85,,,,0,0,,,,,1,24700.0,"지지 재탈환",0,0,25091.7702879339,25491.7702879339
20261007,066670,"디티씨",KOSDAQ,3295.0,-0.45,"핸드셋",0.75,0.52549859,61589869810.0,3490.0,-5.58739255014327,,0.0,14.3667296786389,9.6,122.886818639112,4,1,0,43,"없음",47,24.3396226415094,91,,,,0,0,,,,,1,3275.0,"저항→지지",0,0,3158.30486055569,3158.30486055569
20261007,066700,"테라젠이텍스",KOSDAQ,2305.0,1.77,"제약",0.93,1.177990735,85636226680.0,2400.0,-4.375,,23.3990147783251,24.1935483870968,9.4,33.7323105130951,0,1,0,68,"없음",31,-20.0348432055749,47,,,,0,0,,,,,1,2270.0,"저항→지지",0,0,2187.50907008526,2267.50907008526
20261007,066900,"디에이피",KOSDAQ,1784.0,-0.83,"전자장비와기기",0.07,0.1464216385,40576193352.0,1810.0,-1.43646408839779,,47.4919957310566,14.8483235763704,8.0,47.4890333762757,2,2,0,77,"없음",43,28.7157287157287,92,,,,0,0,,,,,1,1775.0,"저항→지지",0,0,1648.53411848978,1733.53411848978
20261007,066910,"손오공",KOSDAQ,1775.0,1.43,"레저용장비와제품",0.62,0.49101855,27311271800.0,2055.0,-16.6423357664234,,75.7328990228013,58.9487516425756,10.4,70.3537611762862,0,1,0,57,"없음",30,-41.1340206185567,15,20260720,29.9781181619256,45.8060708769779,0,0,,,,,0,,,0,0,1838.78155915443,3563.78155915443
20261007,066970,"엘앤에프",KOSPI,118100.0,-4.83,"전기제품",497.58,605.47189665,4805038330400.0,117900.0,-0.678541136556404,5.59796437659033,40.9502262443439,29.1327913279133,4.8,82.0302312362237,1,2,0,54,"관망",46,-20.5563093622795,46,20260824,16.3636363636364,2.61664007698812,0,0,20261006,117900.0,124500.0,134.078359286607,1,111500.0,"지지 재탈환",0,0,113151.419237123,131251.419237123
20261007,066980,"한성크린텍",KOSDAQ,1553.0,-3.24,"건설",7.41,4.4548302605,83506678259.0,1555.0,-0.321543408360129,4.82315112540193,74.2232697664452,29.0049751243781,6.4,86.772147375037,2,3,0,92,"없음",53,12.4818577648766,87,20260811,16.5223184543638,3.89320065385895,0,0,20261006,1555.0,1630.0,346.638235199892,1,1549.0,"저항→지지",0,0,1568.5391759843,1786.5391759843
20261007,067000,"조이시티",KOSDAQ,1184.0,-1.74,"게임엔터테인먼트",3.37,7.605979708,82765680064.0,1380.0,-14.2753623188406,,29.0476190476191,16.7987321711569,7.2,71.7497602520004,0,3,0,77,"없음",29,-51.3168724279835,7,,,,0,0,,,,,1,1179.0,"저항→지지",0,0,1253.62271569799,1253.62271569799
20261007,067010,"이씨에스",KOSDAQ,2565.0,2.6,"IT서비스",0.76,1.2961296775,27929002500.0,2590.0,-1.35135135135135,,6.17834394904459,5.95009596928983,2.4,54.9076502222317,4,2,0,74,"없음",60,15.0900900900901,88,20260819,11.5023474178404,20.6318259867908,1,0,,,,,1,2460.0,"저항→지지",0,0,2463.46690321367,2463.46690321367
20261007,067080,"대화제약",KOSDAQ,12160.0,0.83,"제약",6.59,6.21409254,226378464000.0,11680.0,3.68150684931507,3.68150684931507,60.8630952380952,14.4262295081967,4.4,67.4147718289061,0,2,0,87,"없음",47,-18.6155913978495,50,20260810,20.6349206349206,4.07676722079951,0,0,20261006,11680.0,12110.0,97.2436257210777,1,11130.0,"저항→지지",0,0,11225.174745566,11295.174745566
20261007,067160,SOOP,KOSDAQ,36450.0,-0.82,"양방향미디어와서비스",7.59,11.702385525,407816888400.0,37650.0,-2.78884462151394,,64.3985419198056,20.6629834254144,7.4,44.238607641375,0,3,0,96,"없음",39,-39.8026315789474,17,,,,0,0,,,,,0,,,0,0,36090.3732129092,47590.3732129092
20261007,067170,"오텍",KOSDAQ,2700.0,-5.76,"기계",14.58,12.0550553975,74161134900.0,3065.0,-12.5611745513866,,48.9977728285078,46.031746031746,12.2,115.542632283334,3,2,0,49,"없음",45,45.6521739130435,95,20261002,8.31758034026464,8.16578672330013,0,0,,,,,1,2470.0,"지지 재탈환",0,0,2572.90071260697,2657.90071260697
20261007,067280,"멀티캠퍼스",KOSDAQ,25900.0,-0.19,"교육서비스",1.74,2.4787164,153503576100.0,25200.0,2.77777777777778,2.57936507936508,13.2936507936508,16.1793372319688,15.2,101.29718699898,1,1,0,60,"없음",38,-6.83453237410072,70,20260922,9.28725701943844,19.8180627139803,0,0,20260923,25200.0,25850.0,247.09306949592,1,23950.0,"저항→지지",0,0,25321.2842670789,25321.2842670789
20261007,067290,"JW신약",KOSDAQ,2870.0,-2.38,"제약",223.98,537.765781375,160826485610.0,4335.0,-33.9100346020761,,52.9485570890841,36.8869936034115,10.4,49.7129701865233,4,2,0,61,"수축중",66,44.7700859019707,94,20260908,8.65921787709498,4.06785806764442,0,0,,,,,1,2400.0,"저항→지지",0,0,3750.52232384794,3750.52232384794
20261007,067310,"하나마이크론",KOSDAQ,50700.0,-3.98,"반도체와반도체장비",653.84,884.8389009,3371087058300.0,47850.0,4.38871473354232,6.58307210031348,45.1602354480052,25.0288350634371,6.6,75.11072648452,4,2,0,70,"돌파완료",60,64.0394088669951,96,20260921,17.1206225680934,4.77388880128897,0,0,20261001,47850.0,51000.0,165.813886472708,1,47850.0,"저항→지지",0,0,48473.4993161907,48473.4993161907
20261007,067370,"선바이오",KOSDAQ,5520.0,1.85,"생물공학",0.15,0.4599746,67420402320.0,5880.0,-7.99319727891157,,50.1392757660167,35.5745721271394,14.6,23.449481678362,1,1,0,53,"없음",34,3.44168260038241,81,20260618,29.8769771528998,55.122264890235,0,0,,,,,0,,,0,0,6246.59606959869,6246.59606959869
20261007,067390,"아스트",KOSDAQ,5580.0,-3.12,"우주항공과국방",1.8,4.986344485,235005924060.0,6640.0,-15.8132530120482,,24.7038917089679,20.675944333996,9.8,47.8374690289128,1,3,0,84,"없음",40,-22.7900552486188,42,20260911,8.06174957118353,4.99897638021257,0,0,,,,,1,5520.0,"저항→지지",0,0,6045.79077805778,6045.79077805778
20261007,067570,"엔브이에이치코리아",KOSDAQ,1654.0,0.12,"자동차부품",0.77,0.914227087,69749180000.0,2115.0,-19.338061465721,,0.0,12.177729018102,7.2,49.2872855571286,0,1,0,49,"없음",26,-21.3824884792627,45,,,,1,0,,,,,1,1650.0,"지지 재탈환",0,0,1950.01324847482,1950.01324847482
20261007,067630,"HLB생명과학",KOSDAQ,4185.0,-6.38,"건강관리장비와용품",20.75,42.79187228,510222887730.0,4390.0,-4.66970387243736,1.82232346241458,0.0,27.3946360153257,9.8,77.6803782562218,2,2,0,54,"관망",35,5.54854981084489,83,20261006,25.034965034965,7.80881829605063,0,0,20261006,4390.0,4470.0,1190.79686760567,1,2865.0,"저항→지지",0,0,3977.43878675734,3977.43878675734
20261007,067730,"로지시스",KOSDAQ,2195.0,0.0,"IT서비스",0.2,0.1920634575,21234258790.0,2340.0,-6.1965811965812,,39.2935982339956,13.9072847682119,10.0,63.1490570732365,0,2,0,80,"없음",41,-17.6360225140713,52,,,,0,0,,,,,1,2180.0,"지지 재탈환",0,0,2189.37251970522,2189.37251970522
20261007,067830,"세이브존I&C",KOSPI,2390.0,1.27,"백화점과일반상점",0.42,0.565644725,98087739050.0,2445.0,-3.47648261758691,,18.6311787072243,11.8811881188119,6.6,49.5536628847151,0,1,0,63,"없음",27,-23.6245954692557,40,,,,0,0,,,,,1,2325.0,"저항→지지",0,0,2355.18882854618,2370.18882854618
20261007,067900,"와이엔텍",KOSDAQ,5920.0,1.02,"해운사",0.84,1.01627028,107741981280.0,6110.0,-3.43698854337152,,63.6498516320475,25.5555555555556,13.6,63.2271473006467,0,3,0,92,"없음",43,-14.616497829233,57,20260624,13.109243697479,11.2081981854933,0,0,,,,,0,,,0,0,5826.94761026569,6016.94761026569
20261007,067920,"이글루",KOSDAQ,6330.0,-3.8,"IT서비스",10.56,10.80064878,69605433270.0,6940.0,-9.65417867435158,,0.0,28.4603421461897,18.0,173.05159535875,3,1,0,42,"없음",44,3.63636363636364,81,20261006,12.5636672325976,20.610918057826,0,0,,,,,1,5800.0,"저항→지지",0,0,6454.28879722473,6454.28879722473
20261007,067990,"도이치모터스",KOSDAQ,4015.0,0.75,"자동차",2.06,1.815302835,117163923250.0,3775.0,4.23841059602649,0.662251655629139,66.6095890410959,20.2733485193622,15.2,62.7566618812094,0,1,0,59,"없음",33,-11.9686800894855,62,20260629,12.8378378378378,3.1344025341998,0,0,20260922,3775.0,3800.0,31.8301841615472,1,3825.0,"저항→지지",0,0,3841.46822448629,3881.46822448629
20261007,068050,"팬엔터테인먼트",KOSDAQ,1041.0,0.97,"방송과엔터테인먼트",1.13,0.310954415,28829533116.0,1547.0,-33.2255979314803,,29.4797687861272,20.6060606060606,15.0,336.982860128009,0,1,0,45,"없음",22,-35.2351097178683,22,,,,0,0,,,,,0,,,0,0,1413.22102518828,1413.22102518828
20261007,068100,"케이웨더",KOSDAQ,2385.0,0.85,"IT서비스",0.02,0.1643375675,28447173360.0,2450.0,-4.28571428571429,,55.3035356904603,17.102615694165,10.0,15.6633370687063,0,3,0,97,"없음",45,-13.7867647058824,59,,,,0,0,,,,,0,,,0,0,2244.69629653571,2279.69629653571
20261007,068270,"셀트리온",KOSPI,182900.0,0.27,"제약",457.77,690.1097285,42545681490400.0,182800.0,-0.109409190371991,,63.3333333333333,13.5643564356436,6.2,47.4481304214665,1,2,0,89,"관망",50,-7.00374837027379,70,,,,0,0,,,,,1,180300.0,"지지 재탈환",0,0,180309.342761613,202309.342761613
20261007,068290,"삼성출판사",KOSPI,6200.0,-1.27,"출판",0.59,0.494451035,62000000000.0,6530.0,-4.59418070444104,,51.255230125523,21.090387374462,10.4,109.728630114426,0,1,0,73,"없음",31,-31.3876651982379,27,20260602,30.0,5.54354860583006,0,0,,,,,1,6190.0,"지지 재탈환",0,0,6042.14234224897,6612.14234224897
20261007,068330,"일신바이오",KOSDAQ,1039.0,1.17,"생명과학도구및서비스",0.35,0.709988656,45940569460.0,1149.0,-9.92167101827676,,26.5536723163842,15.0698602794411,10.0,33.4155286037163,0,1,0,54,"없음",29,-29.254955570745,31,,,,0,0,,,,,0,,,0,0,1059.05812267768,1059.05812267768
20261007,068760,"셀트리온제약",KOSDAQ,40000.0,0.88,"제약",17.37,32.460589525,1776093280000.0,39900.0,0.25062656641604,,52.6484751203852,19.5744680851064,7.4,53.4814954770835,0,3,0,90,"관망",38,-30.4347826086957,28,,,,0,0,,,,,1,38400.0,"지지 재탈환",0,0,39302.3191838696,44402.3191838696
20261007,068790,DMS,KOSDAQ,8240.0,-0.24,"디스플레이장비및부품",5.66,4.06005698,182797181760.0,8160.0,0.980392156862745,0.612745098039216,40.5228758169935,17.9948586118252,6.2,75.5128716746204,2,2,0,83,"없음",49,4.17193426042984,81,20260721,11.5032679738562,4.38020789187362,0,0,20261006,8160.0,8210.0,170.828002264167,1,8160.0,"저항→지지",0,0,7566.01432731821,7986.01432731821
20261007,068930,"디지털대성",KOSDAQ,9240.0,0.98,"교육서비스",2.7,8.95813209,255720160080.0,10000.0,-8.2,,0.0,8.92018779342723,7.6,51.5923444070316,5,3,0,86,"없음",60,10.8695652173913,86,20260730,9.64539007092198,5.01693629013176,0,0,,,,,1,8700.0,"저항→지지",0,0,9278.87451018736,9278.87451018736
20261007,069080,"웹젠",KOSDAQ,12130.0,1.08,"게임엔터테인먼트",13.35,9.288985985,375624554750.0,11720.0,3.92491467576792,2.21843003412969,50.9509509509509,18.1464174454829,7.8,122.405893994666,0,2,0,83,"없음",32,-0.571428571428571,77,,,,0,0,20261006,11720.0,11980.0,116.122080805419,1,11770.0,"저항→지지",1,0,11224.5669310732,12054.5669310732
20261007,069140,"누리플랜",KOSDAQ,1751.0,-1.63,"건설",0.16,0.4073253795,26432752804.0,1810.0,-3.25966850828729,,21.9841639496973,13.3854166666667,4.0,25.8789923542526,0,3,0,91,"없음",50,-18.1775700934579,51,20260602,10.1413644744929,3.14833614588822,0,0,,,,,0,,,0,0,1680.73114731748,1765.73114731748
20261007,069260,"TKG휴켐스",KOSPI,15850.0,-0.38,"화학",6.31,8.3544528,647925619800.0,18390.0,-13.9206090266449,,34.5473465140479,6.17807389460933,6.6,74.407863064408,0,1,0,45,"없음",22,-11.7614269788183,62,,,,0,0,,,,,0,,,0,0,17534.0406011877,17534.0406011877
20261007,069330,"유아이디",KOSDAQ,1210.0,3.42,"디스플레이장비및부품",0.32,0.444645996,20512614540.0,1310.0,-8.70229007633588,,34.8911311736591,19.1709844559585,7.8,29.0957803652544,4,1,0,71,"없음",53,14.2311365807068,88,20260723,9.25925925925926,10.3353513580439,0,0,,,,,0,,,0,0,1172.21477316152,1172.21477316152
20261007,069410,"엔텔스",KOSDAQ,2555.0,1.79,"IT서비스",0.37,0.377478095,26175525320.0,2790.0,-8.06451612903226,,44.2028985507246,23.7435008665511,10.0,83.2518247556156,0,3,0,85,"없음",34,-47.5995914198161,10,,,,0,0,,,,,0,,,0,0,2555.94171386716,2955.94171386716
20261007,069510,"에스텍",KOSDAQ,13510.0,1.81,"전자장비와기기",0.43,0.57878184,147394100000.0,13800.0,-2.10144927536232,,0.979020979020979,6.47803425167535,3.8,51.3783742448574,1,2,0,65,"없음",40,-9.57161981258367,66,,,,1,0,,,,,1,13100.0,"저항→지지",0,0,13237.8843391348,13237.8843391348
20261007,069620,"대웅제약",KOSPI,110100.0,0.73,"제약",10.75,16.5694976,1275681907500.0,128900.0,-14.4297905352987,,68.984962406015,21.0684725357412,9.6,40.2295817179123,0,1,0,55,"없음",26,-35.2319436288902,22,,,,1,0,,,,,1,107500.0,"지지 재탈환",0,0,110066.282035131,125666.282035131
20261007,069640,"한세엠케이",KOSPI,1428.0,2.73,"섬유,의류,신발,호화품",0.3,0.5027866745,31038266868.0,1719.0,-17.1611401977894,,3.94680394680395,16.6110740493662,7.8,64.2129115212861,4,1,0,40,"없음",46,17.1052631578947,89,20260804,14.9593495934959,3.69558910276418,1,0,,,,,1,1370.0,"지지 재탈환",0,0,1454.76483798274,1454.76483798274
20261007,069730,"DSR제강",KOSPI,5510.0,1.29,"철강",0.79,1.421130965,79344000000.0,5980.0,-8.02675585284281,,31.340206185567,19.327731092437,9.8,54.8154769326056,4,3,0,86,"없음",54,12.589559877175,87,,,,1,0,,,,,1,5480.0,"저항→지지",0,0,5513.00902703009,5683.00902703009
20261007,069920,"엑시온그룹",KOSDAQ,1399.0,-0.07,"건설",3.97,4.4093237265,33742785982.0,1466.0,-4.57025920873124,,46.0394833048989,35.419734904271,6.4,42.0752962309389,0,2,0,60,"없음",40,-59.1652072387624,4,20261002,29.9614643545279,5.29120121996403,0,0,,,,,1,1280.0,"저항→지지",0,0,1191.27309288989,1334.27309288989
20261007,069960,"현대백화점",KOSPI,87000.0,-0.91,"백화점과일반상점",87.4,109.24056725,1876147344000.0,101900.0,-15.4072620215898,,78.28418230563,61.6216216216216,14.8,68.4704235560845,2,1,0,68,"관망",43,5.76687116564417,83,20260604,14.7783251231527,3.51989370274878,0,0,,,,,0,,,0,0,93315.0711265352,153215.071126535
20261007,070300,"퀀텀레일",KOSDAQ,662.0,13.75,"핸드셋",65.52,16.15202584,23517370598.0,1673.0,-60.5499103407053,,38.2083571837436,71.5508021390374,7.8,838.624283186711,1,1,0,27,"없음",34,-66.6160849772382,3,20261007,9.81697171381031,5.74625848338807,0,0,,,,,0,,,0,0,1355.0549074351,1867.0549074351
20261007,070590,"인티큐브",KOSDAQ,2220.0,4.47,"IT서비스",0.15,0.52748311,30812536620.0,2210.0,0.226244343891403,,5.71428571428571,9.1324200913242,3.6,35.3272224154002,3,1,0,63,"없음",44,11.5869017632242,87,,,,1,0,,,,,1,2195.0,"저항→지지",1,1,1996.86964753873,1996.86964753873
20261007,070960,"모나용평",KOSPI,1959.0,-1.85,"호텔,레스토랑,레저",1.29,0.8315491775,94293199347.0,2150.0,-11.1162790697674,,22.8093947606143,29.811320754717,6.6,110.666893473734,0,3,0,88,"없음",36,-35.4391891891892,22,,,,0,0,,,,,0,,,0,0,1979.6490578161,2429.6490578161
20261007,071050,"한국금융지주",KOSPI,174200.0,-2.13,"증권",239.16,283.99022585,9707467806400.0,193200.0,-9.93788819875776,,73.8002594033722,12.772427774962,5.2,71.2257615224146,2,1,0,59,"관망",39,-22.3214285714286,42,,,,0,0,,,,,0,,,0,0,180185.942330594,222285.942330594
20261007,071090,"하이스틸",KOSPI,3460.0,-1.42,"철강",12.99,62.80576718,69862489660.0,4270.0,-20.0234192037471,,4.43181818181819,15.3532608695652,3.2,43.5620425714967,0,2,0,50,"없음",30,-3.80281690140845,74,20260930,23.4756097560976,8.64629377595965,0,0,,,,,1,3190.0,"저항→지지",0,0,3759.88450289484,3759.88450289484
20261007,071200,"인피니트헬스케어",KOSDAQ,11330.0,-4.95,"건강관리기술",12.97,24.57790601,276411869140.0,14080.0,-19.1761363636364,,13.5302197802198,22.9508196721311,7.4,94.1793391159667,5,1,0,49,"없음",51,82.08,97,20260915,13.1741821396994,24.0932265811115,0,0,,,,,1,9940.0,"저항→지지",0,0,12586.2805337257,12586.2805337257
20261007,071280,"로체시스템즈",KOSDAQ,9150.0,0.77,"반도체와반도체장비",11.95,11.751244695,139963917450.0,7650.0,18.9542483660131,3.92156862745098,27.4106175514626,26.2177650429799,9.6,77.5993511262962,1,1,0,63,"없음",31,15.6289707750953,89,20260923,9.35350756533699,4.82635470818504,0,0,20260923,7650.0,7950.0,406.930780468888,1,7650.0,"저항→지지",0,0,8337.87724213855,8337.87724213855
20261007,071320,"지역난방공사",KOSPI,78500.0,-0.38,"복합유틸리티",6.52,9.5418629,908931404000.0,80400.0,-1.99004975124378,,48.9626556016597,10.3857566765579,9.6,53.0764367242355,0,3,0,93,"없음",40,4.23280423280423,82,20260810,11.6279069767442,3.29876579274082,0,0,,,,,1,75700.0,"저항→지지",0,0,76379.7134236775,76379.7134236775
20261007,071670,"에이테크솔루션",KOSDAQ,5470.0,0.18,"기계",0.84,0.7989763525,54700000000.0,5480.0,-0.182481751824818,,71.5990453460621,17.6991150442478,6.8,88.2619311471605,0,1,0,67,"없음",31,-37.4857142857143,19,20260624,9.47075208913648,5.99951196362926,0,0,,,,,1,5380.0,"저항→지지",0,0,5019.75404656996,5069.75404656996
20261007,071840,"롯데하이마트",KOSPI,5950.0,0.51,"전문소매",0.61,0.675704195,140465886400.0,6200.0,-2.74193548387097,,0.0,12.5188536953243,9.6,75.7626220153593,0,1,0,54,"없음",27,-22.8900255754476,41,,,,0,0,,,,,1,5990.0,"지지 재탈환",0,0,6269.89719064089,6269.89719064089
20261007,071850,"캐스텍코리아",KOSDAQ,1218.0,-0.49,"자동차부품",0.01,0.0895504535,29549822484.0,1360.0,-10.4411764705882,,9.26430517711171,17.425320056899,8.0,7.4016158457128,0,1,0,46,"없음",25,-20.0262639527249,47,,,,0,0,,,,,0,,,0,0,1239.87647062966,1361.87647062966
20261007,071970,"HD현대마린엔진",KOSPI,45100.0,-4.25,"조선",101.59,89.46338895,1529859424500.0,52500.0,-14.6666666666667,,71.2707182320442,27.6699029126214,7.0,112.24319619809,0,3,0,78,"없음",40,-37.2549019607843,20,20260701,17.4061433447099,2.53802364454642,0,0,,,,,0,,,0,0,48288.5376873782,64188.5376873782
20261007,072020,"중앙백신",KOSDAQ,9200.0,0.55,"제약",0.88,0.676476275,85162385200.0,9710.0,-4.53141091658084,,23.0232558139535,12.5638406537283,12.4,118.222887892552,1,1,0,78,"없음",32,0.651465798045603,78,,,,1,0,,,,,1,9200.0,"지지 재탈환",0,0,9308.45296206775,9308.45296206775
20261007,072130,"유엔젤",KOSPI,4730.0,0.53,"IT서비스",1.45,1.2740797825,60049497420.0,6070.0,-22.5700164744646,,16.046511627907,8.79446640316206,7.8,105.406521121232,1,1,0,50,"없음",27,-12.639405204461,61,,,,0,0,,,,,0,,,0,0,5608.83287800829,5608.83287800829
20261007,072470,"우리산업홀딩스",KOSDAQ,2370.0,-0.21,"자동차부품",0.06,0.1622683175,44762998170.0,2440.0,-2.86885245901639,,43.3884297520661,18.3636363636364,7.2,22.5472555602961,0,3,0,90,"없음",45,-34.8005502063274,23,,,,0,0,,,,,1,2330.0,"지지 재탈환",0,0,2350.57962121236,2520.57962121236
20261007,072710,"농심홀딩스",KOSPI,88900.0,0.0,"식품",0.73,1.5012607,412299531000.0,95500.0,-7.01570680628272,,8.19327731092437,8.15217391304348,11.4,22.8266549324826,1,2,0,78,"없음",45,-5.63230605738576,71,,,,0,0,,,,,0,,,0,0,90269.7301255284,90369.7301255284
20261007,072870,"메가스터디",KOSDAQ,13020.0,-0.61,"교육서비스",0.88,1.986474735,155210886180.0,13500.0,-3.33333333333333,,14.1831238779174,9.21052631578947,12.4,35.5418568737591,4,3,1,90,"없음",59,5.58252427184466,83,,,,0,0,,,,,0,,,0,0,12865.5416294991,13065.5416294991
20261007,072950,"빛샘전자",KOSDAQ,16250.0,-6.23,"전자장비와기기",309.14,658.19505278,130854912500.0,18210.0,-11.1477210323998,,3.51793800069662,28.3542039355993,7.0,84.4982551422293,3,1,0,43,"관망",48,114.588859416446,98,20260930,8.3453237410072,3.1471015521232,0,0,,,,,1,15900.0,"저항→지지",0,0,15355.2419348397,15355.2419348397
20261007,072990,"에이치시티",KOSDAQ,3195.0,1.91,"전자장비와기기",0.38,2.804159455,46321768170.0,3730.0,-14.745308310992,,33.1484049930652,19.7786998616874,8.4,25.2635175084882,0,1,0,49,"없음",26,-30.1866081229418,29,,,,1,0,,,,,1,3105.0,"저항→지지",0,0,3424.3779031051,3424.3779031051
20261007,073010,"케이에스피",KOSDAQ,3125.0,-2.5,"조선",5.13,23.61522215,125597656250.0,3820.0,-18.586387434555,,34.1176470588235,20.2985074626866,6.8,44.1849197015211,0,1,0,59,"없음",30,-9.98552821997106,65,20260910,20.0716845878136,53.0982499908125,0,0,,,,,1,3070.0,"저항→지지",0,0,3450.44367831489,3450.44367831489
20261007,073110,"엘엠에스",KOSDAQ,5160.0,-0.39,"디스플레이장비및부품",0.17,0.12575341,45902095800.0,5400.0,-3.7037037037037,,51.0502283105023,38.75,13.2,110.768387140997,1,3,0,82,"없음",41,0.970873786407767,79,,,,0,0,,,,,1,5040.0,"저항→지지",0,0,5024.551635798,5024.551635798
20261007,073240,"금호타이어",KOSPI,6660.0,-0.45,"자동차부품",41.43,95.46992927,1913153511420.0,7010.0,-5.70613409415121,,72.7308141799766,26.7796610169492,6.8,15.2604141772266,3,1,0,59,"없음",53,6.61290322580645,84,20260710,30.0,3.56998278939774,0,0,,,,,0,,,0,0,7111.99364021048,8091.99364021048
20261007,073490,"LIG아큐버",KOSDAQ,33200.0,-4.87,"통신장비",17.73,16.9486389,252447687200.0,35850.0,-7.81032078103208,,44.8979591836735,16.4652567975831,6.2,98.9050087779797,2,3,0,84,"없음",45,-22.4178403755869,42,20260715,20.5020920502092,3.025669226075,0,0,,,,,1,32900.0,"저항→지지",0,0,32420.6669447312,32420.6669447312
20261007,073540,"에프알텍",KOSDAQ,2735.0,-0.73,"통신장비",0.67,0.88224892,31179000000.0,2790.0,-1.4336917562724,,3.31384015594543,23.8178633975482,6.2,58.2568251014579,2,2,0,66,"없음",45,-13.7931034482759,59,,,,0,0,,,,,1,2390.0,"저항→지지",0,0,2484.2785122155,2549.2785122155
20261007,073560,"우리손에프앤지",KOSDAQ,1511.0,0.07,"식품",0.35,0.8317921645,104618078573.0,1659.0,-8.92103676913804,,46.8244084682441,13.3757961783439,10.8,25.8020242199603,1,1,0,73,"없음",30,-7.80964002440512,68,,,,0,0,,,,,1,1505.0,"지지 재탈환",0,0,1593.72145265109,1593.72145265109
20261007,073570,"리튬포어스",KOSDAQ,2690.0,-8.81,"핸드셋",2.51,2.2351786745,32380412320.0,3240.0,-16.9753086419753,,0.0,57.7380952380952,17.6,125.677863912342,0,2,0,49,"없음",30,-9.670920080591,66,20261002,18.1996086105675,11.9027130749755,0,0,,,,,1,1860.0,"저항→지지",0,0,2842.11726555107,2842.11726555107
20261007,074430,"아미노로직스",KOSDAQ,1045.0,-0.19,"제약",0.99,1.3152455675,93362381640.0,1119.0,-6.70241286863271,,23.8188976377953,24.9056603773585,6.2,72.0396124333583,1,2,0,79,"없음",46,-30.3070761014686,29,,,,0,0,,,,,0,,,0,0,1081.53150810271,1212.53150810271
20261007,074600,"원익QnC",KOSDAQ,31400.0,-4.27,"반도체와반도체장비",50.26,55.350837275,825443200000.0,32700.0,-4.43425076452599,0.611620795107034,65.1392632524708,40.2092675635277,11.4,70.1291452853787,2,2,0,50,"관망",50,-3.25077399380805,74,20260612,16.4364640883978,4.11896546540305,0,0,20261006,32700.0,32900.0,83.863251739285,1,27450.0,"저항→지지",0,0,29970.9113215269,29970.9113215269
20261007,075130,"플랜티넷",KOSDAQ,2145.0,0.0,"소프트웨어",0.2,0.561316035,34582376400.0,2245.0,-4.4543429844098,,12.6591230551627,12.3348017621145,7.2,31.1821617923384,0,1,0,65,"없음",31,-2.27790432801822,75,,,,0,0,,,,,1,2130.0,"저항→지지",0,0,2131.55321603624,2131.55321603624
20261007,075180,"새론오토모티브",KOSPI,2890.0,-1.37,"자동차부품",0.27,0.7390499325,55488000000.0,3220.0,-6.83229813664596,,24.8324958123953,12.046204620462,12.6,44.2135869231585,1,2,0,60,"없음",40,-1.15321252059308,77,,,,1,0,,,,,1,2995.0,"저항→지지",0,0,3005.10401184194,3005.10401184194
20261007,075580,"세진중공업",KOSPI,9850.0,-1.6,"조선",8.4,10.528135915,559967141600.0,10670.0,-7.96626054358013,,75.2327746741155,22.7235438884331,6.6,49.0186544516839,0,3,0,80,"없음",36,-41.9964559952747,14,,,,0,0,,,,,0,,,0,0,9763.70549885922,12953.7054988592
20261007,075970,"동국알앤에스",KOSDAQ,1671.0,-0.06,"비철금속",0.06,0.295190357,30746400000.0,1750.0,-4.91428571428571,,16.1073825503356,21.395881006865,10.6,19.178970192125,0,1,0,65,"없음",27,-24.5351473922902,39,,,,0,0,,,,,1,1640.0,"저항→지지",0,0,1646.09777169711,1646.09777169711
20261007,076080,"웰크론한텍",KOSDAQ,1020.0,0.59,"건설",0.4,0.335786968,23046039120.0,1254.0,-18.7400318979266,,3.92943063352045,27.9866332497911,8.4,48.5982568054283,0,1,0,54,"없음",26,-18.5451638689049,50,,,,0,0,,,,,0,,,0,0,1102.30647238152,1102.30647238152
20261007,076610,"해성옵틱스",KOSDAQ,1154.0,-2.29,"핸드셋",6.82,9.1331806505,70294791774.0,1379.0,-16.6062364031907,,63.4793089594215,33.0,9.8,37.531051100144,2,1,0,66,"없음",40,-22.2972972972973,43,20260810,29.9338999055713,4.82915376249565,0,0,,,,,0,,,0,0,1198.06374822403,1554.06374822403
20261007,077360,"덕산하이메탈",KOSDAQ,13810.0,-5.41,"반도체와반도체장비",106.75,114.78840789,627484997620.0,14260.0,-4.27769985974755,1.68302945301543,33.8169084542271,23.3304423243712,7.0,91.6324910076204,3,3,0,76,"관망",53,21.875,91,,,,0,0,20261006,14260.0,14500.0,107.291799229321,1,10840.0,"저항→지지",0,0,13103.0601879769,13103.0601879769
20261007,077500,"유니퀘스트",KOSPI,9800.0,-2.39,"반도체와반도체장비",34.42,30.4928318,211680999600.0,10850.0,-10.5990783410138,,0.0,28.3831282952548,10.0,134.990036142028,5,2,0,55,"없음",60,56.4516129032258,96,20260923,8.66983372921615,3.89181030579286,0,0,,,,,1,7960.0,"저항→지지",0,0,9572.09935546267,9572.09935546267
20261007,077970,"STX엔진",KOSPI,22250.0,-3.68,"조선",26.62,31.8391469,893294401750.0,24650.0,-10.3448275862069,,63.3182112767336,31.2803889789303,7.6,75.2578321550843,0,1,0,71,"없음",25,-31.7901234567901,27,,,,0,0,,,,,0,,,0,0,23102.2325081661,28052.2325081661
20261007,078000,"텔코웨어",KOSPI,13600.0,1.49,"소프트웨어",0.03,0.253266515,125665047200.0,14000.0,-3.21428571428571,,29.8360655737705,13.9792899408284,12.0,16.3905290388831,0,1,0,74,"없음",31,-21.037296037296,45,,,,0,0,,,,,1,13360.0,"저항→지지",0,0,13185.8722745514,13185.8722745514
20261007,078020,"LS증권",KOSDAQ,6450.0,-0.62,"증권",1.62,2.401014355,357853675500.0,6750.0,-4.44444444444444,,54.3478260869565,19.4484760522496,11.4,43.9526322329281,2,3,0,95,"없음",55,-7.9885877318117,68,,,,0,0,,,,,1,6430.0,"지지 재탈환",0,0,6375.30277096581,6705.30277096581
20261007,078070,"유비쿼스홀딩스",KOSDAQ,9300.0,0.65,"통신장비",1.53,1.777315175,158647239900.0,9440.0,-1.69491525423729,,20.9892200380469,18.8275084554679,9.6,68.2862468771283,1,3,0,79,"없음",41,-43.2068543451652,13,,,,1,0,,,,,1,8290.0,"지지 재탈환",0,0,8563.76614817406,9043.76614817406
20261007,078130,"국일제지",KOSDAQ,3755.0,-1.83,"종이와목재",4.32,2.94355461,423340904185.0,4380.0,-13.6986301369863,,29.4054054054054,26.1401557285873,10.6,132.791472166743,2,1,0,44,"없음",32,16.3076923076923,89,,,,0,0,,,,,1,3595.0,"저항→지지",0,0,3999.29140433054,4114.29140433054
20261007,078140,"대봉엘에스",KOSDAQ,7650.0,-0.39,"제약",1.0,2.187952265,84812329350.0,8970.0,-14.6042363433668,,28.6846275752773,18.0790960451977,7.2,53.6584464556264,0,1,0,44,"없음",26,-23.8568588469185,40,20260928,8.86766712141882,25.1908818153602,0,0,,,,,1,7590.0,"저항→지지",0,0,8370.22871228532,8370.22871228532
20261007,078150,"HB테크놀러지",KOSDAQ,2340.0,-3.31,"디스플레이장비및부품",32.98,40.805708701,222117007320.0,2280.0,1.31578947368421,1.97368421052632,34.5787545787546,19.3621867881549,7.0,126.851410719446,2,1,0,59,"관망",41,5.0,82,,,,0,0,20261001,2280.0,2325.0,223.428442867152,1,2130.0,"저항→지지",0,0,2231.41794839953,2231.41794839953
20261007,078160,"메디포스트",KOSDAQ,10170.0,-2.49,"생물공학",6.51,4.20904937,398710812510.0,9400.0,7.65957446808511,3.08510638297872,59.1007976794779,23.0188679245283,7.4,106.839224330141,0,3,0,93,"없음",38,-53.7899543378995,6,20260804,17.5208581644815,2.61554135854934,0,0,20261002,9400.0,9690.0,121.809201851247,1,9400.0,"저항→지지",0,0,9464.10775505212,9634.10775505212
20261007,078340,"컴투스",KOSDAQ,36950.0,-0.67,"게임엔터테인먼트",14.76,35.841246475,446774015350.0,38450.0,-4.16124837451235,,53.307392996109,25.4878048780488,5.2,32.4250425088304,4,2,0,84,"수축중",60,10.0,86,20260826,8.80000000000001,4.39861835891238,0,0,,,,,1,36600.0,"저항→지지",0,0,35110.5116956726,37660.5116956726
20261007,078350,"한양디지텍",KOSDAQ,36400.0,0.14,"반도체와반도체장비",136.03,142.46475486,554895504800.0,29600.0,22.972972972973,7.93918918918919,0.0,25.6331877729258,5.2,128.293758595918,4,2,0,57,"돌파완료",58,18.5667752442997,90,20260921,13.9676113360324,4.07475367354053,0,0,20260930,29600.0,31950.0,250.370349180532,1,29600.0,"저항→지지",0,0,32696.8547951228,32696.8547951228
20261007,078520,"에이블씨엔씨",KOSPI,11830.0,7.06,"화장품",17.72,9.082392375,295317329580.0,11100.0,6.21621621621622,6.21621621621622,46.3860206513106,25.2479023646072,4.8,134.838096835258,3,2,0,87,"없음",52,-4.45705024311183,73,,,,1,0,20261007,11100.0,11790.0,135.604274231015,1,11100.0,"저항→지지",1,0,10302.6313110787,12752.6313110787
20261007,078590,"휴림에이텍",KOSDAQ,2760.0,1.66,"자동차부품",0.62,1.8557981825,27567793560.0,3175.0,-14.3307086614173,,78.351247211519,29.6096904441454,5.6,5.3926743594449,0,2,0,66,"없음",42,-64.7850854479544,3,20260825,14.6853146853147,5.59860586294088,0,0,,,,,0,,,0,0,2896.22821428206,3926.22821428206
20261007,078600,"대주전자재료",KOSDAQ,112300.0,0.81,"전자장비와기기",222.16,145.25665935,1763574697400.0,97700.0,13.9201637666325,11.2589559877175,43.83788254756,27.2167487684729,10.0,126.028475660383,3,2,0,60,"수축중",49,-12.8425998433829,60,20261002,11.4871794871795,5.01068247438894,0,0,20261002,97700.0,108700.0,385.122437169007,1,88100.0,"저항→지지",0,0,103670.557958681,103670.557958681
20261007,078860,"아이오케이이엔엠",KOSDAQ,2930.0,3.17,"방송과엔터테인먼트",0.4,2.055164705,18099160840.0,3295.0,-11.0773899848255,,33.0911492734478,19.8979591836735,5.8,38.9480375560043,0,1,0,37,"없음",29,-52.4736415247364,6,20260922,13.5593220338983,7.08595785106636,0,0,,,,,1,2795.0,"저항→지지",0,0,2987.48796526105,2987.48796526105
20261007,078890,"가온그룹",KOSDAQ,4560.0,-2.46,"전자제품",2.64,2.72874284,84017740080.0,4770.0,-4.40251572327044,,44.5859872611465,19.1836734693878,6.8,76.3982631226145,0,3,0,76,"없음",36,-26.2135922330097,36,,,,0,0,,,,,1,4475.0,"저항→지지",0,0,4330.78706242967,4430.78706242967
20261007,078930,GS,KOSPI,109300.0,3.31,"석유와가스",497.5,444.1601562,10153477603500.0,117400.0,-6.47359454855196,,38.1777108433735,30.3607214428858,9.8,91.8395590062169,4,1,0,58,"관망",55,63.3928571428571,96,20260723,11.1638954869359,2.52843009785604,0,0,,,,,1,105300.0,"지지 재탈환",0,0,117042.939804067,119342.939804067
20261007,079000,"와토스코리아",KOSDAQ,3525.0,0.14,"건축제품",0.19,0.40299668,25380000000.0,4300.0,-16.7441860465116,,77.7633289986996,22.6019845644983,7.2,27.8164892134456,0,1,0,56,"없음",30,-50.958904109589,7,20260624,29.8429319371728,4.99655258335462,0,0,,,,,1,3575.0,"지지 재탈환",0,0,3914.70946259652,4424.70946259652
20261007,079160,"CJ CGV",KOSPI,5020.0,2.24,"방송과엔터테인먼트",9.21,17.936158025,831225640940.0,5980.0,-15.8862876254181,,28.9281997918835,15.3713298791019,7.2,31.8389937069155,1,2,0,75,"없음",47,2.23577235772358,80,20260730,13.8364779874214,4.9700215511023,0,0,,,,,1,5020.0,"지지 재탈환",0,0,5480.00177264138,5480.00177264138
20261007,079170,"한창산업",KOSDAQ,5600.0,1.63,"비철금속",0.08,0.44311408,29120000000.0,6140.0,-8.79478827361564,2.60586319218241,6.29539951573849,10.2296450939457,10.0,13.4905783541494,0,1,0,47,"없음",33,-12.3630672926448,61,20260803,8.53391684901532,4.01840836441919,0,0,20260918,6140.0,6300.0,98.0538972533131,1,5540.0,"지지 재탈환",0,0,5821.19460352133,5821.19460352133
20261007,079190,"케스피온",KOSDAQ,1724.0,0.88,"핸드셋",1.91,2.378400469,35068859784.0,1815.0,-5.0137741046832,,14.0019224607498,46.4394710071211,6.6,32.8521418036011,1,2,0,51,"없음",42,12.8272251308901,88,20261006,16.8946648426813,3.52230511140061,0,0,,,,,1,1180.0,"지지 재탈환",0,0,1455.83445335346,1606.83445335346
20261007,079370,"제우스",KOSDAQ,14060.0,-3.1,"반도체와반도체장비",40.17,66.49113603,436098879400.0,14910.0,-5.96914822266935,,0.0,41.7699115044248,13.2,88.1697601485235,1,1,0,50,"관망",39,-9.25566343042071,66,20261001,10.2839600920952,4.29532242418141,0,0,,,,,1,11190.0,"저항→지지",0,0,13256.1532953299,13256.1532953299
20261007,079430,"현대리바트",KOSPI,5570.0,-0.54,"가구",0.53,0.70057746,112036105140.0,5820.0,-4.29553264604811,,20.5445544554455,15.8415841584158,12.2,42.4600479433581,0,2,0,88,"없음",43,-20.8806818181818,46,,,,0,0,,,,,0,,,0,0,5846.41469142966,5846.41469142966
20261007,079550,"LIG디펜스앤에어로스페이스",KOSPI,666000.0,-5.26,"우주항공과국방",1194.11,612.638243,14652000000000.0,780000.0,-14.8717948717949,,50.0439367311072,28.3042394014963,9.8,155.498060535593,2,1,0,73,"관망",40,-16.3727959697733,54,20260616,18.5798816568047,4.43589910476818,0,0,,,,,1,658000.0,"지지 재탈환",0,0,687656.359117346,746656.359117346
20261007,079810,"APS이노베이션",KOSDAQ,3795.0,1.34,"전기제품",1.66,2.3191859325,81699116730.0,3850.0,-4.93506493506494,,24.9090909090909,30.1538461538462,13.0,56.5022851733049,0,3,0,85,"없음",45,-16.3428571428571,54,,,,0,0,,,,,1,3605.0,"저항→지지",0,0,3828.12107479277,3828.12107479277
20261007,079900,"전진건설로봇",KOSPI,39050.0,-2.13,"기계",10.36,30.57717285,569838882250.0,43150.0,-9.73348783314021,,58.9686098654709,16.4383561643836,5.4,26.9671136793893,0,3,0,90,"없음",48,-32.8448275862069,25,20260903,11.7804551539491,8.54024763343694,0,0,,,,,0,,,0,0,40797.0084786588,40797.0084786588
20261007,079940,"가비아",KOSDAQ,38600.0,-0.26,"IT서비스",4.87,38.83324565,518038402400.0,42450.0,-8.36277974087161,,17.2043010752688,25.2609603340292,10.0,22.2743439769599,4,1,0,49,"관망",49,46.7924528301887,95,,,,0,0,,,,,1,38050.0,"지지 재탈환",0,0,40228.5327448637,44528.5327448637
20261007,079960,"동양이엔피",KOSDAQ,16600.0,-2.35,"전기제품",4.41,3.938075795,125357522800.0,21350.0,-22.3887587822014,,51.7565872020075,23.5799522673031,9.6,96.141734086836,0,1,0,39,"없음",22,-40.8214285714286,15,,,,0,0,,,,,0,,,0,0,17130.517346988,20090.517346988
20261007,079980,"휴비스",KOSPI,1925.0,0.0,"섬유,의류,신발,호화품",0.44,0.5808000055,66412500000.0,2000.0,-3.75,,46.9982847341338,16.6666666666667,9.8,30.3133601956969,0,3,0,94,"없음",46,-31.0035842293907,28,,,,0,0,,,,,0,,,0,0,1901.35446782295,2006.35446782295
20261007,080010,"이상네트웍스",KOSDAQ,7400.0,-0.27,"다각화된소비자서비스",0.05,0.21914691,72779525400.0,7600.0,-2.63157894736842,,12.5858123569794,12.760736196319,8.0,13.5891124356653,4,1,0,54,"없음",51,15.2647975077882,89,,,,0,0,,,,,1,7200.0,"지지 재탈환",0,0,7072.55460646543,7672.55460646543
20261007,080160,"모두투어",KOSDAQ,8090.0,0.0,"호텔,레스토랑,레저",3.0,11.42406994,152901000000.0,11180.0,-27.9964221824687,,28.2477341389728,26.0576923076923,18.0,50.8628915080707,0,1,0,72,"없음",22,-28.8240495137047,31,,,,0,0,,,,,0,,,0,0,10463.9332748145,10463.9332748145
20261007,080220,"제주반도체",KOSDAQ,85100.0,-9.08,"반도체와반도체장비",1672.94,1167.32873105,2931085088300.0,95500.0,-11.9371727748691,,60.3987068965517,28.9029535864979,7.4,118.143092974058,4,2,0,64,"수축중",56,115.089514066496,98,20261001,13.8853503184713,3.59424971354492,0,0,,,,,1,80100.0,"저항→지지",0,0,82969.4559822773,82969.4559822773
20261007,080470,"성창오토텍",KOSDAQ,2800.0,3.7,"자동차부품",0.6,0.21008792,20440000000.0,3690.0,-24.9322493224932,,25.3488372093023,15.7051282051282,6.8,276.562204426509,0,2,0,83,"없음",25,-30.4020100502513,29,,,,0,0,,,,,1,2765.0,"지지 재탈환",0,0,3382.454239525,3382.454239525
20261007,080520,"오디텍",KOSDAQ,2865.0,0.53,"반도체와반도체장비",0.46,0.27527091,32438724705.0,3035.0,-5.7660626029654,,25.2293577981651,15.9375,7.2,146.645441629046,1,1,0,67,"없음",32,-24.7368421052632,38,,,,0,0,,,,,0,,,0,0,2717.43759003536,2872.43759003536
20261007,080530,"코디",KOSDAQ,2415.0,-2.82,"화장품",0.21,0.2038083325,26738116860.0,3240.0,-23.3024691358025,,12.4649859943978,22.4137931034483,7.2,71.3980896998044,0,1,0,67,"없음",30,-38.107098381071,19,20260811,12.3404255319149,7.90667945030361,0,0,,,,,0,,,0,0,2837.12735106735,2837.12735106735
20261007,080580,"오킨스전자",KOSDAQ,28050.0,-1.75,"반도체와반도체장비",100.93,110.84180704,591601287750.0,29500.0,-5.59322033898305,,1.8867924528302,18.5714285714286,6.6,93.4564734238087,5,2,0,56,"수축중",64,29.8368298368298,93,20261002,12.984496124031,3.70058381709086,0,0,,,,,1,26550.0,"저항→지지",0,0,25754.1693299027,25754.1693299027
20261007,081000,"일진다이아",KOSPI,9570.0,-0.31,"비철금속",0.69,2.3020394,135922470750.0,9840.0,-1.52439024390244,,41.1764705882353,13.3268482490272,3.4,23.5603825920981,0,2,0,89,"없음",45,-25.974025974026,36,20260812,15.938864628821,9.35195337097834,0,0,,,,,1,9360.0,"지지 재탈환",0,0,9523.71185700213,10243.7118570021
20261007,081150,"티플랙스",KOSDAQ,2595.0,-0.95,"비철금속",1.24,1.4456139325,62976503190.0,2700.0,-3.88888888888889,,33.4047109207709,21.280276816609,11.4,69.8277179511409,1,1,0,81,"없음",32,-25.0,38,,,,0,0,,,,,0,,,0,0,2530.06252589034,2635.06252589034
20261007,081180,"쎄크",KOSDAQ,6510.0,-8.31,"전자장비와기기",6.69,8.38544654,57454232850.0,7370.0,-12.3473541383989,,2.24166211044286,24.1961414790997,7.0,118.042097480648,0,2,0,56,"없음",30,-49.1338582677165,9,20260916,9.40499040307101,16.8497732510227,0,0,,,,,1,5970.0,"저항→지지",0,0,6347.35095585044,6347.35095585044
20261007,081580,"성우전자",KOSDAQ,2385.0,-1.65,"핸드셋",1.98,1.115761985,36986921055.0,2510.0,-4.9800796812749,,0.0,34.0659340659341,18.6,204.445069504217,2,1,0,60,"없음",37,-28.3783783783784,32,,,,0,0,,,,,0,,,0,0,2476.53353397824,2476.53353397824
20261007,081660,"미스토홀딩스",KOSPI,38900.0,0.13,"섬유,의류,신발,호화품",65.53,49.409983525,2065272576000.0,41450.0,-5.91073582629674,,63.1951466127401,21.3149522799576,7.8,141.228511807821,0,1,0,68,"없음",34,-6.81003584229391,70,20260611,8.79801734820322,4.81782435782264,0,0,,,,,1,38550.0,"지지 재탈환",0,0,39069.6032462588,45519.6032462588
20261007,082210,"옵트론텍",KOSDAQ,1844.0,3.36,"전자장비와기기",0.82,1.0176270105,64472380520.0,2100.0,-14.2857142857143,,32.9868708971554,26.2037037037037,8.2,53.6380045832764,1,1,0,53,"없음",35,-10.8910891089109,64,20260706,16.2483487450462,3.1628874425291,0,0,,,,,1,1796.0,"저항→지지",0,0,1934.83791267486,2059.83791267486
20261007,082270,"젬백스",KOSDAQ,11180.0,0.9,"반도체와반도체장비",10.45,11.51833205,508472962660.0,11730.0,-5.02983802216539,,56.1269841269841,24.904214559387,7.6,56.417105817844,0,3,0,93,"없음",39,-66.6965620328849,3,,,,0,0,,,,,1,10790.0,"저항→지지",0,0,10438.31050588,11758.31050588
20261007,082740,"한화엔진",KOSPI,45500.0,-4.11,"조선",213.02,388.473158225,3796844961000.0,50300.0,-9.9403578528827,,54.3989254533244,31.1538461538462,9.8,62.7709934263152,2,1,0,60,"관망",43,1.34228187919463,79,20260917,11.8503118503118,3.32685535399301,0,0,,,,,0,,,0,0,48182.8619807117,48182.8619807117
20261007,082800,"비보존 제약",KOSDAQ,3025.0,2.89,"제약",5.65,4.6540569775,183676989650.0,3540.0,-14.5480225988701,,55.0213675213675,35.2112676056338,12.4,44.9685450564956,0,2,0,62,"없음",42,-5.46875,72,20260819,18.3600713012478,41.2460302185761,0,0,,,,,0,,,0,0,2886.34818231242,3261.34818231242
20261007,082850,"우리바이오",KOSDAQ,4580.0,-0.87,"디스플레이장비및부품",0.7,5.1332088125,44386222700.0,7090.0,-35.4019746121298,,67.1994440583739,50.5555555555556,12.4,30.8736310835333,0,2,0,46,"없음",42,-51.9412381951731,7,20260907,29.9888517279822,21.486558647018,0,0,,,,,1,4485.0,"지지 재탈환",0,0,6596.01220400945,6596.01220400945
20261007,082920,"비츠로셀",KOSDAQ,29600.0,-1.82,"전기제품",53.12,83.506728375,1336128519200.0,30400.0,-2.96052631578947,,55.5070883315158,30.098452883263,6.2,48.1870460557264,2,2,0,71,"관망",54,-23.3766233766234,40,,,,0,0,,,,,1,28725.0,"저항→지지",0,0,26515.1099891476,32215.1099891476
20261007,083310,"엘오티베큠",KOSDAQ,12600.0,-5.33,"반도체와반도체장비",13.02,11.10095558,224406415800.0,11240.0,13.5231316725979,6.13879003558719,29.3394777265745,20.1834862385321,6.6,113.93210792931,1,2,0,64,"없음",35,0.3933910306845,78,20260818,13.3918770581778,6.01233331845343,0,0,20261001,11240.0,11930.0,281.368887289918,1,11240.0,"저항→지지",0,0,12176.4429588472,12176.4429588472
20261007,083420,"그린케미칼",KOSPI,4775.0,1.17,"화학",0.94,0.788843045,114600000000.0,4890.0,-2.55623721881391,,50.0,17.831541218638,6.8,31.4082265859367,0,3,0,98,"없음",46,-18.5470085470085,50,,,,0,0,,,,,1,4710.0,"지지 재탈환",0,0,4584.59512579584,5274.59512579584
20261007,083450,GST,KOSDAQ,55900.0,-0.18,"반도체와반도체장비",78.4,70.9864667,1030237000000.0,47800.0,16.3179916317992,1.04602510460251,45.6035767511177,23.5955056179775,7.4,100.675433911996,5,3,0,78,"돌파완료",62,104.036697247706,98,20260929,8.97959183673469,2.70254068496478,0,0,20260921,47800.0,48300.0,83.4737506463784,1,47800.0,"저항→지지",0,0,51084.5143211485,51084.5143211485
20261007,083470,"이엠앤아이",KOSDAQ,992.0,6.67,"디스플레이장비및부품",2.25,0.7205904895,21169606368.0,923.0,7.25893824485374,0.975081256771398,58.2315299592786,21.6666666666667,8.2,119.597952171502,3,2,0,64,"없음",51,-4.25531914893617,73,,,,1,0,20261006,923.0,932.0,41.9379522011113,1,920.0,"저항→지지",1,0,833.002999212783,973.002999212783
20261007,083500,"에프엔에스테크",KOSDAQ,14780.0,1.58,"디스플레이장비및부품",10.1,8.324327015,122768252060.0,11800.0,24.7457627118644,3.64406779661017,53.0964954392703,23.4227701232777,7.4,95.5649518566506,1,3,0,81,"없음",38,-12.2765196662694,61,20260928,8.17661488143908,4.57856360005805,0,0,20260923,11800.0,12230.0,106.716277673443,1,11800.0,"저항→지지",0,0,13665.1942452219,13765.1942452219
20261007,083550,"케이엠",KOSDAQ,3310.0,-1.05,"섬유,의류,신발,호화품",1.91,0.45381403,44870906150.0,3500.0,-5.28571428571429,,21.6269841269841,19.1335740072202,10.0,341.049167295621,2,2,0,80,"없음",45,-11.9521912350598,62,,,,0,0,,,,,1,3290.0,"저항→지지",0,0,3213.06820109168,3213.06820109168
20261007,083640,"인콘",KOSDAQ,5210.0,0.0,"전자장비와기기",0.17,0.368508665,23922590280.0,6300.0,-17.3015873015873,,41.4739884393064,30.5477920626048,7.2,32.5210571594342,0,2,0,61,"없음",40,-49.0912644127418,9,20260812,8.53556485355649,6.22877777352995,0,0,,,,,0,,,0,0,5795.71272003856,6601.71272003856
20261007,083650,"비에이치아이",KOSDAQ,57000.0,-2.06,"에너지장비및서비스",144.92,279.4137321,1763829375000.0,62400.0,-8.65384615384615,,44.4945267224726,30.1369863013699,10.0,65.3692734303663,2,1,0,58,"관망",43,-42.7710843373494,13,20260907,12.8333333333333,3.49973314282442,0,0,,,,,0,,,0,0,63041.9316487861,63041.9316487861
20261007,083660,"CSA 코스믹",KOSDAQ,1422.0,1.57,"화장품",0.35,0.599354777,24777154098.0,1920.0,-27.1875,,52.7128157156221,45.2798663324979,12.6,27.9419445525258,0,2,0,57,"없음",42,-33.8381448177946,24,20260826,30.0,11.3307707092062,0,0,,,,,0,,,0,0,1642.31494856217,2122.31494856217
20261007,083790,"CG인바이츠",KOSDAQ,912.0,-1.51,"생명과학도구및서비스",0.67,1.47624276,70127493984.0,1015.0,-10.1477832512315,,43.956043956044,33.2399626517274,7.8,43.0681967384082,0,3,0,84,"없음",46,-40.2750491159136,16,20260820,11.0381077529566,3.5443303847897,0,0,,,,,0,,,0,0,893.691335950275,949.691335950275
20261007,083930,"아바코",KOSDAQ,12740.0,0.16,"전기제품",3.81,3.735782315,186988152260.0,12000.0,6.08333333333333,0.833333333333333,48.5245901639344,15.0978564771668,9.6,78.2742102923798,0,2,0,82,"없음",33,-5.35315985130112,72,,,,0,0,20260923,12000.0,12100.0,48.3796962404044,1,12000.0,"저항→지지",0,0,12055.9756306074,12055.9756306074
20261007,084010,"대한제강",KOSPI,8860.0,-4.01,"철강",8.16,17.56996247,304532340560.0,10120.0,-9.78260869565217,,0.727802037845703,15.5932203389831,7.0,104.667385943024,0,2,0,52,"없음",32,-14.1110065851364,58,20261001,12.6582278481013,116.57804359789,0,0,,,,,1,8580.0,"저항→지지",0,0,9240.73237175254,9240.73237175254
20261007,084110,"휴온스글로벌",KOSDAQ,23850.0,2.58,"제약",6.1,6.991498875,301936516200.0,30900.0,-22.6537216828479,,64.6551724137931,31.1643835616438,10.8,61.4810910105917,0,1,0,47,"없음",26,-62.0031796502385,3,,,,0,0,,,,,1,22750.0,"저항→지지",0,0,21892.4057596946,28592.4057596946
20261007,084370,"유진테크",KOSDAQ,169900.0,-5.66,"반도체와반도체장비",442.12,280.05929165,3893435535800.0,186200.0,-9.3984962406015,,54.8805662046594,51.8186905428092,11.4,151.589590758308,3,1,0,54,"관망",48,36.3783346806791,94,20260611,15.1065203357005,2.59751437188422,0,0,,,,,1,156300.0,"저항→지지",0,0,163330.944402093,163330.944402093
20261007,084690,"대상홀딩스",KOSPI,7880.0,-0.25,"식품",2.31,2.13025973,285354799440.0,8430.0,-6.6429418742586,,56.2386980108499,17.5796178343949,9.8,92.9969858110102,0,1,0,86,"없음",27,-13.8949671772429,59,,,,0,0,,,,,1,7850.0,"지지 재탈환",0,0,8017.95719692456,8017.95719692456
20261007,084730,"팅크웨어",KOSDAQ,7000.0,0.43,"전자제품",0.8,1.113043265,77765968000.0,7020.0,-2.42165242165242,,35.431654676259,30.0245098039216,4.2,14.5802859434719,0,2,0,87,"없음",43,-19.0307328605201,49,,,,0,0,,,,,1,6610.0,"저항→지지",0,0,6436.61685520055,7576.61685520055
20261007,084850,"아이티엠반도체",KOSDAQ,7650.0,-4.26,"전자장비와기기",2.4,1.316783125,173524445100.0,8200.0,-6.82926829268293,,68.8654353562005,21.1217183770883,10.0,124.842980380968,1,1,0,69,"없음",32,-31.7857142857143,27,,,,0,0,,,,,0,,,0,0,8090.04194233894,8310.04194233894
20261007,084870,"TBH글로벌",KOSPI,2205.0,0.23,"섬유,의류,신발,호화품",0.09,0.72126302,45110454480.0,2410.0,-9.33609958506224,,12.7358490566038,18.3294663573086,10.8,8.03204758196503,5,2,0,66,"없음",70,-0.228310502283105,78,20260821,11.6822429906542,4.34528245497773,0,0,,,,,0,,,0,0,2150.17381692883,2190.17381692883
20261007,084990,"헬릭스미스",KOSDAQ,3970.0,5.03,"생물공학",17.08,8.4536283725,182988404090.0,4170.0,-6.11510791366906,,31.6222177661921,25.1315789473684,7.4,259.612848240324,0,3,0,83,"없음",38,-53.2816229116945,6,20260930,18.167701863354,29.5398240407109,0,0,,,,,1,3230.0,"저항→지지",0,0,3713.66719195112,3713.66719195112
20261007,085310,"엔케이",KOSPI,8850.0,0.0,"조선",1.24,0.912616815,65649954900.0,9990.0,-10.01001001001,,35.3974121996303,24.5785270629991,2.8,88.1472520752793,0,2,0,66,"없음",33,-19.6604110813226,48,,,,1,0,,,,,1,8900.0,"지지 재탈환",0,0,10241.4692575391,10241.4692575391
20261007,085620,"미래에셋생명",KOSPI,22600.0,10.78,"생명보험",133.4,26.62895313,3055068000000.0,31000.0,-26.9354838709677,,66.51302143351,65.3887399463807,14.8,247.484521112742,4,2,0,51,"없음",60,36.1996392062538,94,20261007,11.3022113022113,5.2333040644366,0,0,,,,,1,19060.0,"지지 재탈환",1,0,18387.1651758327,28037.1651758327
20261007,085660,"차바이오텍",KOSDAQ,8520.0,-1.62,"건강관리업체및서비스",12.43,15.14997918,792128647920.0,8570.0,-0.233372228704784,1.4002333722287,57.7227722772277,23.728813559322,7.4,51.9421145719839,0,2,0,79,"없음",41,-54.6178343949045,5,,,,0,0,20261006,8570.0,8690.0,71.7264970108307,1,8270.0,"저항→지지",0,0,8121.31612479446,9261.31612479446
20261007,085670,"뉴프렉스",KOSDAQ,3760.0,-0.13,"전자장비와기기",6.83,11.4708346475,92122861360.0,3690.0,1.3550135501355,1.49051490514905,13.8613861386139,36.4275668073136,10.4,90.1816302391768,0,1,0,54,"없음",33,-32.2463768115942,26,20261002,8.39363241678726,4.56551629469765,0,0,20261002,3690.0,3745.0,480.61592254857,1,3690.0,"저항→지지",0,0,3566.73962738897,3566.73962738897
20261007,085810,"알티캐스트",KOSDAQ,1430.0,0.7,"건설",0.1,0.295369486,20215842790.0,1665.0,-14.1141141141141,,8.93905191873589,39.9367755532139,6.6,46.8179813129085,0,1,0,28,"없음",26,-46.5420560747664,10,20260706,8.31586303284417,2.8298516203455,0,0,,,,,1,1398.0,"지지 재탈환",0,0,1408.70799296738,1641.70799296738
20261007,085910,"네오티스",KOSDAQ,19200.0,-4.0,"자동차부품",37.55,37.42460009,264860505600.0,18370.0,4.5182362547632,8.87316276537833,44.449194812598,45.9307359307359,7.2,105.501217767812,2,2,0,60,"관망",49,-19.327731092437,49,20261006,16.5501165501166,2.81349373638009,0,0,20261006,18370.0,20000.0,335.857269853313,1,18370.0,"저항→지지",0,0,18145.7366090829,20095.7366090829
20261007,086040,"바이오톡스텍",KOSDAQ,2285.0,0.0,"생명과학도구및서비스",0.11,0.17493893,36464594395.0,2340.0,-2.35042735042735,,43.9364773820982,14.9514563106796,4.6,41.7969475641451,0,3,0,87,"없음",39,-28.59375,32,,,,0,0,,,,,1,2255.0,"지지 재탈환",0,0,2252.49195557289,2387.49195557289
20261007,086060,"진바이오텍",KOSDAQ,4910.0,-1.01,"제약",0.66,0.6084205925,42277982170.0,5050.0,-2.77227722772277,,3.14207650273224,16.3498098859316,10.0,77.5797231810435,5,1,0,77,"없음",56,0.408997955010225,78,20260714,9.68443960826986,3.36472003074834,0,0,,,,,1,4750.0,"저항→지지",0,0,4625.08613581554,4825.08613581554
20261007,086280,"현대글로비스",KOSPI,188800.0,-6.07,"항공화물운송과물류",358.94,286.7477886,14160000000000.0,216000.0,-12.6388888888889,,55.1668460710441,14.9302325581395,9.8,122.079912394024,1,2,0,83,"관망",37,-13.8356164383562,59,,,,0,0,,,,,0,,,0,0,200251.974617808,200251.974617808
20261007,086390,"유니테스트",KOSDAQ,14640.0,-4.94,"반도체와반도체장비",43.7,27.971488755,309403604640.0,13450.0,7.73234200743494,4.46096654275093,30.4096941719561,44.6280991735537,10.0,133.927052806405,1,2,0,63,"없음",35,-12.9206730769231,60,,,,0,0,20260930,13450.0,14050.0,170.387587334312,1,13450.0,"저항→지지",0,0,14080.4731102633,14080.4731102633
20261007,086450,"동국제약",KOSDAQ,22900.0,5.53,"제약",145.35,92.83394041,1035776618000.0,22400.0,2.00892857142857,2.00892857142857,23.0769230769231,21.2053571428571,7.2,138.906097932781,3,2,0,48,"수축중",55,-21.2068965517241,45,20260828,15.343347639485,3.34621662716336,0,0,20261007,22400.0,22850.0,141.183269880666,1,22400.0,"저항→지지",0,0,20944.6558887561,20994.6558887561
20261007,086520,"에코프로",KOSDAQ,91700.0,-3.88,"화학",583.03,528.48332405,12450673138400.0,92300.0,-1.19176598049837,3.90032502708559,62.6750700280112,25.2358490566038,10.0,81.7265964873532,0,2,0,64,"관망",37,-38.8329979879276,18,,,,0,0,20261006,92300.0,95900.0,179.274072081047,1,83000.0,"저항→지지",0,0,86982.9633618402,86982.9633618402
20261007,086670,"비엠티",KOSDAQ,18990.0,-2.76,"기계",7.2,9.526444875,188492556150.0,19740.0,-4.25531914893617,,25.8108108108108,20.8891269416176,7.4,63.2610778676336,5,3,0,88,"없음",63,25.832223701731,92,20260810,9.55569080949483,20.7098437019697,0,0,,,,,1,17500.0,"저항→지지",0,0,18205.1438522997,18205.1438522997
20261007,086710,"선진뷰티사이언스",KOSDAQ,7160.0,2.29,"화장품",0.59,0.42891442,87375484800.0,7470.0,-6.29183400267738,,52.5959367945824,19.9516324062878,4.8,40.8663431899615,0,2,0,79,"없음",47,-30.2788844621514,29,20260701,9.98487140695916,3.48027980354219,0,0,,,,,1,6800.0,"지지 재탈환",0,0,6810.91861444669,8110.91861444669
20261007,086790,"하나금융지주",KOSPI,128900.0,0.16,"은행",564.04,868.7479066,34928021399000.0,141900.0,-9.65468639887245,,53.3272561531449,17.4736842105263,10.8,59.7895171592389,4,1,0,76,"관망",49,13.6524822695035,88,,,,0,0,,,,,0,,,0,0,133063.047493501,133563.047493501
20261007,086820,"바이오솔루션",KOSDAQ,6700.0,-1.03,"생물공학",1.53,3.69441275,173691369500.0,7990.0,-17.0212765957447,,7.95724465558195,21.2962962962963,5.6,29.1991844773111,1,2,0,47,"없음",37,-47.0447284345048,10,20260818,8.69565217391304,4.28343000764329,0,0,,,,,0,,,0,0,6989.59263602561,6989.59263602561
20261007,086890,"이수앱지스",KOSDAQ,4010.0,1.39,"제약",2.58,3.197075485,163507709900.0,4175.0,-3.23353293413174,,17.0765027322404,25.8974358974359,9.8,70.5430562180914,0,3,0,82,"없음",38,-12.9310344827586,60,20260723,16.3398692810458,23.8414648913241,0,0,,,,,1,3720.0,"저항→지지",0,0,3798.99623960937,3798.99623960937
20261007,086900,"메디톡스",KOSDAQ,67600.0,0.15,"생물공학",6.57,10.115562,493378397200.0,73900.0,-8.66035182679296,,69.5210449927431,19.7062423500612,7.6,38.780901231396,0,2,0,78,"없음",39,-35.1585014409222,22,,,,0,0,,,,,0,,,0,0,66602.7340536189,77102.7340536189
20261007,086960,"MDS테크",KOSDAQ,2350.0,-3.69,"소프트웨어",13.44,30.5283210545,99942374500.0,2620.0,-9.9236641221374,,0.0,19.2708333333333,9.6,85.8596034307937,0,1,0,50,"관망",29,-18.8166494668043,50,20260929,11.214953271028,16.6262769301435,0,0,,,,,1,2040.0,"저항→지지",0,0,2359.1353214094,2359.1353214094
20261007,086980,"쇼박스",KOSDAQ,1750.0,2.28,"방송과엔터테인먼트",0.73,1.3132113945,109266500000.0,2005.0,-14.214463840399,,54.2536115569823,19.6190476190476,9.8,41.3191228675298,0,1,0,72,"없음",26,-36.6482504604052,20,,,,0,0,,,,,0,,,0,0,1862.50761471811,2042.50761471811
20261007,087010,"펩트론",KOSDAQ,91500.0,-29.94,"생물공학",836.86,241.08354835,2133537525000.0,145200.0,-34.5730027548209,,46.5859982713915,55.7971014492754,7.0,577.194020225213,0,1,0,41,"관망",26,-69.1558441558442,2,,,,0,0,,,,,0,,,0,0,139125.93647509,178625.93647509
20261007,087600,"픽셀플러스",KOSDAQ,4005.0,3.09,"반도체와반도체장비",0.01,0.133338905,32707064790.0,4795.0,-18.7695516162669,,12.5886524822695,32.4510932105869,11.4,6.93538918702693,0,1,0,50,"없음",22,-36.4600326264274,21,,,,0,0,,,,,0,,,0,0,4231.43827947747,4231.43827947747
20261007,088130,"동아엘텍",KOSDAQ,5530.0,-3.32,"디스플레이장비및부품",3.47,4.001743865,96693786420.0,5990.0,-5.00834724540902,,34.8423605497171,22.9166666666667,9.6,78.7864365549726,2,3,0,88,"없음",44,-24.3351063829787,39,,,,0,0,,,,,1,5650.0,"저항→지지",0,0,5387.4026507748,5387.4026507748
20261007,088260,"이리츠코크렙",KOSPI,3220.0,0.16,"부동산",0.56,1.7895263825,203959919800.0,3360.0,-3.86904761904762,,34.3406593406593,12.0826709062003,9.4,23.7633987456157,0,3,0,90,"없음",36,-32.7083333333333,25,,,,0,0,,,,,0,,,0,0,3170.47410757746,3240.47410757746
20261007,088280,"쏘닉스",KOSDAQ,3230.0,-0.46,"핸드셋",3.33,4.3188207125,55899962700.0,3830.0,-15.7963446475196,,18.3742591024555,25.0440917107584,7.0,115.445699298638,2,1,0,43,"없음",36,-7.46054519368723,69,20260909,12.4260355029586,9.87554516849294,0,0,,,,,1,2520.0,"저항→지지",0,0,3223.77621277799,3223.77621277799
20261007,088290,"이원컴포텍",KOSDAQ,2515.0,0.2,"자동차부품",0.1,0.1675308075,20059821080.0,2405.0,4.57380457380457,4.98960498960499,36.5768896611642,25.0936329588015,7.6,49.7242805654861,0,2,0,58,"없음",36,11.283185840708,87,20260803,10.8695652173913,4.09957689083004,0,0,20261001,2405.0,2525.0,367.169408438844,1,2405.0,"저항→지지",0,0,2238.18602266085,2318.18602266085
20261007,088340,"유라클",KOSDAQ,6440.0,1.26,"소프트웨어",0.41,1.36814174,28106529920.0,7130.0,-11.5007012622721,,15.8711217183771,19.8209718670077,7.8,40.2015067399,0,1,0,46,"없음",25,-47.8943022295623,9,,,,0,0,,,,,0,,,0,0,7810.25434533239,7810.25434533239
20261007,088350,"한화생명",KOSPI,5330.0,0.38,"생명보험",85.31,173.10532928,4629264900000.0,6260.0,-15.0159744408946,,40.1140684410646,10.9947643979058,6.6,38.985310134149,4,1,0,45,"관망",53,12.0,87,20260814,11.9284294234592,4.67225920058883,0,0,,,,,0,,,0,0,5718.14689230779,6008.14689230779
20261007,088390,"이녹스",KOSDAQ,8340.0,-0.36,"레저용장비와제품",0.33,0.41696245,78277938960.0,8860.0,-5.86907449209932,,36.5911799761621,32.9842931937173,10.8,55.4993130378191,0,1,0,81,"없음",31,-31.9183673469388,26,,,,0,0,,,,,1,8250.0,"저항→지지",0,0,8045.53056508008,8045.53056508008
20261007,088790,"진도",KOSPI,2300.0,-2.34,"섬유,의류,신발,호화품",0.75,1.0575722725,28629811200.0,2500.0,-8.4,2.4,18.4931506849315,18.9837398373984,7.6,83.450210961004,2,2,0,65,"없음",42,-14.7113594040968,57,20260901,11.9331742243437,8.13072802715956,0,0,20260930,2500.0,2560.0,204.806749743972,1,2205.0,"저항→지지",0,0,2331.33845897958,2331.33845897958
20261007,088800,"에이스테크",KOSDAQ,2340.0,-5.26,"통신장비",7.43,15.839218047,176685055560.0,2655.0,-11.1111111111111,,0.0,28.0257510729614,8.2,82.9002706599302,0,1,0,40,"없음",29,-45.7471264367816,11,20261002,9.63302752293578,7.72647992996913,0,0,,,,,1,1900.0,"저항→지지",0,0,2444.57567109474,2444.57567109474
20261007,088910,"동우팜투테이블",KOSDAQ,1941.0,-1.42,"식품",3.31,0.885190879,49925943924.0,2125.0,-8.61176470588235,,75.0617283950617,28.3918669131238,14.0,398.258817418601,1,3,0,83,"없음",40,-20.082304526749,47,20260623,13.716814159292,16.0789276890661,0,0,,,,,0,,,0,0,2020.82753309097,2130.82753309097
20261007,088980,"맥쿼리인프라",KOSPI,9780.0,0.51,"운송인프라",61.5,67.249686325,4683857091540.0,10090.0,-3.07234886025768,,49.645390070922,8.26771653543307,8.6,55.4564668853454,0,2,0,88,"없음",44,-13.7566137566138,59,,,,0,0,,,,,0,,,0,0,9834.53238279849,10044.5323827985
20261007,089010,"켐트로닉스",KOSDAQ,28500.0,-1.55,"전자장비와기기",65.66,41.828417425,477945769500.0,30450.0,-7.55336617405583,,22.5302061122957,32.1503131524008,11.4,230.15342058575,0,1,0,73,"관망",27,-0.530035335689046,77,,,,0,0,,,,,1,24300.0,"저항→지지",0,0,27405.9276998612,27405.9276998612
20261007,089030,"테크윙",KOSDAQ,54000.0,-5.76,"반도체와반도체장비",307.13,362.620463,2000896830000.0,51000.0,4.90196078431373,1.17647058823529,50.0580720092915,40.1041666666667,10.0,89.7780353669589,3,1,0,54,"관망",52,7.97174571140262,85,20261001,8.77862595419847,2.61487312817024,0,0,20260929,51000.0,51600.0,111.208586750056,1,49800.0,"저항→지지",0,0,51066.9546277764,51066.9546277764
20261007,089140,"넥스턴앤롤코리아",KOSDAQ,2340.0,0.86,"기계",3.21,1.1114530575,35839987560.0,2190.0,5.47945205479452,7.07762557077625,57.1892530262769,21.8992248062016,6.6,203.523599004176,1,1,0,85,"없음",36,6.45161290322581,84,20261006,8.31408775981524,9.88883131641348,0,0,20261006,2190.0,2345.0,494.37549044387,0,,,0,0,2193.0469878923,2353.0469878923
20261007,089150,"케이씨티",KOSDAQ,1625.0,-1.28,"컴퓨터와주변기기",0.27,0.442810296,27868750000.0,1920.0,-15.3645833333333,,64.8106904231626,24.974358974359,10.0,50.3367507704698,0,1,0,62,"없음",22,-53.9660056657224,6,,,,0,0,,,,,0,,,0,0,1750.54072079307,1961.54072079307
20261007,089230,"THE E&M",KOSDAQ,2030.0,17.61,"양방향미디어와서비스",26.31,5.5341145885,80025348620.0,2230.0,-8.52017937219731,,30.3776223776224,46.8877551020408,11.0,359.773725647355,2,1,0,47,"없음",39,-18.4,51,20261006,9.60390667390125,3.53040024249626,1,0,,,,,1,1827.0,"지지 재탈환",0,0,1916.12021524524,2111.12021524524
20261007,089470,"HDC현대EP",KOSPI,3850.0,0.65,"자동차부품",1.52,1.5102557575,122815000000.0,4090.0,-6.60146699266504,,44.7272727272727,24.0454076367389,8.4,45.2104405253772,0,1,0,72,"없음",35,-22.6720647773279,42,20260804,11.260053619303,9.01929902695116,0,0,,,,,0,,,0,0,3890.19742060839,4525.19742060839
20261007,089590,"제주항공",KOSPI,4560.0,2.59,"항공사",10.65,11.806824285,367722891600.0,4750.0,-4.21052631578947,,13.5251798561151,29.3439716312057,15.4,123.211289193082,0,1,0,61,"없음",31,-12.3314065510597,61,20260615,18.6635944700461,26.0101649648313,0,0,,,,,0,,,0,0,4624.9545827933,4624.9545827933
20261007,089600,"KT나스미디어",KOSDAQ,12350.0,-1.2,"광고",0.67,2.377647265,140871016000.0,13350.0,-7.11610486891386,,25.3237410071942,12.2434017595308,4.4,16.8243564344214,3,2,0,69,"없음",60,7.73240660295395,85,20260807,11.9417475728155,20.028074852809,0,0,,,,,0,,,0,0,12558.3604121325,12848.3604121325
20261007,089790,"제이티",KOSDAQ,7000.0,4.01,"반도체와반도체장비",11.9,8.11281976,72208591000.0,6190.0,14.0549273021002,5.65428109854604,7.76325903151423,21.689259645464,6.6,139.327786259839,3,2,0,48,"없음",45,29.0676416819013,93,20260901,20.2469135802469,40.5606430055089,0,0,20261001,6190.0,6540.0,249.995596719934,1,6190.0,"저항→지지",1,1,6231.69518434086,6231.69518434086
20261007,089850,"유비벨록스",KOSDAQ,4225.0,-2.31,"전자제품",0.19,0.27478803,62235090775.0,4355.0,-1.14810562571757,0.574052812858783,23.7311385459533,14.027149321267,9.6,46.5787635455495,0,3,0,93,"없음",45,-19.2307692307692,49,,,,0,0,20261006,4355.0,4380.0,55.2131758494521,1,4295.0,"저항→지지",0,0,4026.66592256358,4071.66592256358
20261007,089860,"롯데렌탈",KOSPI,51100.0,0.2,"도로와철도운송",30.52,37.233281775,1855409726800.0,52100.0,-1.91938579654511,,42.8165007112376,16.4251207729469,9.8,46.5104578262064,5,2,0,72,"없음",73,64.573268921095,97,20260901,8.55332629355861,2.58049940980124,1,0,,,,,1,51000.0,"저항→지지",0,0,48740.5062321423,49740.5062321423
20261007,089890,"코세스",KOSDAQ,33150.0,-6.62,"반도체와반도체장비",84.51,63.483963775,549791490300.0,38300.0,-14.0992167101828,,41.8552036199095,23.7226277372263,5.4,124.911848209377,3,2,0,55,"수축중",47,48.5327313769752,95,20261001,10.3186646433991,2.86921782068486,0,0,,,,,1,29950.0,"저항→지지",0,0,32976.4577561754,32976.4577561754
20261007,089970,"브이엠",KOSDAQ,65300.0,-7.24,"반도체와반도체장비",446.71,400.59627665,1734111044500.0,72000.0,-10.4166666666667,,69.6185286103542,37.2628726287263,7.4,108.232078335368,3,2,0,51,"수축중",51,54.8619447779112,96,20260604,28.2287822878229,2.64438597487437,0,0,,,,,1,63500.0,"저항→지지",0,0,60940.5423669374,107240.542366937
20261007,089980,"상아프론테크",KOSDAQ,16380.0,-3.13,"전자장비와기기",4.1,7.47381063,261900426060.0,18640.0,-11.8025751072961,,19.1933240611961,9.2387768379961,5.2,75.3721874521524,1,1,0,42,"없음",34,-30.3389830508475,29,20260918,8.69276708692768,29.3952380130186,0,0,,,,,1,15450.0,"저항→지지",0,0,17095.2010102584,17095.2010102584
20261007,090080,"평화산업",KOSPI,998.0,0.0,"자동차부품",0.96,1.075522211,54792454482.0,1134.0,-11.8165784832451,,3.37837837837838,16.4976958525346,6.2,44.3826878520911,3,2,0,82,"없음",55,5.48523206751055,83,,,,0,0,,,,,1,985.0,"저항→지지",0,0,1058.051964386,1058.051964386
20261007,090150,"아이윈",KOSDAQ,6010.0,0.17,"자동차부품",0.2,0.671656355,25167049290.0,6220.0,-4.98392282958199,,48.9159891598916,29.4871794871795,6.2,16.4325488578817,0,2,0,88,"없음",47,-24.9047013977128,38,20260819,30.0,94.8267099703791,0,0,,,,,0,,,0,0,5638.19485442942,7218.19485442942
20261007,090350,"노루페인트",KOSPI,8330.0,1.96,"건축자재",12.84,2.75146725,166600000000.0,8240.0,0.970873786407767,0.970873786407767,36.7875647668394,7.63157894736842,9.8,399.527653050557,2,1,0,69,"없음",39,-2.80373831775701,75,,,,0,0,20261007,8240.0,8320.0,427.025343001859,1,8000.0,"저항→지지",0,0,7974.17057301106,7974.17057301106
20261007,090360,"로보스타",KOSDAQ,78600.0,-3.79,"기계",42.72,78.36471935,766350000000.0,82000.0,-4.39024390243902,,60.6289808917197,24.9460043196544,6.8,36.4879323505001,2,3,0,93,"관망",61,30.8848080133556,93,20260722,12.3938879456706,2.68180221270301,0,0,,,,,1,74700.0,"지지 재탈환",0,0,74195.2781042253,83095.2781042253
20261007,090370,"메타랩스",KOSPI,1171.0,-0.09,"상업서비스와공급품",0.31,0.7960638695,31973790819.0,1328.0,-13.5542168674699,,37.7100186683261,23.4453781512605,12.6,28.0824556321688,0,1,0,54,"없음",30,-20.7182320441989,46,20260901,10.5072463768116,72.9766633871638,0,0,,,,,0,,,0,0,1176.22929017891,1250.22929017891
20261007,090410,"덕신이피씨",KOSDAQ,3335.0,-1.48,"건축자재",0.09,0.525542325,30738091365.0,3700.0,-7.83783783783784,,74.2669584245077,32.7548806941432,4.6,11.7360835439356,0,2,0,76,"없음",45,-43.8683127572016,12,20260701,15.3679653679654,21.2838699443074,0,0,,,,,0,,,0,0,3593.20275612885,4163.20275612885
20261007,090430,"아모레퍼시픽",KOSPI,138400.0,3.9,"화장품",334.8,291.37929845,8095397845600.0,149400.0,-7.42971887550201,,34.9367088607595,13.4099616858238,12.0,81.6981185609027,4,1,0,66,"관망",53,-3.01542776998597,75,20260730,9.9261689909762,3.45728484624801,0,0,,,,,1,134700.0,"지지 재탈환",0,0,137655.970937158,140755.970937158
20261007,090460,"비에이치",KOSPI,22200.0,-1.33,"전자장비와기기",131.05,192.03836872,748396143600.0,21150.0,3.54609929078014,6.85579196217494,43.067143424712,24.2849974912193,7.0,57.2384219735515,2,2,0,57,"관망",61,-0.454545454545455,77,20260901,20.6801974766868,5.46069028917434,0,0,20261006,21150.0,22600.0,109.827604577915,1,21150.0,"저항→지지",0,0,20368.5217212457,20368.5217212457
20261007,090470,"제이스로보틱스",KOSDAQ,4060.0,-0.61,"전자장비와기기",1.28,1.4205470725,70954971640.0,5990.0,-32.3873121869783,,40.7133243606999,25.1360174102285,11.0,47.775744507947,1,1,0,48,"없음",35,-55.9782608695652,5,20260828,13.4751773049645,6.28357431355456,0,0,,,,,0,,,0,0,4059.73150475123,5234.73150475123
20261007,090850,"현대이지웰",KOSDAQ,4910.0,0.1,"상업서비스와공급품",0.8,1.29052328,110366503730.0,5090.0,-3.53634577603143,,72.4465558194774,25.4303599374022,9.2,24.376470363501,1,2,0,90,"없음",52,-23.28125,41,20260529,8.23754789272031,4.45984622179255,0,0,,,,,0,,,0,0,4841.08368503519,6141.08368503519
20261007,091120,"이엠텍",KOSDAQ,5860.0,2.45,"핸드셋",0.7,1.86605978,100399004960.0,5770.0,-0.519930675909879,0.519930675909879,1.92307692307692,18.854415274463,10.8,34.0438104819,0,1,0,68,"없음",31,-12.2324159021407,61,20260928,14.8225469728601,6.85034348217561,0,0,20261006,5770.0,5800.0,53.0549053201712,1,5170.0,"저항→지지",0,0,5281.56338333524,5281.56338333524
20261007,091340,"S&K폴리텍",KOSDAQ,2670.0,-2.73,"전자장비와기기",0.69,1.471761145,31248935070.0,2745.0,-2.55009107468124,0.728597449908925,14.4329896907217,18.8157894736842,13.0,64.0066555167171,4,1,0,64,"없음",47,8.29959514170041,85,,,,0,0,20261006,2745.0,2765.0,200.181775073105,1,2390.0,"저항→지지",0,0,2580.47800727338,2580.47800727338
20261007,091440,"한울소재과학",KOSDAQ,2770.0,0.0,"통신장비",2.96,8.74360644,102357959640.0,3450.0,-19.7101449275362,,34.4867358708189,36.3291139240506,6.6,38.254302085827,2,1,0,48,"없음",36,-9.62479608482871,66,20260713,19.7628458498024,3.7035358009887,0,0,,,,,0,,,0,0,3027.34012732085,3527.34012732085
20261007,091580,"상신이디피",KOSDAQ,24500.0,-1.41,"전기제품",84.1,67.743241375,326541365500.0,24150.0,1.0351966873706,3.51966873706004,14.6063141879041,28.1901041666667,9.8,124.60887177696,4,1,0,55,"돌파완료",60,27.7486910994764,92,20260827,10.3194103194103,3.66171409541593,0,0,20261006,24150.0,25000.0,241.891789144174,1,22200.0,"저항→지지",0,0,21957.7511943055,21957.7511943055
20261007,091590,"남화토건",KOSDAQ,5600.0,-2.61,"건설",5.42,23.312581685,65744000000.0,7940.0,-29.8488664987406,,78.6035361102787,70.0574241181296,12.8,9.54032114902337,4,2,0,65,"없음",62,42.4552429667519,94,20260902,20.933734939759,3.60452781995999,0,0,,,,,0,,,0,0,6562.34385057546,7202.34385057546
20261007,091700,"파트론",KOSDAQ,5210.0,-0.57,"핸드셋",2.66,4.35796792,260500000000.0,5480.0,-5.10948905109489,,38.6010362694301,16.243654822335,9.6,47.1536442208155,0,3,0,96,"없음",39,-36.5079365079365,21,,,,0,0,,,,,0,,,0,0,5240.63199455253,5590.63199455253
20261007,091810,"트리니티항공",KOSPI,2625.0,-0.19,"항공사",1.22,1.583103545,268028488875.0,3295.0,-19.8786039453718,,61.0350076103501,50.5020080321285,15.4,80.1936365442883,0,2,0,52,"없음",32,-41.0714285714286,15,20260615,13.3079847908745,9.06592467111092,0,0,,,,,0,,,0,0,2655.30145213165,3100.30145213165
20261007,091970,"LSK아이로봇",KOSDAQ,3555.0,-0.56,"화학",0.4,0.6610028425,26786142900.0,4145.0,-13.751507840772,,53.9866098600122,50.7383966244726,14.2,27.758004676631,4,1,0,59,"없음",50,2.14285714285714,80,20260709,8.03443328550932,2.86541263002917,0,0,,,,,0,,,0,0,3589.51651740091,4114.51651740091
20261007,092040,"아미코젠",KOSDAQ,994.0,-0.1,"생물공학",2.58,3.8875675375,70231454678.0,1083.0,-8.03324099722992,,65.8828748890861,23.219512195122,4.6,41.7586301815202,0,2,0,71,"없음",45,-39.6363636363636,17,20260623,17.3677069199457,7.27223376004482,0,0,,,,,1,939.0,"저항→지지",0,0,960.627842473827,1164.62784247383
20261007,092070,"디엔에프",KOSDAQ,14510.0,-3.27,"반도체와반도체장비",6.33,5.10549399,167907659580.0,14690.0,-0.953029271613342,2.79101429543907,43.2189973614776,24.7793618465716,7.0,143.229702565389,0,2,0,62,"없음",30,-28.5012285012285,32,,,,0,0,20261006,14690.0,15100.0,260.610172857486,1,12800.0,"저항→지지",0,0,13761.5756005114,13761.5756005114
20261007,092130,"이크레더블",KOSDAQ,14150.0,-0.35,"상업서비스와공급품",0.5,0.409549075,170416940000.0,14530.0,-2.33998623537509,,9.79729729729729,6.25429553264605,2.8,91.5621050035453,0,2,0,71,"없음",35,-3.9268788083954,74,,,,0,0,,,,,1,14180.0,"지지 재탈환",0,0,13944.0845358615,13954.0845358615
20261007,092200,"디아이씨",KOSPI,5720.0,-2.56,"자동차부품",9.9,11.81537761,222442614680.0,6000.0,-5.0,,45.5645161290323,28.6252354048964,9.8,33.296364754783,0,3,0,87,"없음",50,-33.1770222743259,25,20260814,25.3333333333333,14.0520495102532,0,0,,,,,1,5510.0,"지지 재탈환",0,0,5320.21274433807,6360.21274433807
20261007,092220,KEC,KOSPI,3070.0,-5.83,"반도체와반도체장비",12.97,21.803806885,123268567960.0,3340.0,-8.23353293413174,,26.4507422402159,18.9655172413793,7.0,98.9019826703392,1,1,0,60,"없음",34,-63.5985748218527,3,20260921,10.5719237435009,4.10568368726031,0,0,,,,,1,2775.0,"저항→지지",0,0,2993.86810052744,2993.86810052744
20261007,092230,"KPX홀딩스",KOSPI,96000.0,0.1,"화학",0.82,1.6835122,379085664000.0,101800.0,-5.69744597249509,,15.0413223140496,13.5673624288425,4.8,27.0041300434184,5,2,0,81,"없음",68,18.6650185414091,90,,,,0,0,,,,,1,95000.0,"지지 재탈환",0,0,94843.5038803008,98443.5038803008
20261007,092300,"현우산업",KOSDAQ,2775.0,-1.42,"전자장비와기기",3.81,2.0583069275,55915892025.0,2655.0,4.51977401129944,5.64971751412429,40.8333333333333,24.0816326530612,9.8,143.51417517621,0,2,0,50,"없음",36,-10.9149277688604,64,20260814,10.7569721115538,5.95971984103482,0,0,20261006,2655.0,2805.0,224.308938165084,1,2655.0,"저항→지지",0,0,2553.4029378503,2888.4029378503
20261007,092440,"기신정기",KOSPI,1859.0,1.64,"기계",0.18,1.705149106,54282800000.0,1970.0,-5.0761421319797,,6.89410092395167,8.56849666495639,11.4,13.0891143262707,0,1,0,51,"없음",27,-18.1619256017505,51,,,,0,0,,,,,1,1850.0,"지지 재탈환",0,0,1921.91124480509,1921.91124480509
20261007,092460,"한라IMS",KOSDAQ,17120.0,1.0,"조선",2.17,2.224903365,292917721600.0,16980.0,-0.176678445229682,,60.5179704016913,23.3280674038968,9.4,49.7385289715473,3,1,0,92,"없음",46,11.0019646365422,86,,,,0,0,,,,,1,16380.0,"지지 재탈환",0,0,16116.9249028785,17766.9249028785
20261007,092600,"앤씨앤",KOSDAQ,2560.0,0.0,"전자제품",1.22,9.625666296,12842759680.0,3645.0,-29.7668038408779,,4.63917525773197,24.400871459695,4.6,25.4505546878015,1,1,0,41,"없음",31,-43.1111111111111,13,20260911,29.8024149286498,9.43612479107806,0,0,,,,,1,1988.0,"저항→지지",0,0,3963.55597159358,3963.55597159358
20261007,092730,"네오팜",KOSDAQ,24050.0,6.42,"화장품",17.52,12.58506675,385473135450.0,25000.0,-2.8,,18.075117370892,19.8076923076923,7.2,109.684981693321,5,2,0,59,"없음",65,39.1752577319588,94,20260810,13.9479905437352,5.83812377690802,1,0,,,,,1,23050.0,"지지 재탈환",0,0,22516.4316233278,23516.4316233278
20261007,092780,DYP,KOSPI,3315.0,-2.07,"자동차부품",0.93,4.6695464625,43653444900.0,5120.0,-35.15625,,8.20353063343718,28.0701754385965,13.0,45.7121707003556,1,1,0,50,"없음",31,-25.3932584269663,37,20260918,29.9524564183835,23.8676549707439,0,0,,,,,1,3135.0,"지지 재탈환",0,0,4649.68822896048,4649.68822896048
20261007,092790,"넥스틸",KOSPI,13760.0,-3.03,"철강",35.06,187.2809631,357787520000.0,15560.0,-12.2107969151671,,21.0253082414017,22.9547259729944,9.8,32.0555401271531,2,2,0,55,"관망",42,17.7586206896552,90,20260617,8.35579514824798,5.75756938768631,0,0,,,,,0,,,0,0,14293.7402835097,14293.7402835097
20261007,092870,"엑시콘",KOSDAQ,52700.0,-2.23,"반도체와반도체장비",171.14,154.898970875,687777001900.0,32800.0,59.1463414634146,2.74390243902439,0.0,49.0680100755667,11.6,99.5130784195986,5,1,0,48,"돌파완료",55,87.0967741935484,97,20260923,13.9473684210526,3.455919087285,0,0,20260917,32800.0,33700.0,83.2503067572928,1,32800.0,"저항→지지",0,0,48234.8312589831,48234.8312589831
20261007,093050,LF,KOSPI,23650.0,-0.21,"섬유,의류,신발,호화품",7.39,5.580712825,691526000000.0,23900.0,-0.836820083682008,1.25523012552301,41.7344173441734,11.2554112554113,9.6,128.694017773674,4,1,0,58,"없음",47,-5.2,72,,,,0,0,20261002,23900.0,24200.0,198.513952640662,1,22650.0,"저항→지지",0,0,22756.7534188968,22756.7534188968
20261007,093190,"빅솔론",KOSDAQ,8220.0,0.61,"컴퓨터와주변기기",1.15,0.96703892,158143799100.0,8590.0,-4.30733410942957,,38.7573964497041,16.5437302423604,7.0,40.2937757881013,4,3,1,94,"없음",70,6.33893919793014,83,20260813,10.1190476190476,15.5892173788646,0,0,,,,,1,8200.0,"지지 재탈환",0,0,8117.70659475388,8837.70659475388
20261007,093320,"케이아이엔엑스",KOSDAQ,130200.0,1.32,"IT서비스",8.52,14.6329884,635376000000.0,148700.0,-12.373907195696,,49.8239436619718,17.8714859437751,9.6,53.6042896646965,3,1,0,54,"없음",41,26.1374636979671,92,20260615,8.4664536741214,5.73192318562482,0,0,,,,,1,129100.0,"지지 재탈환",0,0,134238.073401292,149238.073401292
20261007,093370,"후성",KOSPI,15280.0,-6.2,"화학",464.2,679.195586245,1638861442400.0,15050.0,0.53156146179402,3.98671096345515,49.3630573248408,22.6594301221167,6.6,80.7996656761086,4,2,0,65,"돌파완료",60,104.459459459459,98,20260615,17.832719621252,3.4491744686862,0,0,20261001,15050.0,15650.0,241.09044683051,1,15050.0,"저항→지지",0,0,14268.0268962921,14268.0268962921
20261007,093380,"풍강",KOSDAQ,3055.0,7.95,"자동차부품",0.04,1.0551429375,30181301215.0,3280.0,-8.23170731707317,,0.0,14.1337386018237,3.6,5.1637542390207,4,1,0,53,"없음",49,11.6883116883117,87,20260702,24.1784037558686,134.924141817778,0,0,,,,,1,2990.0,"지지 재탈환",0,0,3059.65120943101,3059.65120943101
20261007,093520,"매커스",KOSDAQ,28550.0,-3.22,"반도체와반도체장비",5.08,4.85045185,339797446350.0,30000.0,-5.5,,35.5482933914306,18.1506849315068,6.6,63.9640515572531,5,3,1,89,"없음",61,19.620253164557,90,,,,0,0,,,,,1,27600.0,"저항→지지",0,0,27310.9238168133,27310.9238168133
20261007,093640,"케이알엠",KOSDAQ,4820.0,0.52,"반도체와반도체장비",0.59,1.40491649,158306711120.0,5100.0,-8.43137254901961,,5.21831735889244,15.1862464183381,9.6,35.1502760910845,4,2,0,60,"없음",50,0.322234156820623,78,,,,0,0,,,,,0,,,0,0,4529.5453016209,4529.5453016209
20261007,093920,"서원인텍",KOSDAQ,4845.0,-0.1,"핸드셋",0.42,0.3711613125,90117000000.0,4990.0,-2.90581162324649,,1.94444444444446,7.66871165644172,9.6,80.5626054005824,0,2,0,79,"없음",35,-5.18590998043053,72,,,,0,0,,,,,1,4800.0,"지지 재탈환",0,0,4772.67154160464,4772.67154160464
20261007,094170,"동운아나텍",KOSDAQ,25050.0,-2.91,"반도체와반도체장비",20.36,19.794098025,523793896800.0,37300.0,-32.9758713136729,,66.5066666666667,29.8591549295775,7.4,82.8441142602791,2,1,0,49,"없음",36,-20.1277955271566,47,20260731,15.203426124197,2.64632705505911,0,0,,,,,0,,,0,0,26563.3266980322,33713.3266980322
20261007,094280,"효성ITX",KOSPI,11840.0,-0.5,"상업서비스와공급품",1.84,0.617109335,136849088000.0,12150.0,-2.55144032921811,,39.2561983471074,9.07668231611894,10.2,233.673633297043,0,2,0,84,"없음",33,-3.73983739837398,74,,,,0,0,,,,,0,,,0,0,12121.4663851127,12401.4663851127
20261007,094360,"칩스앤미디어",KOSDAQ,12820.0,-0.08,"반도체와반도체장비",14.72,16.163029775,273774612680.0,13090.0,-3.51413292589763,,52.8811524609844,13.884007029877,6.8,128.186221064975,0,1,0,71,"없음",31,-22.4201474201474,42,20260921,10.239852398524,7.22525478458031,0,0,,,,,1,11030.0,"저항→지지",0,0,11952.844894046,11952.844894046
20261007,094480,"갤럭시아머니트리",KOSDAQ,5660.0,-3.58,"IT서비스",13.76,20.721946335,222040883080.0,6050.0,-7.60330578512397,,44.7143795141169,30.0862068965517,10.0,29.7878294759174,0,1,0,57,"없음",33,-32.6506024096386,25,20260821,12.6142595978062,34.3328378740754,0,0,,,,,1,5440.0,"지지 재탈환",0,0,5802.66772319303,6112.66772319303
20261007,094800,"맵스리얼티",KOSPI,7500.0,-2.85,"부동산",6.16,10.700325805,696257482500.0,8000.0,-6.25,,12.8256513026052,21.9219219219219,15.0,81.5101644149251,5,2,0,70,"없음",66,7.14285714285714,84,20260611,14.5129224652087,4.8473342218332,0,0,,,,,1,7230.0,"저항→지지",0,0,7481.90770877358,7481.90770877358
20261007,094820,"일진파워",KOSDAQ,12120.0,-3.66,"건설",13.27,12.953973095,182753953080.0,12650.0,-4.74308300395257,,49.2877492877493,21.037037037037,6.8,99.03997652407,1,3,0,89,"없음",44,-31.0640732265446,28,,,,0,0,,,,,0,,,0,0,11549.6300367581,12289.6300367581
20261007,094840,"슈프리마에이치큐",KOSDAQ,13170.0,-1.05,"전자장비와기기",2.33,2.1452374,129146455530.0,13300.0,-0.977443609022556,,43.7199725463281,26.9230769230769,8.8,60.3126061841658,5,3,1,92,"없음",68,65.4522613065327,97,20260731,8.16618911174785,3.93662814333004,0,0,,,,,1,12550.0,"저항→지지",0,0,12195.7968768602,14295.7968768602
20261007,094850,"참좋은여행",KOSDAQ,4200.0,0.96,"호텔,레스토랑,레저",0.63,1.13860463,58800000000.0,4850.0,-15.1546391752577,,48.4978540772532,20.3252032520325,15.4,47.4530461984228,0,2,0,72,"없음",38,-21.469465648855,45,,,,0,0,,,,,0,,,0,0,4545.0383077745,4615.0383077745
20261007,094860,"네오리진",KOSDAQ,1547.0,-2.83,"게임엔터테인먼트",1.4,1.722880613,82161191658.0,1976.0,-20.1923076923077,,0.0,24.9834327369119,11.6,80.8210663100941,5,1,0,43,"없음",51,15.8706833210874,89,20260928,12.9470672389127,2.80329686797542,0,0,,,,,1,1550.0,"저항→지지",0,0,1783.10186774823,1783.10186774823
20261007,094940,"푸른로보틱스",KOSDAQ,6170.0,-0.96,"컴퓨터와주변기기",1.35,2.75020803,51589751620.0,7900.0,-22.1518987341772,,68.75,24.6467817896389,10.2,9.71423106193088,0,2,0,57,"없음",42,-36.6632337796087,20,20260819,15.9701492537313,27.2430310219974,0,0,,,,,0,,,0,0,6253.21666491488,7443.21666491488
20261007,094970,"제이엠티",KOSDAQ,2760.0,-2.47,"디스플레이장비및부품",1.29,1.8255344625,46225142400.0,2900.0,-5.0,,60.3945371775417,27.8164116828929,8.2,37.2526695520766,1,3,0,93,"없음",54,-12.6782884310618,61,20260803,14.2857142857143,5.94451755913959,0,0,,,,,1,2685.0,"지지 재탈환",0,0,2671.22094251413,3366.22094251413
20261007,095190,"신화프리텍",KOSDAQ,1816.0,-2.1,"기계",0.55,1.7408399205,118512998992.0,1923.0,-5.46021840873635,,18.36825679893,29.954954954955,9.8,25.8257042934413,0,2,0,67,"없음",47,-20.6113537117904,46,20260720,9.04255319148937,2.83377610514394,0,0,,,,,0,,,0,0,2037.40930262127,2037.40930262127
20261007,095270,"웨이브일렉트로",KOSDAQ,4520.0,0.0,"우주항공과국방",1.33,1.6106399425,64963275120.0,4495.0,0.556173526140156,1.89098998887653,11.8857142857143,20.0,6.6,65.0916009870303,1,3,0,84,"없음",47,-14.7169811320755,57,20260616,8.45588235294117,6.04073915989964,0,0,20261001,4495.0,4580.0,103.581100949994,1,4495.0,"저항→지지",0,0,4235.37266665192,4235.37266665192
20261007,095340,ISC,KOSDAQ,202500.0,-1.46,"반도체와반도체장비",318.44,325.74895745,4292404245000.0,221500.0,-9.25507900677201,1.12866817155756,28.4665226781857,21.2719298245614,6.4,93.7832934531165,3,3,0,85,"관망",57,-23.8636363636364,40,20260612,20.7349081364829,5.70942132538284,0,0,20261001,221500.0,224000.0,107.027528177215,1,176700.0,"저항→지지",0,0,199256.280361988,199256.280361988
20261007,095500,"미래나노텍",KOSDAQ,7050.0,-2.62,"디스플레이장비및부품",5.82,4.62014724,218620492950.0,6770.0,4.13589364844904,5.02215657311669,79.0055248618785,19.8717948717949,7.8,74.6739970931998,0,3,0,91,"없음",45,-29.5,30,20260703,24.1331484049931,12.3773491041395,0,0,20261002,6770.0,7110.0,177.200331077299,1,6770.0,"저항→지지",0,0,6726.52269906064,7236.52269906064
20261007,095570,"AJ네트웍스",KOSPI,4285.0,1.18,"도로와철도운송",1.76,2.9335840025,193908072315.0,4380.0,-1.94063926940639,,46.8559837728195,10.6407322654462,12.6,35.6149143187383,1,1,0,69,"없음",32,-16.9245647969052,53,,,,1,0,,,,,1,4210.0,"저항→지지",0,0,4165.6321725406,4435.6321725406
20261007,095610,"테스",KOSDAQ,164100.0,-6.97,"반도체와반도체장비",664.29,582.5165679,3176976000000.0,187400.0,-13.5005336179296,,64.0040444893832,57.7105831533477,11.0,102.501403630292,4,1,0,56,"관망",46,164.437194127243,99,,,,0,0,,,,,1,148200.0,"저항→지지",0,0,162275.509021248,206375.509021248
20261007,095660,"네오위즈",KOSDAQ,18010.0,-1.8,"게임엔터테인먼트",5.13,6.68207515,389672626590.0,18450.0,-1.68021680216802,,46.2409054163298,14.1293532338308,7.2,57.4833823526475,0,2,0,84,"없음",35,-27.2945891783567,33,,,,0,0,,,,,1,17540.0,"지지 재탈환",0,0,17459.1795970884,19019.1795970884
20261007,095700,"제넥신",KOSDAQ,3025.0,6.7,"생물공학",68.79,7.45301524,137759994350.0,3630.0,-17.2176308539945,,47.1480900052329,34.4072164948454,6.0,439.928921987984,0,2,0,55,"없음",37,-36.8697478991597,20,20260903,15.8081705150977,4.81376049957268,0,0,,,,,1,2925.0,"저항→지지",0,0,2835.39061313548,3395.39061313548
20261007,095720,"웅진씽크빅",KOSPI,1196.0,0.0,"교육서비스",0.27,0.4018532015,67965193660.0,1390.0,-14.0287769784173,,31.8098720292505,22.8237015362107,10.8,76.8307345470113,0,1,0,63,"없음",22,-45.9031235853327,11,,,,0,0,,,,,0,,,0,0,1283.5627086774,1283.5627086774
20261007,096240,"크레버스",KOSDAQ,8460.0,0.24,"교육서비스",0.19,0.544017755,86615002800.0,9460.0,-10.4651162790698,,11.5384615384615,12.9301355578728,2.6,21.7219662456955,0,2,0,62,"없음",39,-21.5740740740741,44,,,,0,0,,,,,1,8460.0,"지지 재탈환",0,0,9056.94211309275,9056.94211309275
20261007,096250,"와이즈넛",KOSDAQ,5670.0,-1.39,"소프트웨어",1.66,1.19354522,66990375270.0,5820.0,-3.78006872852234,,57.1428571428571,23.5294117647059,7.4,100.621237926093,0,3,0,79,"없음",40,-44.2786069651741,12,20260622,9.14927768860354,2.71824456964716,0,0,,,,,1,5500.0,"지지 재탈환",0,0,5176.51473394587,6176.51473394587
20261007,096350,"대창솔루션",KOSDAQ,1897.0,-0.58,"조선",2.1,3.5536337895,69913483514.0,2275.0,-16.1318681318681,,52.5123558484349,26.4994547437296,9.8,50.4669503758104,0,2,0,59,"없음",42,-41.1111111111111,15,20260821,19.1135734072022,16.0233689066993,0,0,,,,,0,,,0,0,2064.86401767659,2134.86401767659
20261007,096530,"씨젠",KOSDAQ,38900.0,4.43,"생명과학도구및서비스",334.06,105.869763975,1817968237800.0,34800.0,11.0632183908046,1.86781609195402,30.7218309859155,16.3636363636364,5.0,252.586708677008,5,2,0,84,"돌파완료",70,68.4095860566449,97,20260828,11.7554858934169,3.15640681927545,0,0,20260930,34800.0,35450.0,165.491676910921,1,34800.0,"저항→지지",1,1,34881.8219801071,34881.8219801071
20261007,096630,"에스코넥",KOSDAQ,1684.0,1.38,"핸드셋",0.3,0.323925513,26735727932.0,2175.0,-22.7586206896552,,13.35528723015,33.8860103626943,10.0,88.9624323010522,0,1,0,40,"없음",22,-57.2519083969466,4,,,,0,0,,,,,0,,,0,0,1905.11728647258,1905.11728647258
20261007,096690,"에이루트",KOSDAQ,6500.0,3.01,"컴퓨터와주변기기",0.18,0.460372625,26148473000.0,8390.0,-25.5065554231228,,2.89855072463768,24.4594594594595,7.4,31.7455810631657,0,1,0,45,"없음",26,-9.85143516515217,66,20260811,24.3432574430823,13.9088691272527,0,0,,,,,0,,,0,0,7349.81355859685,7349.81355859685
20261007,096760,"JW홀딩스",KOSPI,4275.0,0.83,"제약",2.18,2.9328562475,316029127050.0,4580.0,-6.11353711790393,,8.09248554913295,16.9491525423729,7.2,55.1329695757358,5,2,0,85,"없음",66,4.36893203883495,82,,,,0,0,,,,,1,4245.0,"저항→지지",0,0,4270.65495169391,4410.65495169391
20261007,096770,"SK이노베이션",KOSPI,159200.0,0.76,"석유와가스",1535.68,1462.47780675,26913203849600.0,161200.0,-1.0545905707196,,8.95020188425303,22.8996282527881,5.8,96.3513840889169,5,2,0,68,"수축중",66,39.3013100436681,94,20260723,11.6554054054054,2.63711052031404,0,0,,,,,1,138500.0,"저항→지지",0,0,145564.357487603,145564.357487603
20261007,096870,"엘디티",KOSDAQ,2495.0,1.63,"디스플레이장비및부품",1.55,1.10555922,20828257505.0,2540.0,-2.36220472440945,,32.7803203661327,14.9897330595483,9.6,194.97492861048,2,2,0,71,"없음",45,7.12742980561555,84,20260622,14.7584033613445,31.4939366377339,0,0,,,,,1,2210.0,"지지 재탈환",0,0,2249.10767674675,2249.10767674675
20261007,097230,"HJ중공업",KOSPI,14980.0,-2.98,"건설",28.09,37.31150667,1352624253120.0,16360.0,-9.22982885085574,,61.1088790678988,26.1441647597254,9.8,66.6790169974188,0,2,0,75,"없음",30,-37.9958246346555,19,,,,0,0,,,,,1,14800.0,"지지 재탈환",0,0,14806.0186622341,17036.0186622341
20261007,097520,"엠씨넥스",KOSPI,19190.0,-1.44,"핸드셋",5.61,5.216686905,333934785000.0,19600.0,-2.44897959183673,,52.0258367586612,16.9329073482428,9.8,76.311368998041,0,1,0,84,"없음",27,-13.6794582392777,59,,,,0,0,,,,,1,18600.0,"지지 재탈환",0,0,18468.8397591646,19948.8397591646
20261007,097780,"에코볼트",KOSDAQ,1440.0,0.07,"자동차부품",0.13,0.161442016,29222048160.0,1600.0,-9.875,,20.4456094364351,25.5801687763713,3.8,47.6902775449501,0,2,0,83,"없음",45,-23.0112119594234,41,20260826,11.9190404797601,5.15615208172354,0,0,,,,,0,,,0,0,1725.88308738862,1725.88308738862
20261007,097800,"윈팩",KOSDAQ,3590.0,-8.18,"반도체와반도체장비",32.93,46.0056743065,97971261550.0,4535.0,-21.3891951488423,,0.0,25.3118712273642,6.8,156.599563879221,2,2,0,59,"관망",42,74.3276283618582,97,20261001,26.3591433278418,57.2016933716877,0,0,,,,,1,2620.0,"저항→지지",0,0,4023.07401981423,4023.07401981423
20261007,097870,"효성오앤비",KOSDAQ,4400.0,1.27,"화학",0.15,0.4672504925,37356000000.0,4585.0,-4.14394765539804,,46.4687819856704,26.3358778625954,9.8,15.8605898997806,0,2,0,81,"없음",43,-28.8834951456311,31,,,,0,0,,,,,0,,,0,0,4380.36969767258,4925.36969767258
20261007,097950,"CJ제일제당",KOSPI,181800.0,0.94,"식품",118.23,85.58050365,2736851014800.0,191000.0,-4.86910994764398,,65.8964143426295,16.1835748792271,7.6,102.819031508035,0,2,0,78,"없음",40,-17.4090909090909,53,,,,1,0,,,,,1,179500.0,"지지 재탈환",0,0,178918.901926528,198918.901926528
20261007,098070,"한텍",KOSDAQ,23900.0,1.49,"에너지장비및서비스",18.6,25.256566775,265795269900.0,27350.0,-13.1627056672761,,48.4,23.4797297297297,7.4,97.2678346994853,0,1,0,50,"없음",22,-50.3657262277952,8,,,,0,0,,,,,1,23500.0,"지지 재탈환",0,0,24685.2566104801,26785.2566104801
20261007,098120,"마이크로컨텍솔",KOSDAQ,60100.0,-0.66,"반도체와반도체장비",81.04,94.921759525,499597236600.0,61900.0,-3.39256865912763,,11.6747181964573,39.2156862745098,11.0,77.032592087127,5,3,0,71,"돌파임박",68,103.747870528109,98,20260819,9.65608465608465,10.4480537471407,0,0,,,,,1,56500.0,"저항→지지",0,0,54336.2431045865,54336.2431045865
20261007,098460,"고영",KOSDAQ,36000.0,-1.23,"전자장비와기기",441.26,421.33879845,2455351668000.0,30250.0,19.0082644628099,1.81818181818182,45.1205510907003,27.4914089347079,10.2,106.198333101865,4,3,0,76,"돌파완료",59,31.8681318681319,93,20261001,10.0486223662885,3.10809509401089,0,0,20260929,30250.0,30800.0,179.79365979717,1,30250.0,"저항→지지",0,0,32827.8655633094,32827.8655633094
20261007,098660,"에스티오",KOSDAQ,1743.0,2.29,"섬유,의류,신발,호화품",0.1,0.178105199,21789201168.0,1750.0,-0.971428571428571,,45.6360524814604,23.2225063938619,7.0,27.1437526238002,3,3,0,84,"없음",58,-2.09039548022599,76,20260727,16.6666666666667,6.75369444773411,0,0,,,,,1,1693.0,"저항→지지",0,0,1614.67740157723,1819.67740157723
20261007,099190,"아이센스",KOSDAQ,16880.0,0.6,"건강관리장비와용품",4.23,5.918829945,499202587440.0,18460.0,-8.99241603466956,,51.0457885811193,22.7490676611614,9.6,47.9644923220975,1,2,0,68,"없음",48,-14.3730886850153,57,20260727,9.17030567685591,8.82904249283507,0,0,,,,,1,16650.0,"저항→지지",0,0,16973.9583836125,18083.9583836125
20261007,099320,"쎄트렉아이",KOSDAQ,75800.0,-8.23,"우주항공과국방",106.07,45.04898415,830106872400.0,83100.0,-9.26594464500602,,49.8869630746044,22.9166666666667,7.0,258.441899838088,1,1,0,79,"관망",34,-56.7660550458716,5,,,,0,0,,,,,1,73200.0,"저항→지지",0,0,76160.6207964214,76360.6207964214
20261007,099390,"브레인즈컴퍼니",KOSDAQ,3650.0,0.14,"소프트웨어",0.07,0.282529995,29960232950.0,4470.0,-18.5682326621924,,0.545702592087319,14.027149321267,9.6,11.0081992104464,0,2,0,82,"없음",38,-17.6470588235294,52,,,,0,0,,,,,0,,,0,0,4010.24443147462,4010.24443147462
20261007,099410,"동방선기",KOSDAQ,2975.0,-3.25,"조선",2.05,1.04353357,41650000000.0,3390.0,-12.9793510324484,,54.8891786179922,22.3684210526316,6.8,69.9168750555978,0,3,0,85,"없음",45,-39.7959183673469,17,20260814,10.0158982511924,4.34427974421962,0,0,,,,,0,,,0,0,3108.99288782063,3508.99288782063
20261007,099430,"바이오플러스",KOSDAQ,3850.0,1.72,"건강관리장비와용품",6.4,5.779656445,237316779700.0,3965.0,-3.02648171500631,,40.9090909090909,18.4754521963824,6.6,80.1603347871975,0,2,0,87,"없음",33,-26.7619047619048,34,,,,0,0,,,,,1,3380.0,"저항→지지",0,0,3655.06434680872,3655.06434680872
20261007,099440,"스맥",KOSDAQ,3830.0,-1.16,"기계",4.77,12.5004283025,261372199020.0,4740.0,-19.620253164557,,45.1950523311132,20.8499335989376,9.4,28.0567055348798,0,1,0,56,"없음",30,-17.2638436482085,53,20260909,10.8247422680412,2.75487687533369,0,0,,,,,0,,,0,0,4318.9481836836,4318.9481836836
20261007,099750,"이지케어텍",KOSDAQ,7230.0,-1.63,"건강관리기술",3.31,13.074922705,98755820790.0,8650.0,-16.6473988439306,,0.0,9.87124463519313,5.4,56.036148807336,0,1,0,41,"없음",26,-20.4194260485651,46,20260921,9.10384068278804,92.768814428958,0,0,,,,,1,6990.0,"저항→지지",0,0,7707.39545412795,7707.39545412795
20261007,100030,"인지소프트",KOSDAQ,19540.0,2.09,"소프트웨어",1.65,1.286186615,64163771560.0,20500.0,-8.0,,1.82370820668693,11.6560877091748,9.6,95.0978977452613,1,1,0,61,"없음",30,8.20424555364314,85,,,,0,0,,,,,0,,,0,0,19307.0524316366,19307.0524316366
20261007,100090,"SK오션플랜트",KOSPI,12450.0,-2.81,"에너지장비및서비스",59.65,65.0851863,777852706050.0,14280.0,-12.8851540616246,,77.68192048012,47.1942446043166,9.8,34.1761473115483,0,1,0,65,"없음",33,-57.542662116041,4,20260723,19.6119196119196,10.3871984210686,0,0,,,,,1,11910.0,"지지 재탈환",0,0,12645.4438554748,19395.4438554748
20261007,100120,"뷰웍스",KOSDAQ,29600.0,-0.17,"건강관리장비와용품",7.15,4.431637075,265553765600.0,27400.0,8.02919708029197,2.00729927007299,35.0862777321282,20.5714285714286,11.4,96.6785614487009,4,3,0,80,"없음",58,7.44101633393829,84,20260803,10.250569476082,2.61661745250036,0,0,20261001,27400.0,27950.0,100.530787698852,1,27400.0,"저항→지지",0,0,27948.2413238615,27948.2413238615
20261007,100130,"동국S&C",KOSDAQ,1627.0,-0.49,"에너지장비및서비스",3.88,21.951394012,92971661000.0,1794.0,-9.36454849498328,,17.9599804782821,22.9467084639498,9.8,33.4651294846169,0,1,0,42,"없음",29,-31.8238993710692,26,20260616,16.8082524271845,20.0719636629049,0,0,,,,,1,1592.0,"저항→지지",0,0,1581.93161668486,1581.93161668486
20261007,100220,"비상교육",KOSPI,5030.0,0.0,"교육서비스",0.71,1.144965175,65373607230.0,6100.0,-18.1967213114754,,42.4725822532403,10.7879924953096,7.8,35.1020918337191,1,1,0,56,"없음",31,-14.7008547008547,57,,,,0,0,,,,,1,4980.0,"저항→지지",0,0,5719.96739312252,5719.96739312252
20261007,100250,"진양홀딩스",KOSPI,3035.0,0.66,"자동차부품",5.86,1.09856109,193936500000.0,3170.0,-4.88958990536278,,22.5941422594142,8.2258064516129,12.0,314.430787995624,1,1,0,58,"없음",32,1.1744966442953,79,,,,0,0,,,,,0,,,0,0,3069.64883846269,3219.64883846269
20261007,100590,"머큐리",KOSDAQ,5900.0,-6.05,"통신장비",72.4,110.4619628125,101123315500.0,5620.0,3.38078291814947,11.2099644128114,0.436681222707424,20.2554744525547,3.2,126.002082357895,3,2,0,46,"수축중",54,3.75,81,20260910,14.1216991963261,33.4938382296676,0,0,20261002,5620.0,6250.0,492.821116868592,1,5620.0,"저항→지지",0,0,5575.65935203595,5575.65935203595
20261007,100660,"서암기계공업",KOSDAQ,3240.0,-1.67,"기계",0.8,1.1899313375,40824000000.0,3460.0,-6.35838150289017,,78.0916509730069,50.8823529411765,13.8,72.4197793714753,0,2,0,70,"없음",35,-25.3456221198157,37,20260624,30.0,6.69513651022126,0,0,,,,,1,3120.0,"저항→지지",0,0,3178.42265160235,3178.42265160235
20261007,100700,"세운메디칼",KOSDAQ,2355.0,1.07,"건강관리장비와용품",1.74,1.6701742825,103149000000.0,2630.0,-10.2661596958175,,33.6257309941521,9.48453608247423,11.4,36.950794312671,1,1,0,55,"없음",34,-9.9236641221374,65,,,,0,0,,,,,1,2305.0,"지지 재탈환",0,0,2329.51008744739,2469.51008744739
20261007,100790,"미래에셋벤처투자",KOSDAQ,16980.0,-6.96,"창업투자",96.06,98.251076755,901987414440.0,18300.0,-7.75956284153005,0.546448087431694,43.4137291280148,23.8888888888889,5.8,72.8097602609356,2,3,0,91,"관망",59,-40.5633802816901,16,20260824,9.51724137931034,3.04066953194715,0,0,20261006,18300.0,18400.0,123.349682479341,1,16570.0,"저항→지지",0,0,17004.049931446,17614.049931446
20261007,100840,"SNT에너지",KOSPI,33400.0,-3.05,"에너지장비및서비스",42.11,100.538486525,660021007200.0,38450.0,-14.0442132639792,,34.75,27.2727272727273,11.4,60.7179805728525,0,2,0,68,"관망",35,-33.0971659919028,25,20260907,14.9847094801223,5.36303107969058,0,0,,,,,0,,,0,0,36293.5313339321,36293.5313339321
20261007,101140,"인바이오젠",KOSPI,5080.0,0.0,"전자장비와기기",0.1,0.35880011,51024617280.0,5460.0,-6.95970695970696,,33.4745762711864,24.0178571428571,9.6,41.6345202191414,0,1,0,44,"없음",31,-42.2070534698521,14,20260528,29.903536977492,23.7339170506912,0,0,,,,,1,4705.0,"지지 재탈환",0,0,4845.30520314793,4855.30520314793
20261007,101160,"월덱스",KOSDAQ,32150.0,-2.43,"반도체와반도체장비",11.56,13.911953025,530828424950.0,33700.0,-4.59940652818991,,55.8252427184466,11.8811881188119,8.6,56.5276605731349,5,3,1,90,"없음",61,4.89396411092985,82,,,,0,0,,,,,1,31750.0,"저항→지지",0,0,31091.976360743,31091.976360743
20261007,101170,"우림피티에스",KOSDAQ,9050.0,-4.64,"기계",7.58,5.579086705,122175000000.0,9000.0,-0.666666666666667,7.0,43.0877483443709,20.4496788008565,5.4,107.734676851468,1,2,0,74,"없음",42,-33.7777777777778,24,20261006,9.43181818181817,5.31650817657072,0,0,20261006,9000.0,9630.0,337.769606151869,1,8300.0,"저항→지지",0,0,8711.69226654627,8711.69226654627
20261007,101240,"씨큐브",KOSDAQ,3370.0,1.35,"화학",0.56,0.3174945225,38273265240.0,3490.0,-5.58739255014327,,21.5439856373429,17.7295918367347,6.6,67.3652992180139,0,1,0,62,"없음",31,-14.7477360931436,57,,,,0,0,,,,,0,,,0,0,3386.0774295793,3611.0774295793
20261007,101330,"모베이스",KOSDAQ,4075.0,-0.12,"자동차부품",4.63,3.11984819,94324143175.0,3620.0,12.8453038674033,3.59116022099448,9.47204968944099,14.1160949868074,6.8,159.026761588535,1,3,0,85,"없음",38,-12.5267665952891,61,20261006,10.1333333333333,11.3722223559718,0,0,20261002,3620.0,3750.0,235.186017136755,1,3620.0,"저항→지지",0,0,3933.7235915731,3933.7235915731
20261007,101360,"에코앤드림",KOSDAQ,8550.0,-5.32,"화학",5.46,5.027716655,152071274700.0,9870.0,-15.6028368794326,,37.3294346978558,58.1465517241379,15.2,103.237874211274,0,1,0,44,"없음",26,-52.7241770715097,6,20260831,12.1394230769231,16.0083539830695,0,0,,,,,1,7950.0,"저항→지지",0,0,8048.85341697576,8798.85341697576
20261007,101400,"엔시트론",KOSDAQ,1818.0,8.21,"반도체와반도체장비",0.83,2.8613914205,27558414792.0,1795.0,0.724233983286908,0.724233983286908,46.9123166154896,35.4393305439331,7.0,27.838480325056,0,2,0,64,"없음",39,-29.6771684169584,30,20260813,17.7565124933546,2.60020826232297,1,0,20261007,1795.0,1808.0,27.7831611676556,0,,,0,0,1590.27756355777,2130.27756355777
20261007,101490,"에스앤에스텍",KOSDAQ,53600.0,-0.37,"반도체와반도체장비",213.8,133.793066875,1143549514400.0,43500.0,21.3793103448276,4.36781609195402,51.1272727272727,18.0467091295117,6.6,171.275830473246,0,3,0,75,"관망",37,-35.609756097561,21,20261001,17.439293598234,3.00312938062348,0,0,20260929,43500.0,45400.0,87.4961266492379,1,43500.0,"저항→지지",0,0,48952.0665176767,48952.0665176767
20261007,101670,"하이드로리튬",KOSDAQ,530.0,-2.75,"전기제품",3.83,3.6786854,30091909110.0,586.0,-9.55631399317406,,68.6657681940701,29.3478260869565,5.8,75.138688384971,0,2,0,65,"없음",35,-75.6880733944954,2,20261002,16.8067226890756,12.3338378136667,0,0,,,,,1,523.0,"저항→지지",0,0,483.935492525639,1095.93549252564
20261007,101680,"한국정밀기계",KOSDAQ,2850.0,-1.04,"기계",0.17,0.4795786225,23951400000.0,3100.0,-8.38709677419355,,9.43396226415094,12.6736111111111,7.2,34.4080332694053,3,1,0,47,"없음",44,-1.04529616724739,77,20260716,8.90410958904109,5.78403687984282,0,0,,,,,0,,,0,0,3243.27620705056,3243.27620705056
20261007,101730,"위메이드맥스",KOSDAQ,5280.0,14.66,"게임엔터테인먼트",227.03,41.421403375,442481350080.0,5140.0,2.33463035019455,2.33463035019455,58.3761082594494,24.6601941747573,6.4,715.595501881681,1,2,0,71,"관망",45,3.13725490196078,81,20261007,14.721919302072,7.64003513186429,1,0,20261007,5140.0,5260.0,825.797158497037,1,4360.0,"저항→지지",0,0,4833.9869017576,4833.9869017576
20261007,101930,"인화정공",KOSDAQ,6150.0,-1.6,"조선",1.97,1.462883,281022226650.0,7000.0,-12.2857142857143,,41.3533834586466,31.1212814645309,6.8,143.009352941429,0,1,0,48,"없음",22,-37.5381485249237,19,,,,0,0,,,,,0,,,0,0,7543.25105691845,7953.25105691845
20261007,101970,"우양에이치씨",KOSDAQ,10170.0,1.9,"에너지장비및서비스",0.34,0.499737175,150414391530.0,10340.0,-1.35396518375242,,38.8695045359386,32.992700729927,4.8,26.9369782646999,0,3,0,87,"없음",50,-17.4089068825911,53,20260617,11.9483315392896,2.72715264446362,1,0,,,,,0,,,0,0,9498.40077228844,12398.4007722884
20261007,102120,"어보브반도체",KOSDAQ,8570.0,-3.92,"반도체와반도체장비",15.79,17.105333615,152381053210.0,9220.0,-8.24295010845987,,25.7096069868996,23.0500582072177,7.0,123.100441735558,0,1,0,77,"없음",25,-23.0909090909091,41,,,,0,0,,,,,1,8110.0,"저항→지지",0,0,8307.5123587979,8307.5123587979
20261007,102260,"동성케미컬",KOSPI,3700.0,0.0,"화학",2.05,2.325579045,187477486700.0,3760.0,-1.72872340425532,,53.0526315789474,13.2231404958678,9.8,73.9177640889081,1,1,0,84,"없음",32,-12.0238095238095,62,,,,0,0,,,,,1,3620.0,"지지 재탈환",0,0,3618.36158225975,3638.36158225975
20261007,102370,"케이옥션",KOSDAQ,2910.0,1.04,"판매업체",0.72,0.7096066925,75334923900.0,3285.0,-11.4155251141553,,41.0557184750733,17.5257731958763,4.0,65.3569391505424,0,2,0,62,"없음",37,-14.0324963072378,58,20260630,9.75206611570247,4.44155693181158,0,0,,,,,0,,,0,0,3106.92081809763,3121.92081809763
20261007,102460,"이연제약",KOSPI,10240.0,2.09,"제약",4.47,2.139851815,190328944640.0,10410.0,-2.78578290105668,,57.8709677419355,10.5698529411765,6.2,132.228729280445,1,2,0,89,"없음",40,0.796812749003984,78,,,,0,0,,,,,1,10010.0,"저항→지지",0,0,9874.72894677276,10814.7289467728
20261007,102710,"이엔에프테크놀로지",KOSDAQ,49900.0,-0.4,"반도체와반도체장비",44.36,33.276129975,712963016400.0,44900.0,11.0244988864143,2.44988864142539,43.2900432900433,27.2131147540984,9.8,114.285001349251,2,3,0,78,"관망",44,-2.25490196078431,76,,,,0,0,20260923,44900.0,46000.0,108.440477097019,1,44900.0,"저항→지지",0,0,45239.5135892358,49839.5135892358
20261007,102940,"코오롱생명과학",KOSDAQ,14720.0,1.03,"제약",9.8,6.73837343,192693676160.0,14530.0,1.2388162422574,1.16999311768754,87.7605469401367,31.8407960199005,6.6,40.8715932970685,0,2,0,64,"없음",45,-75.0677966101695,2,,,,0,0,20261001,14530.0,14700.0,51.6814079799587,1,14530.0,"저항→지지",0,0,13228.2725086247,37938.2725086247
20261007,103140,"풍산",KOSPI,68200.0,-9.55,"비철금속",313.74,90.12979355,1911255759600.0,80900.0,-15.57478368356,,48.6988847583643,21.4793741109531,9.8,306.288928874562,0,3,0,96,"없음",42,-26.951871657754,34,20260805,14.468085106383,3.2583110287196,0,0,,,,,0,,,0,0,75250.0325297396,83550.0325297396
20261007,103230,"에스앤더블류",KOSDAQ,1535.0,4.21,"조선",0.77,1.3050784875,11052000000.0,2535.0,-39.4477317554241,,23.7264957264957,52.1561338289963,7.8,88.4264099661183,0,1,0,34,"없음",26,-58.9572192513369,4,20260820,9.21348314606742,7.85244076257704,0,0,,,,,0,,,0,0,2202.32570349819,2517.32570349819
20261007,103590,"일진전기",KOSPI,88200.0,0.34,"전기장비",610.14,329.03627105,4205851398000.0,73800.0,17.8861788617886,4.8780487804878,39.0909090909091,19.3971166448231,7.0,184.729387075882,3,3,0,84,"관망",52,15.6914893617021,89,20260812,17.3139158576052,4.60520639603049,0,0,20260922,73800.0,77400.0,223.772816638386,1,73800.0,"저항→지지",0,0,80163.820241082,80163.820241082
20261007,103840,"우양",KOSDAQ,1579.0,-0.06,"식품",0.49,0.3985167715,25842589812.0,1769.0,-10.7970604861504,,56.2785968479919,22.2110552763819,6.8,105.309258920859,0,2,0,78,"없음",37,-49.504,8,20260706,12.0320855614973,5.64570533881623,0,0,,,,,0,,,0,0,1630.66199316974,1926.66199316974
20261007,104040,"디에스엠",KOSDAQ,3130.0,2.96,"자동차부품",1.39,1.16514825,83926458450.0,2755.0,12.5226860254083,5.44464609800363,29.0100712355687,24.6598639455782,10.2,92.4853989877697,1,1,0,48,"없음",31,-8.28402366863905,68,20260713,12.3188405797102,2.88093716634044,0,0,20261001,2755.0,2905.0,91.0915694523843,1,2755.0,"저항→지지",0,0,2790.09198677286,2790.09198677286
20261007,104200,"NHN벅스",KOSDAQ,2705.0,3.84,"방송과엔터테인먼트",1.54,1.3938755175,40108522750.0,2730.0,-2.01465201465201,,30.6494269761975,30.6428571428571,10.0,103.377037358658,0,2,0,57,"없음",35,-28.1879194630872,32,20261006,13.6554621848739,4.42216408762967,0,0,,,,,1,2630.0,"저항→지지",0,0,2343.32303238845,3063.32303238845
20261007,104460,"디와이피엔에프",KOSDAQ,6750.0,0.75,"기계",1.05,0.834118675,70997181750.0,6980.0,-2.29226361031519,,55.3500660501981,20.4260651629073,4.6,164.745010659462,0,2,0,83,"없음",30,-51.3552068473609,7,,,,1,0,,,,,1,6600.0,"지지 재탈환",0,0,7077.62349720429,8457.62349720429
20261007,104480,"티케이케미칼",KOSDAQ,1886.0,1.51,"화학",4.21,3.1556049735,171428788524.0,1899.0,-0.315955766192733,,3.03260045489006,10.8269858541893,6.8,99.7822152181819,2,1,0,73,"없음",41,-18.0519480519481,51,20260814,9.46196660482375,4.39278341135636,1,0,,,,,1,1825.0,"저항→지지",0,0,1739.50660124974,1739.50660124974
20261007,104540,"코렌텍",KOSDAQ,5850.0,1.39,"건강관리장비와용품",11.74,10.4219849475,78433348500.0,4695.0,21.8317358892439,1.59744408945687,6.69371196754565,15.6583629893238,9.8,213.199633625193,2,3,0,87,"없음",33,-4.50751252086811,73,20261006,15.5172413793103,2.96708691230921,0,0,20261001,4695.0,4770.0,303.821218697365,1,4105.0,"저항→지지",0,0,5539.03965777001,5539.03965777001
20261007,104620,"노랑풍선",KOSDAQ,3135.0,0.0,"호텔,레스토랑,레저",1.21,9.22396312,52701080520.0,3830.0,-18.4073107049608,,33.6038961038961,22.6744186046512,9.4,25.520216783441,0,2,0,53,"없음",38,-30.0111982082867,29,,,,0,0,,,,,0,,,0,0,3518.71591930752,3518.71591930752
20261007,104700,"한국철강",KOSPI,9410.0,-1.16,"철강",1.01,2.160373545,342994500000.0,10400.0,-9.80769230769231,,0.0,10.990099009901,4.2,36.3871069736191,1,1,0,59,"없음",30,4.10654827968923,81,,,,0,0,,,,,0,,,0,0,9669.02310019544,9669.02310019544
20261007,104830,"원익머트리얼즈",KOSDAQ,40900.0,-1.68,"화학",45.44,28.3467446,515667200000.0,44700.0,-9.95525727069351,,25.5056179775281,21.8790218790219,6.6,159.712470051334,2,2,0,78,"없음",45,-5.07075471698113,72,20260929,9.54415954415955,3.59856401393312,0,0,,,,,1,32750.0,"저항→지지",0,0,40276.0991164736,40276.0991164736
20261007,105330,"케이엔더블유",KOSDAQ,8860.0,0.11,"반도체와반도체장비",5.46,3.32741421,141932947200.0,8300.0,11.4457831325301,2.16867469879518,42.0978029766123,21.4611872146119,9.2,217.960314028233,4,2,0,51,"없음",48,7.30858468677494,84,,,,0,0,20261001,8300.0,8480.0,90.7412575027861,1,8300.0,"저항→지지",1,1,7941.67475840527,7941.67475840527
20261007,105550,"엣지파운드리",KOSDAQ,1650.0,0.12,"자동차부품",0.18,0.6032888635,25841326500.0,1771.0,-7.0016939582157,,81.1857876712329,59.0314136125654,6.8,12.0002793253974,0,2,0,74,"없음",45,-74.0220820189274,2,20260813,29.8449612403101,33.0682644320429,0,0,,,,,1,1640.0,"지지 재탈환",0,0,1705.96761297446,3614.96761297446
20261007,105560,"KB금융",KOSPI,168700.0,1.08,"은행",886.8,1546.48903865,59835820725800.0,181700.0,-7.3747936158503,,55.5708390646492,13.3814547473626,10.0,51.3214639667252,4,3,0,91,"관망",60,13.4861766689144,88,,,,0,0,,,,,0,,,0,0,170772.335443426,176572.335443426
20261007,105630,"한세실업",KOSPI,8810.0,-0.11,"섬유,의류,신발,호화품",1.75,3.78131801,352400000000.0,9150.0,-3.9344262295082,,67.7914110429448,16.5686274509804,6.6,35.8816947566027,0,1,0,84,"없음",35,-22.3498233215548,42,20260818,9.08096280087527,9.21446281931712,0,0,,,,,1,8760.0,"지지 재탈환",0,0,8803.62538913311,9783.62538913311
20261007,105740,"디케이락",KOSDAQ,11640.0,-0.68,"기계",82.64,45.508036225,118361491320.0,9800.0,16.8367346938775,6.02040816326531,0.0,17.1951219512195,7.2,333.927803845477,2,2,0,42,"관망",42,18.2851239669421,90,20261002,12.4157844080847,7.03715288839443,0,0,20261001,9800.0,10390.0,535.301568949782,1,9800.0,"저항→지지",0,0,11186.9124845511,11186.9124845511
20261007,105760,"포스뱅크",KOSDAQ,5140.0,-0.39,"상업서비스와공급품",0.46,0.9398606425,52381159180.0,5280.0,-3.40909090909091,,32.1985815602837,11.9047619047619,9.6,19.3254711020809,1,2,0,66,"없음",52,-7.27272727272727,69,20260810,16.3522012578616,23.0265793887439,0,0,,,,,1,5050.0,"저항→지지",0,0,5131.46436871936,5131.46436871936
20261007,105840,"우진",KOSPI,12980.0,-2.84,"기계",41.15,67.479955945,262165756600.0,15610.0,-17.6169122357463,,52.1646859083192,27.192429022082,6.8,104.132564373409,0,2,0,63,"없음",32,-47.8296146044625,10,20260909,9.12891986062718,4.43090249471404,0,0,,,,,0,,,0,0,14411.2149404908,14411.2149404908
20261007,106190,"하이텍팜",KOSDAQ,10230.0,3.44,"제약",3.83,2.12180104,108777359790.0,10220.0,-0.880626223091976,,54.3876567020251,29.7337278106509,6.6,151.279565079159,1,2,0,73,"없음",40,-50.2211302211302,8,20260818,11.5744680851064,4.30453478841771,0,0,,,,,1,10000.0,"지지 재탈환",0,0,9725.99797856835,12665.9979785683
20261007,106240,"파인테크닉스",KOSDAQ,1261.0,-4.32,"디스플레이장비및부품",0.29,0.9055846695,33519793554.0,1417.0,-10.1623147494707,,28.4061696658098,25.3793103448276,7.0,39.0749541389002,0,2,0,55,"없음",43,-46.5126050420168,10,20260918,11.7991631799163,17.5523679132873,0,0,,,,,1,1194.0,"저항→지지",0,0,1279.2632823256,1279.2632823256
20261007,107590,"미원홀딩스",KOSPI,59200.0,-0.67,"화학",0.02,0.05000165,137344000000.0,62000.0,-4.51612903225806,,57.7777777777778,12.9568106312292,15.8,8.00178644534594,1,3,0,87,"없음",51,-8.50077279752705,67,,,,0,0,,,,,0,,,0,0,62353.7607808325,62653.7607808325
20261007,107600,"새빗켐",KOSDAQ,14460.0,-2.17,"전기제품",3.82,2.61388316,81699780840.0,21000.0,-31.1904761904762,,56.8822553897181,30.8550185873606,10.0,110.948709486102,0,1,0,32,"없음",26,-45.0570342205323,11,20260814,29.9457994579946,15.6081555389044,0,0,,,,,0,,,0,0,13887.8881176844,19077.8881176844
20261007,107640,"한중엔시에스",KOSDAQ,47400.0,4.52,"전기장비",130.48,43.054878,429678440400.0,42600.0,10.7981220657277,7.15962441314554,39.3907001603421,28.6153846153846,10.0,260.582300843554,1,2,0,73,"관망",44,-4.35663627152989,73,20260827,16.3584637268848,5.25419920766284,0,0,20261006,42600.0,45650.0,199.587761623358,1,40900.0,"지지 재탈환",1,1,40972.8264579309,40972.8264579309
20261007,108230,"톱텍",KOSDAQ,3240.0,-1.97,"기계",3.63,10.039015555,123195313800.0,3345.0,-4.03587443946188,,57.2815533980583,18.9403973509934,5.2,14.5041798758781,0,2,0,71,"없음",43,-23.9336492890995,39,,,,0,0,,,,,0,,,0,0,3184.67817231298,3419.67817231298
20261007,108320,"LX세미콘",KOSPI,37600.0,-1.7,"디스플레이장비및부품",20.39,36.601535,611537680000.0,38400.0,-2.86458333333333,,58.3227445997459,27.2503082614057,9.8,60.3239996555641,0,3,0,87,"없음",45,-26.4299802761341,35,,,,0,0,,,,,1,35400.0,"지지 재탈환",0,0,35420.1832820337,39520.1832820337
20261007,108380,"대양전기공업",KOSDAQ,18130.0,-3.51,"조선",2.93,4.89813453,173455747290.0,19600.0,-7.5,,62.9444166249374,24.2014076881429,9.8,40.0907791458736,0,3,0,95,"없음",44,-28.0555555555556,32,,,,0,0,,,,,0,,,0,0,18216.8243693792,18216.8243693792
20261007,108490,"로보티즈",KOSDAQ,306500.0,-2.85,"기계",480.09,1111.379267,4495444082000.0,352000.0,-13.4943181818182,,37.4454828660436,36.6053169734151,10.2,50.6903242368855,2,1,0,56,"관망",40,14.0449438202247,88,20260904,22.5352112676056,6.40254181062233,0,0,,,,,1,272000.0,"저항→지지",0,0,309213.202253069,309213.202253069
20261007,108670,"LX하우시스",KOSPI,32800.0,-0.46,"건축자재",2.51,5.404388375,294139576000.0,35850.0,-8.64714086471409,,47.6814516129032,9.2511013215859,9.0,33.7613076406043,4,2,0,84,"없음",59,14.1114982578397,88,,,,0,0,,,,,0,,,0,0,33706.7572237041,33706.7572237041
20261007,108860,"셀바스AI",KOSDAQ,9000.0,-4.15,"건강관리장비와용품",19.34,18.781923245,242233110000.0,9250.0,-2.59459459459459,2.91891891891892,72.9058347775852,18.0758017492711,6.0,28.4047561239389,0,3,0,95,"없음",50,-35.0396539293439,22,20260804,12.3711340206186,3.61620749522876,0,0,20261006,9250.0,9520.0,92.7353158260826,1,8750.0,"지지 재탈환",0,0,8637.81973052536,11037.8197305254
20261007,109080,"옵티시스",KOSDAQ,9800.0,-0.61,"통신장비",2.23,3.517728185,55232800000.0,10780.0,-9.18367346938776,,13.4655532359082,14.5723336853221,7.0,112.411465406005,2,1,0,41,"없음",35,-13.896218117854,58,,,,0,0,,,,,1,8830.0,"저항→지지",0,0,9725.2317415427,9725.2317415427
20261007,109610,"에스와이",KOSDAQ,1865.0,-0.53,"건축자재",1.57,1.7564168225,91212301000.0,2005.0,-6.98254364089776,,68.8985507246377,16.1274509803922,7.0,52.8671063358887,0,2,0,80,"없음",47,-33.7477797513321,24,20260707,29.9492385786802,5.65360585696803,0,0,,,,,0,,,0,0,1902.60757509529,1962.60757509529
20261007,109740,"디에스케이",KOSDAQ,4050.0,5.19,"전자장비와기기",0.71,0.892444985,104127079500.0,4995.0,-20.02002002002,,45.8926615553122,32.1100917431193,7.2,66.7654224441303,0,2,0,53,"없음",32,-27.8880866425993,33,20260605,16.6666666666667,3.44928318868531,0,0,,,,,1,3945.0,"지지 재탈환",0,0,4289.39967969172,4744.39967969172
20261007,109820,"진매트릭스",KOSDAQ,1843.0,13.49,"생물공학",65.41,4.8063349365,37585478520.0,1895.0,-3.48284960422164,,22.4379232505643,28.5119047619048,9.8,1527.9261777137,0,1,0,46,"없음",34,-6.87372708757637,70,20261007,13.0407911001236,33.6345620713131,0,0,,,,,1,1650.0,"저항→지지",0,0,1679.63212902591,1679.63212902591
20261007,109860,"동일금속",KOSDAQ,7510.0,0.0,"기계",0.39,0.203479415,68341000000.0,7800.0,-3.58974358974359,,4.67532467532467,9.11392405063291,3.8,140.317698398465,2,1,0,62,"없음",37,4.88145048814505,82,,,,0,0,,,,,1,7390.0,"저항→지지",0,0,7433.91983322961,7433.91983322961
20261007,109960,"앱토크롬",KOSDAQ,1875.0,0.43,"제약",0.01,0.056720178,28372936875.0,2005.0,-6.48379052369077,,47.98087141339,27.399577167019,6.0,11.5714076277044,0,1,0,79,"없음",31,-40.7020872865275,15,,,,0,0,,,,,0,,,0,0,1840.09331140814,2200.09331140814
20261007,110020,"전진바이오팜",KOSDAQ,2055.0,2.24,"가정용품",0.17,0.28406761,18615755910.0,2240.0,-8.25892857142857,,33.3225388601036,33.3333333333333,10.0,67.4694830834344,0,2,0,71,"없음",43,-9.07079646017699,67,20260814,11.5017579105977,4.05324295979996,0,0,,,,,1,2010.0,"저항→지지",0,0,2030.645030238,2030.645030238
20261007,110790,"크리스에프앤씨",KOSDAQ,2985.0,1.19,"섬유,의류,신발,호화품",0.21,0.0970138325,69941415600.0,3835.0,-22.1642764015645,,6.97278911564626,19.0705128205128,9.2,114.200563729927,0,2,0,57,"없음",28,-23.0670103092784,41,,,,0,0,,,,,0,,,0,0,3535.44128981297,3535.44128981297
20261007,110990,"디아이티",KOSDAQ,18720.0,-3.46,"반도체와반도체장비",12.21,13.18215903,353808000000.0,19670.0,-5.69395017793594,,53.5630383711825,20.327868852459,6.6,86.6803771088899,2,3,0,89,"없음",44,-4.62724935732648,73,,,,0,0,,,,,1,18030.0,"저항→지지",0,0,17815.9956060528,17815.9956060528
20261007,111110,"호전실업",KOSPI,6490.0,2.37,"섬유,의류,신발,호화품",0.09,0.34552835,58838340000.0,6500.0,-1.69230769230769,,27.2727272727273,10.3649635036496,9.8,18.1996499112364,0,2,0,65,"없음",43,-12.5854993160055,61,,,,0,0,,,,,0,,,0,0,6249.41271922812,6609.41271922812
20261007,111380,"동인기연",KOSPI,12820.0,-0.62,"섬유,의류,신발,호화품",0.31,0.494121135,78560960000.0,13990.0,-8.36311651179414,,1.29366106080206,16.3333333333333,6.6,34.3000419268707,0,2,0,69,"없음",45,-8.81934566145092,67,20260814,8.75471698113208,10.959423203477,0,0,,,,,0,,,0,0,13500.4849475007,14040.4849475007
20261007,111710,"남화산업",KOSDAQ,3235.0,1.09,"호텔,레스토랑,레저",0.58,1.6228705075,66602180000.0,3565.0,-11.781206171108,,89.2514395393474,23.5668789808917,7.2,6.82853581671453,0,1,0,76,"없음",33,-20.5808080808081,46,20260811,17.9930795847751,10.6881736812036,0,0,,,,,0,,,0,0,3152.07012681564,3512.07012681564
20261007,111770,"영원무역",KOSPI,70300.0,3.84,"섬유,의류,신발,호화품",49.17,40.63913355,3115096200400.0,77500.0,-9.29032258064516,,60.7058823529412,29.0772532188841,7.2,106.707703354935,0,2,0,64,"없음",37,-14.1636141636142,58,20260702,11.9946091644205,2.60577867450148,0,0,,,,,1,69000.0,"지지 재탈환",0,0,70322.9038352912,88922.9038352912
20261007,112040,"위메이드",KOSDAQ,15790.0,0.96,"게임엔터테인먼트",31.5,30.727360665,536046546570.0,15780.0,-0.126742712294043,,77.8567367822626,30.0485436893204,7.4,94.8314879347742,0,2,0,69,"관망",44,-26.3551401869159,35,20260811,13.4248210023866,5.52877974613825,1,0,,,,,1,15740.0,"저항→지지",0,0,15547.2893148106,19127.2893148106
20261007,112290,"와이씨켐",KOSDAQ,12350.0,-1.04,"반도체와반도체장비",22.82,24.21830495,249730461500.0,13110.0,-7.32265446224256,,31.4285714285714,22.927241962775,6.6,135.322619207206,3,2,0,69,"없음",47,2.05795884082318,80,20260930,15.5188246097337,12.1123784999275,0,0,,,,,1,10780.0,"저항→지지",0,0,11698.08269039,11698.08269039
20261007,112610,"씨에스윈드",KOSPI,57300.0,-0.35,"에너지장비및서비스",144.44,197.838345975,2416421391900.0,54200.0,4.98154981549815,2.02952029520295,9.67741935483871,12.5486381322957,5.0,67.1998506383457,3,2,0,67,"수축중",58,-10.6750392464678,64,20260616,29.8285714285714,6.61074533555829,0,0,20261002,54200.0,55300.0,105.188169696125,1,54200.0,"저항→지지",0,0,52226.2359356422,52226.2359356422
20261007,113810,"디젠스",KOSDAQ,3195.0,-2.74,"자동차부품",1.28,0.7417200825,20849323950.0,3180.0,-1.41509433962264,3.30188679245283,5.52238805970148,15.017667844523,6.6,123.761233179094,0,3,0,80,"없음",40,-12.3076923076923,61,20260826,11.8908382066277,4.01035256590188,0,0,20261006,3180.0,3285.0,233.328068820183,1,3065.0,"저항→지지",0,0,2909.08656554504,2909.08656554504
20261007,114090,GKL,KOSPI,8610.0,2.5,"호텔,레스토랑,레저",14.58,7.894186995,532577318700.0,9760.0,-11.7827868852459,,64.6638054363376,15.1020408163265,9.6,157.818230766389,0,2,0,81,"없음",30,-27.4641954507161,33,,,,0,0,,,,,0,,,0,0,9128.32484937554,10028.3248493755
20261007,114190,"강원에너지",KOSDAQ,9190.0,-4.47,"전자장비와기기",10.06,8.915950405,240070719220.0,9450.0,-3.5978835978836,1.05820105820106,57.0621468926554,30.1734104046243,10.0,90.532428061853,0,1,0,61,"없음",31,-38.0272108843537,19,20260825,8.67526377491208,2.55942862252896,0,0,20261006,9450.0,9550.0,309.530612813814,1,8860.0,"저항→지지",0,0,8869.25255638295,9219.25255638295
20261007,114450,"그린생명과학",KOSDAQ,2530.0,10.24,"제약",149.83,8.30172066,50600000000.0,2265.0,10.8167770419426,1.54525386313466,28.6315789473684,16.2162162162162,6.6,2268.79833156341,0,2,0,53,"없음",36,-8.72727272727273,67,20261007,9.13043478260869,112.716046840667,0,0,20261006,2265.0,2300.0,37.2613417355981,1,2265.0,"저항→지지",1,1,2119.77241871109,2214.77241871109
20261007,114630,"폴라리스우노",KOSDAQ,1565.0,-2.37,"섬유,의류,신발,호화품",0.1,1.0910679125,26973163120.0,1790.0,-11.4525139664804,,26.9934640522876,27.8080697928026,12.2,8.50202800004435,0,2,0,73,"없음",45,-34.639175257732,23,20260915,9.3989769820972,14.0232102017775,0,0,,,,,1,1509.0,"저항→지지",0,0,1644.26987802624,1644.26987802624
20261007,114810,"한솔아이원스",KOSDAQ,14660.0,-4.5,"반도체와반도체장비",25.57,30.212428435,412578930840.0,16110.0,-9.93171942892613,,37.3582766439909,46.5909090909091,11.4,55.6732051537873,3,1,0,59,"관망",44,3.34757834757835,81,20260923,8.29015544041452,2.56145858597825,0,0,,,,,1,13470.0,"저항→지지",0,0,14319.0185341547,14319.0185341547
20261007,114840,"아이패밀리에스씨",KOSDAQ,8390.0,0.6,"화장품",1.64,2.181327195,139956820150.0,10310.0,-18.4287099903007,,64.5496535796767,28.7861271676301,9.8,45.0001131410305,0,1,0,63,"없음",26,-27.3120138288678,33,,,,0,0,,,,,1,8220.0,"지지 재탈환",0,0,9005.66400056883,9625.66400056883
20261007,115160,"휴맥스",KOSDAQ,5720.0,6.32,"전자제품",0.42,0.469242655,24639088760.0,6090.0,-6.07553366174056,,32.3094425483504,30.7142857142857,10.2,65.0208359418675,0,1,0,72,"없음",31,-18.5185185185185,50,20260827,9.84251968503937,3.66890659836242,0,0,,,,,1,5590.0,"저항→지지",0,0,5301.06085991918,6211.06085991918
20261007,115180,"큐리언트",KOSDAQ,23950.0,-4.2,"제약",17.49,26.302704675,898942916450.0,23350.0,2.56959314775161,4.71092077087794,50.503355704698,20.952380952381,3.8,38.5933217480678,0,2,0,86,"없음",49,-40.4968944099379,16,20260904,17.3027989821883,2.63418674476047,0,0,20261001,23350.0,24450.0,115.747119305467,1,23350.0,"저항→지지",0,0,22369.3872898375,25469.3872898375
20261007,115310,"인포바인",KOSDAQ,9780.0,2.19,"IT서비스",0.16,0.46784874,145052549220.0,9900.0,-4.34343434343434,,23.4357224118316,25.8578431372549,15.6,25.3969558885705,0,2,0,60,"없음",40,-30.0590841949778,29,20260806,12.5175808720112,4.00783835371983,0,0,,,,,1,9250.0,"저항→지지",0,0,9410.68373564346,9410.68373564346
20261007,115440,"우리넷",KOSDAQ,11470.0,-6.21,"통신장비",68.55,298.86293612,123810529240.0,13280.0,-14.3072289156627,,11.0731707317073,17.9926560587515,7.0,49.9120840648423,3,1,0,48,"관망",44,-4.61022632020117,73,20260923,22.4242424242424,4.58938388350113,0,0,,,,,1,10950.0,"저항→지지",0,0,11297.7226103402,11297.7226103402
20261007,115450,"HLB테라퓨틱스",KOSDAQ,2915.0,0.87,"제약",48.9,18.5241246645,276001802010.0,2965.0,-3.035413153457,,1.39260846277451,17.1677559912854,4.6,335.895155064322,1,1,0,41,"없음",39,-6.35179153094463,70,20261006,14.6292585170341,9.44391769624113,0,0,,,,,1,2110.0,"저항→지지",0,0,2672.15047041134,2672.15047041134
20261007,115480,"씨유메디칼",KOSDAQ,2205.0,-3.92,"건강관리장비와용품",0.49,0.3015500675,26735428755.0,2530.0,-11.8577075098814,,1.66666666666666,13.9784946236559,6.6,108.583451481047,0,1,0,51,"없음",29,-13.5658914728682,59,20260818,15.2049818370524,23.6705743540696,0,0,,,,,1,2225.0,"지지 재탈환",0,0,2250.31134682543,2250.31134682543
20261007,115500,"케이씨에스",KOSDAQ,12000.0,-5.88,"IT서비스",65.83,78.30402841,144000000000.0,11910.0,0.0839630562552477,7.13685978169605,2.27773695811903,18.3282980866062,7.0,170.393305767309,3,2,0,61,"수축중",54,28.5868392664509,92,20261006,17.1717171717172,8.67541030653932,0,0,20261006,11910.0,12760.0,1752.18916979838,1,11910.0,"저항→지지",0,0,11705.9289890189,11705.9289890189
20261007,115530,"씨엔플러스",KOSDAQ,2960.0,6.47,"에너지장비및서비스",0.67,1.268087135,25402882800.0,3300.0,-13.6363636363636,,1.47727272727272,27.9585798816568,4.4,58.9585985796361,1,2,0,48,"없음",35,-7.16612377850163,69,20260921,10.9259259259259,2.74619092486836,0,0,,,,,1,2655.0,"지지 재탈환",0,0,2760.33312201433,2840.33312201433
20261007,115570,"스타플렉스",KOSDAQ,2700.0,-0.92,"화학",0.13,0.36750252,21558171600.0,2950.0,-8.47457627118644,,30.9446254071661,16.5991902834008,7.8,21.4673546735284,1,3,0,80,"없음",45,-9.09090909090909,67,20260610,12.9166666666667,3.5010251953261,0,0,,,,,0,,,0,0,2611.34385340353,2641.34385340353
20261007,115610,"이미지스",KOSDAQ,1939.0,0.47,"핸드셋",5.76,2.2929204955,22916593091.0,1875.0,2.50666666666667,3.41333333333333,43.3029908972692,28.0540540540541,8.2,279.836110858867,0,2,0,56,"없음",36,-26.6132111492936,35,20261006,17.5151515151515,31.221639856235,0,0,20261006,1875.0,1939.0,1294.00666153046,1,1875.0,"저항→지지",0,0,1819.23895439146,1819.23895439146
20261007,117580,"대성에너지",KOSPI,7100.0,0.42,"가스유틸리티",4.86,29.75118037,195250000000.0,8790.0,-19.226393629124,,55.1789077212806,22.6118500604595,17.6,34.0730935229506,0,1,0,49,"없음",26,-24.6284501061571,38,,,,1,0,,,,,1,7000.0,"저항→지지",0,0,8315.92404907438,8315.92404907438
20261007,117670,"알파칩스",KOSDAQ,13400.0,29.97,"반도체와반도체장비",81.42,19.366163055,89267342800.0,14930.0,-10.2478231748158,,22.3342939481268,21.9938335046249,8.6,887.64728630059,2,1,0,44,"없음",31,-8.46994535519126,67,20261007,29.9709020368574,4.95551787990098,1,0,,,,,1,8450.0,"저항→지지",0,0,12782.7350019918,12782.7350019918
20261007,117730,"티로보틱스",KOSDAQ,14730.0,-2.9,"기계",10.04,19.125355165,332279973390.0,15360.0,-4.62239583333333,,40.9707724425887,25.5522827687776,10.2,62.3503905913863,0,2,0,68,"없음",35,-18.8365650969529,49,20260528,9.38383267382703,6.22004795605568,0,0,,,,,1,13860.0,"저항→지지",0,0,13775.2593137518,14715.2593137518
20261007,118000,"메타케어",KOSPI,1206.0,-0.33,"제약",0.28,0.3026509315,26599276710.0,1399.0,-13.5096497498213,,36.9180633147114,28.1645569620253,11.8,106.665756375556,0,1,0,58,"없음",22,-49.5833333333333,8,,,,0,0,,,,,0,,,0,0,1212.47472096525,1413.47472096525
20261007,118990,"모트렉스",KOSDAQ,6190.0,-3.28,"자동차부품",3.02,4.876107755,151886326490.0,6980.0,-11.4613180515759,,37.0577281191806,15.8576051779935,6.8,48.8496614661061,0,3,0,81,"없음",42,-27.208480565371,34,,,,0,0,,,,,0,,,0,0,6401.11276977102,6401.11276977102
20261007,119500,"포메탈",KOSDAQ,2365.0,-0.42,"기계",0.78,0.9052705225,28018703680.0,2485.0,-4.42655935613682,,42.152466367713,18.111753371869,10.0,100.374718648559,0,3,0,91,"없음",36,-39.7972116603295,17,,,,0,0,,,,,1,2365.0,"지지 재탈환",0,0,2316.37805312231,2461.37805312231
20261007,119610,"인터로조",KOSDAQ,17130.0,4.2,"건강관리장비와용품",13.59,5.860778845,195517486110.0,17260.0,-1.04287369640788,,21.4095744680851,24.0831295843521,11.4,168.095083314015,1,3,0,84,"없음",43,-11.6399379203311,62,20261002,9.2130518234165,5.82574014691905,0,1,,,,,1,14980.0,"저항→지지",0,0,15690.5122505938,15690.5122505938
20261007,119830,"아이텍",KOSDAQ,6500.0,1.56,"반도체와반도체장비",7.52,8.2763166,172500484000.0,7050.0,-7.09219858156028,,38.1974248927039,28.8079470198675,11.6,60.7703718377258,1,1,0,48,"없음",34,8.62354892205638,85,20260811,23.9089184060721,3.1364124402892,1,0,,,,,1,6410.0,"저항→지지",0,0,6140.94177702738,6720.94177702738
20261007,119850,"지엔씨에너지",KOSDAQ,51400.0,-3.38,"전기장비",202.32,339.959786625,845473922600.0,59000.0,-13.3898305084746,,49.6870486278286,30.5172413793103,7.8,44.7575035004802,5,2,0,75,"수축중",70,55.3191489361702,96,20260804,21.9047619047619,3.88958645384063,0,0,,,,,1,44850.0,"지지 재탈환",0,0,50615.0296824797,50615.0296824797
20261007,120030,"조선선재",KOSPI,81500.0,-1.45,"철강",0.16,0.28108185,102498556500.0,85400.0,-5.15222482435597,,29.2016806722689,13.4396355353075,11.6,54.005400540054,0,3,0,94,"없음",39,-18.5110663983903,50,,,,0,0,,,,,0,,,0,0,81239.782138876,82339.782138876
20261007,120110,"코오롱인더",KOSPI,55900.0,-3.12,"화학",63.75,104.0064725,1673983188800.0,62700.0,-10.8452950558214,,54.3669600541638,19.4762684124386,7.4,63.9098413393002,2,2,0,56,"관망",45,-32.6506024096386,26,,,,0,0,,,,,0,,,0,0,53962.0466861005,56262.0466861005
20261007,120240,"대정화금",KOSDAQ,14830.0,0.07,"화학",0.48,0.973721865,106633498530.0,15100.0,-1.78807947019868,,25.7333333333333,7.69736842105263,6.2,24.3991063170412,5,2,0,86,"없음",66,7.69789397240378,85,,,,0,0,,,,,1,14600.0,"지지 재탈환",0,0,14511.3043661829,14511.3043661829
20261007,121440,"골프존홀딩스",KOSDAQ,7750.0,0.39,"레저용장비와제품",0.39,3.42898939,331985339500.0,8440.0,-8.41232227488152,,54.8054919908467,17.9640718562874,5.0,3.96292046554681,5,2,0,78,"없음",70,58.0777096114519,96,20260907,14.1843971631206,3.40627223093603,0,0,,,,,1,7690.0,"지지 재탈환",0,0,7778.37693900106,7778.37693900106
20261007,121600,"나노신소재",KOSDAQ,63000.0,-1.56,"화학",33.0,42.450875925,772518033000.0,53500.0,17.5700934579439,2.99065420560748,32.6297273526825,25.8928571428571,10.0,82.1097832129814,1,3,0,78,"관망",40,-4.8411497730711,73,20261006,8.08080808080809,2.72732634498394,0,0,20260928,53500.0,55100.0,220.10084539242,1,53500.0,"저항→지지",0,0,59666.7478177805,59666.7478177805
20261007,121890,"에스디시스템",KOSDAQ,2875.0,-0.17,"운송인프라",2.35,1.7622801425,38212907250.0,3010.0,-4.48504983388704,,26.1883672866844,21.3507625272331,8.6,120.403319890718,5,2,0,70,"없음",65,67.8342089900759,97,20260820,12.2881355932203,6.13150636521509,0,0,,,,,1,2857.0,"저항→지지",0,0,2633.43275432396,2633.43275432396
20261007,122310,"제노레이",KOSDAQ,3340.0,1.21,"건강관리장비와용품",0.72,0.2131106825,48609838960.0,3590.0,-6.12813370473538,,24.3291592128801,13.1284916201117,9.8,92.5777472279124,0,2,0,77,"없음",39,-23.7556561085973,40,,,,1,0,,,,,0,,,0,0,3293.21236678707,3598.21236678707
20261007,122350,"삼기",KOSDAQ,1593.0,-1.67,"자동차부품",4.57,17.677145796,61074708804.0,1730.0,-8.4971098265896,,73.5656092910383,22.6114649681529,7.0,14.2612441965824,3,2,0,65,"없음",52,6.09919571045576,83,20260626,29.9787384833451,13.3645522118501,0,0,,,,,0,,,0,0,1577.53645017561,2001.53645017561
20261007,122450,KX,KOSDAQ,2510.0,0.8,"복합기업",0.27,0.6812958325,112497783340.0,2995.0,-17.0283806343907,,8.19366852886405,19.0317195325543,2.6,36.5916448339682,0,2,0,49,"없음",36,-22.34375,42,,,,0,0,,,,,0,,,0,0,2702.26139517535,2702.26139517535
20261007,122640,"예스티",KOSDAQ,31900.0,-5.62,"반도체와반도체장비",110.48,115.27028025,690677267500.0,33250.0,-4.3609022556391,0.902255639097744,62.3154623154623,50.3782148260212,11.0,86.5101742153626,4,2,0,63,"수축중",61,55.8823529411765,96,20260618,18.4249628528975,16.12677507699,0,0,20260930,33250.0,33550.0,98.368490889948,1,31600.0,"저항→지지",0,0,30506.7714540667,30506.7714540667
20261007,122690,"서진오토모티브",KOSDAQ,1584.0,-1.0,"자동차부품",0.37,0.2961782725,36557398944.0,1750.0,-9.48571428571429,,47.9405806887238,15.1862464183381,9.4,81.1182655586129,0,2,0,80,"없음",35,-38.7234042553192,18,,,,0,0,,,,,0,,,0,0,1617.20954505242,1762.20954505242
20261007,122870,"와이지엔터테인먼트",KOSDAQ,41600.0,2.21,"방송과엔터테인먼트",31.35,47.303572,777547638400.0,45450.0,-8.8008800880088,,51.6571428571429,18.1384248210024,9.6,63.0101817612848,0,2,0,71,"관망",33,-22.2326454033771,43,,,,0,0,,,,,1,41400.0,"저항→지지",0,0,41967.7160333852,41967.7160333852
20261007,122900,"아이마켓코리아",KOSPI,8200.0,0.37,"상업서비스와공급품",3.63,3.8239617,274116488000.0,8570.0,-4.08401400233372,,17.1717171717172,12.4523506988564,15.6,72.6142894317583,4,1,0,73,"없음",47,10.4838709677419,86,,,,0,0,,,,,0,,,0,0,8238.93997989838,8238.93997989838
20261007,122990,"와이솔",KOSDAQ,6400.0,-0.78,"핸드셋",1.59,5.08192726,164147705600.0,6850.0,-6.56934306569343,,43.1726907630522,16.3492063492063,10.2,38.6499400788064,2,3,0,84,"없음",46,-3.7593984962406,74,,,,0,0,,,,,1,6340.0,"저항→지지",0,0,6550.58539905278,6550.58539905278
20261007,123010,MSDI,KOSDAQ,4655.0,10.44,"핸드셋",22.34,13.9536001875,94104395385.0,4600.0,2.71739130434783,2.71739130434783,0.0,42.7067669172932,9.6,213.838226481719,4,1,0,43,"없음",43,135.89615576635,98,20261001,11.7216117216117,2.82848203386752,0,0,20261007,4600.0,4725.0,223.392184176558,1,3230.0,"저항→지지",1,1,3811.15761673835,3811.15761673835
20261007,123040,"엠에스오토텍",KOSDAQ,1714.0,1.18,"자동차부품",1.25,1.0901331205,107344904486.0,1765.0,-2.88951841359773,,32.3406789755807,19.6517412935323,6.8,37.9369063624261,0,3,0,91,"없음",46,-25.1528384279476,37,,,,1,0,,,,,1,1654.0,"지지 재탈환",0,0,1632.01614227267,1842.01614227267
20261007,123330,"제닉",KOSDAQ,21900.0,1.39,"화장품",52.44,66.718210725,174514092000.0,38900.0,-43.9588688946015,,66.9596690796277,22.7777777777778,10.4,77.8602626352078,3,1,0,49,"관망",48,-29.7906602254428,30,20260626,8.74704491725769,3.86391008328165,0,0,,,,,0,,,0,0,31092.3154398348,35042.3154398348
20261007,123410,"코리아에프티",KOSDAQ,5680.0,-2.41,"자동차부품",2.36,3.29414369,158137243520.0,6270.0,-10.5263157894737,,43.1067961165049,13.562091503268,7.4,55.4960266917323,0,2,0,84,"없음",33,-19.8571428571429,48,,,,0,0,,,,,0,,,0,0,5812.64313631634,5812.64313631634
20261007,123420,"위메이드플레이",KOSDAQ,6360.0,-1.4,"게임엔터테인먼트",6.19,2.111987905,66150620760.0,6830.0,-6.73499267935578,,60.7394366197183,20.1324503311258,7.4,262.806432476632,0,3,0,92,"없음",45,-9.0,67,20260811,8.4664536741214,20.2589001730349,0,0,,,,,0,,,0,0,6245.41382079164,6895.41382079164
20261007,123570,"이엠넷",KOSDAQ,1627.0,0.12,"광고",0.03,0.0497812355,36243178906.0,1878.0,-13.3652822151225,,8.52713178294572,10.8187134502924,9.4,27.1692501286964,0,1,0,61,"없음",26,-15.5682407887909,55,,,,0,0,,,,,0,,,0,0,1746.00684682708,1746.00684682708
20261007,123690,"한국화장품",KOSPI,6580.0,3.13,"화장품",24.99,17.82274333,105727440000.0,7650.0,-13.8562091503268,,46.9622331691297,31.4944134078212,12.0,187.136447154067,0,2,0,74,"없음",34,-18.4405940594059,50,,,,1,0,,,,,1,6460.0,"저항→지지",0,0,7017.39475319709,7017.39475319709
20261007,123700,SJM,KOSPI,3250.0,-1.07,"자동차부품",0.54,0.3192518525,50715918500.0,3560.0,-8.28651685393258,,6.57894736842106,8.7719298245614,9.6,136.391211674045,0,1,0,63,"없음",25,-9.80662983425414,66,,,,0,0,,,,,0,,,0,0,3436.75681659827,3436.75681659827
20261007,123750,"알톤",KOSDAQ,1732.0,0.06,"레저용장비와제품",0.13,0.365691823,23934956588.0,2100.0,-17.5714285714286,,48.6705202312139,30.9635974304069,9.6,38.2037901137348,2,1,0,57,"없음",40,-27.7244258872651,33,20260701,13.5278514588859,9.96015532712008,0,0,,,,,0,,,0,0,1913.81586035736,2148.81586035736
20261007,123840,"뉴온",KOSDAQ,1660.0,-9.24,"건강관리업체및서비스",0.12,0.4454805515,25818063000.0,2050.0,-19.0243902439024,,41.3785259326661,33.5913978494624,7.8,39.1558681485405,0,1,0,58,"없음",30,-71.0801393728223,2,20260918,16.3746223564955,5.41700840236188,0,0,,,,,0,,,0,0,1721.20657526874,1996.20657526874
20261007,123860,"아나패스",KOSDAQ,12810.0,-0.62,"디스플레이장비및부품",0.84,1.52396789,155300946150.0,14190.0,-9.93657505285412,,49.2927094668118,26.1675824175824,11.4,41.9114490825301,0,1,0,83,"없음",25,-25.6111757857974,37,,,,0,0,,,,,0,,,0,0,13075.2920701437,13755.2920701437
20261007,123890,"한국자산신탁",KOSPI,2435.0,0.62,"부동산",1.55,3.269994945,297980509810.0,2695.0,-10.0185528756957,,53.6527886881383,7.54310344827586,9.6,33.8711098651062,1,1,0,66,"없음",34,-6.18955512572534,71,,,,0,0,,,,,0,,,0,0,2553.02672989164,2583.02672989164
20261007,124500,"아이티센글로벌",KOSDAQ,28100.0,-6.18,"IT서비스",59.88,77.010988975,652047208700.0,42000.0,-33.8095238095238,,59.7082953509571,19.6296296296296,8.0,48.3574295243381,2,1,0,52,"관망",43,-44.0080563947633,12,20260824,16.4362519201229,7.48247045747446,0,0,,,,,0,,,0,0,31957.8156102732,37457.8156102732
20261007,124560,"태웅로직스",KOSDAQ,1970.0,0.0,"해운사",0.2,0.457477944,76279997670.0,2080.0,-4.375,,31.0839913854989,27.2445820433437,11.4,24.5244836367286,0,1,0,76,"없음",31,-26.1966604823748,36,,,,1,0,,,,,0,,,0,0,1949.24619239329,1949.24619239329
20261007,125020,"티씨머티리얼즈",KOSDAQ,6090.0,-1.93,"전기장비",98.06,52.353429255,213384769500.0,6710.0,-9.98509687034277,,36.8674698795181,25.1127819548872,7.0,199.303929632662,3,2,0,71,"수축중",52,22.6395939086294,91,20260918,8.82852292020373,4.25903603907693,0,0,,,,,0,,,0,0,5946.70540727376,5946.70540727376
20261007,125210,"아모그린텍",KOSDAQ,6340.0,-6.21,"화학",9.66,15.446810215,104589648600.0,6580.0,-3.49544072948328,3.19148936170213,32.3765786452354,18.6520376175549,7.0,102.644833314897,1,1,0,60,"없음",36,-20.8229426433915,46,20260916,9.6774193548387,26.2619610936573,0,0,20261006,6580.0,6790.0,132.640943689833,1,6095.0,"저항→지지",0,0,6029.60664572825,6029.60664572825
20261007,125490,"한라캐스트",KOSDAQ,12880.0,-6.26,"자동차부품",137.06,245.114546275,470150293760.0,13350.0,-3.29588014981273,3.29588014981273,8.90369473046638,31.1363636363636,10.2,56.0239893486441,0,2,0,62,"관망",39,-16.3860103626943,54,20260915,13.3990147783251,2.6630224310644,0,0,20261006,13350.0,13790.0,129.697628270561,1,11840.0,"저항→지지",0,0,12183.7281447049,12183.7281447049
20261007,126340,"비나텍",KOSDAQ,94100.0,0.11,"전기장비",93.07,129.5383091,675676957400.0,96700.0,-3.82626680455016,,50.0271886895052,32.3565323565324,7.0,88.5633528543632,2,2,0,61,"관망",47,-22.1757322175732,43,20260916,16.4634146341463,7.11194336835725,0,0,,,,,1,71900.0,"저항→지지",0,0,83525.330833202,83525.330833202
20261007,126560,"현대퓨처넷",KOSPI,3375.0,-0.15,"화장품",0.88,1.98200181,368553510000.0,3570.0,-5.46218487394958,,2.0671834625323,7.12166172106825,7.4,28.8206269256507,4,1,0,73,"없음",51,2.58358662613982,80,20260803,8.14940577249576,5.7732509684154,0,0,,,,,1,3305.0,"저항→지지",0,0,3356.88844782767,3356.88844782767
20261007,126600,"BGF에코머티리얼즈",KOSDAQ,3935.0,22.78,"화학",47.91,7.29257897,246987747565.0,3335.0,7.64617691154423,7.64617691154423,15.5339805825243,16.8918918918919,9.6,2717.28842060295,1,1,0,61,"없음",38,-25.0521920668058,37,20261007,11.3178294573643,55.7882960752244,0,0,20261007,3335.0,3590.0,5830.65942974614,1,3125.0,"저항→지지",1,1,3024.21800135042,3024.21800135042
20261007,126640,"화신정공",KOSDAQ,3770.0,-3.58,"자동차부품",15.99,34.53926662,132160780700.0,4330.0,-13.6258660508083,,67.7173913043478,30.0,4.0,28.8176752244492,4,2,0,65,"수축중",62,146.701846965699,98,20260819,29.794933655006,7.81920136804579,0,0,,,,,1,3730.0,"지지 재탈환",0,0,4503.13377808489,4943.13377808489
20261007,126700,"하이비젼시스템",KOSDAQ,12340.0,0.73,"핸드셋",12.13,4.553646865,184385662080.0,12800.0,-3.046875,,40.4057480980558,22.2546161321672,9.6,140.878233334987,0,2,0,70,"없음",35,-26.1309523809524,36,,,,0,0,,,,,0,,,1,0,11190.7969836656,11610.7969836656
20261007,126720,"수산인더스트리",KOSPI,21750.0,1.87,"에너지장비및서비스",4.34,4.9008538,310720500000.0,22800.0,-4.82456140350877,,57.1256038647343,14.9068322981366,7.0,93.0650784241912,2,3,0,91,"없음",50,-21.0909090909091,45,,,,0,0,,,,,0,,,0,0,21713.2185675332,22813.2185675332
20261007,126730,"코칩",KOSDAQ,24900.0,-2.16,"전기제품",72.62,162.28740545,218376137400.0,26050.0,-5.3742802303263,,24.7004357298475,28.9032258064516,7.0,37.7995963729736,4,2,0,68,"수축중",70,36.2631288004422,94,20260911,10.3626943005181,3.17384071867857,0,0,,,,,1,23600.0,"저항→지지",0,0,22186.5356904208,22186.5356904208
20261007,126880,"제이엔케이글로벌",KOSDAQ,2765.0,2.22,"석유와가스",0.45,1.12447041,64059860095.0,2720.0,2.75735294117647,1.65441176470588,38.6321626617375,31.1428571428571,7.4,15.1324946619082,0,2,0,84,"없음",43,-24.3572395128552,39,,,,0,0,20261001,2720.0,2765.0,93.43941538758,1,2720.0,"저항→지지",0,0,2609.52466732483,3259.52466732483
20261007,127120,"제이에스링크",KOSDAQ,28250.0,-5.68,"생명과학도구및서비스",48.26,65.269229025,1053526035250.0,34850.0,-19.3687230989957,,48.8694047069682,36.0919540229885,7.0,97.222344154875,2,2,0,54,"관망",42,-27.7634961439589,33,20260904,12.3745819397993,2.98816450217278,0,0,,,,,0,,,0,0,30594.29693571,38944.29693571
20261007,127710,"아시아경제",KOSDAQ,1429.0,1.13,"출판",1.55,1.097883257,62946321090.0,1487.0,-3.96772024209818,,0.896860986547085,22.5361366622865,1.8,128.330757436167,4,2,0,66,"없음",55,-15.4529307282416,56,20260916,9.46073793755913,8.45208491387788,0,0,,,,,1,1032.0,"저항→지지",0,0,1369.22061321191,1369.22061321191
20261007,127980,"화인써키트",KOSDAQ,3025.0,3.42,"전자장비와기기",0.41,0.26480653,35818069100.0,2825.0,7.78761061946903,4.07079646017699,24.4755244755245,69.2061459667093,21.0,138.048556706917,0,2,0,59,"없음",30,-40.1768172888016,16,,,,0,0,20261006,2825.0,2940.0,263.069164384355,1,2825.0,"저항→지지",0,0,2682.53833701173,2877.53833701173
20261007,128540,"에코캡",KOSDAQ,1111.0,2.3,"자동차부품",0.42,0.686687102,29653101060.0,1235.0,-9.63562753036437,,35.822868473232,25.6934306569343,10.4,82.3943006246297,0,3,0,76,"없음",35,-40.0966183574879,16,20260629,8.80000000000001,3.32300065766148,0,0,,,,,0,,,0,0,1093.86922289715,1284.86922289715
20261007,128660,"피제이메탈",KOSDAQ,2865.0,-1.21,"비철금속",1.93,1.4160352825,71061652185.0,3020.0,-5.29801324503311,,44.3835616438356,16.2406015037594,7.4,42.6208938873895,2,2,0,85,"없음",57,-13.984962406015,58,20260811,10.7142857142857,53.086581695864,0,0,,,,,0,,,0,0,2861.62086911367,3166.62086911367
20261007,128820,"대성산업",KOSPI,4965.0,17.65,"석유와가스",333.71,23.17337529,224594148270.0,4650.0,8.81720430107527,8.81720430107527,21.0762331838565,16.9177288528389,9.8,2622.82971352305,0,1,0,50,"없음",33,-26.6666666666667,35,20261007,19.6217494089834,52.791428735358,1,0,20261007,4650.0,5060.0,5398.53475294935,1,4235.0,"저항→지지",1,1,4251.94369315911,4251.94369315911
20261007,128940,"한미약품",KOSPI,533000.0,1.91,"제약",780.64,534.29272975,6828258203000.0,534000.0,0.0,,41.645885286783,20.0354609929078,5.4,142.654746455722,3,2,0,85,"수축중",62,-3.43580470162749,74,20260824,29.9638989169675,6.07165445011351,0,0,,,,,1,495500.0,"저항→지지",0,0,476944.720644606,506944.720644606
20261007,129260,"인터지스",KOSPI,1918.0,1.0,"해운사",0.23,0.395108806,57056422332.0,1999.0,-4.60230115057529,,30.1971830985916,8.74428063040163,9.8,51.7048407586623,0,1,0,55,"없음",27,-21.844262295082,44,,,,0,0,,,,,1,1893.0,"지지 재탈환",0,0,2298.54509514795,2298.54509514795
20261007,129890,"앱코",KOSDAQ,958.0,0.52,"컴퓨터와주변기기",0.67,0.7885268635,43632686716.0,1064.0,-8.83458646616541,,59.1341077085533,25.2631578947368,13.6,61.3748052326469,0,2,0,64,"없음",39,2.21285563751317,80,,,,1,0,,,,,1,937.0,"지지 재탈환",0,0,961.603545583696,998.603545583696
20261007,129920,"대성하이텍",KOSDAQ,7140.0,-1.65,"기계",10.97,10.45531906,116015689440.0,5560.0,29.8561151079137,15.6474820143885,29.0687554395126,37.533692722372,6.8,95.4542400456745,2,2,0,52,"없음",40,-50.8843537414966,8,20260923,15.6474820143885,2.95801789780716,0,0,20260923,5560.0,6430.0,218.428517141229,1,5560.0,"저항→지지",0,0,6393.17043324956,6393.17043324956
20261007,130500,"GH신소재",KOSDAQ,1977.0,3.73,"자동차부품",0.62,0.2084798745,28755567804.0,1980.0,-0.555555555555556,,0.0,15.9979939819458,10.2,243.774119725871,0,1,0,75,"없음",31,-21.3972055888224,45,20260722,8.75286041189931,12.0226915971506,1,0,,,,,1,1927.0,"저항→지지",0,0,1806.22475541816,1819.22475541816
20261007,130580,"나이스디앤비",KOSDAQ,6850.0,-1.44,"상업서비스와공급품",0.79,1.937407605,105490000000.0,6970.0,-0.286944045911047,,3.80116959064327,7.86838340486409,1.8,73.7947978244844,4,2,0,69,"없음",50,25.2252252252252,92,,,,0,0,,,,,1,5620.0,"저항→지지",0,0,6623.86787355738,6623.86787355738
20261007,130660,"한전산업",KOSPI,12220.0,-1.37,"전기유틸리티",20.41,91.016673805,398372000000.0,14460.0,-16.1825726141079,,58.1350482315113,23.8562091503268,5.4,31.433598811684,2,2,0,63,"없음",52,-37.5257731958763,19,20260826,12.7442650807137,46.8576636510846,0,0,,,,,0,,,0,0,13150.0571105219,13990.0571105219
20261007,130740,"티피씨글로벌",KOSDAQ,1820.0,-0.16,"자동차부품",0.13,0.4264645595,20523555780.0,2120.0,-14.1981132075472,,31.0817194142655,20.4,6.6,20.2636553822135,1,1,0,54,"없음",31,-14.8009367681499,56,,,,0,0,,,,,0,,,0,0,1920.0475597869,2025.0475597869
20261007,131030,"옵투스제약",KOSDAQ,6420.0,-2.58,"제약",6.66,2.256706665,113291107800.0,6120.0,5.3921568627451,4.2483660130719,38.7247278382582,32.798833819242,10.6,238.222602864704,1,1,0,80,"없음",36,-53.1590413943355,6,20260720,9.31899641577061,16.1395307819447,0,0,20261001,6120.0,6380.0,186.920028751864,1,6120.0,"저항→지지",0,0,6370.88773371636,6370.88773371636
20261007,131090,"시큐브",KOSDAQ,4335.0,-0.69,"소프트웨어",0.98,0.6860126725,33198388035.0,4370.0,-1.37299771167048,0.91533180778032,12.6463700234192,6.15384615384615,9.8,155.789517031221,5,2,0,68,"없음",55,12.6797385620915,87,,,,0,0,20261006,4370.0,4410.0,285.964808118664,1,4300.0,"저항→지지",0,0,4167.13091040514,4167.13091040514
20261007,131100,"티엔엔터테인먼트",KOSDAQ,3545.0,2.46,"방송과엔터테인먼트",1.16,3.64547012,22862924480.0,3885.0,-8.62290862290862,,0.0,49.4571773220748,11.6,55.7944205911627,0,1,0,66,"없음",19,-44.4009397024276,12,20260923,18.4060721062619,15.9396173832264,0,0,,,,,1,2510.0,"저항→지지",0,0,3317.54307076518,3317.54307076518
20261007,131180,"딜리",KOSDAQ,4185.0,0.48,"컴퓨터와주변기기",0.2,0.2190493575,24565950000.0,4465.0,-6.27099664053751,,0.0,5.078125,5.8,85.4567015859722,0,1,0,54,"없음",27,-9.41558441558442,66,,,,0,0,,,,,1,4165.0,"저항→지지",0,0,4206.12057906783,4206.12057906783
20261007,131220,"대한과학",KOSDAQ,3725.0,-1.97,"생명과학도구및서비스",0.15,0.20990179,27767975250.0,3780.0,-1.45502645502645,,48.3648881239243,22.6765799256506,10.8,74.2097106341422,0,3,0,86,"없음",46,-19.1973969631236,49,,,,0,0,,,,,1,3650.0,"저항→지지",0,0,3569.87563454153,3774.87563454153
20261007,131290,"티에스이",KOSDAQ,309500.0,-1.28,"반도체와반도체장비",806.58,420.1905925,3423512275500.0,309500.0,-0.646203554119548,,38.7178192831903,27.209705372617,6.6,189.343559014714,5,1,0,45,"관망",60,158.838383838384,98,20260910,14.1527001862197,6.05083464545383,0,0,,,,,1,259500.0,"저항→지지",0,0,268486.293519923,268486.293519923
20261007,131370,"알서포트",KOSDAQ,1511.0,0.2,"소프트웨어",1.04,0.8197339595,80486562413.0,1595.0,-5.26645768025078,,34.9101229895932,12.3859191655802,10.8,79.9966692148715,0,2,0,82,"없음",41,-39.3172690763052,18,,,,0,0,,,,,1,1505.0,"저항→지지",0,0,1496.08083187967,1496.08083187967
20261007,131760,"파인텍",KOSDAQ,1285.0,0.08,"디스플레이장비및부품",0.9,2.8280495605,11161916060.0,1500.0,-14.3333333333333,,51.5433741351783,58.4905660377358,9.6,23.6490863233126,0,1,0,59,"없음",26,-59.6546310832025,4,20260724,30.0,12.5244257823151,0,0,,,,,1,1185.0,"지지 재탈환",0,0,1418.36200231148,2345.36200231148
20261007,131970,"두산테스나",KOSDAQ,110500.0,-7.92,"반도체와반도체장비",473.3,356.64347705,2135659799000.0,100800.0,8.82936507936508,4.96031746031746,37.0421753607103,22.4731182795699,3.2,132.955260418699,3,2,0,72,"수축중",51,6.60835762876579,84,20260921,10.8922363847045,2.72688827565395,0,0,20261001,100800.0,105800.0,135.196573947632,1,100800.0,"저항→지지",0,0,106816.94570032,106816.94570032
20261007,133750,"메가엠디",KOSDAQ,1400.0,3.63,"교육서비스",0.2,0.1358616635,32769907800.0,1550.0,-11.3548387096774,,4.4360902255639,13.8655462184874,9.4,92.7156125043116,0,1,0,55,"없음",25,-24.297520661157,39,,,,0,0,,,,,1,1351.0,"지지 재탈환",0,0,1390.96820171537,1390.96820171537
20261007,133820,"화인베스틸",KOSPI,990.0,1.02,"철강",0.15,0.42025739,36743356980.0,1149.0,-13.9251523063534,,13.7218045112782,28.219852337982,10.2,29.0896407643786,0,1,0,59,"없음",30,-22.734375,42,20260721,8.06599450045828,2.93283040690072,0,0,,,,,0,,,0,0,1031.46398014508,1101.46398014508
20261007,134060,"이퓨쳐",KOSDAQ,5380.0,0.0,"교육서비스",0.28,0.12275376,25658565000.0,5790.0,-7.08117443868739,,25.5567338282078,15.0398406374502,9.8,117.876278616659,5,1,0,66,"없음",50,32.8395061728395,93,,,,0,0,,,,,1,5340.0,"지지 재탈환",0,0,5332.27677492674,5332.27677492674
20261007,134380,"미원화학",KOSPI,10260.0,-0.68,"화학",0.06,0.443914325,225644896800.0,10480.0,-2.09923664122137,,21.1087420042644,17.7005789909016,6.8,12.1232681045565,2,2,0,83,"없음",51,-13.4907251264755,60,,,,0,0,,,,,1,10200.0,"지지 재탈환",0,0,10422.5022190115,11632.5022190115
20261007,134790,"시디즈",KOSPI,18560.0,0.05,"가구",0.06,0.047270375,37120000000.0,22550.0,-17.6940133037694,,24.5070422535211,16.2352941176471,6.8,36.9096027525805,0,1,0,54,"없음",26,-3.58441558441558,74,,,,0,0,,,,,0,,,0,0,21433.3165537517,21433.3165537517
20261007,136150,"원일티엔아이",KOSDAQ,12900.0,-8.51,"에너지장비및서비스",13.78,32.35143361,108115287000.0,9120.0,41.4473684210526,18.969298245614,12.7128263337117,25.3289473684211,7.0,96.5114218294916,0,1,0,61,"관망",16,-27.1186440677966,34,20261002,18.4331797235023,121.826202797796,0,0,20261001,9120.0,10850.0,1332.9143816469,1,9120.0,"저항→지지",0,0,13223.4560950098,13223.4560950098
20261007,136410,"아셈스",KOSDAQ,3710.0,-0.27,"화학",0.34,0.7410120825,40880883260.0,4065.0,-9.96309963099631,,18.8372093023256,30.6796116504854,7.4,48.9837757892067,0,2,0,69,"없음",39,-50.4736129905277,8,,,,0,0,,,,,0,,,0,0,3694.49048789015,4724.49048789015
20261007,136480,"하림",KOSDAQ,2675.0,0.38,"식품",6.82,4.2643655375,284110952850.0,2760.0,-3.07971014492754,,48.9626556016597,10.5263157894737,11.4,121.617844947306,1,3,0,92,"없음",44,-17.9447852760736,52,,,,1,0,,,,,0,,,0,0,2665.6618808485,2680.6618808485
20261007,136490,"선진",KOSPI,10200.0,1.49,"식품",3.98,6.43829054,242551960800.0,11350.0,-10.4845814977974,,34.2024539877301,16.4878048780488,11.2,48.445435193512,1,1,0,64,"없음",30,-2.68199233716475,75,,,,0,0,,,,,0,,,0,0,10653.5594816889,10653.5594816889
20261007,136540,"윈스테크넷",KOSDAQ,10930.0,-2.5,"소프트웨어",3.45,1.72652338,134217623780.0,11310.0,-3.35985853227232,,3.48837209302325,7.14957666980245,9.8,214.767260957422,0,1,0,66,"없음",27,-5.69456427955134,71,,,,0,0,,,,,1,10850.0,"저항→지지",0,0,10849.852439927,10849.852439927
20261007,137080,"나래나노텍",KOSDAQ,6980.0,10.79,"디스플레이장비및부품",0.86,0.55101265,74755444020.0,7300.0,-7.67123287671233,,9.81996726677579,30.8181818181818,10.4,133.468459626425,5,1,0,58,"없음",54,27.6515151515151,92,20260616,14.3174250832409,2.98062911439435,1,0,,,,,0,,,0,0,6568.48671621165,6568.48671621165
20261007,137310,"에스디바이오센서",KOSPI,6770.0,5.29,"건강관리장비와용품",33.66,7.76569633,817471420540.0,6210.0,9.66183574879227,0.805152979066022,53.544776119403,16.2824207492795,7.4,299.393581046743,0,2,0,60,"없음",37,-12.8040973111396,61,20260824,9.29054054054055,5.7202012541749,0,0,20261001,6210.0,6260.0,83.2980840339196,1,6210.0,"저항→지지",1,0,6108.81211938279,6478.81211938279
20261007,137400,"피엔티",KOSDAQ,32450.0,-2.99,"전기제품",36.15,36.11628105,768764123600.0,30600.0,5.06535947712418,2.61437908496732,56.9745815251085,18.1952662721894,7.6,84.3809982495084,0,1,0,81,"관망",30,-35.6356356356356,21,,,,0,0,20261001,30600.0,31400.0,115.611490373822,1,30600.0,"저항→지지",0,0,30611.3684432278,30811.3684432278
20261007,137940,"넥스트아이",KOSDAQ,1853.0,-0.86,"화장품",1.1,0.348270169,18181760151.0,2040.0,-9.16666666666667,,50.7434944237918,17.2248803827751,2.4,175.176837281237,0,2,0,57,"없음",37,-29.2748091603053,31,20260731,10.9550561797753,7.50545793534103,0,0,,,,,1,1820.0,"지지 재탈환",0,0,1898.34880509218,1988.34880509218
20261007,137950,"제이씨케미칼",KOSDAQ,3530.0,-0.14,"에너지장비및서비스",0.59,2.4402352125,78605383420.0,3875.0,-6.19354838709677,,23.1162196679438,18.6074429771909,3.2,14.8885847624174,2,2,0,66,"없음",57,-22.7417640807651,42,20260806,8.94454382826475,12.4933710878167,0,0,,,,,1,3585.0,"지지 재탈환",0,0,3735.72554249577,3735.72554249577
20261007,138040,"메리츠금융지주",KOSPI,129900.0,0.0,"증권",147.18,239.3137777,21738410762700.0,133800.0,-2.76532137518685,,30.3097345132743,11.5744069015097,4.2,45.9872051267525,5,3,1,88,"돌파임박",74,12.4459809853068,87,,,,1,0,,,,,1,120800.0,"저항→지지",0,0,128940.362365162,129240.362365162
20261007,138070,"신진에스엠",KOSDAQ,1406.0,-5.32,"기계",0.39,0.1588718655,24609504824.0,1546.0,-9.57309184993532,,6.07028753993611,11.3448056086679,4.0,189.705568840589,0,1,0,49,"없음",25,-22.0735785953177,43,,,,0,0,,,,,0,,,0,0,1418.21198465608,1418.21198465608
20261007,138080,"오이솔루션",KOSDAQ,31600.0,-4.1,"통신장비",86.08,138.036454175,391137152800.0,34500.0,-8.40579710144928,,22.4616040955631,33.8815789473684,7.6,65.3489376463839,3,1,0,64,"관망",46,-25.6470588235294,37,20261002,9.19732441471572,3.2554486108416,0,0,,,,,1,31300.0,"저항→지지",0,0,29517.3874583286,29517.3874583286
20261007,138610,"나이벡",KOSDAQ,16220.0,-2.11,"건강관리장비와용품",3.19,5.422419005,184385602460.0,17760.0,-9.62837837837838,,49.5114006514658,32.6570048309179,6.2,25.2259361121137,0,2,0,60,"없음",45,-42.4731182795699,14,20260820,19.8243412797992,71.9695090554971,0,0,,,,,1,14860.0,"지지 재탈환",0,0,15133.9678605533,18933.9678605533
20261007,138930,"BNK금융지주",KOSPI,15500.0,-3.19,"은행",132.4,160.269582275,4756016140500.0,16630.0,-7.3962717979555,,48.6932599724897,25.4390633315593,10.8,81.540499196727,2,3,0,88,"관망",50,-15.5238617663193,56,,,,0,0,,,,,1,15140.0,"저항→지지",0,0,15487.7618887651,17647.7618887651
20261007,139130,"iM금융지주",KOSPI,18040.0,-4.14,"은행",75.6,71.582925345,2856875880320.0,18920.0,-4.80972515856237,,44.6764091858037,19.9787460148778,9.6,97.3520824443597,5,1,0,88,"없음",55,4.83119906868452,82,,,,0,0,,,,,1,17650.0,"저항→지지",0,0,17833.4413739525,18203.4413739525
20261007,139480,"이마트",KOSPI,71300.0,-0.7,"백화점과일반상점",46.65,64.2797612,1967581894700.0,76500.0,-7.05882352941176,,65.5765920826162,15.2827918170878,7.8,64.9707568269954,0,1,0,81,"없음",27,-26.7010309278351,34,,,,0,0,,,,,0,,,0,0,72615.3679796662,80815.3679796662
20261007,139670,"키네마스터",KOSDAQ,1921.0,0.05,"소프트웨어",0.03,0.2902624005,27122234010.0,2365.0,-19.7885835095137,,12.7248048863251,21.6312056737589,15.2,14.2927464890691,0,3,0,82,"없음",40,-2.41769547325103,75,,,,0,0,,,,,0,,,0,0,2064.3124740392,2064.3124740392
20261007,139990,"아주스틸",KOSPI,2290.0,0.22,"철강",0.34,0.5320774125,88749898060.0,2590.0,-11.7760617760618,,18.8210961737332,22.5378787878788,7.8,29.7298679869783,0,3,0,87,"없음",46,-24.8355263157895,38,20260617,11.1872146118722,34.0028644060153,0,0,,,,,1,2275.0,"저항→지지",0,0,2376.098699255,2426.098699255
20261007,140070,"서플러스글로벌",KOSDAQ,2225.0,-3.89,"반도체와반도체장비",1.33,1.452982471,82298300000.0,2250.0,-1.11111111111111,3.77777777777778,19.2307692307692,17.8403755868545,6.6,43.6366180213917,2,1,0,51,"없음",41,14.6907216494845,88,,,,0,0,20261001,2250.0,2335.0,72.296804620217,1,2085.0,"저항→지지",0,0,2215.93255302213,2215.93255302213
20261007,140410,"메지온",KOSDAQ,67500.0,-4.66,"식품",50.75,73.2747016,2075554260000.0,84300.0,-19.9288256227758,,31.177362304194,31.3837375178317,8.4,58.5514504530328,0,3,0,87,"관망",34,-25.0,38,,,,0,0,,,,,0,,,0,0,74736.7967616154,74736.7967616154
20261007,140430,"카티스",KOSDAQ,2475.0,-6.95,"통신장비",4.44,25.919430091,26456529825.0,3735.0,-31.4591700133869,,8.38509316770187,30.8016877637131,7.4,47.0320001937734,0,1,0,45,"없음",30,-20.3732503888025,47,20260916,21.9885277246654,44.3116719649779,0,0,,,,,1,1825.0,"저항→지지",0,0,3177.48524828563,3177.48524828563
20261007,140520,"대창스틸",KOSDAQ,2000.0,-0.5,"철강",0.08,0.2770717845,42218486000.0,2075.0,-3.66265060240964,,36.0730593607306,6.47118301314459,11.4,15.0118283473425,1,3,0,88,"없음",44,-5.03562945368171,72,,,,0,0,,,,,0,,,0,0,2000.59063523426,2000.59063523426
20261007,140670,"알에스오토메이션",KOSDAQ,10500.0,-2.05,"기계",3.54,6.74377993,134818320000.0,11280.0,-6.73758865248227,,34.1463414634146,23.7823834196891,10.2,54.3414440953067,0,1,0,68,"없음",31,-37.1940298507463,20,20260612,16.1009573542211,3.05373297182506,0,0,,,,,0,,,0,0,10170.1342776962,10170.1342776962
20261007,140860,"파크시스템스",KOSDAQ,306500.0,-0.16,"전자장비와기기",136.74,83.86882925,2146256748500.0,263500.0,16.1290322580645,2.27703984819734,33.9011925042589,26.1744966442953,11.6,137.375868348952,4,3,0,75,"돌파완료",61,18.1467181467181,90,20260612,28.5984848484848,3.3926090141102,0,0,20260929,263500.0,269500.0,92.720496541427,1,263500.0,"저항→지지",0,0,280717.911898439,280717.911898439
20261007,141000,"비아트론",KOSDAQ,15090.0,28.75,"디스플레이장비및부품",279.37,25.95758367,182810973900.0,9320.0,59.7639484978541,0.965665236051502,15.0402864816473,26.1363636363636,10.8,2842.24763846808,4,2,0,57,"없음",44,45.2682926829268,95,20261007,26.6156462585034,49.9421912227907,0,0,20260928,9320.0,9410.0,41.5833504547546,1,9320.0,"저항→지지",1,1,10590.8027841979,10590.8027841979
20261007,141080,"리가켐바이오",KOSDAQ,80000.0,-4.65,"제약",218.88,167.0961612,2961553440000.0,87800.0,-9.45330296127563,,76.3336155800169,55.7537399309551,13.4,106.330629923549,0,2,0,49,"관망",41,-61.3138686131387,3,20260629,13.9958012596221,2.74713275398696,0,0,,,,,0,,,0,0,82329.5816271436,111929.581627144
20261007,142210,"유니트론텍",KOSDAQ,7010.0,0.29,"반도체와반도체장비",30.54,11.18750778,145467335030.0,6280.0,12.1019108280255,2.07006369426752,46.875,23.202170963365,6.8,157.939226422147,3,2,0,83,"없음",50,32.0825515947467,93,20260814,10.8731466227348,33.2070645904237,0,0,20260929,6280.0,6410.0,74.0576501777425,1,6280.0,"저항→지지",0,0,6506.92234748825,6786.92234748825
20261007,142280,"녹십자엠에스",KOSDAQ,4215.0,27.34,"건강관리장비와용품",827.74,71.0947976775,101004175665.0,3660.0,17.4863387978142,17.4863387978142,13.1414267834793,13.973063973064,7.4,1692.45422298159,1,1,0,42,"관망",35,14.9732620320856,88,20261007,28.5500747384156,28.3036408788526,1,0,20261007,3660.0,4300.0,2551.6046344887,1,3310.0,"저항→지지",1,1,3192.50554620902,3332.50554620902
20261007,142760,"모아라이프플러스",KOSDAQ,476.0,0.0,"제약",0.68,3.1569212845,10035741240.0,565.0,-15.7522123893805,,68.4027777777778,60.7294317217981,4.6,26.6704390420224,0,2,0,62,"없음",42,-75.639713408393,2,20260907,13.4615384615385,7.9067657958183,0,0,,,,,1,470.0,"지지 재탈환",0,0,553.511368314296,1056.5113683143
20261007,143160,"아이디스",KOSDAQ,15990.0,-0.19,"전자장비와기기",0.39,0.533141185,171355076100.0,16470.0,-2.9143897996357,,0.0,6.8944099378882,9.8,39.1617880326417,1,1,0,67,"없음",36,-10.8198549916341,64,,,,0,0,,,,,0,,,0,0,15946.3447702264,15946.3447702264
20261007,143240,"사람인",KOSDAQ,17500.0,-0.51,"상업서비스와공급품",1.0,1.742036235,187822792500.0,17850.0,-1.96078431372549,,9.72626674432149,9.03686087990488,9.8,46.9099326003879,5,3,1,86,"없음",64,3.91923990498812,81,,,,0,0,,,,,1,17440.0,"저항→지지",0,0,16820.7180001298,16820.7180001298
20261007,143540,"영우디에스피",KOSDAQ,1059.0,2.52,"디스플레이장비및부품",1.95,0.8153720015,47231288805.0,1025.0,2.73170731707317,1.75609756097561,59.3796159527326,17.097966728281,8.2,152.313256423097,2,2,0,82,"없음",49,-22.0,43,,,,0,0,20261002,1025.0,1043.0,72.1325847444375,1,1025.0,"저항→지지",0,0,973.805184325964,1040.80518432596
20261007,144510,"지씨셀",KOSDAQ,15170.0,2.15,"건강관리업체및서비스",8.82,6.18619387,239691218480.0,14730.0,2.37610319076714,1.28988458927359,40.0895140664962,18.0730478589421,6.2,115.659223505889,0,1,0,62,"없음",29,-38.8235294117647,18,,,,0,0,20261006,14730.0,14920.0,58.0117135953484,1,14730.0,"저항→지지",0,0,14412.7371236756,14442.7371236756
20261007,144960,"뉴파워프라즈마",KOSDAQ,13300.0,-4.11,"반도체와반도체장비",167.34,123.54981501,581111899200.0,13400.0,-3.05970149253731,2.98507462686567,40.9577177789098,34.2226310947562,9.6,103.193106482966,5,3,1,83,"돌파임박",67,142.350746268657,98,20260921,16.0312805474096,4.1690040594956,0,0,20261006,13400.0,13800.0,123.490189953004,1,9370.0,"저항→지지",0,0,12420.229885842,12420.229885842
20261007,145020,"휴젤",KOSDAQ,184300.0,1.54,"생물공학",58.56,118.86975295,2306546383900.0,262000.0,-29.618320610687,,55.4044117647059,30.0796812749004,9.6,63.2376853441123,1,1,0,43,"관망",30,-28.2490272373541,32,,,,0,0,,,,,0,,,0,0,225032.178094026,275032.178094026
20261007,145170,"노브랜드",KOSDAQ,3310.0,-1.49,"섬유,의류,신발,호화품",5.17,25.7667666175,55966820550.0,4170.0,-22.1822541966427,,0.0,23.0145867098865,10.6,49.2101243545941,0,2,0,44,"없음",30,-18.7734668335419,50,20260930,13.28125,23.918871186823,0,0,,,,,1,2860.0,"저항→지지",0,0,3648.73123632101,3648.73123632101
20261007,145270,"케이탑리츠",KOSPI,803.0,0.38,"부동산",0.16,0.202579478,38592801522.0,830.0,-3.25301204819277,,19.6759259259259,9.9290780141844,8.0,81.4378717248031,1,1,0,64,"없음",32,-11.4663726571114,63,,,,1,0,,,,,1,798.0,"저항→지지",0,0,785.657880576265,801.657880576265
20261007,145720,"덴티움",KOSPI,39800.0,-1.36,"건강관리장비와용품",7.05,4.96430145,343230861800.0,38900.0,2.44215938303342,3.8560411311054,48.458904109589,20.2687569988802,7.4,116.651875513824,0,1,0,84,"없음",29,-24.3833017077799,39,,,,0,0,20261006,38900.0,40400.0,299.054927933538,1,38200.0,"저항→지지",0,0,38184.2854570454,42184.2854570454
20261007,145990,"삼양사",KOSPI,45750.0,-0.11,"식품",2.14,4.465784675,471840291750.0,46800.0,-2.24358974358974,,40.0770712909441,11.5834218916047,12.2,51.4798253551317,1,2,0,82,"없음",46,-0.759219088937093,77,,,,0,0,,,,,0,,,0,0,46151.3700737076,46151.3700737076
20261007,146060,"율촌",KOSDAQ,1070.0,-0.37,"자동차부품",0.23,0.327766513,25696686650.0,1282.0,-17.0826833073323,,37.6237623762376,20.1077199281867,9.6,55.279284482992,0,1,0,52,"없음",26,-29.5559973492379,30,20260622,9.0289608177172,8.9507050975771,0,0,,,,,0,,,0,0,1148.50748836156,1148.50748836156
20261007,146320,"비씨엔씨",KOSDAQ,11670.0,-2.99,"반도체와반도체장비",3.21,2.78062596,149351761410.0,12340.0,-6.40194489465154,,46.4093357271095,41.2541254125413,11.0,93.9160316532784,0,2,0,60,"없음",35,-13.7415982076176,59,20260803,10.6308411214953,8.67280267017295,0,0,,,,,1,9600.0,"저항→지지",0,0,11035.3318545696,11035.3318545696
20261007,147760,"피엠티",KOSDAQ,4025.0,-1.83,"반도체와반도체장비",5.57,6.2961235375,80500000000.0,4300.0,-6.27906976744186,,49.0533562822719,50.7135016465423,10.2,100.808195849825,2,2,0,49,"없음",45,49.3699036323202,95,20260923,17.5226586102719,10.5238743064275,0,0,,,,,1,3335.0,"저항→지지",0,0,3620.77637793361,3875.77637793361
20261007,147830,"제룡산업",KOSDAQ,7210.0,-2.3,"전기장비",13.88,8.00369643,144200000000.0,7250.0,-0.689655172413793,1.37931034482759,61.4247311827957,16.1417322834646,6.6,119.846033160373,2,3,0,97,"없음",53,-6.85640362225097,70,20260805,11.0210696920583,8.28595759588134,0,0,20261002,7250.0,7350.0,126.347179053557,1,7170.0,"저항→지지",0,0,6946.27907643048,7086.27907643048
20261007,148150,"세경하이테크",KOSDAQ,3920.0,-2.0,"핸드셋",3.3,2.5200391775,139327846560.0,4240.0,-8.0188679245283,,22.1283783783784,16.3695299837925,9.8,95.3066147342278,0,3,0,89,"없음",40,-12.5560538116592,61,20260826,8.62800565770863,3.92609089397905,0,0,,,,,0,,,0,0,3960.98117077871,3960.98117077871
20261007,148250,"알엔투테크놀로지",KOSDAQ,2010.0,0.7,"통신장비",0.45,1.2150275245,27357515040.0,2230.0,-9.86547085201794,,25.7006369426752,60.5120481927711,17.8,24.8608051857378,0,1,0,34,"없음",29,-52.5943396226415,6,,,,0,0,,,,,1,1901.0,"저항→지지",0,0,1882.07733586489,1992.07733586489
20261007,148780,"비큐AI",KOSDAQ,3940.0,-1.87,"소프트웨어",1.25,2.6144740825,24779231300.0,4395.0,-9.55631399317406,,68.5449957947855,52.1806853582555,7.8,5.51648979819257,0,1,0,61,"없음",33,-31.8532487570718,26,20260811,13.463751438435,13.0351302051608,0,0,,,,,0,,,0,0,3756.05161824399,5781.05161824399
20261007,148930,"에이치와이티씨",KOSDAQ,3115.0,-0.48,"전기제품",0.27,0.2472854975,31695788495.0,3265.0,-2.60336906584992,,13.7065637065637,15.7205240174673,5.8,64.2039463774665,2,2,0,67,"없음",55,10.0346020761246,86,20260605,18.895966029724,10.3776727911183,0,0,,,,,1,3020.0,"지지 재탈환",0,0,3021.57980415701,3186.57980415701
20261007,149950,"아바텍",KOSDAQ,12730.0,0.47,"디스플레이장비및부품",15.73,22.56913324,173989859190.0,13390.0,-7.84167289021658,,43.0790315212426,20.0975609756098,7.0,100.053349285697,3,2,0,60,"없음",47,23.4,91,20260911,14.0176600441501,9.15200241718069,0,0,,,,,1,11700.0,"저항→지지",0,0,11721.8948345561,11721.8948345561
20261007,149980,"하이로닉",KOSDAQ,4475.0,0.56,"건강관리장비와용품",0.6,0.93598174,76965730850.0,4950.0,-10.1010101010101,,28.692380056444,18.6691312384473,3.8,60.7280607033949,0,2,0,79,"없음",33,-48.7327188940092,9,,,,0,0,,,,,0,,,0,0,4820.5827837254,5000.5827837254
20261007,150900,"파수AI",KOSDAQ,4305.0,-4.76,"소프트웨어",9.76,15.0307340325,50385384210.0,5070.0,-16.4694280078895,,12.5581395348837,19.5121951219512,7.2,137.282925987683,1,1,0,42,"없음",31,24.0117130307467,91,20261006,13.6079900124844,6.44038440547659,0,0,,,,,1,3610.0,"저항→지지",0,0,4464.21500556386,4464.21500556386
20261007,151860,"KG에코솔루션",KOSDAQ,5350.0,-0.74,"자동차",1.52,5.07225401,254676060700.0,5880.0,-8.50340136054422,,51.6386182462356,14.8049645390071,9.8,32.7274473225232,0,1,0,69,"없음",25,-14.1945773524721,58,,,,0,0,,,,,1,5330.0,"지지 재탈환",0,0,5460.67493273009,5730.67493273009
20261007,153460,"네이블",KOSDAQ,5440.0,1.68,"소프트웨어",0.12,0.215175275,35523276160.0,6500.0,-16.3076923076923,,30.6976744186047,19.52,5.4,49.8706133381759,0,1,0,37,"없음",26,-16.3076923076923,54,20260710,14.7540983606557,3.28511572085965,0,0,,,,,0,,,0,0,5769.09300397665,6169.09300397665
20261007,153490,"우리이앤엘하루틴",KOSDAQ,3295.0,6.46,"디스플레이장비및부품",0.65,0.3646285125,33925320000.0,3400.0,-2.05882352941176,,35.7329055544416,41.4068441064639,6.2,31.8798661686483,1,1,0,66,"없음",40,-13.7305699481865,59,20260826,29.7640653357532,12.3129690875582,1,0,,,,,1,2630.0,"저항→지지",0,0,2957.99430471097,2957.99430471097
20261007,153710,"옵티팜",KOSDAQ,4500.0,1.01,"제약",0.12,0.3563229725,66014811000.0,4820.0,-6.53526970954357,,9.05218317358892,19.4117647058824,10.4,41.865868768775,0,3,0,83,"없음",34,-10.7920792079208,64,,,,0,0,,,,,0,,,0,0,4506.66365768954,4606.66365768954
20261007,154030,"아시아종묘",KOSDAQ,1610.0,0.06,"생물공학",0.14,0.2553974645,19419605870.0,1807.0,-10.2379634753735,,0.0,14.5029239766082,10.2,43.690011508299,0,1,0,44,"없음",25,-18.9,49,,,,0,0,,,,,1,1580.0,"지지 재탈환",0,0,1622.02532628829,1622.02532628829
20261007,155650,"와이엠씨",KOSDAQ,3750.0,-1.06,"디스플레이장비및부품",1.35,2.3200090175,71153842500.0,3875.0,-3.35483870967742,,2.04429301533219,16.1016949152542,5.2,69.2407406295411,1,2,0,69,"없음",40,5.64174894217207,83,20260916,9.33333333333333,6.44472229070546,0,0,,,,,1,3485.0,"저항→지지",0,0,3526.85746498169,3526.85746498169
20261007,155660,DSR,KOSPI,4275.0,0.23,"비철금속",1.3,0.61157014,68400000000.0,4530.0,-5.84988962472406,,36.5896980461812,14.1666666666667,9.6,115.91712136144,3,3,0,84,"없음",54,2.03349282296651,80,,,,0,0,,,,,0,,,0,0,4315.1039176246,4525.1039176246
20261007,156100,"엘앤케이바이오",KOSDAQ,6810.0,7.92,"건강관리장비와용품",18.12,14.537774305,152211351930.0,6160.0,10.0649350649351,2.5974025974026,22.6568265682657,47.6007677543186,12.0,113.163480313341,0,2,0,56,"없음",37,-16.1928306551298,55,20260907,20.0471698113208,10.5875737744916,0,0,20261001,6160.0,6320.0,77.2872702966229,1,6160.0,"저항→지지",1,1,5686.87736897873,5686.87736897873
20261007,158430,"아톤",KOSDAQ,6750.0,-3.3,"소프트웨어",780.65,227.9023464225,165254121000.0,6450.0,4.03100775193798,10.8527131782946,0.0,26.5850945494994,10.0,740.705167487119,1,1,0,49,"관망",42,6.67726550079491,84,20261006,25.6590509666081,9.43468164330685,0,0,20261006,6450.0,7150.0,1996.29377072975,1,4980.0,"저항→지지",0,0,6279.93345870522,6279.93345870522
20261007,159010,"아스플로",KOSDAQ,32600.0,1.4,"기계",38.03,48.80120125,434712491400.0,26700.0,22.0973782771536,10.1123595505618,14.4372137864546,50.1835343471421,10.2,56.7389756966159,5,2,0,52,"돌파완료",57,488.447653429603,99,20260923,21.2371134020618,6.11292618396771,0,0,20260923,26700.0,29400.0,504.033098951757,1,24500.0,"저항→지지",0,0,30093.6141894694,30093.6141894694
20261007,159580,"제로투세븐",KOSDAQ,2245.0,5.9,"화장품",6.2,0.8174317125,44973267820.0,2555.0,-11.7416829745597,,36.0331339162448,33.7121212121212,10.4,312.543016322657,0,1,0,54,"없음",25,-38.2191780821918,19,,,,1,0,,,,,1,2075.0,"지지 재탈환",0,0,2041.43046106224,2426.43046106224
20261007,159910,"에코글로우",KOSDAQ,2960.0,-3.58,"화장품",0.73,0.20751609,30982607120.0,3155.0,-3.80348652931854,,34.6396965865992,17.5792507204611,10.0,274.389900305867,1,1,0,55,"없음",36,-16.0442600276625,55,20260710,10.7371794871795,4.31289651834953,0,0,,,,,1,3015.0,"지지 재탈환",0,0,2879.70103281378,3149.70103281378
20261007,160190,"하이젠알앤엠",KOSDAQ,33700.0,-1.32,"기계",86.6,116.762526475,1040925600000.0,31000.0,8.54838709677419,9.51612903225806,1.24764595103578,32.3770491803279,6.8,90.9879909418308,0,2,0,49,"관망",35,-6.39777468706537,70,20260915,27.1144278606965,9.44461744584576,0,0,20261006,31000.0,33950.0,355.354922360042,1,26050.0,"저항→지지",0,0,30745.3512706681,30745.3512706681
20261007,160550,NEW,KOSDAQ,999.0,0.5,"방송과엔터테인먼트",0.3,0.5956098275,27878199894.0,1230.0,-18.780487804878,,28.2454760031471,21.9391947411668,10.2,74.4123377682526,0,1,0,44,"없음",26,-43.4954751131222,13,20260629,14.1424272818455,2.7256859670566,0,0,,,,,0,,,0,0,1113.13554748064,1113.13554748064
20261007,160980,"싸이맥스",KOSDAQ,27400.0,-5.84,"반도체와반도체장비",39.91,32.127255875,299324258200.0,30350.0,-10.3789126853377,,66.1224489795918,50.061804697157,10.2,90.7324840534108,2,2,0,44,"관망",50,0.184162062615101,78,20260609,24.6771879483501,6.00417689501383,0,0,,,,,1,23900.0,"저항→지지",0,0,25946.2494818204,37346.2494818204
20261007,161000,"애경케미칼",KOSPI,10860.0,-4.23,"화학",21.6,16.030937865,528324979740.0,11500.0,-6.17391304347826,,45.8415841584158,23.7472766884532,9.6,95.0975714087812,1,1,0,55,"없음",36,-25.6374913852515,37,20260831,8.0392156862745,12.1111225323386,0,0,,,,,1,10550.0,"저항→지지",0,0,10399.3243739911,10549.3243739911
20261007,161390,"한국타이어앤테크놀로지",KOSPI,60300.0,-0.17,"자동차부품",90.33,154.30204085,7469666660700.0,60500.0,-0.330578512396694,,60.8219178082192,22.5409836065574,6.8,54.4073819991444,3,2,0,82,"수축중",50,6.91489361702128,84,,,,0,0,,,,,0,,,0,0,61952.3713547371,72552.3713547371
20261007,161580,"필옵틱스",KOSDAQ,41900.0,0.12,"전자장비와기기",137.93,204.696917075,982230149300.0,38600.0,5.18134715025907,1.55440414507772,14.6341463414634,20.1626016260163,6.8,125.601147273966,1,1,0,42,"관망",40,0.995024875621891,79,20260929,13.8438880706922,7.02748302690103,0,0,20260930,38600.0,39200.0,243.723632362209,1,33250.0,"저항→지지",0,0,38833.7370591201,38833.7370591201
20261007,161890,"한국콜마",KOSPI,144100.0,3.74,"화장품",730.01,439.0926129,3401491595700.0,154500.0,-6.73139158576052,,25.9424920127795,20.4339963833635,4.8,136.250417440394,5,1,0,57,"관망",60,83.3333333333333,97,20260812,22.7988878591288,9.36292756028382,0,0,,,,,1,140000.0,"지지 재탈환",0,0,138795.66012797,148895.66012797
20261007,162300,"신스틸",KOSDAQ,2000.0,-2.91,"철강",4.97,130.732648355,82942764000.0,3155.0,-36.1331220285262,,36.3807728557964,35.036496350365,15.0,8.16321669090934,4,2,0,44,"수축중",62,24.922504649721,91,20260909,11.9433198380567,10.5274193949935,0,0,,,,,1,1700.0,"저항→지지",0,0,2767.78790608562,2767.78790608562
20261007,163280,"에어레인",KOSDAQ,3880.0,-0.39,"화학",1.37,5.260180055,52779942640.0,4600.0,-15.9782608695652,,3.9080459770115,21.6836734693878,6.2,39.0096810030154,0,2,0,84,"없음",40,-35.6905158069884,21,20260915,9.74930362116993,23.005704706081,0,0,,,,,1,3760.0,"저항→지지",0,0,4152.05538841941,4152.05538841941
20261007,163560,"동일고무벨트",KOSPI,5490.0,-1.26,"화학",1.65,0.84329277,76311000000.0,5650.0,-2.83185840707965,,59.8557692307692,14.5135566188198,6.6,63.4968762485164,0,2,0,79,"없음",43,-22.0170454545455,43,,,,0,0,,,,,1,5470.0,"지지 재탈환",0,0,5561.72134651241,5951.72134651241
20261007,163730,"핑거",KOSDAQ,14790.0,0.07,"IT서비스",23.71,18.9655245,188804954430.0,14620.0,1.57318741450068,1.91518467852257,0.0,27.3034657650042,6.2,119.271750670511,2,2,0,50,"없음",46,49.8486377396569,95,20260928,13.8178913738019,2.58946157039526,0,0,20261002,14620.0,14900.0,131.264315265958,1,14620.0,"저항→지지",0,0,13294.9692695665,13294.9692695665
20261007,166090,"하나머티리얼즈",KOSDAQ,61500.0,-5.38,"반도체와반도체장비",71.02,89.80437175,1216326951000.0,55000.0,10.9090909090909,0.727272727272727,57.4479166666667,32.0945945945946,9.6,69.9004179298508,2,3,0,86,"관망",49,-5.71870170015456,71,,,,0,0,20260918,55000.0,55400.0,68.7793664518838,1,55000.0,"저항→지지",0,0,58554.0492851484,58754.0492851484
20261007,166480,"코아스템켐온",KOSDAQ,2370.0,1.5,"생물공학",2.82,2.677590435,125302791120.0,2480.0,-4.43548387096774,,28.5185185185185,27.9824561403509,13.0,105.743347320804,2,2,0,57,"없음",43,-6.32411067193676,70,,,,0,0,,,,,1,2250.0,"저항→지지",0,0,2185.50581464991,2185.50581464991
20261007,168330,"내츄럴엔도텍",KOSDAQ,2385.0,-0.83,"화장품",0.1,0.24022705,75735436500.0,2420.0,-1.44628099173554,,48.5699949824385,10.0896860986547,6.8,26.5582260959408,0,2,0,86,"없음",35,8.9041095890411,85,,,,0,0,,,,,1,2250.0,"저항→지지",0,0,2272.53251678274,2272.53251678274
20261007,168360,"펨트론",KOSDAQ,15710.0,-6.77,"전자장비와기기",29.42,20.81067359,351787070470.0,14790.0,6.15280594996619,1.01419878296146,48.7624676763945,19.7748064743139,6.6,166.660894351039,1,2,0,66,"없음",42,-26.1176470588235,36,20260612,10.5831533477322,2.95716451961791,0,0,20261001,14790.0,14940.0,235.412590581301,1,14790.0,"저항→지지",0,0,15046.8441779727,15046.8441779727
20261007,169330,"엠브레인",KOSDAQ,1812.0,-2.27,"IT서비스",0.44,0.6430728085,33190255416.0,1950.0,-7.07692307692308,,1.2133468149646,29.0030211480363,13.0,110.916245081506,2,1,0,55,"없음",39,-10.0744416873449,65,20260918,8.03639120545867,3.47637011636129,0,0,,,,,1,1704.0,"저항→지지",0,0,1742.15675669508,1742.15675669508
20261007,170030,"현대공업",KOSDAQ,4955.0,-0.6,"자동차부품",0.89,0.5999632525,76009700000.0,4900.0,0.612244897959184,0.816326530612245,32.3664122137405,13.5416666666667,6.8,82.5065928768356,0,3,0,89,"없음",42,-10.200364298725,65,,,,0,0,20261002,4900.0,4940.0,112.835799559415,1,4900.0,"저항→지지",0,0,4883.52679962736,4963.52679962736
20261007,170790,"파이오링크",KOSDAQ,8770.0,-0.57,"통신장비",2.73,2.10897156,56104627950.0,8770.0,-0.798175598631699,,13.5,13.0434782608696,9.6,174.204313661362,1,2,0,77,"없음",35,-7.15048025613661,69,,,,0,0,,,,,1,8550.0,"저항→지지",0,0,8627.02130962665,8627.02130962665
20261007,170900,"동아에스티",KOSPI,35650.0,1.86,"제약",2.18,2.7913389,346798957650.0,39900.0,-11.1528822055138,,54.8707753479125,14.2105263157895,9.6,71.9765748965337,0,2,0,62,"없음",39,-22.0879120879121,43,,,,0,0,,,,,0,,,0,0,35241.1645050418,37941.1645050418
20261007,170920,"엘티씨",KOSDAQ,41300.0,-6.67,"반도체와반도체장비",94.64,75.460529925,436298403800.0,38200.0,6.54450261780105,0.785340314136126,62.5999484137219,31.496062992126,7.4,92.9443074187768,3,2,0,59,"수축중",55,24.2748091603053,91,20260604,14.3546441495778,3.16772568720734,0,0,20260923,38200.0,38500.0,117.724605606361,1,34200.0,"저항→지지",0,0,38454.3250332976,51804.3250332976
20261007,171010,"램테크놀러지",KOSDAQ,2745.0,-0.9,"반도체와반도체장비",0.91,0.6954568075,39250074240.0,2720.0,0.183823529411765,2.38970588235294,41.0301953818828,16.6666666666667,10.2,126.614034354177,0,3,0,80,"없음",35,-16.4110429447853,54,,,,0,0,20261006,2720.0,2785.0,272.76250919765,1,2690.0,"저항→지지",0,0,2522.05071343008,2677.05071343008
20261007,171090,"선익시스템",KOSDAQ,72500.0,-3.72,"디스플레이장비및부품",30.24,30.08694575,734252885000.0,78200.0,-7.54475703324808,,39.9890290729567,28.6042944785276,9.6,82.2126046006012,2,2,0,73,"관망",43,-18.0272108843537,51,,,,0,0,,,,,1,69300.0,"저항→지지",0,0,69689.5614587926,69689.5614587926
20261007,171120,"라이온켐텍",KOSDAQ,2035.0,-0.73,"건축자재",0.47,0.7831722195,73060081600.0,2035.0,-0.245700245700246,,59.8360655737705,11.2857142857143,11.4,62.1448590380008,0,3,0,88,"없음",36,-1.93236714975845,76,,,,0,0,,,,,1,2015.0,"저항→지지",0,0,1983.77229905267,2033.77229905267
20261007,172670,"에이엘티",KOSDAQ,14680.0,-3.29,"반도체와반도체장비",8.09,10.553514615,131536602120.0,14200.0,3.87323943661972,4.29577464788732,21.3921901528014,21.025641025641,6.6,83.7925628131562,2,3,0,73,"없음",50,27.4848746758859,92,20260812,10.272536687631,3.18899954070026,0,0,20261002,14200.0,14810.0,187.847176398603,1,14200.0,"저항→지지",0,0,14044.3072079566,14044.3072079566
20261007,173130,"오파스넷",KOSDAQ,7910.0,-1.49,"IT서비스",5.32,8.47785802,103197601430.0,7380.0,6.50406504065041,1.8970189701897,13.5416666666667,16.7974882260597,10.2,108.412824363795,4,1,0,58,"없음",51,4.10596026490066,81,20260914,12.0826709062003,9.57093095687709,0,0,20260923,7380.0,7520.0,333.186784308585,1,7380.0,"저항→지지",0,0,7573.03824220993,7573.03824220993
20261007,173940,"에프엔씨엔터",KOSDAQ,2000.0,0.55,"방송과엔터테인먼트",0.49,0.256151876,30785616000.0,2350.0,-13.8297872340426,,68.1533101045296,36.6449511400651,15.6,166.008359191437,0,1,0,57,"없음",22,-45.855614973262,11,,,,0,0,,,,,1,2015.0,"지지 재탈환",0,0,2014.12553000783,2249.12553000783
20261007,174900,"앱클론",KOSDAQ,26850.0,-6.77,"생물공학",44.19,37.649397025,535714663650.0,29700.0,-9.76430976430976,,43.4974874371859,46.3696369636964,13.4,85.3573024026745,0,2,0,35,"관망",35,-55.8484349258649,5,20261001,19.1011235955056,4.21589251318944,0,0,,,,,1,21800.0,"저항→지지",0,0,25195.8598877037,31195.8598877037
20261007,175140,"아고스",KOSDAQ,2345.0,1.08,"전자제품",0.35,0.5348067125,58494273285.0,2700.0,-13.1481481481481,,49.9558433912276,25.1282051282051,9.6,40.7834401760836,0,1,0,62,"없음",26,-42.3832923832924,14,,,,1,0,,,,,0,,,0,0,2388.8584251287,2498.8584251287
20261007,175250,"아이큐어",KOSDAQ,1682.0,2.62,"화장품",2.58,4.662980955,103840485194.0,3300.0,-49.030303030303,,51.2820512820513,54.0909090909091,4.2,72.3167125580449,0,1,0,17,"없음",22,-41.3937282229965,14,,,,0,0,,,,,0,,,0,0,2007.29678616683,3067.29678616683
20261007,175330,"JB금융지주",KOSPI,28300.0,-1.22,"은행",73.07,141.2124285,5278567619200.0,33100.0,-15.1057401812689,,38.7610619469027,11.3793103448276,9.6,64.1269309342979,3,1,0,53,"관망",40,-7.86885245901639,68,,,,0,0,,,,,0,,,0,0,30403.5872888925,30403.5872888925
20261007,176750,"듀켐바이오",KOSDAQ,7710.0,4.33,"제약",14.57,5.396825995,219648031200.0,7380.0,4.74254742547426,1.49051490514905,46.7220683287165,19.3502824858757,4.4,247.239138986373,0,1,0,68,"없음",33,-16.2513542795233,55,20260929,12.01248049922,10.9776733092677,0,0,20261006,7380.0,7490.0,70.396646447966,1,6660.0,"저항→지지",1,0,6733.20614823963,7813.20614823963
20261007,177350,"베셀",KOSDAQ,1350.0,0.67,"화학",0.66,0.988148469,13386398850.0,2030.0,-33.4975369458128,,59.4918224299065,36.5168539325843,13.4,50.2941748491684,0,1,0,45,"없음",26,-40.9448818897638,15,20260831,14.7058823529412,3.68597204685132,0,0,,,,,0,,,0,0,1654.30693977408,1784.30693977408
20261007,177830,"파버나인",KOSDAQ,2150.0,2.14,"디스플레이장비및부품",0.28,0.3546749175,24350884950.0,2345.0,-9.3816631130064,,28.3618581907091,23.5181644359465,14.8,96.4324520101413,0,1,0,42,"없음",25,-22.7272727272727,42,,,,0,0,,,,,0,,,0,0,2146.41415620655,2301.41415620655
20261007,177900,"쓰리에이로직스",KOSDAQ,3900.0,3.31,"통신장비",0.91,0.6767695825,37547640000.0,3830.0,1.69712793733681,1.69712793733681,30.2922940655447,36.4705882352941,9.8,118.102646827653,0,2,0,60,"없음",37,-38.0763116057234,19,,,,1,0,20261007,3830.0,3895.0,119.553946739353,1,3700.0,"지지 재탈환",0,0,3478.44560429941,3953.44560429941
20261007,178320,"서진시스템",KOSDAQ,41300.0,-3.84,"전기장비",338.3,423.0014061,2631780095700.0,38350.0,6.1277705345502,1.30378096479791,55.5763239875389,36.0655737704918,10.0,81.3730046552695,2,1,0,57,"관망",45,-12.4731182795699,61,20260928,13.2605304212168,3.36921787888611,0,0,20260930,38350.0,38850.0,249.960124711784,1,36950.0,"저항→지지",0,0,37597.6684215533,37597.6684215533
20261007,178780,"일월지엠엘",KOSDAQ,2400.0,-0.21,"전문소매",0.14,0.501434885,44734068000.0,2695.0,-10.0185528756957,,10.7547169811321,15.1736745886654,2.4,27.862465389066,0,2,0,51,"없음",37,-4.52755905511811,73,20260828,9.97679814385151,9.89415864323939,0,0,,,,,0,,,0,0,2444.33348209695,2444.33348209695
20261007,178920,"PI첨단소재",KOSPI,20200.0,-0.74,"화학",9.72,6.76858322,593199704400.0,19380.0,3.71517027863777,3.97316821465428,55.5185537583254,24.5472837022133,9.4,98.6412425739956,2,3,0,92,"없음",48,-10.8647450110865,64,,,,0,0,20261002,19380.0,20150.0,138.066933004059,1,19380.0,"저항→지지",0,0,18988.7078184492,19338.7078184492
20261007,179290,"엠아이텍",KOSDAQ,4750.0,2.26,"건강관리장비와용품",0.62,1.4759522975,153736970500.0,5370.0,-12.1042830540037,,52.8056112224449,13.3668341708543,9.8,27.7278466447315,0,1,0,53,"없음",22,-31.2954876273654,27,,,,1,0,,,,,0,,,0,0,4788.50293761494,5078.50293761494
20261007,179530,"애드바이오텍",KOSDAQ,2215.0,0.68,"제약",2.47,3.6748525735,68939482800.0,2150.0,3.02325581395349,1.3953488372093,15.2894606630381,38.8389513108614,6.6,67.8869539175016,1,2,0,47,"없음",41,-20.4667863554758,46,20260827,8.65979381443298,3.86372708290806,0,0,20261006,2150.0,2180.0,193.672440047078,1,1960.0,"저항→지지",0,0,2144.10012124487,2289.10012124487
20261007,179900,"유티아이",KOSDAQ,2460.0,-5.02,"핸드셋",5.3,6.435782425,53060524740.0,2690.0,-8.55018587360595,,84.2605156037992,41.3258110014104,6.4,40.1148982306569,0,2,0,61,"없음",45,-85.3046594982079,1,20260818,9.54954954954954,3.17274710623599,0,0,,,,,1,2445.0,"저항→지지",0,0,2050.54341384409,2895.54341384409
20261007,180400,DXVX,KOSDAQ,2310.0,-1.28,"건강관리업체및서비스",0.42,0.8425195575,227371987920.0,2425.0,-4.74226804123711,,49.6720844026233,32.6241134751773,12.0,29.6049765747819,1,3,0,85,"없음",50,-54.5275590551181,5,,,,0,0,,,,,0,,,0,0,2156.57361286951,2736.57361286951
20261007,180640,"한진칼",KOSPI,132900.0,-1.19,"항공사",40.58,106.72610605,8872706347500.0,143800.0,-8.13630041724618,,55.8859975216853,15.3962264150943,8.2,33.1215667502207,4,3,0,86,"관망",65,12.9059829059829,88,,,,0,0,,,,,0,,,0,0,140984.768867889,140984.768867889
20261007,181710,NHN,KOSPI,56800.0,-2.41,"IT서비스",41.4,116.4256639,1836285212000.0,75500.0,-25.2980132450331,,64.3014543851917,20.752427184466,9.6,29.2112211974523,4,1,0,51,"관망",53,45.5483870967742,95,20260813,8.80913539967374,3.77266596302758,0,0,,,,,0,,,0,0,64123.3307033147,70123.3307033147
20261007,182360,"큐브엔터",KOSDAQ,6340.0,-0.63,"방송과엔터테인먼트",1.13,1.20349641,98552675240.0,7250.0,-12.551724137931,,4.78723404255318,17.6795580110497,2.4,102.625105398302,0,2,0,45,"없음",28,-38.743961352657,18,,,,0,0,,,,,1,6190.0,"저항→지지",0,0,6430.22335966649,6430.22335966649
20261007,183190,"아세아시멘트",KOSPI,10030.0,0.8,"건축자재",3.31,3.480915625,360862068160.0,11060.0,-9.3128390596745,,51.6577540106952,11.5957446808511,9.6,79.8177354289591,0,1,0,65,"없음",33,-7.98165137614679,68,20260629,19.7459584295612,13.9301730333584,0,0,,,,,0,,,0,0,10362.1945539929,10882.1945539929
20261007,183300,"코미코",KOSDAQ,33100.0,-2.79,"반도체와반도체장비",115.29,172.829323075,1700124402500.0,36200.0,-9.39226519337017,,42.9253798706183,17.4911660777385,6.0,94.917788377632,3,3,0,79,"관망",55,35.6212528426711,94,20260821,27.0642201834862,17.2397477874147,0,0,,,,,1,30250.0,"저항→지지",0,0,31968.7020110193,31968.7020110193
20261007,184230,"SGA솔루션즈",KOSDAQ,2255.0,-4.85,"소프트웨어",9.36,6.8654601365,42470561760.0,2475.0,-7.87878787878788,,2.02303143479614,18.8940092165899,5.0,260.957870576996,0,2,0,42,"없음",32,-16.0220994475138,55,20261006,12.0567375886525,3.58297875934735,0,0,,,,,1,2170.0,"저항→지지",0,0,2179.65861989262,2179.65861989262
20261007,185490,"아이진",KOSDAQ,1937.0,3.14,"생물공학",0.8,1.7924935715,83736091608.0,2210.0,-14.3438914027149,,43.2590855803048,22.8199566160521,6.2,26.2231442931577,4,2,0,64,"없음",62,28.6879673691366,92,20260820,11.5702479338843,8.24405915632125,0,0,,,,,0,,,0,0,1992.30317371029,2077.30317371029
20261007,185750,"종근당",KOSPI,65900.0,0.3,"제약",9.17,10.79591525,909603202000.0,70900.0,-7.19322990126939,,60.8076009501188,12.2758620689655,7.4,69.7986629565598,0,2,0,63,"없음",30,-27.6923076923077,33,,,,1,0,,,,,1,65000.0,"지지 재탈환",0,0,65714.9661394334,69314.9661394334
20261007,186230,"그린플러스",KOSDAQ,3180.0,-1.09,"건축자재",0.31,0.4751246075,34726197840.0,3300.0,-3.63636363636364,,29.6348314606742,22.5761772853186,15.4,57.864098666939,0,1,0,67,"없음",27,-28.6195286195286,32,,,,0,0,,,,,0,,,0,0,3223.42431475265,3223.42431475265
20261007,187220,"디티앤씨",KOSDAQ,1999.0,0.05,"전자장비와기기",0.35,0.2000718415,23038341067.0,2115.0,-5.53191489361702,,52.6618705035971,21.9287211740042,7.6,113.594398754392,1,3,0,84,"없음",44,-35.2350081037277,22,,,,0,0,,,,,1,1989.0,"지지 재탈환",0,0,1973.87546204388,2378.87546204388
20261007,187270,"신화콘텍",KOSDAQ,2800.0,-3.61,"핸드셋",0.89,0.19375626,28402766000.0,3180.0,-10.2201257861635,,0.0,21.6965742251224,12.4,376.026619545304,0,1,0,43,"없음",25,-20.5841446453407,46,,,,0,0,,,,,1,2850.0,"지지 재탈환",0,0,2953.85474048091,2953.85474048091
20261007,187420,"HLB제넥스",KOSDAQ,2230.0,4.94,"생물공학",10.08,8.5652990205,72798231810.0,2500.0,-12.8,,6.56565656565657,15.6675062972292,3.8,186.346694285868,0,1,0,33,"없음",26,-18.1988742964353,51,20261006,12.1811556480999,5.90005654221125,0,0,,,,,1,2080.0,"저항→지지",0,0,2126.41760945697,2126.41760945697
20261007,187660,"페니트리움바이오",KOSDAQ,6800.0,-1.16,"제약",38.13,181.302540325,434970520400.0,8240.0,-18.9320388349515,,34.9227669576897,39.0267175572519,7.0,35.8182744604102,2,2,0,50,"관망",53,-41.1712901805372,15,20260910,11.8598382749326,4.89925540010685,0,0,,,,,1,5240.0,"저항→지지",0,0,7776.38708587004,7776.38708587004
20261007,187790,"나노",KOSDAQ,3125.0,-2.34,"화학",2.54,7.069325875,96377593750.0,4005.0,-20.5992509363296,,35.7805907172996,43.8961038961039,10.2,35.5101811014945,1,1,0,47,"없음",31,-10.6741573033708,64,20260721,29.9651567944251,4.17260159511856,0,0,,,,,1,3085.0,"저항→지지",0,0,3419.43313256629,3419.43313256629
20261007,187870,"디바이스",KOSDAQ,13380.0,2.76,"디스플레이장비및부품",22.99,11.400304765,185483889360.0,12160.0,9.86842105263158,2.13815789473684,51.2396694214876,31.9375443577005,6.8,163.778520467101,2,3,0,82,"없음",45,17.4608756813786,89,20260527,12.719298245614,3.11983686113696,0,0,20260930,12160.0,12420.0,152.443515984686,1,12160.0,"저항→지지",0,0,12379.0564641357,12979.0564641357
20261007,188040,"바이오포트",KOSDAQ,5150.0,5.86,"식품",0.36,0.278102405,24098436200.0,6270.0,-18.341307814992,,25.8373205741627,24.7680890538033,10.6,83.4721316466971,0,2,0,83,"없음",38,-15.0912106135987,56,20260601,8.47058823529412,3.09081577450722,1,0,,,,,0,,,0,0,5577.85264668001,5577.85264668001
20261007,188260,"세니젠",KOSDAQ,2100.0,-0.24,"건강관리장비와용품",0.05,0.286456619,29192767800.0,2335.0,-10.0642398286938,,23.0914588057445,15.0769230769231,6.0,21.2768326562729,3,1,0,50,"없음",44,21.7391304347826,90,20260923,10.1101101101101,15.5285857139774,0,0,,,,,1,2060.0,"지지 재탈환",0,0,2044.21177130041,2044.21177130041
20261007,189300,"인텔리안테크",KOSDAQ,68700.0,-7.66,"통신장비",81.17,44.7522997,737666043900.0,71100.0,-3.65682137834037,3.51617440225035,49.8985801217039,26.387176325524,6.8,161.721961893815,2,1,0,79,"관망",40,-42.6778242677824,13,,,,0,0,20261002,71100.0,73600.0,177.026543675257,1,65900.0,"저항→지지",0,0,69022.6283072044,72822.6283072044
20261007,189330,"씨이랩",KOSDAQ,10400.0,-3.97,"IT서비스",9.05,29.549549625,97575753600.0,12980.0,-20.0308166409861,,64.6679881070367,47.7486910994764,6.2,19.7535387138011,4,1,0,59,"없음",50,123.466092572659,98,20260811,22.2302679217958,4.25102316524835,0,0,,,,,1,10310.0,"지지 재탈환",0,0,10782.6024923069,16902.6024923069
20261007,189690,"포시에스",KOSDAQ,1534.0,0.33,"소프트웨어",1.0,0.3577939325,41911900446.0,1620.0,-5.4320987654321,,45.4858718125431,19.8375870069606,11.6,284.807927205375,0,2,0,80,"없음",35,-21.9561895058584,44,20260626,8.04174340085941,9.63081471411482,0,0,,,,,1,1495.0,"지지 재탈환",0,0,1518.2816502695,1548.2816502695
20261007,189860,"서전기전",KOSDAQ,5050.0,-1.75,"전기장비",6.74,38.3816120675,48978839000.0,5600.0,-10.0,,33.4767025089606,25.6286266924565,7.0,37.0431146654,2,2,0,58,"관망",53,-7.69230769230769,68,20260908,29.7968397291196,27.4343646842414,0,0,,,,,1,5000.0,"저항→지지",0,0,5275.72711636557,5275.72711636557
20261007,189980,"흥국에프엔비",KOSDAQ,1149.0,-0.95,"음료",0.28,0.4281977855,46118363223.0,1198.0,-4.25709515859766,,46.0109289617486,14.4444444444444,10.0,62.6557275283259,0,3,0,93,"없음",39,-29.718137254902,30,,,,0,0,,,,,0,,,0,0,1117.74438938326,1118.74438938326
20261007,190510,"나무가",KOSDAQ,15560.0,-2.2,"핸드셋",9.23,35.566654195,219167532520.0,16350.0,-5.19877675840979,,35.7950765136394,23.4478935698448,3.8,54.2014157946129,0,2,0,69,"관망",45,-10.9195402298851,64,20260907,18.7319884726225,53.2903932768469,0,0,,,,,1,13970.0,"저항→지지",0,0,16582.9734007946,16582.9734007946
20261007,190650,"코리아에셋투자증권",KOSDAQ,6440.0,-1.08,"증권",0.13,0.25986248,41138720000.0,6860.0,-5.53935860058309,,67.7947598253275,10.4196816208394,11.4,44.0627300708729,0,3,0,91,"없음",36,-22.8571428571429,42,,,,0,0,,,,,0,,,0,0,6593.02236451666,6693.02236451666
20261007,191410,"육일씨엔에쓰",KOSDAQ,1720.0,0.06,"디스플레이패널",1.34,3.1877840975,26677495840.0,2235.0,-23.0425055928412,,28.3387622149837,15.8653846153846,6.6,35.7411397686971,1,1,0,48,"없음",31,-30.9236947791165,28,20260827,15.1053013798112,3.23703839982807,0,0,,,,,1,1677.0,"저항→지지",0,0,1970.5528367808,1970.5528367808
20261007,191420,"테고사이언스",KOSDAQ,7260.0,1.54,"생물공학",0.08,0.368654855,58870134840.0,9100.0,-20.2197802197802,,5.2754982415006,57.1311475409836,18.0,21.7254124222483,0,2,0,48,"없음",28,-43.1924882629108,13,,,,0,0,,,,,1,7230.0,"지지 재탈환",0,0,8057.75195349255,8057.75195349255
20261007,192080,"더블유게임즈",KOSPI,57100.0,0.71,"게임엔터테인먼트",32.02,25.17855965,1209005022800.0,59700.0,-4.69011725293132,,53.4090909090909,16.1290322580645,7.2,121.545398650799,3,3,0,91,"없음",56,12.007874015748,87,,,,0,0,,,,,1,56300.0,"지지 재탈환",0,0,55600.2566381519,61000.2566381519
20261007,192250,"케이사인",KOSDAQ,9340.0,-2.4,"소프트웨어",25.48,16.04261577,66006947500.0,9470.0,-1.90073917634636,0.633579725448786,7.14995034756703,29.5884315906563,10.0,292.470490736004,0,2,0,61,"없음",35,-10.2415458937198,65,20261006,13.4523809523809,17.5630115513756,0,0,20261006,9470.0,9530.0,1918.77713493959,1,9100.0,"저항→지지",0,0,9210.48076495987,9210.48076495987
20261007,192390,"윈하이텍",KOSDAQ,1897.0,2.54,"건축자재",0.17,0.4942860765,22701865662.0,1950.0,-3.64102564102564,,28.4123711340206,32.2033898305085,9.6,32.1469794577794,0,1,0,63,"없음",31,-9.22705314009662,66,20260604,14.5033112582782,10.9883306241385,0,0,,,,,1,1762.0,"지지 재탈환",0,0,1754.66210409577,1829.66210409577
20261007,192400,"쿠쿠홀딩스",KOSPI,27200.0,1.68,"가정용기기와용품",3.41,3.0453777,967291432000.0,28600.0,-4.72027972027972,,46.9090909090909,5.2434456928839,9.6,72.3913900586834,1,1,0,72,"없음",36,-2.85204991087344,75,,,,1,0,,,,,1,27200.0,"지지 재탈환",0,0,26903.6843158593,27353.6843158593
20261007,192440,"슈피겐코리아",KOSDAQ,28650.0,0.7,"핸드셋",1.54,1.37340325,178098799950.0,30900.0,-8.09061488673139,,54.0186915887851,9.64630225080386,3.8,85.2665031433057,4,2,0,79,"없음",53,16.6324435318275,89,,,,0,0,,,,,0,,,0,0,29037.2297141252,32037.2297141252
20261007,192650,"드림텍",KOSPI,9120.0,-5.49,"핸드셋",62.98,112.309011135,600887880480.0,8690.0,3.56731875719217,4.7180667433832,0.0,23.8247863247863,11.4,83.7518175223993,3,3,0,71,"관망",57,33.9285714285714,93,20261001,14.7540983606557,2.76384308094987,0,0,20261001,8690.0,9100.0,437.005975370427,1,8690.0,"저항→지지",0,0,8894.61409248714,8894.61409248714
20261007,192820,"코스맥스",KOSPI,309500.0,3.86,"화장품",618.24,295.60459575,3512673035500.0,292500.0,6.15384615384615,2.56410256410256,8.58676207513417,16.4763458401305,4.6,148.342450449588,5,1,0,59,"돌파완료",65,55.25,96,20260812,18.8095238095238,6.95127563287558,0,0,20261006,292500.0,300000.0,146.923392786757,1,292500.0,"저항→지지",1,1,265406.98739873,271906.98739873
20261007,193250,"링크드",KOSDAQ,1882.0,-0.16,"핸드셋",0.72,0.4973299205,25160331906.0,2445.0,-25.439672801636,,13.9483189774937,26.0732984293194,10.4,49.218460062375,1,2,0,52,"없음",47,-5.5440414507772,72,20260813,29.7450424929179,26.4912116918917,0,0,,,,,0,,,0,0,2036.99647104741,2036.99647104741
20261007,194370,"제이에스코퍼레이션",KOSPI,12050.0,-1.79,"섬유,의류,신발,호화품",4.18,5.44864879,349651933900.0,13080.0,-7.87461773700306,,52.9558701082431,16.8428470754052,8.6,49.6618198918707,2,3,0,94,"없음",58,4.50997398091934,82,20260803,8.88888888888888,3.76459167478994,0,0,,,,,0,,,0,0,12301.0246780539,13211.0246780539
20261007,194480,"데브시스터즈",KOSDAQ,13930.0,-0.07,"게임엔터테인먼트",3.17,7.26017562,169516259500.0,14870.0,-5.91795561533289,,76.6081871345029,40.8955223880597,7.2,24.5084366218009,0,2,0,53,"없음",47,-48.3763837638376,9,20260731,29.5438596491228,5.14541206272861,0,0,,,,,0,,,0,0,15084.4980841642,21734.4980841642
20261007,194700,"노바렉스",KOSDAQ,10630.0,0.0,"건강관리업체및서비스",4.71,4.58824728,194049034240.0,10650.0,-0.187793427230047,,76.5227675931401,16.9858451290591,5.0,33.6365753000639,0,2,0,89,"없음",47,-22.4087591240876,42,20260804,9.30402930402929,3.2204503265911,0,0,,,,,1,10430.0,"저항→지지",0,0,9819.30841565753,16699.3084156575
20261007,195500,"마니커에프앤지",KOSDAQ,1723.0,0.0,"식품",0.18,0.56777499,27530094000.0,1798.0,-4.17130144605117,,34.1025641025641,32.2553191489362,5.2,7.9250206640285,0,2,0,80,"없음",47,-35.3470919324578,22,20260611,29.8265249020705,42.7343278577497,0,0,,,,,0,,,0,0,1638.64562362326,2190.64562362326
20261007,195870,"해성디에스",KOSPI,65100.0,-2.4,"반도체와반도체장비",167.28,104.21787425,1106700000000.0,69200.0,-7.22543352601156,,47.5806451612903,45.4341317365269,11.0,176.633348716369,3,2,0,62,"수축중",51,15.2603231597846,88,20260916,15.3134635149024,7.00417924225542,0,0,,,,,1,52800.0,"저항→지지",0,0,61032.8934282107,61032.8934282107
20261007,195940,"HK이노엔",KOSDAQ,40650.0,-1.57,"제약",35.4,34.7991277,1151610069150.0,41900.0,-2.98329355608592,,48.9984591679507,13.6476426799007,9.6,75.109947294151,0,1,0,82,"관망",30,-19.8224852071006,48,,,,0,0,,,,,1,39100.0,"지지 재탈환",0,0,39921.7710589229,41671.7710589229
20261007,195990,"루트K",KOSDAQ,1100.0,-2.14,"기계",0.08,0.265536841,17916661400.0,1723.0,-36.1578641903656,,74.4136460554371,54.3006081668115,14.8,24.9094069901977,0,1,0,48,"없음",22,-60.8262108262108,4,,,,0,0,,,,,0,,,0,0,1225.22933044707,1622.22933044707
20261007,196170,"알테오젠",KOSDAQ,254500.0,-2.12,"생물공학",589.04,910.79063625,17727231348500.0,268000.0,-5.03731343283582,,63.047623234116,17.2358261725924,9.6,45.6462277155807,0,1,0,43,"관망",35,-8.12340705121263,68,,,,0,0,,,,,0,,,0,0,264951.038786069,326951.038786069
20261007,196300,"HLB펩",KOSDAQ,4990.0,-0.4,"생물공학",2.03,2.61364219,47374795530.0,5810.0,-14.1135972461274,,27.8361344537815,19.0,6.0,142.425020527826,0,1,0,44,"없음",26,-32.016348773842,26,20261006,9.38864628820961,6.79513730687984,0,0,,,,,1,4400.0,"저항→지지",0,0,4947.48618401587,4947.48618401587
20261007,196450,"코아시아씨엠",KOSDAQ,3690.0,-2.38,"핸드셋",0.31,0.48347967,33446160000.0,4150.0,-8.43373493975904,,56.0119047619048,26.8,10.6,70.0786854205218,1,3,0,82,"없음",45,-50.8090614886731,8,20260630,15.0704225352113,3.4945992765361,0,0,,,,,0,,,0,0,4025.3929549333,4770.3929549333
20261007,196700,"웹스",KOSDAQ,1271.0,0.79,"화학",0.24,0.450520841,18256827024.0,1495.0,-13.5785953177258,,28.957320367369,19.9473337722186,6.4,30.5295938365544,0,1,0,53,"없음",30,-37.1289537712895,20,20260819,10.989010989011,7.89599671899762,0,0,,,,,1,1274.0,"지지 재탈환",0,0,1331.77165187873,1355.77165187873
20261007,197140,"디지캡",KOSDAQ,2405.0,3.22,"소프트웨어",0.3,0.38072772,31296635370.0,2570.0,-6.80933852140078,,6.55270655270656,11.3181818181818,12.6,86.0185782427777,4,1,0,44,"없음",51,22.5063938618926,91,20260611,18.25,16.0898369145117,0,0,,,,,1,2320.0,"지지 재탈환",0,0,2360.68142977044,2360.68142977044
20261007,198080,"캐프",KOSDAQ,2095.0,-0.24,"핸드셋",1.6,0.825291325,45116212575.0,2130.0,-1.64319248826291,,40.9625668449198,15.6673960612691,13.0,168.001584783257,1,1,0,48,"없음",36,-22.1189591078067,43,20260528,9.74789915966388,3.84305971336788,0,0,,,,,0,,,0,0,2347.52416023262,2347.52416023262
20261007,198440,"강동씨앤엘",KOSDAQ,1404.0,-3.37,"건축자재",9.43,46.600391066,85548381984.0,1611.0,-12.1663563004345,,78.4062758051197,20.6714944042133,6.2,22.4534013998426,4,1,0,52,"관망",50,25.5545696539485,92,20260901,22.9838709677419,22.4963251270991,0,0,,,,,0,,,0,0,2066.85732404527,2066.85732404527
20261007,198940,"한주라이트메탈",KOSDAQ,1363.0,-1.52,"자동차부품",0.43,0.8375087575,27179134573.0,1519.0,-10.3357472021066,,45.4618473895582,23.8064094179202,7.0,45.2181033461056,2,3,0,79,"없음",48,-3.54107648725212,74,20260910,8.63309352517985,2.56107036734022,0,0,,,,,1,1360.0,"저항→지지",0,0,1321.06131514686,1321.06131514686
20261007,199430,"케이엔알시스템",KOSDAQ,17290.0,-5.1,"기계",10.99,28.94537774,193596873470.0,20800.0,-17.6923076923077,,54.9942594718714,36.7567567567568,9.4,24.504467941703,0,2,0,72,"없음",42,-24.9122807017544,38,20260915,23.642943305187,3.47542135587076,0,0,,,,,1,16170.0,"저항→지지",0,0,18206.2188952539,18206.2188952539
20261007,199480,"뱅크웨어글로벌",KOSDAQ,4140.0,-1.19,"IT서비스",1.4,0.7184244875,42213874320.0,4425.0,-6.55367231638418,,32.21586263287,25.6770310932798,5.0,62.984008126876,0,2,0,68,"없음",47,-10.5945945945946,64,20260828,9.51760104302477,15.9457805209912,0,0,,,,,1,3835.0,"지지 재탈환",0,0,3834.00553480529,4394.00553480529
20261007,199550,"레이저옵텍",KOSDAQ,3195.0,0.0,"건강관리장비와용품",0.33,0.7154775125,47432302245.0,3440.0,-7.70348837209302,,30.2741358760429,17.7240285487708,8.4,24.9101998553591,0,1,0,55,"없음",33,-41.8498168498169,14,20260821,14.9812734082397,3.38505116647896,0,0,,,,,0,,,0,0,3248.65312993384,3248.65312993384
20261007,199730,"바이오인프라",KOSDAQ,695.0,12.46,"생명과학도구및서비스",3.72,0.999046609,3380735065.0,1010.0,-31.1881188118812,,65.9083678014636,61.0892388451444,3.4,323.413995025231,0,2,0,45,"없음",32,-82.4937027707809,1,20261007,12.4595469255663,5.38139136050363,0,0,,,,,1,682.0,"지지 재탈환",0,0,1206.68649205384,3100.68649205384
20261007,199800,"툴젠",KOSDAQ,33350.0,-6.06,"생물공학",11.91,11.6183284,300070927150.0,38350.0,-12.1251629726206,,49.6838818382774,30.2083333333333,7.4,141.09223306762,0,2,0,47,"없음",25,-42.5728064345722,14,,,,0,0,,,,,1,32850.0,"지지 재탈환",0,0,33658.6150141191,40348.6150141191
20261007,199820,"제일일렉트릭",KOSDAQ,7800.0,-1.89,"전기장비",15.03,10.17725697,173316000000.0,8170.0,-5.38555691554468,,52.8934010152284,14.68788249694,5.2,109.11824350269,0,1,0,76,"없음",31,-28.9522058823529,31,20260805,11.7391304347826,6.95759727715371,0,0,,,,,1,7700.0,"저항→지지",0,0,7371.06995465813,7451.06995465813
20261007,200130,"콜마비앤에이치",KOSDAQ,8190.0,1.49,"건강관리업체및서비스",2.54,4.575786995,235671820020.0,8330.0,-2.28091236494598,,69.4915254237288,24.6778989098117,15.8,35.9120705498927,0,1,0,51,"없음",31,-29.7670405522002,30,,,,0,0,,,,,1,7850.0,"지지 재탈환",0,0,8488.01768159652,10738.0176815965
20261007,200230,"텔콘RF제약",KOSDAQ,2370.0,3.27,"제약",0.54,0.3584937675,22472977530.0,2750.0,-15.2727272727273,,10.1803374054683,54.3988684582744,12.2,50.2871485464009,0,2,0,45,"없음",42,-67.7285318559557,2,20260706,29.8329355608592,7.50943426850943,1,0,,,,,1,2230.0,"저항→지지",0,0,2254.04742267628,2354.04742267628
20261007,200350,"아티스트스튜디오",KOSDAQ,4230.0,-1.4,"방송과엔터테인먼트",22.71,7.2932707875,42283185750.0,2995.0,39.0651085141903,11.1853088480801,1.95712954333644,28.5136501516684,10.0,476.107820860096,1,2,0,53,"없음",25,-10.2370689655172,65,20261006,28.8288288288288,3.50919743864456,0,0,20261002,2995.0,3330.0,204.546990339077,1,2995.0,"저항→지지",0,0,3657.56449582498,3657.56449582498
20261007,200470,"에이팩트",KOSDAQ,9970.0,-1.58,"반도체와반도체장비",73.6,88.31611924,436920853320.0,8280.0,20.4106280193237,11.4734299516908,26.3608087091757,21.1267605633803,6.2,84.3238367101204,4,3,0,78,"돌파완료",55,35.4619565217391,94,20260930,12.5609756097561,3.65020287505152,0,0,20260930,8280.0,9230.0,357.669563133457,1,8280.0,"저항→지지",0,0,9271.96625248649,9271.96625248649
20261007,200670,"휴메딕스",KOSDAQ,26050.0,-0.38,"제약",4.05,6.9285405,292539676500.0,26750.0,-2.80373831775701,,58.4016393442623,16.4048865619546,8.2,57.8209569802165,0,2,0,77,"없음",35,-26.4497878359264,35,,,,0,0,,,,,1,25400.0,"저항→지지",0,0,24882.1960267526,26782.1960267526
20261007,200710,"에이디테크놀로지",KOSDAQ,28600.0,-2.56,"반도체와반도체장비",23.99,24.878192375,385013400200.0,30300.0,-6.93069306930693,,63.7368156705173,30.0157977883096,7.8,77.1614598818126,2,2,0,72,"없음",47,-45.4545454545455,11,20260709,13.0781499202552,3.92606128013332,0,0,,,,,1,27450.0,"저항→지지",0,0,26990.389067656,28390.389067656
20261007,200780,"비씨월드제약",KOSDAQ,3040.0,-0.49,"제약",0.13,0.15002391,32423609440.0,3185.0,-4.55259026687598,,28.3601708839961,13.3928571428571,8.0,49.8486817591086,0,2,0,88,"없음",41,-33.551912568306,24,,,,0,0,,,,,0,,,0,0,3618.86328060823,3618.86328060823
20261007,200880,"서연이화",KOSPI,11030.0,-1.78,"자동차부품",2.02,2.660724235,298123660110.0,11650.0,-5.83690987124464,,64.741641337386,16.681455190772,9.8,44.4633508788219,0,3,0,94,"없음",45,-18.4386617100372,50,,,,0,0,,,,,1,10910.0,"지지 재탈환",0,0,11032.4692830556,12422.4692830556
20261007,201490,"미투온",KOSDAQ,3405.0,-3.13,"게임엔터테인먼트",23.73,337.96988105,111424287030.0,4800.0,-30.4166666666667,,11.7258464079273,16.1849710982659,7.0,20.1344590861548,1,1,0,42,"관망",31,11.7056856187291,87,20260917,18.4895833333333,24.306152685401,0,0,,,,,1,3040.0,"저항→지지",0,0,4246.15726545774,4246.15726545774
20261007,203450,"유니온바이오메트릭스",KOSDAQ,2780.0,-2.46,"전자장비와기기",4.87,2.242379925,39139639460.0,3005.0,-6.15640599001664,,0.0,25.3032928942808,10.4,424.505556782925,0,1,0,74,"없음",27,-9.61538461538462,66,,,,0,0,,,,,1,2675.0,"저항→지지",0,0,2927.80020145532,2927.80020145532
20261007,203650,"드림시큐리티",KOSDAQ,2945.0,-4.85,"상업서비스와공급품",123.22,276.318006815,299519705380.0,3145.0,-8.2670906200318,,11.9402985074627,35.6170212765957,11.6,91.2968080267425,3,1,0,50,"관망",48,75.3799392097264,97,20260911,23.2941176470588,61.375741772392,0,0,,,,,1,2290.0,"저항→지지",0,0,2945.24805585357,2945.24805585357
20261007,204020,"그리티",KOSDAQ,1796.0,2.28,"섬유,의류,신발,호화품",0.21,0.2002061595,34933694272.0,1833.0,-1.96399345335516,2.34588106928532,9.72316002700878,14.1645885286783,4.4,76.5803488052554,0,2,0,75,"없음",33,-11.9117647058824,62,,,,0,0,20261002,1833.0,1876.0,23.0783923917332,0,,,0,0,1740.4489448681,1832.4489448681
20261007,204270,"제이앤티씨",KOSDAQ,25700.0,11.98,"핸드셋",1084.66,342.0584494,1486705576200.0,26750.0,-4.11214953271028,,6.15570307785154,15.6440281030445,5.2,514.778014847933,4,1,0,41,"관망",55,57.0728720146969,96,20261006,20.8715596330275,2.7892217915355,0,0,,,,,1,21350.0,"저항→지지",0,0,23155.9062290876,23155.9062290876
20261007,204320,"HL만도",KOSPI,45750.0,-3.99,"자동차부품",150.05,120.74369115,2148288240000.0,50800.0,-10.4330708661417,,64.9366085578447,23.499491353001,10.2,83.8772456869224,1,3,0,83,"관망",51,-10.7843137254902,64,20260616,8.92351274787535,4.22985171617885,0,0,,,,,0,,,0,0,46409.4802695237,53609.4802695237
20261007,204610,"티쓰리",KOSDAQ,2840.0,-1.05,"게임엔터테인먼트",1.47,2.6934925225,158262464800.0,3375.0,-15.8518518518519,,37.8486055776892,19.5714285714286,7.4,43.5735270246725,3,1,0,54,"없음",41,13.8276553106212,88,,,,0,0,,,,,0,,,0,0,3120.48808506447,3245.48808506447
20261007,204620,"글로벌텍스프리",KOSDAQ,5760.0,6.47,"기타금융",50.79,39.048999615,404831980800.0,6200.0,-7.41935483870968,,25.0883392226148,15.0242326332795,4.4,110.462560802464,4,2,0,78,"수축중",57,16.1943319838057,89,20260828,15.2804642166344,6.01374454380284,0,0,,,,,1,5670.0,"지지 재탈환",0,0,5558.40608957649,5558.40608957649
20261007,204840,"지엘팜텍",KOSDAQ,4060.0,-2.17,"제약",0.85,4.0321924925,62969792060.0,5490.0,-24.5901639344262,,31.2169312169312,27.6923076923077,7.4,30.2316995021976,0,2,0,50,"없음",38,-20.1542912246866,47,,,,0,0,,,,,0,,,0,0,5295.86475389352,5295.86475389352
20261007,205100,"엑셈",KOSDAQ,1390.0,1.83,"소프트웨어",6.48,7.308987126,93879729860.0,1523.0,-8.92974392646093,,13.5987978963186,26.0792430514488,11.4,119.679760349137,0,1,0,54,"없음",25,-23.5391400220507,40,,,,0,0,,,,,1,1373.0,"저항→지지",0,0,1373.76016829782,1516.76016829782
20261007,205470,"휴마시스",KOSDAQ,3115.0,19.58,"생명과학도구및서비스",82.9,5.4375425325,76862628115.0,3090.0,1.45631067961165,1.45631067961165,20.7142857142857,32.6027397260274,5.8,1772.56853795803,0,2,0,51,"없음",39,-15.3846153846154,56,20261007,18.75,57.2636614496212,1,0,20261007,3090.0,3135.0,2727.24532649247,1,2740.0,"지지 재탈환",0,0,3041.70766217317,3241.70766217317
20261007,205500,"넥써쓰",KOSDAQ,1779.0,-0.73,"게임엔터테인먼트",2.31,2.7733841345,148656436863.0,1993.0,-11.5403913697943,,31.867184131091,15.2610441767068,8.2,85.4974560783215,0,1,0,54,"없음",29,3.03915838690824,81,20260617,19.3621867881549,4.44587758868592,0,0,,,,,1,1753.0,"지지 재탈환",0,0,1781.60350383479,1781.60350383479
20261007,206400,"베노티앤알",KOSDAQ,676.0,-5.72,"건설",1.2,3.5759089955,25356866808.0,833.0,-18.8475390156062,2.52100840336134,8.18231740801758,49.6551724137931,5.8,77.028278020182,0,2,0,40,"없음",30,-43.6666666666667,13,20260928,31.3846153846154,15.6445159772804,0,0,20260928,833.0,854.0,1602.28117187418,1,674.0,"지지 재탈환",0,0,787.11225072388,807.11225072388
20261007,206640,"바디텍메드",KOSDAQ,9980.0,2.67,"생명과학도구및서비스",5.84,2.53274901,218641051580.0,11770.0,-15.2081563296517,,57.3383084577114,20.8725406330197,11.4,137.563877013221,0,1,0,52,"없음",22,-11.2888888888889,63,,,,1,0,,,,,1,9630.0,"지지 재탈환",1,0,9337.17789215153,11227.1778921515
20261007,206650,"유바이오로직스",KOSDAQ,8550.0,1.42,"생물공학",6.34,6.635931385,314232224850.0,9000.0,-5.33333333333333,,43.3476394849785,15.511892450879,6.6,61.9649387338022,0,2,0,86,"없음",45,-39.2729864575909,18,20260615,14.4820295983087,5.61130258154662,0,0,,,,,1,8420.0,"지지 재탈환",0,0,8302.57399204905,8972.57399204905
20261007,207760,"미스터블루",KOSDAQ,2140.0,0.0,"양방향미디어와서비스",0.22,1.811926205,35558145840.0,3190.0,-32.6018808777429,,62.8,54.6061415220294,16.8,8.8794906720502,0,2,0,51,"없음",42,-58.2118561710398,4,20260903,8.61723446893787,348.618496651742,0,0,,,,,0,,,0,0,2480.29329841707,2910.29329841707
20261007,207940,"삼성바이오로직스",KOSPI,1279000.0,-2.37,"제약",792.72,564.979729976,59206126329000.0,1429907.0,-10.6235580355925,,53.4666874111582,12.2008391998404,12.6,114.27122966392,0,1,0,47,"관망",33,-18.0716187394184,51,20260724,10.0797729292362,3.8337293347752,0,0,,,,,0,,,0,0,1383268.06706675,1540052.06706675
20261007,208140,"정다운",KOSDAQ,2270.0,0.0,"식품",0.21,0.41920647,74193238420.0,2400.0,-5.0,,40.9756097560976,8.47826086956522,11.0,42.8328683366971,1,1,0,69,"없음",32,-7.50507099391481,69,,,,1,0,,,,,0,,,0,0,2308.75072736409,2308.75072736409
20261007,208350,"지란지교시큐리티",KOSDAQ,2895.0,-1.86,"소프트웨어",0.42,0.3074151275,23454045150.0,3330.0,-13.0630630630631,,6.73267326732673,12.4031007751938,3.8,138.29508939204,1,1,0,41,"없음",31,-4.76973684210526,73,20260818,8.64864864864865,4.23020461424144,0,0,,,,,0,,,0,0,3018.34705469635,3018.34705469635
20261007,208370,"셀바스헬스케어",KOSDAQ,2680.0,-3.07,"건강관리장비와용품",5.9,18.5867822025,68984711520.0,3100.0,-13.7096774193548,,29.25,30.5379746835443,8.0,59.7530955523177,0,2,0,67,"없음",30,-40.3567447045708,16,20260928,14.5877378435518,54.254383604575,0,0,,,,,1,2540.0,"저항→지지",0,0,2722.46259936799,2782.46259936799
20261007,208640,"썸에이지",KOSDAQ,666.0,-4.17,"게임엔터테인먼트",1.21,4.750305362,9273400650.0,1024.0,-34.9609375,,55.3065082365649,60.0507292327204,8.4,26.8701211569017,0,1,0,52,"없음",26,-62.2020431328036,3,20260921,17.6328502415459,4.70075011242692,0,0,,,,,0,,,0,0,844.180162413879,1351.18016241388
20261007,208710,"포톤",KOSDAQ,2860.0,-1.38,"핸드셋",1.85,3.47034996,37695177520.0,3190.0,-9.09090909090909,,35.417944001635,17.0984455958549,5.0,24.096421935943,4,2,0,61,"없음",65,40.0966183574879,94,20260804,14.0997830802603,4.00324927243321,1,0,,,,,1,2685.0,"저항→지지",0,0,2746.04288057563,2831.04288057563
20261007,209640,"와이제이링크",KOSDAQ,3985.0,-4.89,"전자장비와기기",25.72,58.1150735925,113345936810.0,4325.0,-8.90173410404624,,17.8571428571429,28.5362853628536,7.0,96.0056263803133,2,2,0,49,"관망",42,-14.626218851571,57,20261002,11.820652173913,6.22444664158325,0,0,,,,,1,3340.0,"저항→지지",0,0,3874.83320014739,3874.83320014739
20261007,210120,"캔버스엔",KOSDAQ,1768.0,1.96,"방송과엔터테인먼트",1.91,2.938898735,17140744088.0,2275.0,-16.5274725274725,,34.4489067380634,68.4656416692815,16.4,66.6692650358685,0,2,0,39,"없음",30,-44.5547445255474,12,20260828,29.9205648720212,4.11150189182013,1,0,,,,,1,1778.0,"저항→지지",0,0,1912.53272661888,1912.53272661888
20261007,210540,"디와이파워",KOSPI,11090.0,-0.18,"기계",1.96,2.25937174,122452541720.0,11850.0,-7.25738396624473,,60.735171261487,11.0412926391382,9.6,60.7816988100123,0,3,0,87,"없음",42,-21.5560314061385,44,,,,0,0,,,,,0,,,0,0,11208.6378624642,11758.6378624642
20261007,210980,"SK디앤디",KOSPI,3085.0,-4.49,"부동산",5.23,11.96766229,57434623470.0,3845.0,-19.8959687906372,,50.2463646196371,39.1935483870968,7.8,34.5341928693678,0,1,0,51,"없음",30,-65.4940622899395,3,20260910,10.8,3.04705908139446,0,0,,,,,0,,,0,0,4088.58588635523,4867.58588635523
20261007,211050,"인카금융서비스",KOSDAQ,9870.0,1.86,"손해보험",3.81,6.795403555,486232294590.0,10890.0,-8.90725436179982,,33.4933973589436,18.6991869918699,11.4,46.0773411498672,0,1,0,60,"없음",25,-18.0842279108175,51,,,,0,0,,,,,0,,,0,0,10296.4645196205,10566.4645196205
20261007,211270,"AP위성",KOSDAQ,8610.0,-11.24,"통신장비",49.01,11.38781226,129858637440.0,9430.0,-9.75609756097561,1.27253446447508,19.0657769304099,38.0952380952381,12.4,637.648078913787,0,1,0,60,"없음",27,-50.20479812756,8,,,,0,0,20261002,9430.0,9550.0,178.922575773172,1,8450.0,"저항→지지",0,0,8744.52958874554,8744.52958874554
20261007,212560,"네오오토",KOSDAQ,10450.0,-4.65,"자동차부품",9.78,42.572100255,140932336600.0,11940.0,-13.2328308207705,,57.8997613365155,34.176245210728,6.8,32.7428872201109,3,2,0,56,"수축중",55,30.314465408805,93,20260908,8.16498316498318,4.462424308735,0,0,,,,,1,10060.0,"지지 재탈환",0,0,11622.821455886,11622.821455886
20261007,212710,"아이에스티이",KOSDAQ,7440.0,-0.53,"반도체와반도체장비",8.32,4.13087145,72279436320.0,9180.0,-19.4989106753813,,59.2361111111111,48.4792626728111,11.0,142.456008018268,0,2,0,53,"없음",32,0.818553888130969,79,20260527,14.9509803921569,5.09931136241514,0,0,,,,,1,6850.0,"지지 재탈환",0,0,6778.15971127849,9838.15971127849
20261007,213420,"덕산네오룩스",KOSDAQ,29800.0,-2.61,"디스플레이장비및부품",21.2,54.066398175,739969134200.0,33550.0,-11.7734724292101,,58.3911234396671,25.1908396946565,10.8,46.7170286069861,0,1,0,60,"관망",29,-40.4426559356137,16,,,,0,0,,,,,0,,,0,0,30488.8082992145,34488.8082992145
20261007,213500,"한솔제지",KOSPI,7120.0,-0.28,"종이와목재",0.74,1.87670573,169460101120.0,9810.0,-27.3190621814475,,40.2061855670103,10.3404791929382,7.6,15.9390159390159,0,1,0,56,"없음",30,-13.9927623642943,58,20260730,9.74124809741248,13.7958163903589,0,0,,,,,0,,,0,0,9304.70283494124,9304.70283494124
20261007,214150,"클래시스",KOSDAQ,30800.0,-1.75,"건강관리장비와용품",33.9,44.253644625,2009258297200.0,32350.0,-4.79134466769706,,73.3606557377049,37.6705141657922,7.2,44.803610071351,0,2,0,83,"관망",45,-43.5897435897436,13,,,,0,0,,,,,0,,,0,0,29959.017996697,44659.017996697
20261007,214180,"헥토이노베이션",KOSDAQ,14330.0,-1.17,"IT서비스",4.36,6.090482905,186194949110.0,14400.0,-2.01388888888889,0.763888888888889,37.7635197066911,15.4432132963989,10.0,51.9073861657692,0,3,0,92,"없음",39,-24.6260683760684,38,,,,0,0,20261006,14400.0,14510.0,169.724332642492,1,13810.0,"지지 재탈환",0,0,14086.5530255214,14606.5530255214
20261007,214260,"라파스",KOSDAQ,7490.0,0.13,"화장품",0.52,0.58962754,66829247870.0,8000.0,-6.5,,54.8598130841122,22.7848101265823,6.0,50.3589832667477,0,2,0,87,"없음",45,-25.0501002004008,38,20260702,9.26594464500601,2.7667039030934,0,0,,,,,0,,,0,0,7253.21943076786,8893.21943076786
20261007,214270,FSN,KOSDAQ,1388.0,-0.57,"양방향미디어와서비스",0.52,0.4842502185,62809270768.0,1430.0,-5.24475524475525,,39.0747330960854,15.9298245614035,9.6,52.4093822978498,0,3,0,92,"없음",45,-41.0869565217391,15,,,,0,0,,,,,1,1348.0,"저항→지지",0,0,1324.09793302325,1373.09793302325
20261007,214320,"이노션",KOSPI,18020.0,0.17,"광고",7.5,9.597562325,720800000000.0,18400.0,-2.01086956521739,,51.0957324106113,9.54314720812183,9.2,69.0011505938167,2,1,0,62,"없음",37,-0.825082508250825,77,,,,0,0,,,,,0,,,0,0,18234.539509542,19124.539509542
20261007,214330,"금호에이치티",KOSPI,6880.0,-0.58,"자동차부품",0.98,8.1955826,71943671520.0,7170.0,-3.34728033472803,,68.5518955873213,42.0,5.4,6.3011920677986,0,2,0,76,"없음",47,-40.0519031141868,16,20260907,20.6429780033841,3.02937599652737,0,0,,,,,0,,,0,0,6583.93866807545,9033.93866807545
20261007,214370,"케어젠",KOSDAQ,44400.0,3.02,"건강관리업체및서비스",43.44,26.5112612,2384946000000.0,71000.0,-37.6760563380282,,73.8214643931795,49.4791666666667,12.8,128.282266292854,0,1,0,40,"없음",25,-54.002079002079,6,,,,0,0,,,,,1,42150.0,"저항→지지",0,0,40196.1756721903,65096.1756721903
20261007,214390,"경보제약",KOSPI,5490.0,1.48,"제약",1.37,0.984638225,131248661400.0,6150.0,-11.7073170731707,,24.0618101545254,7.59259259259259,7.4,87.75963148489,0,1,0,47,"없음",25,-28.9267015706806,31,,,,0,0,,,,,1,5400.0,"저항→지지",0,0,5645.52272193407,5645.52272193407
20261007,214420,"토니모리",KOSPI,5090.0,1.19,"화장품",3.7,2.4981428725,122438926910.0,5300.0,-4.52830188679245,,60.5744125326371,27.8195488721804,7.2,71.623193183605,0,2,0,77,"없음",43,-26.878612716763,34,,,,0,0,,,,,1,5030.0,"지지 재탈환",0,0,5081.75811924983,6211.75811924983
20261007,214430,"아이쓰리시스템",KOSDAQ,79100.0,-2.1,"우주항공과국방",18.86,20.4779109,578000706500.0,86800.0,-8.98617511520737,,16.8539325842697,25.9398496240602,9.6,85.9022620620529,0,3,0,84,"없음",35,-18.974358974359,49,20261001,23.2352941176471,7.26382359203356,0,0,,,,,1,70400.0,"저항→지지",0,0,77114.2892468912,77114.2892468912
20261007,214450,"파마리서치",KOSDAQ,309000.0,0.98,"건강관리장비와용품",267.4,330.50553375,3210401232000.0,465500.0,-33.6197636949517,,64.3794147325933,24.9056603773585,9.2,55.6749355354351,1,2,0,68,"관망",45,-1.2779552715655,77,,,,0,0,,,,,0,,,0,0,358235.36563732,429235.36563732
20261007,214680,"디알텍",KOSDAQ,3745.0,-3.6,"건강관리장비와용품",1.08,10.324342425,62511356495.0,6240.0,-39.5032051282051,,63.16685584563,42.964824120603,12.2,20.0294149028876,0,1,0,42,"없음",30,-55.086258179655,5,20260814,10.5263157894737,36.4078384528351,0,0,,,,,0,,,0,0,5667.99633109525,6217.99633109525
20261007,215000,"골프존",KOSDAQ,35950.0,0.14,"호텔,레스토랑,레저",2.69,5.198361275,225601169250.0,36550.0,-1.77838577291382,,60.7214428857715,16.7277167277167,9.8,36.0668294593287,0,2,0,84,"없음",41,-27.9116465863454,33,,,,0,0,,,,,0,,,0,0,35499.5120939317,39149.5120939317
20261007,215090,"솔디펜스",KOSDAQ,1431.0,1.63,"우주항공과국방",2.09,1.4512112985,33135750891.0,1935.0,-26.6149870801034,,8.82978723404255,30.2615933412604,10.4,186.435781313629,0,1,0,45,"없음",26,-48.9208633093525,9,20260908,10.1526717557252,4.08735548607577,0,0,,,,,1,1362.0,"저항→지지",0,0,1710.75013329798,1710.75013329798
20261007,215100,"로보로보",KOSDAQ,4155.0,-2.46,"교육서비스",2.33,2.66180671,84547826370.0,4265.0,-3.16529894490035,0.937866354044549,66.9577874818049,20.3722854188211,8.0,29.6339957616887,0,3,0,98,"없음",50,-40.9155937052933,15,20260721,12.4450951683748,19.7745015054239,0,0,20261006,4265.0,4305.0,29.6192707254567,0,,,0,0,3947.93707484997,4417.93707484997
20261007,215200,"메가스터디교육",KOSDAQ,38050.0,0.66,"교육서비스",9.58,12.146666325,394396468800.0,35200.0,8.38068181818182,2.55681818181818,52.4193548387097,29.8958333333333,20.0,69.0024324010854,1,1,0,47,"없음",30,-20.850622406639,46,,,,0,0,20260921,35200.0,36100.0,93.8448791724771,1,35200.0,"저항→지지",0,0,35887.4832888374,40237.4832888374
20261007,215360,"우리산업",KOSDAQ,6400.0,-1.23,"자동차부품",0.69,0.555244845,58445843200.0,6690.0,-2.84005979073244,,12.2641509433962,25.4980079681275,15.0,89.7705496294538,0,1,0,57,"없음",27,-24.1540256709452,39,,,,0,0,,,,,1,6230.0,"지지 재탈환",0,0,6375.75618804203,6745.75618804203
20261007,215380,"콜마바이오텍",KOSDAQ,2385.0,5.07,"생명과학도구및서비스",25.84,1.772319375,40138538760.0,2380.0,0.630252100840336,0.630252100840336,19.2716236722307,18.1451612903226,7.2,1799.97805379652,2,3,0,79,"없음",50,-11.460258780037,63,20260721,9.30735930735931,5.4246261758106,0,0,20261007,2380.0,2395.0,2741.23616808056,1,2315.0,"저항→지지",0,0,2556.23737455614,2606.23737455614
20261007,215480,"토박스코리아",KOSDAQ,2070.0,-0.24,"섬유,의류,신발,호화품",0.51,0.2521326345,22231800000.0,2205.0,-6.12244897959184,,41.3686806411837,17.2705882352941,10.4,111.243879197712,3,1,0,52,"없음",46,-7.58928571428571,69,20260807,9.82658959537572,4.40103051938097,0,0,,,,,0,,,0,0,1958.39609900974,1973.39609900974
20261007,215600,"신라젠",KOSDAQ,2385.0,1.92,"제약",13.79,14.952190495,330450250140.0,2425.0,-1.85567010309278,,68.7426556991774,34.0943683409437,5.4,32.4462814474644,0,2,0,79,"없음",47,-39.5939086294416,17,20260825,29.8245614035088,10.6301190460519,1,0,,,,,0,,,0,0,2182.37952532574,3017.37952532574
20261007,216050,"인크로스",KOSDAQ,5000.0,0.2,"광고",0.32,0.4466787725,60993110000.0,5050.0,-0.792079207920792,,56.2310030395137,19.7588126159555,9.6,35.0685270134452,0,1,0,79,"없음",31,-25.6676557863501,37,,,,0,0,,,,,1,4995.0,"지지 재탈환",0,0,5143.18726534355,5143.18726534355
20261007,216080,"제테마",KOSDAQ,6020.0,-1.79,"건강관리장비와용품",3.15,13.952870995,224468335980.0,7590.0,-20.8168642951252,,20.2805376972531,16.6666666666667,5.6,21.2440819712344,1,1,0,48,"없음",31,-24.4025157232704,39,20260902,21.6535433070866,7.82919165372004,0,0,,,,,1,5460.0,"저항→지지",0,0,6656.04447579866,6656.04447579866
20261007,217190,"제너셈",KOSDAQ,9000.0,8.56,"반도체와반도체장비",56.14,20.334321495,118383849000.0,7830.0,14.3039591315453,2.93742017879949,6.94117647058823,30.193661971831,11.6,294.88375607412,5,2,0,54,"없음",60,63.023679417122,96,20260818,18.5,24.2287636217185,1,0,20260930,7830.0,8060.0,72.2150507105411,1,7830.0,"저항→지지",1,1,7515.65736514542,7515.65736514542
20261007,217270,"넵튠",KOSDAQ,2470.0,0.0,"게임엔터테인먼트",0.83,1.17320048,112766261790.0,2715.0,-9.02394106813996,,21.4132762312634,51.6706443914081,21.2,73.2785364681067,0,2,0,60,"없음",33,-40.2660217654172,16,,,,0,0,,,,,1,2380.0,"지지 재탈환",0,0,2465.05099682187,2465.05099682187
20261007,217330,"싸이토젠",KOSDAQ,3100.0,-0.48,"건강관리업체및서비스",1.32,1.8119532925,71701595700.0,3410.0,-9.2375366568915,,35.3535353535353,21.0738255033557,7.4,68.7558019204072,0,2,0,57,"없음",28,-33.4408602150538,24,,,,0,0,,,,,0,,,0,0,3147.34347404928,3372.34347404928
20261007,217500,"러셀",KOSDAQ,1594.0,-2.86,"반도체와반도체장비",1.34,0.8891489225,50708328000.0,1600.0,-1.8125,1.25,47.1215351812367,17.0480549199085,6.8,136.773903340456,0,1,0,54,"없음",27,-42.029520295203,14,,,,0,0,20261002,1600.0,1620.0,212.040023442861,1,1560.0,"저항→지지",0,0,1706.11315999536,1706.11315999536
20261007,217730,"강스템바이오텍",KOSDAQ,2235.0,-2.4,"생물공학",5.29,5.002923745,210211023015.0,2295.0,-2.8322440087146,,59.7701149425287,32.3181049069374,6.6,39.9309854801904,2,2,0,61,"없음",57,-37.1830985915493,20,20260730,11.5288220551379,2.50755421373248,0,0,,,,,1,2070.0,"지지 재탈환",0,0,2049.42709741392,2614.42709741392
20261007,217820,"원익피앤이",KOSDAQ,2395.0,-4.2,"전기제품",6.92,28.3246910575,113653668805.0,3300.0,-28.030303030303,,33.9762611275964,19.6712619300106,9.6,49.9842647742723,0,1,0,50,"없음",30,-23.1391585760518,41,20260910,29.97542997543,5.16661310009368,0,0,,,,,1,2370.0,"저항→지지",0,0,2970.1557049123,2970.1557049123
20261007,218150,"미래생명자원",KOSDAQ,1893.0,-0.73,"식품",1.14,4.4993719535,38647113186.0,1980.0,-3.78787878787879,,86.6485013623978,44.3081761006289,10.4,11.3319049804156,0,1,0,57,"없음",35,-37.3355263157895,20,20260720,29.8029556650246,9.21510501365447,0,0,,,,,0,,,0,0,2130.98462741335,2970.98462741335
20261007,218410,RFHIC,KOSDAQ,58600.0,-6.09,"통신장비",249.6,338.88000215,1557320901200.0,64600.0,-9.90712074303406,,39.9518652226233,23.3928571428571,7.0,96.2071097703329,2,1,0,65,"관망",43,-38.2165605095541,19,20260918,13.5185185185185,4.25184297223184,0,0,,,,,1,52700.0,"저항→지지",0,0,57080.4300733154,57080.4300733154
20261007,219130,"타이거일렉",KOSDAQ,97600.0,5.86,"반도체와반도체장비",122.15,37.42517095,616274704000.0,78900.0,24.2078580481622,2.40811153358682,24.5852187028658,41.0942956926659,11.0,258.278600907906,5,2,0,44,"돌파완료",67,234.470989761092,99,20260916,11.3636363636364,3.5139613291614,0,0,20260923,78900.0,80800.0,69.9028292962994,1,78900.0,"저항→지지",1,1,83303.4839175756,83303.4839175756
20261007,219420,"링크제니시스",KOSDAQ,3160.0,-2.77,"소프트웨어",0.79,0.58215351,36243642120.0,3490.0,-9.02578796561605,,42.1270718232044,21.3204951856946,11.4,122.172337590135,0,2,0,72,"없음",30,-34.1968911917098,23,,,,0,0,,,,,0,,,0,0,3184.12215869052,3414.12215869052
20261007,219550,"디와이디",KOSDAQ,1197.0,-0.25,"화장품",0.14,0.355780896,49530914370.0,1239.0,-3.38983050847458,,50.98374679213,29.6,8.8,30.4904601641088,2,1,0,56,"없음",41,-30.0409117475161,29,20260828,11.7967332123412,4.06085406320636,0,0,,,,,1,1177.0,"지지 재탈환",0,0,1164.11556073072,1321.11556073072
20261007,219750,"한국비티비",KOSDAQ,1809.0,5.05,"건강관리장비와용품",0.24,0.2526290315,23671446993.0,2110.0,-14.2654028436019,,36.0429014959074,36.6244725738397,10.2,141.382284197764,0,3,0,72,"없음",33,-62.1943573667712,3,20260928,10.0861008610086,19.8776850350093,0,0,,,,,1,1725.0,"저항→지지",0,0,1825.47877695166,2085.47877695166
20261007,220100,"퓨쳐켐",KOSDAQ,7140.0,-1.92,"제약",4.56,8.134301007,184335165000.0,7190.0,-0.278164116828929,1.52990264255911,34.043830681477,24.6479766586325,7.4,75.5220862660103,0,1,0,45,"없음",27,-55.6668521610091,5,,,,0,0,20261006,7190.0,7300.0,68.2934946910059,1,6908.0,"저항→지지",0,0,6978.50006575265,6978.50006575265
20261007,220180,"폴라리스AI핸디",KOSDAQ,1353.0,0.59,"소프트웨어",0.08,0.1300202265,32378429226.0,1690.0,-19.9408284023669,,11.7127071823204,19.2672141503474,7.4,57.8373750239177,0,1,0,54,"없음",26,-31.3197969543147,27,,,,0,0,,,,,0,,,0,0,1516.74195320393,1516.74195320393
20261007,220260,"켐트로스",KOSDAQ,4710.0,-2.28,"화학",7.01,7.045578855,151059379050.0,4690.0,-0.213219616204691,1.06609808102345,9.57854406130269,28.5326086956522,11.4,126.655321257285,0,3,0,79,"없음",38,-13.4935304990758,60,20260928,14.1221374045801,18.3265879630806,0,0,20261001,4690.0,4740.0,322.284550821589,1,3905.0,"저항→지지",0,0,4498.95695575318,4498.95695575318
20261007,221840,"하이즈항공",KOSDAQ,2085.0,0.48,"우주항공과국방",1.19,0.1885979225,38990669685.0,2180.0,-7.11009174311927,,4.29906542056076,15.1620947630923,9.4,448.520017035775,0,1,0,44,"없음",25,-23.8721804511278,40,,,,0,0,,,,,0,,,0,0,2259.82023312823,2259.82023312823
20261007,221980,"케이디켐",KOSDAQ,9340.0,1.08,"화학",0.07,0.076958305,37685032000.0,10200.0,-6.76470588235294,,0.0,6.76229508196721,10.8,91.0252700617284,1,1,0,57,"없음",32,-7.30994152046784,69,,,,0,0,,,,,1,9500.0,"저항→지지",0,0,9631.69195603231,9631.69195603231
20261007,222040,"코스맥스엔비티",KOSDAQ,6320.0,0.16,"건강관리업체및서비스",6.23,18.27098282,130368960000.0,9490.0,-33.9304531085353,,58.2527747941282,45.9821428571429,7.4,27.6353994656756,3,2,0,51,"없음",50,50.3597122302158,95,20260810,23.9860950173812,10.2567139572707,0,0,,,,,0,,,0,0,7799.74485770622,10099.7448577062
20261007,222080,"SFA넥셀",KOSDAQ,8500.0,-3.08,"전기제품",53.74,36.330549625,661131224000.0,7880.0,6.5989847715736,1.14213197969543,43.3114035087719,24.0320427236315,10.0,131.517425701403,2,3,0,92,"관망",46,-31.3164349959117,27,,,,0,0,20260930,7880.0,7970.0,218.661478205729,1,7880.0,"저항→지지",0,0,8137.95467874849,8137.95467874849
20261007,222110,"팬젠",KOSDAQ,4735.0,-0.21,"생물공학",0.15,0.29432081,63991200115.0,5970.0,-19.7654941373534,,16.7224080267559,14.3269230769231,7.2,45.7433810935153,0,1,0,52,"없음",26,-6.26223091976517,71,,,,0,0,,,,,0,,,0,0,5525.86374413586,5525.86374413586
20261007,222420,"쎄노텍",KOSDAQ,960.0,-1.64,"화학",0.76,2.434944546,46481782080.0,1077.0,-11.0492107706592,,33.8757396449704,22.1476510067114,8.0,41.0768920016659,2,2,0,59,"없음",53,-31.5225160829164,27,20260909,13.4545454545455,13.6065647448661,0,0,,,,,1,954.0,"저항→지지",0,0,950.263068026562,950.263068026562
20261007,222800,"심텍",KOSDAQ,171300.0,-2.11,"전자장비와기기",1016.7,1044.82870805,6592399303800.0,156600.0,8.04597701149425,2.17113665389527,46.4576074332172,20.8870967741935,7.4,74.8367102693445,5,2,0,74,"돌파완료",61,219.848771266541,99,20260922,13.145896656535,2.55997658669013,0,0,20261001,156600.0,160000.0,102.129005331324,1,156600.0,"저항→지지",0,0,161396.904397058,161396.904397058
20261007,222980,"한국맥널티",KOSDAQ,2045.0,-0.49,"식품",0.23,0.2580407,22559382735.0,2545.0,-19.6463654223969,,17.4910394265233,11.7673378076063,10.4,89.1218975808985,0,1,0,48,"없음",26,-20.889748549323,46,20260910,12.085308056872,5.74397058178352,0,0,,,,,0,,,0,0,2263.14718206721,2263.14718206721
20261007,223250,"드림씨아이에스",KOSDAQ,3885.0,5.28,"제약",29.96,21.2498025525,95572724940.0,4075.0,-4.17177914110429,,0.0,32.8591749644381,13.2,274.693606817391,0,1,0,40,"없음",34,-21.9,44,20260921,16.4536741214057,95.1956958860931,0,0,,,,,1,3490.0,"저항→지지",0,0,3554.5480251977,3554.5480251977
20261007,223310,"사토시홀딩스",KOSDAQ,2905.0,-0.68,"식품과기본식료품소매",0.55,4.366978215,39619444515.0,3190.0,-8.93416927899687,,61.572606214331,52.0408163265306,7.0,13.7164219708471,0,1,0,51,"없음",33,-62.1892489912794,3,20260831,30.0,15.8588637755238,0,0,,,,,1,2860.0,"지지 재탈환",0,0,3488.19373325008,4193.19373325008
20261007,224060,"더코디",KOSDAQ,3365.0,-15.87,"전기제품",27.86,51.69956515,17365829530.0,12750.0,-73.6078431372549,,34.0219496449322,28.6486486486486,7.2,242.861525650297,2,1,0,43,"관망",36,-40.3368794326241,16,20260910,29.9605781865966,15.1877286708319,0,0,,,,,0,,,0,0,10898.4325241489,10898.4325241489
20261007,224110,"에이텍모빌리티",KOSDAQ,7630.0,0.13,"컴퓨터와주변기기",0.11,0.24799515,38763345180.0,8950.0,-14.7486033519553,,12.9689174705252,24.8496993987976,2.8,18.3765658518014,0,2,0,68,"없음",38,-13.2954545454545,60,,,,0,0,,,,,0,,,0,0,9098.56816061608,9098.56816061608
20261007,225220,"제놀루션",KOSDAQ,1455.0,1.75,"건강관리장비와용품",0.82,0.416033601,27921480555.0,1585.0,-8.13880126182965,,17.8206583427923,36.1574382921948,15.0,200.6717549823,0,2,0,65,"없음",28,-20.26286966046,47,,,,0,0,,,,,1,1400.0,"저항→지지",0,0,1411.56747367856,1411.56747367856
20261007,225530,"HC보광산업",KOSDAQ,2100.0,-0.71,"건축자재",0.27,0.194066825,76311326700.0,2150.0,-0.465116279069767,,79.1073124406458,7.76255707762557,2.8,57.2526306115057,0,2,0,77,"없음",47,-42.7807486631016,13,20260703,9.03614457831326,20.5349778154852,1,0,,,,,1,2130.0,"저항→지지",0,0,2006.18019116236,2006.18019116236
20261007,225570,"넥슨게임즈",KOSDAQ,10500.0,-4.11,"게임엔터테인먼트",30.99,15.40127782,691531827000.0,12000.0,-12.4166666666667,,12.5461254612546,13.5912698412698,6.8,170.158932604582,0,1,0,53,"없음",29,-12.5623960066556,61,20260825,15.3928955866523,5.04836019934125,0,0,,,,,0,,,0,0,11013.0130920973,11013.0130920973
20261007,225590,"패션플랫폼",KOSDAQ,2915.0,-0.68,"섬유,의류,신발,호화품",0.2,0.832836545,14928811040.0,3400.0,-14.2647058823529,,48.7671232876712,12.0063191153239,7.4,15.7937635486828,0,1,0,54,"없음",22,-34.2728297632469,23,,,,0,0,,,,,0,,,0,0,3092.30586751613,3152.30586751613
20261007,226320,"잇츠한불",KOSPI,11730.0,4.17,"화장품",11.42,2.791758435,257230864950.0,11500.0,2.0,2.0,32.1917808219178,12.2036874451273,6.4,256.630451942831,2,2,0,76,"없음",51,15.5665024630542,89,20260708,13.5190918472652,7.76816882564009,0,0,20261007,11500.0,11730.0,268.169354569147,1,11090.0,"저항→지지",1,0,10610.5058297621,11080.5058297621
20261007,226330,"신테카바이오",KOSDAQ,1220.0,-5.94,"건강관리업체및서비스",1.6,2.0822209245,29595339500.0,1448.0,-15.7458563535912,,55.7776560788609,27.8383579217447,5.0,34.0726065344207,0,2,0,78,"없음",42,-64.5863570391872,3,20260827,13.121434392828,3.0027538110249,0,0,,,,,1,1155.0,"지지 재탈환",0,0,1213.42881141726,1698.42881141726
20261007,226400,"오스테오닉",KOSDAQ,4205.0,0.12,"건강관리장비와용품",2.36,4.2963874775,86882032205.0,4330.0,-2.88683602771363,,32.183081715792,27.8625954198473,8.2,55.3235154223631,0,2,0,66,"없음",30,-36.9565217391304,20,,,,0,0,,,,,0,,,0,0,3978.36827166277,4828.36827166277
20261007,226590,"엠디바이스",KOSDAQ,14580.0,-2.93,"반도체와반도체장비",4.99,10.770133635,156250710720.0,15880.0,-7.55667506297229,,36.0647181628393,38.6206896551724,9.6,61.5533804477497,2,1,0,65,"없음",35,-41.7460317460317,14,,,,0,0,,,,,1,13430.0,"저항→지지",0,0,14094.725636175,14094.725636175
20261007,226950,"올릭스",KOSDAQ,121600.0,-0.82,"생명과학도구및서비스",264.74,260.08008425,2781582732800.0,117900.0,2.29007633587786,4.83460559796438,60.2554744525548,35.5021216407355,7.4,86.1625850483952,1,2,0,59,"관망",44,-39.8503740648379,17,,,,0,0,20261006,117900.0,123600.0,106.898599478742,1,109300.0,"저항→지지",0,0,107967.522820225,123467.522820225
20261007,227610,"아우딘퓨쳐스",KOSDAQ,1013.0,3.9,"화장품",0.18,0.2985844405,19626440423.0,1113.0,-11.0512129380054,,40.6386066763425,44.3563148261135,10.6,37.5238242719413,0,2,0,66,"없음",45,-34.8684210526316,23,20260807,8.51851851851853,3.10839683058612,0,0,,,,,0,,,0,0,1137.04214691661,1426.04214691661
20261007,227840,"현대코퍼레이션홀딩스",KOSPI,12670.0,0.32,"식품과기본식료품소매",0.54,0.94264398,115307592120.0,13270.0,-3.61718161266014,,22.9954614220878,11.021897810219,6.6,33.4935660979568,4,3,1,93,"없음",65,3.73073803730738,81,,,,0,0,,,,,0,,,0,0,12674.3528799287,12984.3528799287
20261007,227950,"엔투텍",KOSDAQ,1280.0,-1.01,"반도체와반도체장비",0.61,1.2571854895,44170507520.0,1490.0,-15.1006711409396,,52.8765115426896,40.9137577002053,6.0,19.1562821236161,0,2,0,62,"없음",42,-42.1052631578947,14,20260820,29.9797434166104,15.3879255198959,0,0,,,,,1,1228.0,"지지 재탈환",0,0,1290.52222366855,1748.52222366855
20261007,228340,"동양파일",KOSDAQ,3205.0,0.16,"건축자재",6.71,70.3684332475,64100000000.0,4935.0,-34.3465045592705,,67.1650838553243,31.8407960199005,7.2,13.2778250398695,4,1,0,50,"관망",50,59.2137592137592,96,20260916,9.57142857142856,2.79321807044893,0,0,,,,,0,,,0,0,4108.95730521904,4108.95730521904
20261007,228670,"레이",KOSDAQ,4370.0,2.22,"건강관리장비와용품",1.14,1.5251307225,68346891770.0,4695.0,-7.13525026624068,,72.3962516733601,43.800539083558,7.4,19.4986874392811,0,3,0,86,"없음",48,-17.1102661596958,53,20260803,24.750499001996,11.9260256224345,0,0,,,,,1,4300.0,"지지 재탈환",0,0,4240.11026676914,6845.11026676914
20261007,228760,"지노믹트리",KOSDAQ,11830.0,-3.03,"건강관리장비와용품",7.73,11.65928924,294084359660.0,12790.0,-7.74042220484754,,28.6179921773142,19.8547215496368,12.4,64.9440191276656,0,1,0,34,"없음",29,-34.7705914870094,23,20260918,14.0609636184857,7.19792948051109,0,0,,,,,1,10340.0,"지지 재탈환",0,0,11322.6395357717,13532.6395357717
20261007,228850,"레이언스",KOSDAQ,8270.0,-0.24,"건강관리장비와용품",1.79,5.99603626,137207685780.0,8750.0,-6.97142857142857,,0.394736842105278,16.0179640718563,7.4,30.9742814270392,5,3,0,73,"없음",63,29.6178343949045,93,20260918,13.9154160982265,6.70089832358341,0,0,,,,,1,7350.0,"저항→지지",0,0,7846.38644562716,7846.38644562716
20261007,229640,"LS에코에너지",KOSPI,69100.0,2.52,"전기장비",162.49,155.65592725,2116179138900.0,67800.0,0.589970501474926,0.737463126843658,10.0532623169108,18.7624750499002,7.0,151.877754980806,3,2,0,63,"수축중",55,53.7767756482525,95,20260918,11.873840445269,6.84839747855395,0,0,20261006,67800.0,68300.0,100.237278423825,1,67800.0,"저항→지지",0,0,60312.7631598362,60312.7631598362
20261007,230240,"에치에프알",KOSDAQ,13940.0,-2.18,"통신장비",16.76,25.895366005,185527460000.0,14980.0,-7.67690253671562,,57.51269035533,20.0143472022955,5.0,67.1024502122558,1,3,0,82,"없음",43,-58.9614243323442,4,20260916,8.13148788927336,3.84199899672198,0,0,,,,,1,12750.0,"저항→지지",0,0,12980.7813411213,15970.7813411213
20261007,232140,"와이씨",KOSDAQ,17100.0,-5.68,"반도체와반도체장비",388.44,402.411047515,1402975485000.0,15550.0,8.61736334405145,3.21543408360129,3.6412879927776,29.1327913279133,5.2,116.937103679985,2,2,0,68,"관망",46,-8.99784482758621,67,20260921,19.4816053511706,4.97948927311161,0,0,20261001,15550.0,16050.0,254.082715076063,1,15550.0,"저항→지지",0,0,16526.1981705518,16526.1981705518
20261007,232680,"라온로보틱스",KOSDAQ,10820.0,-2.96,"반도체와반도체장비",11.55,10.79769891,143446150000.0,10880.0,-0.367647058823529,1.10294117647059,50.4188144329897,21.4417744916821,6.6,53.8373698374622,1,3,0,89,"없음",48,-29.3350717079531,30,20260810,12.9488574537541,3.04071165000113,0,0,20261001,10880.0,11000.0,133.789758936241,1,9710.0,"저항→지지",0,0,10103.3867506908,10493.3867506908
20261007,232830,"아이티센피엔에스",KOSDAQ,3015.0,-8.64,"IT서비스",10.13,36.3264398675,49849183890.0,3570.0,-15.9663865546218,,0.0,35.2572145545797,2.2,68.5125090627123,3,2,0,42,"수축중",45,12.3595505617978,87,20260916,29.8507462686567,14.6698539371294,0,0,,,,,1,1996.0,"저항→지지",0,0,3352.29395180283,3352.29395180283
20261007,234030,"싸이닉솔루션",KOSDAQ,3760.0,-3.84,"반도체와반도체장비",7.35,18.684543815,88754800000.0,4095.0,-8.42490842490843,,6.73267326732673,40.365296803653,10.0,82.5931260107964,0,2,0,65,"없음",32,-44.5266272189349,12,20260929,14.2857142857143,32.7894160814125,0,0,,,,,1,3650.0,"저항→지지",0,0,3569.06170839962,3569.06170839962
20261007,234080,"JW생명과학",KOSPI,10950.0,-0.18,"제약",1.96,1.127278645,173388366300.0,11330.0,-3.44218887908208,,31.5068493150685,9.88372093023256,7.2,103.322309890544,0,3,0,94,"없음",40,-15.2594887683966,56,,,,0,0,,,,,0,,,0,0,11142.9017937703,11572.9017937703
20261007,234100,"폴라리스세원",KOSDAQ,2630.0,2.33,"자동차부품",0.2,0.24242201,38402302680.0,2795.0,-7.5134168157424,,23.696682464455,16.0744500846024,7.0,58.2727972733405,0,1,0,72,"없음",25,-49.8545101842871,8,,,,0,0,,,,,0,,,0,0,2586.97618144965,2641.97618144965
20261007,234300,"에스트래픽",KOSDAQ,3140.0,0.8,"IT서비스",1.08,5.396429325,85432429200.0,3300.0,-5.0,,7.6530612244898,19.4675540765391,11.0,25.5450393703346,1,1,0,43,"없음",36,-6.83506686478455,70,20260807,13.7291280148423,9.95173070816132,0,0,,,,,1,2760.0,"저항→지지",0,0,3128.12400727728,3128.12400727728
20261007,234340,"헥토파이낸셜",KOSDAQ,22900.0,-2.97,"IT서비스",43.2,111.38872657,319928022400.0,26800.0,-16.044776119403,,37.6128668171558,28.8866599799398,10.0,33.7051207706142,2,1,0,48,"관망",43,-9.09090909090909,67,20260904,13.4831460674157,3.61930387269914,0,0,,,,,1,22050.0,"지지 재탈환",0,0,23356.7015463236,23356.7015463236
20261007,234690,"녹십자웰빙",KOSDAQ,10670.0,0.09,"제약",38.3,34.603262345,191668304300.0,11370.0,-5.36499560246262,,14.882226980728,23.1300345224396,11.4,82.253804767179,3,1,0,36,"관망",49,-25.7418909592823,37,20260903,16.4680390032503,115.991982624993,0,0,,,,,1,9720.0,"저항→지지",0,0,10173.1571522746,10793.1571522746
20261007,235980,"메드팩토",KOSDAQ,3050.0,3.57,"제약",4.19,3.1609964925,104539119050.0,3050.0,0.0,,37.015503875969,43.5606060606061,9.2,74.6756687075795,0,1,0,59,"없음",37,-48.3925549915398,9,20260728,29.8507462686567,4.2934527267339,1,0,,,,,1,2990.0,"저항→지지",0,0,2735.76352545588,3515.76352545588
20261007,236200,"슈프리마",KOSDAQ,55000.0,-8.94,"전자장비와기기",25.32,14.6534998,383587105000.0,58000.0,-6.55172413793103,3.79310344827586,23.7547892720307,24.9230769230769,7.6,167.203316481526,4,2,0,49,"없음",55,14.8305084745763,88,20261006,8.27338129496402,2.84557823271404,0,0,20261006,58000.0,60200.0,257.525339134789,1,53300.0,"저항→지지",0,0,58049.6967113979,59349.6967113979
20261007,236810,"엔비티",KOSDAQ,1595.0,0.44,"광고",0.27,0.4335122965,27075804470.0,1799.0,-11.7843246247915,,5.87309910854746,18.7765505522515,9.6,25.4408215531023,0,2,0,62,"없음",45,-14.0303358613218,58,20260803,12.5509372453138,5.73845727401204,0,0,,,,,0,,,0,0,1672.7921351433,1672.7921351433
20261007,237690,"에스티팜",KOSDAQ,95900.0,-1.03,"제약",85.89,93.0859264,2002069584200.0,94700.0,1.47835269271383,2.32312565997888,70.0389105058366,37.8877400295421,11.4,57.9524636911754,0,1,0,49,"관망",40,-37.1073298429319,20,20260820,11.6817724068479,10.3927208074047,0,0,20261006,94700.0,96900.0,100.229452146584,1,94700.0,"저항→지지",0,0,91688.6470897245,117588.647089725
20261007,237750,"피앤씨테크",KOSDAQ,3505.0,-0.85,"전기장비",0.26,0.2050276275,22770583000.0,4150.0,-19.1566265060241,,4.71637985978331,22.4539877300613,8.6,101.397968044923,0,1,0,62,"없음",26,-27.2234273318872,34,20260710,13.8576779026217,2.96699998420296,0,0,,,,,0,,,0,0,3824.85690408276,4179.85690408276
20261007,237820,"플레이디",KOSDAQ,2295.0,-1.71,"광고",0.67,0.5404957725,29438286300.0,2420.0,-5.78512396694215,,45.631067961165,25.7894736842105,6.2,39.0890023384996,0,2,0,85,"없음",43,-51.2820512820513,7,,,,0,0,,,,,0,,,0,0,2218.76290019776,2708.76290019776
20261007,237880,"클리오",KOSDAQ,12490.0,4.43,"화장품",10.89,6.873739255,225711198970.0,12820.0,-2.57410296411856,,57.7051926298157,24.8238057948316,12.0,75.2617975610016,2,3,0,92,"없음",60,4.34419381787803,82,20260814,23.7391304347826,24.5482096675878,1,0,,,,,1,12100.0,"지지 재탈환",0,0,11849.5577817083,13829.5577817083
20261007,238090,"앤디포스",KOSDAQ,1776.0,-0.45,"핸드셋",0.48,0.519755471,54151021440.0,2535.0,-29.9802761341223,,6.15199034981906,23.4246575342466,7.2,117.361012514451,1,2,0,81,"없음",40,-42.3701298701299,14,20260916,8.08743169398907,15.2721525239553,0,0,,,,,0,,,0,0,2147.4479861273,2147.4479861273
20261007,238120,"얼라인드",KOSDAQ,2840.0,5.38,"생명과학도구및서비스",0.72,0.5830152075,40379898160.0,3125.0,-11.36,,39.5913154533844,19.4864048338369,7.2,98.5627669637419,0,2,0,75,"없음",30,-36.3218390804598,21,,,,0,0,,,,,1,2760.0,"지지 재탈환",0,0,2778.29553935464,2993.29553935464
20261007,238200,"비피도",KOSDAQ,2725.0,1.3,"건강관리업체및서비스",0.05,0.107031795,22290500000.0,3445.0,-20.899854862119,,0.791295746785354,14.4557823129252,5.2,23.6670353045376,0,1,0,50,"없음",30,-5.87219343696028,71,20260709,10.3896103896104,3.25494812102189,0,0,,,,,0,,,0,0,2937.00169892145,2937.00169892145
20261007,238490,"힘스",KOSDAQ,2255.0,-3.84,"디스플레이장비및부품",0.15,0.2827546775,25509092180.0,2520.0,-10.515873015873,,10.586319218241,22.5454545454545,4.2,27.4715793951116,0,2,0,67,"없음",45,-25.944170771757,36,20260903,8.36909871244636,25.9674972357222,0,0,,,,,0,,,0,0,2313.14190393393,2403.14190393393
20261007,239610,"에이치엘사이언스",KOSDAQ,5200.0,0.0,"건강관리업체및서비스",0.07,0.04884297,28038998000.0,6860.0,-22.8862973760933,,34.7252747252747,46.8950749464668,20.8,85.1167958519616,0,1,0,55,"없음",22,-29.2780748663102,30,,,,0,0,,,,,0,,,0,0,6382.83413465157,6382.83413465157
20261007,239890,"피엔에이치테크",KOSDAQ,3845.0,0.92,"디스플레이장비및부품",0.41,0.7006045725,38202977975.0,3720.0,3.09139784946237,0.672043010752688,13.8075313807531,22.5174825174825,9.6,68.5245720375518,0,1,0,69,"없음",29,-20.1873048907388,47,,,,1,0,20261006,3720.0,3745.0,132.796888700663,1,3720.0,"저항→지지",1,1,3390.90885885322,3390.90885885322
20261007,240550,"동방메디컬",KOSDAQ,6410.0,-0.31,"건강관리장비와용품",6.02,29.43976246,134186555400.0,7340.0,-12.9427792915531,,16.4556962025317,22.0,6.8,38.9495927170185,0,2,0,52,"없음",25,-5.75221238938053,71,,,,0,0,,,,,1,6320.0,"저항→지지",0,0,6663.29674690699,6663.29674690699
20261007,240600,"유진테크놀로지",KOSDAQ,900.0,2.27,"전기제품",0.66,0.8988996775,7469469000.0,1924.0,-53.2224532224532,,31.0212998361551,63.7516397026672,10.0,100.695453222335,0,1,0,37,"없음",26,-67.1292914536158,2,20260723,14.6031746031746,3.39969602403405,0,0,,,,,0,,,0,0,1484.16690747279,2215.16690747279
20261007,240810,"원익IPS",KOSDAQ,132700.0,-6.09,"반도체와반도체장비",1559.73,1496.100887,6513433662700.0,145900.0,-10.0068540095956,,54.8921484037964,18.9558232931727,6.8,113.133433375317,3,2,0,57,"수축중",51,11.3655640373198,87,20260612,30.0,3.79944614806065,0,0,,,,,1,127900.0,"저항→지지",0,0,126238.787639154,128438.787639154
20261007,241520,"DSC인베스트먼트",KOSDAQ,8200.0,-3.42,"창업투자",7.48,8.76217048,218120000000.0,8450.0,-3.55029585798817,1.18343195266272,56.8400770712909,25.7281553398058,9.6,65.3746402515413,2,1,0,87,"없음",41,-41.9928825622776,14,20260529,9.38712179984485,7.12537205131886,0,0,20261002,8450.0,8550.0,78.270799839761,0,,,0,0,7909.4065202961,8309.4065202961
20261007,241560,"두산밥캣",KOSPI,55100.0,-0.54,"기계",72.5,89.9208289,5281669181500.0,65400.0,-16.0550458715596,,55.1724137931035,22.0779220779221,10.0,86.2493310818777,2,1,0,54,"없음",35,-12.3003194888179,61,,,,0,0,,,,,0,,,0,0,61091.0766550928,64991.0766550928
20261007,241590,"화승엔터프라이즈",KOSPI,2700.0,2.08,"섬유,의류,신발,호화품",0.68,1.09443449,163591045200.0,2845.0,-6.67838312829526,,38.1720430107527,21.0526315789474,7.2,58.8908448243246,0,3,0,79,"없음",34,-43.3901918976546,13,,,,0,0,,,,,0,,,0,0,2701.56596619362,3196.56596619362
20261007,241690,"유니테크노",KOSDAQ,2605.0,0.0,"자동차부품",0.24,0.630759555,63746189130.0,2840.0,-8.45070422535211,,11.685393258427,16.3763066202091,6.8,27.428730663798,0,3,0,86,"없음",42,-28.9617486338798,31,,,,0,0,,,,,1,2590.0,"저항→지지",0,0,2580.33334082498,2610.33334082498
20261007,241710,"코스메카코리아",KOSDAQ,117400.0,6.34,"화장품",214.22,163.82658625,1253832000000.0,131900.0,-11.2964366944655,,33.3699835074217,18.7777777777778,9.2,118.060774387421,4,1,0,47,"관망",53,45.7036114570361,95,20260812,12.7970749542962,5.58175294123586,0,0,,,,,1,112600.0,"지지 재탈환",0,0,119776.923466826,137376.923466826
20261007,241770,"메카로",KOSDAQ,39300.0,-3.79,"반도체와반도체장비",4.79,8.029357775,400570752000.0,43200.0,-9.72222222222222,,45.8483754512635,39.6808510638298,13.0,68.1980125022197,5,2,0,67,"없음",57,-2.25563909774436,76,20260908,12.4833997343957,7.59231351732308,0,0,,,,,0,,,0,0,38741.2427093778,38741.2427093778
20261007,241790,"티이엠씨씨엔에스",KOSDAQ,6500.0,0.93,"반도체와반도체장비",5.02,5.48665053,65017121000.0,7400.0,-11.0810810810811,,37.9581151832461,42.4785100286533,13.4,125.736020497796,0,2,0,65,"없음",32,-14.0992167101828,58,20260626,30.0,70.7157784431734,1,0,,,,,1,6480.0,"저항→지지",0,0,6786.61807291659,6786.61807291659
20261007,241840,"에이스토리",KOSDAQ,2220.0,1.6,"방송과엔터테인먼트",0.3,0.2699139625,21178786680.0,2930.0,-25.0853242320819,,12.6903553299492,58.4699453551913,19.2,84.1624588085379,0,2,0,52,"없음",30,-59.5018450184502,4,,,,0,0,,,,,0,,,0,0,2654.11954870608,2654.11954870608
20261007,242040,"나무AX",KOSDAQ,3135.0,-3.98,"IT서비스",8.13,8.8643699575,108490637640.0,3790.0,-17.4142480211082,,55.8908045977011,36.7741935483871,11.4,92.2768733172877,2,2,0,55,"없음",40,-51.4728682170543,7,20260928,8.86699507389162,6.78132988727817,0,0,,,,,1,3050.0,"지지 재탈환",0,0,3326.52361224616,3826.52361224616
20261007,243070,"휴온스",KOSDAQ,19430.0,-0.15,"제약",2.26,4.624762705,232764890950.0,28100.0,-30.8185053380783,,79.2475247524753,36.8067226890756,12.4,36.9118086007287,0,1,0,36,"없음",26,-26.0836501901141,36,,,,0,0,,,,,0,,,0,0,19991.1581262199,26741.1581262199
20261007,243840,"신흥에스이씨",KOSDAQ,5970.0,-4.17,"전기제품",16.56,8.841838075,230192662950.0,6440.0,-7.14285714285714,,30.9150865622424,30.52738336714,11.4,133.618110658657,2,2,0,60,"없음",45,-22.1354166666667,43,20260827,17.5675675675676,6.5069023750571,0,0,,,,,1,5810.0,"저항→지지",0,0,5639.43807919452,5769.43807919452
20261007,244920,"에이플러스에셋",KOSPI,12670.0,0.48,"손해보험",1.46,3.00373814,286439470310.0,13490.0,-4.07709414381023,,0.0,17.6348547717842,2.0,33.2905148998343,5,2,0,64,"없음",60,23.2380952380952,91,,,,0,0,,,,,1,12340.0,"지지 재탈환",0,0,12906.8662485053,12906.8662485053
20261007,246690,"TS인베스트먼트",KOSDAQ,2125.0,-0.23,"창업투자",1.06,1.42847098,50528619750.0,2270.0,-6.82819383259912,,34.2162396873643,24.021040327294,12.2,51.2436530644535,0,3,0,86,"없음",49,-39.6920444824636,17,20260831,9.19811320754718,3.04272886211978,0,0,,,,,0,,,0,0,2063.56760156778,2153.56760156778
20261007,246710,"티앤알바이오팹",KOSDAQ,2255.0,0.45,"생물공학",0.98,2.4864974,107483456520.0,2795.0,-20.2146690518784,,35.2708058124174,35.9877488514548,8.6,19.4341618076555,1,2,0,57,"없음",41,-27.9483037156704,33,,,,0,0,,,,,1,2210.0,"지지 재탈환",0,0,2465.76073650298,2935.76073650298
20261007,246960,"SCL사이언스",KOSDAQ,2870.0,1.06,"건강관리업체및서비스",5.49,4.04035444,97628924890.0,3015.0,-4.80928689883914,,1.25944584382871,28.622816032888,12.0,139.820339566168,3,1,0,50,"없음",46,30.4545454545455,93,20260923,13.2924335378323,5.4088468810788,0,0,,,,,1,2380.0,"저항→지지",0,0,2576.04892715573,2576.04892715573
20261007,247540,"에코프로비엠",KOSDAQ,125300.0,-2.79,"전기제품",499.7,422.6999982,12258153380200.0,113500.0,9.60352422907489,1.85022026431718,53.2847573157833,25.4221871353058,10.0,100.474486774079,0,2,0,71,"관망",35,-37.4308419676089,19,,,,0,0,20261002,113500.0,115600.0,84.7149365779912,1,113500.0,"저항→지지",0,0,116643.209459611,116643.209459611
20261007,247660,"나노씨엠에스",KOSDAQ,3890.0,1.7,"화학",8.36,3.0235027275,20348278800.0,4340.0,-10.36866359447,,25.0587314017228,42.4203821656051,9.4,287.396516346591,0,1,0,52,"없음",29,-23.1225296442688,41,20260728,29.9668874172185,9.18509846784641,0,0,,,,,1,3670.0,"저항→지지",0,0,3775.68903122814,3775.68903122814
20261007,248070,"솔루엠",KOSPI,17620.0,4.88,"전자장비와기기",163.34,36.653456735,842522078320.0,13340.0,31.6341829085457,15.2923538230885,11.04,21.7669654289373,7.6,571.836005132544,2,3,0,85,"없음",37,5.97465298732649,83,20261002,8.64759427828348,9.72592929738381,0,0,20261001,13340.0,15380.0,832.7504074719,1,13340.0,"저항→지지",1,1,15801.4223871136,15801.4223871136
20261007,248170,"샘표식품",KOSPI,21850.0,-0.46,"식품",2.05,65.79777175,99780122600.0,36200.0,-39.5027624309392,,70.6405693950178,23.4545454545455,10.8,9.90669062920306,0,3,0,94,"없음",45,-22.6148409893993,42,20260910,29.9568965517241,245.060406876872,0,0,,,,,0,,,0,0,34116.6259437501,34116.6259437501
20261007,249420,"일동제약",KOSPI,14800.0,0.48,"제약",29.54,34.694419305,468246129600.0,18000.0,-17.1666666666667,,62.6666666666667,17.0292106898695,7.6,66.3727452370042,0,1,0,52,"없음",33,-49.1993185689949,9,20260902,13.7241379310345,14.3772152963778,0,0,,,,,1,14700.0,"지지 재탈환",0,0,14770.7115777719,16590.7115777719
20261007,250000,"보라티알",KOSDAQ,5490.0,1.48,"식품과기본식료품소매",0.15,0.140184975,37061524170.0,5990.0,-8.34724540901503,,0.213675213675216,39.8541919805589,18.2,63.1494658683507,0,1,0,57,"없음",25,-30.0636942675159,29,,,,0,0,,,,,0,,,0,0,6017.5674925382,6017.5674925382
20261007,250060,"모비스",KOSDAQ,3150.0,-1.56,"소프트웨어",5.38,5.985331585,101339639100.0,3300.0,-3.33333333333333,,39.8406374501992,24.0641711229947,11.4,97.3605985190277,1,1,0,66,"없음",32,-29.967069154775,29,,,,0,0,,,,,1,3175.0,"저항→지지",0,0,3026.92706218737,3026.92706218737
20261007,250930,"예선테크",KOSDAQ,893.0,29.99,"디스플레이장비및부품",1.46,0.688235607,5893878584.0,1931.0,-53.7545313309166,,30.814312152992,77.9279279279279,9.0,341.989834847544,0,1,0,35,"없음",22,-59.3166287015945,4,,,,0,0,,,,,0,,,0,0,1582.13398362695,1703.13398362695
20261007,251120,"바이오에프디엔씨",KOSDAQ,9850.0,-1.5,"생물공학",0.81,1.499797945,85652645000.0,10680.0,-7.86516853932584,,7.91284403669726,31.1207834602829,12.2,54.1530573737426,0,3,0,74,"없음",31,-29.1066282420749,31,,,,0,0,,,,,1,9380.0,"저항→지지",0,0,9618.4032422655,9618.4032422655
20261007,251270,"넷마블",KOSPI,34500.0,0.15,"게임엔터테인먼트",51.9,238.002612175,2868965662500.0,35650.0,-3.36605890603086,,48.1765834932822,25.3863134657837,17.0,41.4880418035172,0,2,0,71,"관망",45,-32.9766536964981,25,,,,0,0,,,,,0,,,0,0,34648.0045557711,38848.0045557711
20261007,251370,"와이엠티",KOSDAQ,10130.0,5.74,"화학",28.19,10.511982795,182473847690.0,7670.0,31.9426336375489,3.91134289439374,42.8773919206237,21.0836277974087,5.2,267.569756833394,1,2,0,78,"없음",35,-39.797739440809,17,20260929,9.03387703889587,3.62103801996847,0,0,20260928,7670.0,7970.0,136.937309391722,1,7670.0,"저항→지지",1,1,8713.07990915352,8863.07990915352
20261007,251630,"브이원텍",KOSDAQ,4020.0,4.55,"기계",2.22,0.571905885,64090401720.0,3990.0,-0.25062656641604,,23.4854771784232,18.8556566970091,9.4,293.318596170425,0,1,0,48,"없음",31,-26.2962962962963,36,20260624,30.0,5.77103373747501,0,0,,,,,1,3600.0,"저항→지지",0,0,3582.31390438126,3582.31390438126
20261007,251970,"펌텍코리아",KOSDAQ,67700.0,7.46,"포장재",123.11,60.0861594,839480000000.0,65500.0,3.20610687022901,3.20610687022901,22.1987315010571,24.4360902255639,5.6,180.121998955651,4,2,0,64,"돌파완료",67,42.3157894736842,94,20260914,10.2272727272727,2.52725373362501,0,0,20261007,65500.0,67600.0,185.478864162202,1,55600.0,"지지 재탈환",1,1,57591.8285143343,58591.8285143343
20261007,252500,"세화피앤씨",KOSDAQ,2390.0,4.6,"화장품",0.93,1.11810169,19830494420.0,2465.0,-1.21703853955375,,42.0967741935484,33.179012345679,4.6,110.136139161988,0,2,0,79,"없음",39,-39.8765432098765,17,,,,1,0,,,,,0,,,0,0,2518.0288043925,2968.0288043925
20261007,252990,"샘씨엔에스",KOSDAQ,18900.0,-4.01,"반도체와반도체장비",143.69,141.98298373,1138118102100.0,20750.0,-9.63855421686747,,31.8834796488428,26.3480392156863,6.8,113.211065302279,5,2,0,68,"수축중",61,88.6317907444668,98,20260911,13.1182795698925,4.00149890868,0,0,,,,,1,17250.0,"저항→지지",0,0,18185.7174086455,18185.7174086455
20261007,253450,"스튜디오드래곤",KOSDAQ,20750.0,1.72,"방송과엔터테인먼트",6.04,8.5353415,623713833500.0,22200.0,-7.20720720720721,,53.2407407407407,22.4371373307544,7.8,47.2783552953278,0,3,0,89,"없음",42,-43.8692098092643,12,,,,0,0,,,,,1,20550.0,"지지 재탈환",0,0,20645.5746679635,24095.5746679635
20261007,253590,"네오셈",KOSDAQ,15930.0,-1.85,"반도체와반도체장비",121.68,127.267402875,698835782520.0,14730.0,6.58520027155465,5.77053632043449,15.221843003413,25.4615384615385,6.8,123.736277085724,3,1,0,68,"관망",50,-2.18068535825545,76,20261001,8.74439461883407,2.60240191166972,0,0,20261002,14730.0,15580.0,445.149014654253,1,14730.0,"저항→지지",0,0,14650.2833529677,14650.2833529677
20261007,253840,"수젠텍",KOSDAQ,4805.0,5.03,"건강관리장비와용품",192.42,17.098885405,80451076000.0,4810.0,0.935550935550936,0.935550935550936,44.5933014354067,19.4117647058824,5.8,913.767900550911,0,2,0,72,"없음",40,1.78197064989518,80,20260824,23.0573248407643,38.1058993769192,0,0,20261007,4810.0,4855.0,1113.4722615181,1,4470.0,"지지 재탈환",1,0,4307.72293388448,4597.72293388448
20261007,254490,"미래반도체",KOSDAQ,18250.0,-3.95,"반도체와반도체장비",15.24,15.632570465,263493500000.0,19280.0,-5.13485477178423,,51.6819571865443,29.0,7.0,91.5129465783853,2,1,0,74,"없음",41,5.05456634118323,82,20260731,19.5292066259808,2.52912220488633,0,0,,,,,1,15790.0,"저항→지지",0,0,17227.8278726706,17947.8278726706
20261007,255220,SG,KOSDAQ,1088.0,-0.46,"건축자재",19.65,23.438567203,163812872576.0,1180.0,-8.05084745762712,,47.5012619888945,28.5129604365621,5.4,115.952741399238,0,2,0,55,"없음",28,-58.8859416445623,4,,,,0,0,,,,,0,,,0,0,1142.12360999464,1417.12360999464
20261007,255440,"야스",KOSDAQ,8640.0,0.93,"디스플레이장비및부품",3.99,5.56183895,112821120000.0,8920.0,-3.58744394618834,,51.83970856102,52.2875816993464,9.6,10.2004890548944,0,1,0,57,"없음",35,-20.0743494423792,47,20260803,9.66542750929369,3.64862789884789,0,0,,,,,1,7320.0,"저항→지지",0,0,7925.25997583337,7925.25997583337
20261007,256150,"한독크린텍",KOSDAQ,5060.0,1.2,"가정용기기와용품",0.07,0.19374621,42478700000.0,5300.0,-4.52830188679245,,21.2662337662338,13.469387755102,14.8,33.3277575868169,2,1,0,51,"없음",37,-2.87907869481766,75,,,,1,0,,,,,1,4905.0,"저항→지지",0,0,5241.55071951633,5241.55071951633
20261007,256630,"포인트엔지니어링",KOSDAQ,4355.0,0.0,"디스플레이장비및부품",0.71,0.1304557175,50515447970.0,4660.0,-6.43776824034335,,14.359637774903,16.219119226638,11.4,484.454593360267,0,2,0,75,"없음",35,-13.9020537124803,58,20260710,10.0719424460432,5.02075977507519,0,0,,,,,0,,,0,0,4529.99434873993,4529.99434873993
20261007,256840,"한국비엔씨",KOSDAQ,3265.0,2.35,"건강관리장비와용품",311.69,164.7465537675,223309302790.0,3680.0,-11.5489130434783,,9.88735919899873,27.5618374558304,13.2,373.112560399223,0,1,0,49,"관망",33,-16.6453265044814,54,20260928,29.2452830188679,7.91858158415329,0,0,,,,,1,2985.0,"저항→지지",0,0,3215.23311490363,3215.23311490363
20261007,256940,"킵스파마",KOSDAQ,7370.0,-0.14,"비철금속",1.98,3.264003795,147975943390.0,6540.0,12.2324159021407,4.43425076452599,12.7090301003345,17.0579029733959,7.4,60.0363048583472,0,1,0,66,"없음",26,-8.25,68,20261001,12.1510673234811,5.09053597125851,0,0,20261001,6540.0,6830.0,424.121664245275,1,6300.0,"저항→지지",0,0,6904.52154008046,6904.52154008046
20261007,257370,"피엔티엠에스",KOSDAQ,1854.0,-2.27,"전기제품",0.44,0.320845807,23184012294.0,2315.0,-21.7278617710583,,25.1385876114726,23.9545454545455,6.6,148.502935777586,0,1,0,45,"없음",22,-48.5227272727273,9,,,,0,0,,,,,0,,,0,0,1902.930461818,1917.930461818
20261007,257720,"실리콘투",KOSDAQ,37650.0,2.45,"인터넷과카탈로그소매",271.52,314.184798975,2468945887800.0,55900.0,-32.3792486583184,,58.88,19.5302843016069,11.4,59.0988793964863,1,1,0,49,"관망",40,-5.5,72,20260812,12.9837702871411,9.48042383535328,0,0,,,,,1,37000.0,"지지 재탈환",0,0,44944.2725863209,51044.2725863209
20261007,258610,"케일럼",KOSDAQ,1239.0,2.82,"핸드셋",0.23,0.2612225145,45204993057.0,1370.0,-10.2189781021898,,21.7164179104478,11.0043668122271,7.6,68.2680957188647,0,1,0,50,"없음",25,-19.8174706649283,48,,,,1,0,,,,,1,1222.0,"저항→지지",0,0,1359.3498420977,1359.3498420977
20261007,258790,"소프트캠프",KOSDAQ,7400.0,-2.37,"소프트웨어",4.12,3.644275255,36987094400.0,8070.0,-9.66542750929368,,0.981461286804801,37.8,16.0,139.099918515536,2,1,0,49,"없음",39,5.8055152394775,83,20260918,9.66183574879227,2.72364181744585,0,0,,,,,1,5700.0,"저항→지지",0,0,7025.07289007877,7025.07289007877
20261007,259630,"엠플러스",KOSDAQ,10330.0,-0.96,"전기제품",19.49,9.04751481,126257350680.0,9680.0,5.78512396694215,2.99586776859504,30.6878306878307,16.0952380952381,7.4,228.030882428155,0,1,0,81,"없음",27,-20.0,47,,,,0,0,20261001,9680.0,9970.0,211.383811012965,1,9680.0,"저항→지지",0,0,9877.00048227998,9877.00048227998
20261007,259960,"크래프톤",KOSPI,199600.0,-0.45,"게임엔터테인먼트",154.12,150.08065375,9164871124800.0,232500.0,-13.9784946236559,,62.5710227272727,26.6792452830189,9.0,81.7641740350178,0,2,0,54,"관망",35,-23.6641221374046,40,,,,0,0,,,,,0,,,0,0,205521.552308682,250021.552308682
20261007,260660,"알리코제약",KOSDAQ,2260.0,-0.22,"제약",0.83,2.08624338,34639067460.0,3200.0,-26.40625,,54.4117647058824,20.9558823529412,11.2,63.8581840854546,0,1,0,54,"없음",30,-31.2408759124088,27,20260615,9.86460348162477,23.8885172910349,0,0,,,,,1,2330.0,"지지 재탈환",0,0,2897.46480993786,2897.46480993786
20261007,260930,"씨티케이",KOSDAQ,2385.0,1.71,"화장품",0.58,0.54447314,46129694535.0,2450.0,-2.6530612244898,,42.9438543247344,26.5442404006678,10.2,89.0012866267183,0,1,0,58,"없음",27,-41.3284132841328,14,,,,1,0,,,,,1,2275.0,"지지 재탈환",0,0,2384.26250674519,2694.26250674519
20261007,260970,"에스앤디",KOSDAQ,62700.0,3.98,"식품",17.48,7.71174475,181375675800.0,64600.0,-2.47678018575851,,32.9517579721995,19.721767594108,7.4,124.919037293742,1,2,0,54,"없음",42,10.5263157894737,86,,,,0,0,,,,,1,58500.0,"저항→지지",0,0,58188.6011568325,58188.6011568325
20261007,261200,"덴티스",KOSDAQ,2630.0,0.77,"건강관리장비와용품",0.78,0.3792718025,41579511000.0,2965.0,-9.94940978077572,,38.1736526946108,31.1046511627907,7.8,59.8803819311631,0,2,0,72,"없음",45,-32.8301886792453,25,20260807,9.62264150943397,30.3597357934385,1,0,,,,,0,,,0,0,2658.5261412667,3118.5261412667
20261007,261780,"아리바이오랩",KOSDAQ,3650.0,-2.41,"제약",16.65,47.583289495,105689312400.0,4250.0,-13.2941176470588,,16.8010752688172,33.4049409237379,2.2,67.1507915545502,3,2,0,44,"수축중",45,-1.33868808567604,77,20260908,15.5172413793103,9.15407961526203,0,0,,,,,1,2700.0,"저항→지지",0,0,3926.66826633434,3926.66826633434
20261007,262260,"에이프로",KOSDAQ,4430.0,-3.8,"전자장비와기기",1.83,2.2004665675,66794033800.0,4825.0,-8.80829015544041,,21.9536757301108,18.5034013605442,7.4,64.6842643358561,0,3,0,79,"없음",36,-13.7254901960784,59,,,,0,0,,,,,1,3690.0,"저항→지지",0,0,4260.23516714493,4260.23516714493
20261007,262840,"아이퀘스트",KOSDAQ,2900.0,0.17,"IT서비스",0.74,0.5951698925,29724301100.0,2965.0,-2.69814502529511,,35.4014598540146,15.1960784313725,9.8,167.960790076321,0,3,0,79,"없음",34,-19.5930880713489,48,,,,0,0,,,,,1,2820.0,"저항→지지",0,0,2732.03360531667,2837.03360531667
20261007,263020,"디케이앤디",KOSDAQ,3085.0,-2.53,"섬유,의류,신발,호화품",1.43,0.6802978525,42684510410.0,3250.0,-4.76923076923077,,35.8823529411765,13.9280125195618,11.0,106.8786679286,1,1,0,85,"없음",32,-2.51968503937008,75,,,,0,0,,,,,0,,,0,0,3035.84407425517,3085.84407425517
20261007,263600,"덕우전자",KOSDAQ,5020.0,-7.21,"핸드셋",37.84,30.7659925325,79970156200.0,3720.0,36.0215053763441,18.5483870967742,0.0,14.5896656534954,9.6,287.633464160402,1,1,0,64,"관망",24,-3.43511450381679,74,20261002,17.9138321995465,146.330101459641,0,0,20261001,3720.0,4410.0,2206.73576308684,1,3720.0,"저항→지지",0,0,5649.84146252003,5649.84146252003
20261007,263690,"디알젬",KOSDAQ,5290.0,2.12,"건강관리장비와용품",1.16,0.4365734675,59912476900.0,5210.0,1.34357005758157,1.34357005758157,42.4137931034483,10.9284332688588,10.2,215.666972065732,2,3,0,87,"없음",48,-2.22222222222222,76,,,,1,0,20261007,5210.0,5280.0,217.455397418485,1,5080.0,"저항→지지",1,0,4961.1227426281,5041.1227426281
20261007,263700,"케어랩스",KOSDAQ,2170.0,-1.81,"건강관리업체및서비스",0.2,0.584353992,42128814000.0,2520.0,-13.8888888888889,,33.0508474576271,48.5148514851485,12.4,38.1935494775271,0,2,0,70,"없음",30,-8.43881856540084,67,20260703,9.06976744186045,2.84662038044896,0,0,,,,,1,2100.0,"저항→지지",0,0,2289.12025407372,2289.12025407372
20261007,263720,"디앤씨미디어",KOSDAQ,6870.0,-0.58,"출판",0.72,0.51433721,84127004070.0,8070.0,-15.365551425031,,31.990231990232,17.8977272727273,9.6,104.066237205697,0,1,0,51,"없음",22,-42.4599831508003,14,,,,0,0,,,,,0,,,0,0,8386.73622577039,8386.73622577039
20261007,263750,"펄어비스",KOSDAQ,33250.0,0.91,"게임엔터테인먼트",37.44,79.159496575,2089560007500.0,36700.0,-9.53678474114441,,18.7296416938111,21.6755319148936,7.4,31.4972485042746,0,1,0,67,"관망",31,-53.8888888888889,6,,,,0,0,,,,,1,32500.0,"지지 재탈환",0,0,33315.78168104,34215.78168104
20261007,263770,"유에스티",KOSDAQ,1750.0,4.35,"철강",0.09,0.1328583185,41475301000.0,1749.0,-0.171526586620926,,38.6138613861386,15.7366771159875,9.6,79.2633224748141,0,1,0,78,"없음",27,-9.48678071539658,66,,,,1,0,,,,,1,1659.0,"저항→지지",0,0,1660.61039049207,1660.61039049207
20261007,263800,"데이타솔루션",KOSDAQ,4640.0,-2.52,"IT서비스",6.46,6.31991193,75285763200.0,5100.0,-10.0980392156863,,80.4827586206897,52.8064146620848,11.6,30.0763355095684,0,2,0,57,"없음",45,2.00222469410456,80,20260709,29.96632996633,53.0562182000907,0,0,,,,,1,4510.0,"지지 재탈환",0,0,4543.8396744314,5943.8396744314
20261007,263810,"상신전자",KOSDAQ,2580.0,-0.39,"전자장비와기기",1.25,0.6592235725,41086048500.0,2650.0,-2.83018867924528,,27.0114942528736,11.9092627599244,9.6,186.509638968262,0,3,0,87,"없음",34,-10.2787456445993,65,,,,0,0,,,,,0,,,0,0,2501.84625395802,2501.84625395802
20261007,263860,"지니언스",KOSDAQ,23350.0,-5.27,"소프트웨어",165.29,115.44998422,212008660000.0,20650.0,11.6222760290557,2.90556900726392,5.26698147475481,14.7286821705426,9.4,256.840925898902,3,1,0,40,"관망",48,70.2363367799114,97,20261006,15.2941176470588,5.07533286695433,0,0,20261002,20650.0,21250.0,104.725435015216,1,20650.0,"저항→지지",0,0,23428.8304308967,23428.8304308967
20261007,263920,"휴엠앤씨",KOSDAQ,3250.0,0.15,"포장재",0.15,0.0647020225,31879334500.0,3400.0,-4.41176470588235,,44.7267821002923,27.8766310794781,9.2,182.727301749457,0,1,0,80,"없음",31,-22.2488038277512,43,20260611,9.13884007029877,2.62981412519547,0,0,,,,,0,,,0,0,3170.9367121545,3885.9367121545
20261007,264450,"유비쿼스",KOSDAQ,11720.0,0.0,"통신장비",3.49,8.197967575,171879577960.0,12110.0,-4.21139554087531,,26.7232237539767,28.5714285714286,15.2,60.4390590595343,2,1,0,61,"없음",41,-24.6753246753247,38,20260814,9.81535471331389,4.35860627007784,0,0,,,,,1,10320.0,"저항→지지",0,0,11198.1470383155,11198.1470383155
20261007,264660,"씨앤지하이테크",KOSDAQ,14810.0,-1.66,"반도체와반도체장비",4.49,4.40066571,143970557320.0,13740.0,7.27802037845706,5.53129548762737,45.1645399597045,14.1104294478528,6.8,106.686013825008,0,3,0,82,"없음",31,-14.5507246376812,57,,,,0,0,20260929,13740.0,14500.0,321.04489040857,1,13740.0,"저항→지지",0,0,14029.2397997775,14029.2397997775
20261007,264850,"이랜시스",KOSDAQ,5870.0,-2.65,"전자장비와기기",19.36,31.574281155,177829372440.0,6120.0,-4.90196078431373,,63.855421686747,27.939142461964,7.4,22.0538741444364,1,3,0,86,"관망",55,-2.18487394957983,76,20260805,29.8210735586481,8.10852608685939,0,0,,,,,1,5380.0,"지지 재탈환",0,0,5681.27218600231,6461.27218600231
20261007,264900,"크라운제과",KOSPI,7680.0,0.66,"식품",0.13,0.619563175,96183168000.0,7830.0,-2.04342273307791,,72.2438391699092,13.9931740614334,23.2,21.0408159494466,0,1,0,55,"없음",27,-7.8125,68,,,,0,0,,,,,0,,,0,0,7841.58911008872,8341.58911008872
20261007,265520,"AP시스템",KOSDAQ,20100.0,-3.37,"디스플레이장비및부품",6.06,8.23905019,302521502100.0,21200.0,-5.80188679245283,,51.4061779621946,15.6603773584906,6.6,59.1528688843172,1,3,0,92,"없음",41,-1.38271604938272,77,,,,0,0,,,,,1,18940.0,"저항→지지",0,0,19598.7989269204,19598.7989269204
20261007,265560,"영화테크",KOSDAQ,6230.0,-0.64,"자동차부품",0.46,0.69963634,66599821400.0,6540.0,-4.74006116207951,,53.9741219963031,20.844327176781,6.8,73.2851581639936,1,2,0,82,"없음",35,-26.7058823529412,34,,,,0,0,,,,,0,,,0,0,6578.48572234124,7198.48572234124
20261007,265740,"엔에프씨",KOSDAQ,7770.0,5.71,"화장품",37.07,41.90015424,138800172000.0,8370.0,-7.04898446833931,,32.621359223301,28.5202863961814,7.2,105.077141635152,5,2,0,74,"수축중",62,-5.00610500610501,72,20260918,28.90625,6.44817382710101,0,0,,,,,1,7440.0,"저항→지지",0,0,7340.34224504576,7350.34224504576
20261007,267250,"HD현대",KOSPI,189500.0,-2.97,"조선",398.53,364.87219325,14969189607500.0,261000.0,-27.7777777777778,,42.2630947620952,23.6051502145923,10.0,138.178141566878,2,2,0,65,"관망",40,-23.6842105263158,40,,,,0,0,,,,,0,,,0,0,237250.897113683,237250.897113683
20261007,267260,"HD현대일렉트릭",KOSPI,633000.0,-7.32,"전기장비",1498.17,824.2607155,22817836455000.0,769000.0,-18.075422626788,,68.75,38.1609195402299,9.8,164.309665968468,1,2,0,68,"관망",37,-30.1552106430155,29,,,,0,0,,,,,0,,,0,0,689314.354092961,790314.354092961
20261007,267270,"HD건설기계",KOSPI,114500.0,-3.38,"기계",533.05,338.07382105,5438450697000.0,145800.0,-22.0164609053498,,45.3237410071942,24.9496981891348,7.4,176.649075296871,2,3,0,77,"관망",43,-22.2298221614227,43,,,,0,0,,,,,0,,,0,0,134890.799152018,134890.799152018
20261007,267290,"경동도시가스",KOSPI,20800.0,-0.72,"가스유틸리티",0.88,1.0412053,122624444800.0,22800.0,-8.7719298245614,,21.5581643543223,12.1052631578947,15.4,41.6738456237078,1,1,0,81,"없음",34,-5.45454545454545,72,,,,0,0,,,,,0,,,0,0,21754.3792038323,21754.3792038323
20261007,267320,"나인테크",KOSDAQ,2690.0,-6.76,"전기제품",29.59,72.70175399,154447143550.0,3050.0,-12.7868852459016,,0.0,12.8070175438597,7.0,95.5155871536369,0,2,0,72,"관망",32,-14.7435897435897,57,20260929,19.4570135746606,70.1044843357883,0,0,,,,,1,2270.0,"저항→지지",0,0,2723.89419047887,2723.89419047887
20261007,267790,"배럴",KOSDAQ,3095.0,-0.48,"섬유,의류,신발,호화품",0.08,0.10780011,23798411355.0,3430.0,-9.7667638483965,,5.3082191780822,19.2837465564738,15.2,34.6832315890484,0,1,0,54,"없음",33,-8.02377414561664,68,20260826,8.47723704866561,6.47589892317194,0,0,,,,,1,3060.0,"지지 재탈환",0,0,3125.08500987711,3260.08500987711
20261007,267850,"아시아나IDT",KOSPI,9400.0,0.64,"IT서비스",0.64,1.14836965,104340000000.0,10000.0,-6.0,,48.2191780821918,13.030303030303,11.2,63.290557603873,0,2,0,78,"없음",43,-10.5613701236917,64,,,,1,0,,,,,1,9110.0,"지지 재탈환",0,0,9499.14506934286,9499.14506934286
20261007,267980,"매일유업",KOSDAQ,34900.0,-0.57,"식품",1.38,1.4101599,267460966200.0,34800.0,-0.14367816091954,0.574712643678161,39.746835443038,12.0833333333333,11.6,121.224438559892,1,1,0,80,"없음",32,-1.6973125884017,76,,,,0,0,20261006,34800.0,35000.0,1008.89573175947,1,34400.0,"저항→지지",0,0,34115.5554329887,34115.5554329887
20261007,268280,"미원에스씨",KOSPI,126300.0,2.68,"화학",1.21,1.66365405,631500000000.0,140000.0,-8.85714285714286,,26.4540337711069,12.6943005181347,11.8,46.7129510585412,2,1,0,82,"없음",39,5.10708401976936,83,,,,0,0,,,,,0,,,0,0,129341.670742952,129341.670742952
20261007,270520,"앱튼",KOSDAQ,881.0,1.03,"에너지장비및서비스",6.15,15.3291840425,35263711234.0,3300.0,-73.3030303030303,,45.6420233463035,83.1030303030303,7.0,95.2245150293412,1,1,0,28,"없음",31,-49.0751445086705,9,20260701,15.9353348729792,5.58841611319608,0,0,,,,,0,,,0,0,2633.51197071295,3458.51197071295
20261007,270660,"에브리봇",KOSDAQ,13610.0,-2.51,"가정용기기와용품",2.07,3.32559701,172718834630.0,14000.0,-3.85714285714286,,75.2961082910322,17.583807716635,5.4,13.308595171446,0,3,0,98,"없음",50,-19.7854588796186,48,20260804,12.3156342182891,9.76085135954325,0,0,,,,,0,,,0,0,13414.2225020297,15084.2225020297
20261007,270870,"뉴트리",KOSDAQ,3665.0,-1.48,"건강관리업체및서비스",0.03,0.27413932,32966110590.0,3925.0,-6.7515923566879,,34.9112426035503,30.4942166140904,9.6,10.3354474302404,0,1,0,55,"없음",27,-16.1512027491409,55,,,,0,0,,,,,1,3620.0,"지지 재탈환",0,0,3684.34536512384,4389.34536512384
20261007,271560,"오리온",KOSPI,105900.0,-0.56,"식품",71.38,118.19656655,4186098649200.0,131500.0,-19.3155893536122,,59.3177189409369,27.3453787352328,9.0,63.6457158669281,2,1,0,42,"관망",35,-19.4992412746586,48,,,,0,0,,,,,0,,,0,0,122325.577413876,136625.577413876
20261007,271830,"팸텍",KOSDAQ,1114.0,0.27,"핸드셋",0.71,2.9401908715,32852085028.0,1299.0,-15.3964588144727,,53.5417684416219,32.0301783264746,6.4,25.1806177643046,0,2,0,57,"없음",42,-26.6355140186916,35,20260909,13.6590229312064,7.60560526787021,0,0,,,,,1,1011.0,"지지 재탈환",0,0,1130.16814947604,1289.16814947604
20261007,271940,"일진하이솔루스",KOSPI,11710.0,-0.76,"자동차부품",2.57,6.52809878,425227454900.0,12250.0,-4.57142857142857,,50.4094631483167,28.5714285714286,9.8,49.4137619294653,0,1,0,70,"없음",31,-26.9375,34,20260909,8.00000000000001,5.19383547326615,0,0,,,,,1,11530.0,"저항→지지",0,0,11264.1913118016,11264.1913118016
20261007,271980,"제일약품",KOSPI,10300.0,2.79,"제약",8.71,1.96656024,151460181600.0,10260.0,-0.0974658869395711,,54.2914171656687,21.8548387096774,8.0,109.890278265106,0,3,0,98,"없음",42,-26.5232974910394,35,,,,1,0,,,,,1,10140.0,"지지 재탈환",0,0,9808.30805646114,11698.3080564611
20261007,272110,"케이엔제이",KOSDAQ,32650.0,0.31,"반도체와반도체장비",65.32,25.5264815,262029146750.0,30950.0,4.52342487883683,4.68497576736672,40.7345575959933,29.1277258566978,7.4,227.060856106757,3,3,0,84,"없음",57,-7.57142857142857,69,20260921,10.90573012939,4.48656363443295,0,0,20261001,30950.0,32400.0,185.618855527617,1,30950.0,"저항→지지",0,0,29632.8526062075,29632.8526062075
20261007,272210,"한화시스템",KOSPI,78100.0,-4.41,"우주항공과국방",541.53,531.3294956,14754604280900.0,83000.0,-6.3855421686747,,25.9047619047619,21.1217183770883,6.6,122.776430237413,2,1,0,52,"관망",45,-39.6739130434783,17,20260917,15.5297532656023,4.16246673880508,0,0,,,,,1,73000.0,"저항→지지",0,0,79193.0994908674,79193.0994908674
20261007,272290,"이녹스첨단소재",KOSDAQ,22050.0,-3.5,"디스플레이장비및부품",15.35,17.707188075,439622073450.0,23050.0,-4.55531453362256,,60.5828779599271,18.7110187110187,7.0,75.1447371806228,0,3,0,83,"없음",36,-29.2604501607717,31,,,,0,0,,,,,1,21650.0,"저항→지지",0,0,21135.6579988141,22135.6579988141
20261007,272450,"진에어",KOSPI,5810.0,-0.34,"항공사",1.99,5.905723405,303282000000.0,6210.0,-6.11916264090177,,32.87841191067,9.90990990990991,8.0,41.6223931679837,0,1,0,55,"없음",31,-7.60697305863708,69,20260824,10.6382978723404,5.79832569530322,0,0,,,,,0,,,0,0,6160.51262353752,6160.51262353752
20261007,272550,"삼양패키징",KOSPI,9780.0,-0.41,"포장재",0.78,1.15197787,147369010680.0,9900.0,0.0,,23.841059602649,6.04026845637584,10.6,44.0786101538115,0,1,0,69,"없음",33,-18.9852700490998,49,,,,1,0,,,,,1,9730.0,"지지 재탈환",0,0,9654.97808037143,9674.97808037143
20261007,273060,"와이즈버즈",KOSDAQ,3935.0,0.38,"광고",0.17,0.828105705,38676548360.0,4350.0,-8.04597701149425,,42.2948073701843,34.257602862254,3.4,22.5980993952621,0,2,0,64,"없음",45,-22.5556631171346,42,20260806,9.03083700440528,4.80904023559263,1,0,,,,,1,3805.0,"지지 재탈환",0,0,5103.53957004634,5103.53957004634
20261007,273640,"와이엠텍",KOSDAQ,5840.0,-2.5,"전기제품",1.03,0.97336902,64041440000.0,5500.0,5.45454545454545,6.18181818181818,29.016393442623,13.8738738738739,7.2,106.539903152736,0,2,0,77,"없음",35,-19.5561719833564,48,20261002,8.55018587360594,5.88572373133506,0,0,20261002,5500.0,5840.0,464.594649338965,1,5500.0,"저항→지지",0,0,5427.49244214884,5427.49244214884
20261007,274090,"켄코아에어로스페이스",KOSDAQ,12280.0,-10.5,"우주항공과국방",619.43,182.16042855,169147261960.0,14350.0,-15.1219512195122,,0.0,25.4045307443366,7.0,696.343710983276,1,1,0,51,"관망",35,-43.8709677419355,12,20260918,12.6859142607174,29.3959744133736,0,0,,,,,1,10370.0,"저항→지지",0,0,12346.214354019,12346.214354019
20261007,274400,"이노시뮬레이션",KOSDAQ,2330.0,5.43,"소프트웨어",1.11,0.2549565925,21171528690.0,2345.0,-1.91897654584222,,43.8276958658572,19.7228637413395,9.6,413.998561791597,0,2,0,59,"없음",30,-37.2442019099591,20,,,,0,0,,,,,1,2055.0,"지지 재탈환",0,0,2064.86869855222,2209.86869855222
20261007,275630,"에스에스알",KOSDAQ,4020.0,4.69,"소프트웨어",0.08,0.61036526,21120308160.0,4760.0,-16.1764705882353,,27.7236492471213,20.0238379022646,8.2,13.0887494237386,5,1,0,50,"없음",55,6.4,83,20260904,12.1771217712177,8.23176491840077,0,0,,,,,1,3905.0,"저항→지지",0,0,4149.05557769563,4149.05557769563
20261007,276730,"한울앤제주",KOSDAQ,853.0,1.43,"음료",0.24,1.0046509395,20137606940.0,1500.0,-43.1333333333333,,83.4201266713582,71.2857142857143,6.0,16.6642421263911,0,2,0,52,"없음",40,-54.0161725067385,6,20260828,17.340521114106,3.38547865031592,0,0,,,,,0,,,0,0,1181.79105967877,3953.79105967877
20261007,277070,"린드먼아시아",KOSDAQ,3430.0,-0.58,"창업투자",0.04,0.2483698525,46963560000.0,3585.0,-4.32357043235704,,5.74018126888217,15.695067264574,13.6,16.0490051398386,0,3,0,77,"없음",38,-17.8443113772455,52,20260820,12.16,11.4326289479664,0,0,,,,,0,,,0,0,3262.71424254948,3262.71424254948
20261007,277410,"인산가",KOSDAQ,5580.0,-1.41,"식품",0.24,0.241788005,21433617000.0,6430.0,-12.1306376360809,,60.7806691449814,31.4363143631436,10.8,83.1625911954503,0,1,0,65,"없음",26,-49.8223801065719,8,20260716,10.9154929577465,26.3066018393767,0,0,,,,,1,5600.0,"저항→지지",0,0,5871.39081523592,6821.39081523592
20261007,277810,"레인보우로보틱스",KOSDAQ,448500.0,-3.76,"기계",178.85,281.21001625,8700836313000.0,453500.0,-1.32304299889746,2.75633958103638,69.2215568862275,21.2092130518234,6.8,38.179030971038,2,1,0,86,"관망",50,-20.2317290552585,47,20260722,16.2818955042527,4.62589873642509,0,0,20261006,453500.0,466000.0,71.2337038973864,1,445000.0,"저항→지지",0,0,425114.536870702,478614.536870702
20261007,277880,"티에스아이",KOSDAQ,3950.0,-3.19,"전자장비와기기",4.58,1.5168001925,78380687400.0,4060.0,-3.07881773399015,0.985221674876847,35.5491329479769,33.943661971831,13.2,203.704755756402,0,1,0,49,"없음",31,-20.7452165156093,46,20261006,9.18774966711051,8.61400547342919,0,0,20261006,4060.0,4100.0,608.065097166745,1,3630.0,"저항→지지",0,0,3742.68475941129,3742.68475941129
20261007,278280,"천보",KOSDAQ,38300.0,-2.79,"전기제품",6.5,9.9430833,469290857500.0,43900.0,-12.0728929384966,,41.816009557945,33.5044929396662,11.4,53.6334290661876,0,1,0,47,"없음",26,-24.4618395303327,39,20260827,12.396694214876,3.63019674908701,0,0,,,,,1,36900.0,"저항→지지",0,0,36330.230587951,39830.230587951
20261007,278470,"에이피알",KOSPI,379000.0,4.99,"화장품",1384.0,873.60743475,14189060745000.0,377500.0,0.794701986754967,0.794701986754967,53.1581889323644,26.0554885404101,12.0,136.644102475186,5,1,0,46,"돌파완료",62,10.4499274310595,86,,,,1,0,20261007,377500.0,380500.0,138.125828094037,0,,,0,0,371699.600615803,434699.600615803
20261007,278650,"HLB바이오스텝",KOSDAQ,4855.0,29.99,"생명과학도구및서비스",304.55,28.400066815,84634282580.0,4170.0,16.4268585131894,16.4268585131894,0.0,15.8095238095238,6.8,2076.56786175766,1,1,0,40,"없음",25,-20.9926769731489,45,20261007,29.9866131191432,18.1615243714884,0,0,20261007,4170.0,4855.0,3533.29151353937,1,2875.0,"저항→지지",1,1,3396.46004460202,3396.46004460202
20261007,279600,"미디어젠",KOSDAQ,3875.0,-1.52,"IT서비스",0.05,0.0829114825,18153526375.0,4135.0,-6.28778718258767,,57.6612903225806,19.0804597701149,4.6,23.7319205741299,0,2,0,78,"없음",47,-40.8396946564886,15,20260901,9.97442455242967,9.42737880656484,0,0,,,,,0,,,0,0,3674.27461291268,4089.27461291268
20261007,280360,"롯데웰푸드",KOSPI,122700.0,2.51,"식품",12.57,23.61995525,1129401229800.0,149000.0,-17.9194630872483,,45.9225700164745,11.8124436429216,11.4,32.6749619561951,3,1,0,56,"없음",45,7.37489025460931,84,20260810,11.9760479041916,4.5842428727056,0,0,,,,,0,,,0,0,137308.648760378,143308.648760378
20261007,281740,"레이크머티리얼즈",KOSDAQ,12710.0,-2.75,"화학",50.06,47.88824819,835435265080.0,11130.0,13.4770889487871,2.78526504941599,46.0470730235365,25.1985559566787,7.4,103.996985532185,0,3,0,86,"관망",31,-38.5401459854015,18,,,,0,0,20260929,11130.0,11440.0,173.781012015163,1,11130.0,"저항→지지",0,0,11896.8670361783,12406.8670361783
20261007,281820,"케이씨텍",KOSPI,122800.0,14.34,"반도체와반도체장비",1357.08,227.58434135,2431275570800.0,72600.0,65.4269972451791,0.964187327823691,46.1845386533666,18.7790311877903,7.0,516.469849161842,5,3,0,75,"돌파완료",60,153.108535300316,98,20261007,12.9821260583255,5.30754920695111,0,0,20260918,72600.0,73300.0,84.4838163327132,1,72400.0,"저항→지지",1,1,93097.3985863292,93097.3985863292
20261007,282330,"BGF리테일",KOSPI,129100.0,1.41,"백화점과일반상점",58.15,58.4240906,2231352264600.0,153400.0,-14.9282920469361,,43.4707903780069,19.8595146871009,7.4,73.5814779512998,3,1,0,54,"없음",48,-5.15988372093023,72,20260807,14.6816479400749,3.27813459633575,0,0,,,,,0,,,0,0,140761.309686119,145361.309686119
20261007,282720,"금양그린파워",KOSDAQ,7700.0,-1.66,"에너지장비및서비스",1.13,1.3502658,93320150000.0,7930.0,-2.77427490542245,,55.255382017729,18.6320754716981,7.8,49.7868834843655,0,1,0,85,"없음",35,-55.304347826087,5,20260723,15.1975683890577,4.92481499963874,0,0,,,,,0,,,0,0,7170.98805378329,7670.98805378329
20261007,282880,"코윈로보틱스",KOSDAQ,11060.0,-3.57,"기계",3.07,4.81089967,129336546920.0,11840.0,-6.6722972972973,,32.6047358834244,15.7272727272727,7.0,52.1039787638949,0,3,0,91,"없음",45,-22.1282593375617,43,,,,0,0,,,,,1,10350.0,"저항→지지",0,0,10779.5673349562,10779.5673349562
20261007,284740,"쿠쿠홈시스",KOSPI,24800.0,1.43,"가정용기기와용품",9.01,3.2378332,556445784000.0,24450.0,1.6359918200409,1.6359918200409,22.4489795918367,8.94854586129754,9.4,243.965084915762,2,3,0,85,"없음",45,4.85232067510549,82,,,,1,0,20261007,24450.0,24850.0,253.781448624748,1,24450.0,"저항→지지",0,0,23624.9009913268,23624.9009913268
20261007,285130,"SK케미칼",KOSPI,51200.0,-1.92,"화학",9.27,22.7612455,885696819200.0,57000.0,-10.5263157894737,,44.3600867678959,24.5263157894737,18.0,24.6290325367242,0,1,0,69,"없음",33,-6.25,71,20260814,14.0250855188141,6.26392423777665,0,0,,,,,0,,,0,0,51953.3694608636,52753.3694608636
20261007,285490,"노바텍",KOSDAQ,12610.0,-0.24,"핸드셋",2.1,2.480582885,133361228910.0,12600.0,1.19047619047619,0.793650793650794,53.4448818897638,17.2323759791123,9.8,80.3020153299613,0,1,0,87,"없음",29,-41.6475972540046,14,,,,0,0,20261002,12600.0,12700.0,240.398078746666,1,12600.0,"저항→지지",0,0,12147.0481834011,12147.0481834011
20261007,285800,"진영",KOSDAQ,4275.0,-1.38,"화학",0.71,14.470268855,15363418050.0,6250.0,-31.68,,44.080604534005,38.8157894736842,2.8,9.22968278226344,0,2,0,49,"없음",40,-50.2620850320326,8,20260918,8.46075433231397,18.9435847302975,0,0,,,,,0,,,0,0,5360.3673882859,7060.3673882859
20261007,286750,"나노실리칸첨단소재",KOSDAQ,2535.0,-0.59,"화학",0.11,2.0901290525,40596574980.0,2775.0,-8.64864864864865,,49.7100802854594,40.343347639485,4.8,6.62120961204383,0,2,0,76,"없음",45,4.32098765432099,82,20260626,13.6112814224402,3.46801556394397,0,0,,,,,0,,,0,0,2415.60656074753,3336.60656074753
20261007,286940,"롯데이노베이트",KOSPI,17630.0,1.61,"IT서비스",2.39,1.512610885,266730740210.0,19020.0,-7.465825446898,,55.4882664647994,38.8376753507014,17.2,106.824420492166,0,1,0,76,"없음",29,-15.5875299760192,55,20260730,9.10792264504055,3.36980127281082,0,0,,,,,0,,,0,0,17981.1615877632,18821.1615877632
20261007,287840,"인투셀",KOSDAQ,18280.0,-0.22,"제약",3.6,5.36895746,274601428800.0,18090.0,0.33167495854063,2.1558872305141,58.8613138686131,30.6434023991276,6.2,42.0351051959959,0,2,0,71,"없음",41,-56.7342073897497,5,20260723,15.8415841584158,3.4334975282517,0,0,20261006,18090.0,18480.0,51.5341922233667,1,18090.0,"저항→지지",0,0,16617.5468204367,20917.5468204367
20261007,288620,"에스프리즘",KOSDAQ,4035.0,0.37,"전기제품",0.44,2.223311735,28161540060.0,5330.0,-26.6416510318949,,46.474358974359,39.4782608695652,7.0,25.6786294505026,0,1,0,56,"없음",26,-54.9019607843137,5,,,,0,0,,,,,1,3850.0,"저항→지지",0,0,4701.94339705299,5121.94339705299
20261007,288980,"모아데이타",KOSDAQ,203.0,-3.79,"소프트웨어",1.31,7.4049486175,7385419937.0,246.0,-17.479674796748,,78.5110876451954,78.9473684210526,6.4,13.0601631939148,0,2,0,54,"없음",42,-74.3362831858407,2,20260828,30.0,5.22924396284883,0,0,,,,,0,,,0,0,262.286243084882,817.286243084882
20261007,289010,"아이스크림에듀",KOSDAQ,762.0,-3.42,"교육서비스",1.13,2.9941256235,10626285072.0,1168.0,-34.7602739726027,1.02739726027397,18.450184501845,37.2509960159363,6.6,78.1097735135665,0,1,0,37,"없음",26,-52.0151133501259,7,20260910,21.4596949891068,18.078263461009,0,0,20260923,1168.0,1180.0,171.633177201573,1,705.0,"지지 재탈환",0,0,1013.80489509096,1013.80489509096
20261007,289080,"SV인베스트먼트",KOSDAQ,2685.0,-2.54,"창업투자",12.21,58.296208665,161471155605.0,2895.0,-7.08117443868739,,32.1266968325792,22.5352112676056,5.2,25.9849625987997,2,3,0,85,"관망",54,-34.8668280871671,23,,,,0,0,,,,,1,2625.0,"저항→지지",0,0,2567.39217648427,2567.39217648427
20261007,289220,"자이언트스텝",KOSDAQ,941.0,3.18,"양방향미디어와서비스",1.26,0.390690454,20995799961.0,1100.0,-16.1818181818182,,47.1148126115407,36.0801781737194,9.6,326.817340100539,0,1,0,55,"없음",22,-74.5303867403315,2,,,,0,0,,,,,0,,,0,0,968.276947346249,1238.27694734625
20261007,289930,"웨이비스",KOSDAQ,8070.0,-3.24,"우주항공과국방",7.27,7.85045556,106112510700.0,8880.0,-8.55855855855856,,33.731853116994,32.086851628468,10.8,119.620707846286,1,1,0,68,"없음",30,-57.4869109947644,4,,,,0,0,,,,,1,7195.0,"저항→지지",0,0,7873.42223128498,7873.42223128498
20261007,290090,"트윔",KOSDAQ,4700.0,2.62,"소프트웨어",0.18,0.13819313,34970669600.0,4945.0,-5.05561172901921,,13.6567164179104,21.5,5.8,175.365819932814,0,2,0,45,"없음",37,-22.9064039408867,41,20260914,19.0082644628099,4.43672275054865,0,0,,,,,1,4395.0,"저항→지지",0,0,4629.34374911248,4629.34374911248
20261007,290120,"DH오토리드",KOSDAQ,2180.0,0.23,"자동차부품",0.07,0.689898885,34498885860.0,2600.0,-16.1538461538462,,32.20675944334,16.0243407707911,9.8,16.9151845792406,0,1,0,45,"없음",22,-15.009746588694,56,,,,0,0,,,,,1,2145.0,"지지 재탈환",0,0,2393.81038543845,2393.81038543845
20261007,290270,"휴네시온",KOSDAQ,2855.0,-3.55,"소프트웨어",0.93,0.9104971125,27429903560.0,3105.0,-7.89049919484702,,16.632860040568,10.431654676259,9.2,147.625544746819,0,1,0,51,"없음",25,-18.8652482269504,49,,,,0,0,,,,,1,2765.0,"지지 재탈환",0,0,2809.75959245446,2809.75959245446
20261007,290520,"신도기연",KOSDAQ,1714.0,3.07,"디스플레이장비및부품",0.13,0.347165303,26971785096.0,1709.0,-0.819192510239906,,0.0,22.3460410557185,3.6,73.6283888431981,1,2,0,56,"없음",35,-26.304347826087,36,,,,1,0,,,,,1,1646.0,"저항→지지",0,0,1490.2663014459,1553.2663014459
20261007,290550,"디케이티",KOSDAQ,23650.0,-3.27,"핸드셋",66.54,76.553325575,473029089500.0,23000.0,2.17391304347826,3.91304347826087,27.7542372881356,32.3764705882353,7.2,74.5866369087048,3,2,0,72,"수축중",52,28.3451665756417,92,,,,0,0,20261002,23000.0,23900.0,162.894701484979,1,23000.0,"저항→지지",0,0,21306.2572157709,21506.2572157709
20261007,290560,"파라택시스이더리움",KOSDAQ,1243.0,-3.57,"소프트웨어",2.62,3.0900359785,27796873390.0,1592.0,-21.5452261306533,,34.9367088607595,34.949733885275,5.8,41.4487500534025,0,2,0,56,"없음",35,-30.2624232272473,29,20260825,16.0714285714286,6.49701991999929,0,0,,,,,1,1226.0,"지지 재탈환",0,0,1329.7148168917,1428.7148168917
20261007,290650,"엘앤씨바이오",KOSDAQ,57600.0,9.92,"건강관리장비와용품",231.73,116.667028175,1553454950400.0,56700.0,1.23456790123457,1.23456790123457,64.4441230353871,31.3195255362301,7.4,175.994881456482,0,1,0,53,"관망",33,-15.3342380081421,56,,,,0,0,20261007,56700.0,57400.0,178.977573896473,1,48600.0,"저항→지지",1,0,48974.2201677962,63363.2201677962
20261007,290660,"다이나믹솔루션",KOSDAQ,1302.0,2.12,"건강관리장비와용품",4.38,8.5774215115,55774930176.0,2445.0,-46.8711656441718,,64.3835616438356,42.8571428571429,13.2,40.9704622484659,1,1,0,45,"없음",35,-43.9603106125971,12,20260811,24.0655737704918,5.95157020642246,0,0,,,,,0,,,0,0,1593.97624922395,2198.97624922395
20261007,290670,"대보마그네틱",KOSDAQ,5510.0,-2.3,"전자장비와기기",0.42,0.580209315,43295706600.0,6400.0,-12.8125,,52.4236983842011,23.6440677966102,7.0,55.1757669647547,0,1,0,54,"없음",26,-52.5106382978723,6,20260901,15.0684931506849,10.6248289701724,0,0,,,,,0,,,0,0,5571.22384837235,5721.22384837235
20261007,290690,"아리바이오홀딩스",KOSDAQ,3220.0,5.06,"디스플레이장비및부품",18.89,34.62940658,170894432100.0,4175.0,-23.9520958083832,,53.0020703933747,36.2599771949829,6.2,96.0024710222845,0,1,0,40,"관망",26,-14.8793565683646,56,20260930,13.973063973064,6.42688713362263,0,0,,,,,0,,,0,0,3863.508860606,4573.508860606
20261007,290720,"푸드나무",KOSDAQ,3260.0,0.62,"식품",3.25,2.054723675,124366629980.0,3345.0,-3.1390134529148,,16.4154103852596,24.5053272450533,8.8,163.981204439883,4,2,0,54,"없음",55,2.85714285714286,81,20260611,18.8539741219963,8.33114957644804,0,0,,,,,1,2975.0,"저항→지지",0,0,2788.46392681326,2883.46392681326
20261007,290740,"액트로",KOSDAQ,11420.0,1.15,"핸드셋",5.35,8.1758513,114942425620.0,14370.0,-21.3639526791928,,29.0286355979787,19.8863636363636,7.0,69.6355345612327,1,1,0,50,"없음",31,-37.0473537604457,20,20260908,9.0026478375993,3.46141034447966,0,0,,,,,0,,,0,0,12423.5155091566,12423.5155091566
20261007,291230,"컴투스엔",KOSDAQ,2735.0,0.0,"광고",0.62,0.7188334325,65670716785.0,2835.0,-4.76190476190476,,74.453781512605,44.9507389162562,10.6,67.3227244090814,0,2,0,77,"없음",40,-30.5019305019305,28,20260721,9.64467005076142,2.82733786525306,0,0,,,,,1,2580.0,"저항→지지",0,0,2584.81943480076,3809.81943480076
20261007,291650,"츌립앤사이언스",KOSDAQ,2775.0,7.56,"생명과학도구및서비스",3.92,1.1187705135,84691948275.0,2395.0,14.19624217119,10.0208768267223,0.0,29.5774647887324,7.2,450.412017320953,3,2,0,57,"없음",35,-28.4031413612565,32,20261002,16.5929203539823,4.45069294002433,0,0,20261002,2395.0,2635.0,554.175633491386,1,2395.0,"저항→지지",0,0,2564.71209427679,2564.71209427679
20261007,293480,"하나제약",KOSPI,8480.0,0.83,"제약",0.86,1.172089875,150714582080.0,8660.0,-1.61662817551963,,32.3741007194245,11.1842105263158,7.4,38.5595156927826,0,2,0,84,"없음",41,-8.58369098712446,67,,,,1,0,,,,,1,8350.0,"지지 재탈환",0,0,8255.95256425452,8715.95256425452
20261007,293490,"카카오게임즈",KOSDAQ,10110.0,1.0,"게임엔터테인먼트",28.23,31.5369846,1079194629150.0,10100.0,-0.099009900990099,0.792079207920792,35.0128095644748,17.3537871524449,4.6,63.1250180376842,0,2,0,64,"관망",37,-19.0208667736758,49,20260901,12.1452894438139,6.61120720828427,0,0,20261002,10100.0,10180.0,146.461188449239,1,9320.0,"저항→지지",0,0,9291.35129687809,9321.35129687809
20261007,293580,"나우IB",KOSDAQ,1297.0,1.09,"창업투자",3.97,6.98552047,123124145150.0,1449.0,-11.3181504485852,,19.7773064687169,35.2399737015122,5.2,90.2167999153657,2,2,0,64,"없음",43,-28.9269911504425,31,,,,1,0,,,,,0,,,0,0,1275.01100675268,1382.01100675268
20261007,293780,"압타바이오",KOSDAQ,7880.0,-1.87,"건강관리업체및서비스",3.36,3.625172295,221376031400.0,6790.0,15.7584683357879,2.06185567010309,16.5035877364644,27.1402550091075,10.0,71.7331956546339,1,2,0,69,"없음",35,8.41379310344828,85,20261001,9.40170940170941,3.14001559419293,0,0,20260929,6790.0,6930.0,110.298261511682,1,6730.0,"저항→지지",0,0,7319.51601189615,7319.51601189615
20261007,293940,"신한알파리츠",KOSPI,5530.0,0.0,"부동산",3.1,5.227360075,668798880190.0,5660.0,-2.29681978798587,,20.0883002207506,10.896309314587,14.8,46.116498117609,1,1,0,84,"없음",32,-2.46913580246914,75,,,,0,0,,,,,1,5510.0,"저항→지지",0,0,5409.50647735259,5409.50647735259
20261007,294140,"레몬",KOSDAQ,2820.0,0.36,"화학",0.22,0.63286988,70259786760.0,3070.0,-8.14332247557003,,38.3467278989667,29.4915254237288,6.4,18.3491326697753,0,2,0,58,"없음",43,-15.0602409638554,56,20261001,8.24372759856631,5.01928389726196,1,0,,,,,1,2435.0,"저항→지지",0,0,2650.70952699287,2650.70952699287
20261007,294570,"쿠콘",KOSDAQ,26500.0,-3.99,"IT서비스",9.57,45.54716025,267430898000.0,29050.0,-9.98278829604131,,36.6589327146172,17.2473867595819,5.8,24.7971167806728,0,1,0,41,"관망",29,-7.43362831858407,69,20260904,14.2056074766355,3.24982660017593,0,0,,,,,1,26100.0,"지지 재탈환",0,0,28354.5488592831,28354.5488592831
20261007,294630,"서남",KOSDAQ,3125.0,-0.48,"전기장비",3.71,10.363256025,82809934375.0,3350.0,-6.26865671641791,,53.6196590657516,31.1377245508982,12.2,56.5888508033177,2,2,0,68,"없음",55,-21.7932752179328,44,20260715,9.4188376753507,3.14624774292345,0,0,,,,,1,2865.0,"저항→지지",0,0,3313.11571296577,3313.11571296577
20261007,294870,"IPARK현대산업개발",KOSPI,22100.0,1.14,"건설",15.78,32.82807435,1456551993000.0,25350.0,-13.2149901380671,,23.2558139534884,14.3636363636364,9.6,42.9692709169887,4,3,0,87,"없음",54,2.80373831775701,80,,,,0,0,,,,,0,,,0,0,23568.4383686517,23568.4383686517
20261007,295310,"에이치브이엠",KOSDAQ,71900.0,-6.26,"비철금속",154.79,113.89671185,902178623400.0,64200.0,9.03426791277258,1.09034267912773,15.2136752136752,28.6701208981002,7.6,138.34805975059,2,2,0,56,"관망",46,-23.4972677595628,40,20260917,14.4712430426716,7.54154182060118,0,0,20261001,64200.0,64900.0,127.989837560585,1,64200.0,"저항→지지",0,0,67930.6264368523,67930.6264368523
20261007,296640,"이노에이엑스",KOSDAQ,6440.0,3.87,"소프트웨어",0.93,0.52956137,33347942880.0,7910.0,-18.204804045512,,16.7359667359667,17.2752808988764,6.4,97.300435413643,3,1,0,51,"없음",41,-21.7654171704958,44,20260818,10.2040816326531,5.45645990391857,0,0,,,,,0,,,0,0,6948.53413916766,6948.53413916766
20261007,297090,"씨에스베어링",KOSDAQ,4985.0,-0.3,"기계",1.7,5.24073551,135940950000.0,5050.0,-1.28712871287129,,23.943661971831,24.1293532338308,10.0,34.5499728704086,0,2,0,74,"없음",37,-38.3044554455446,19,20260616,29.7895902547065,8.38785144374169,0,0,,,,,1,4795.0,"저항→지지",0,0,4682.78544372942,4682.78544372942
20261007,297570,"아틀라스링크",KOSDAQ,3990.0,1.01,"전자제품",0.11,0.276964265,27627729570.0,4710.0,-15.3927813163482,,28.6307053941909,45.8687258687259,13.8,37.3867912711509,1,1,0,45,"없음",31,-49.5250158328056,8,20260609,9.42760942760943,6.67341402855011,0,0,,,,,0,,,0,0,4130.8330254083,4910.8330254083
20261007,297890,"HB솔루션",KOSDAQ,1615.0,-2.77,"디스플레이장비및부품",2.57,4.315186804,118122576110.0,1708.0,-5.26932084309133,,56.2437059415911,21.8390804597701,9.8,52.7997447358017,0,3,0,92,"없음",36,-17.7845528455285,52,,,,0,0,,,,,1,1600.0,"지지 재탈환",0,0,1573.00348964446,1740.00348964446
20261007,298000,"효성화학",KOSPI,51800.0,-1.71,"화학",3.98,9.97892745,196415809800.0,55700.0,-7.00179533213645,,78.0772032046613,36.2373737373737,6.2,16.0541383933418,0,2,0,62,"없음",45,-33.4190231362468,24,20260618,12.1661721068249,18.9349282580339,0,0,,,,,0,,,0,0,54521.5486038128,76921.5486038128
20261007,298020,"효성티앤씨",KOSPI,282000.0,-2.59,"무역회사와판매업체",38.08,47.15188375,1220406324000.0,366500.0,-23.4652114597544,,50.3457814661134,19.8813056379822,9.6,70.3586795221475,2,1,0,51,"없음",35,-29.875,29,,,,0,0,,,,,0,,,0,0,327497.576099216,335497.576099216
20261007,298040,"효성중공업",KOSPI,2632000.0,-6.23,"전기장비",3708.73,1098.186805,24542210336000.0,3009000.0,-12.9611166500499,,63.3715798764342,21.1332312404288,5.0,312.512766492991,2,3,0,79,"관망",45,-1.28156803618545,77,,,,0,0,,,,,0,,,0,0,2699212.19553305,2955212.19553305
20261007,298050,"HS효성첨단소재",KOSPI,162600.0,-1.22,"화학",7.83,12.62360095,728439544800.0,168000.0,-3.51190476190476,,54.328165374677,19.1616766467066,9.6,35.9264828883332,0,2,0,66,"없음",41,-26.8171557562077,34,,,,0,0,,,,,0,,,0,0,166291.842348047,175791.842348047
20261007,298060,"풍전약품",KOSDAQ,2335.0,-1.27,"생물공학",0.11,0.3248947425,22503438745.0,2597.0,-10.0885637273777,,52.0061255742726,26.0726072607261,12.2,38.4860295152888,0,2,0,59,"없음",35,-41.625,14,20260922,8.99357601713062,4.34502676971198,0,0,,,,,0,,,0,0,2335.06013241352,2633.06013241352
20261007,298380,"에이비엘바이오",KOSDAQ,50600.0,-3.62,"생물공학",144.26,208.0579005,2832965627800.0,54700.0,-7.86106032906764,,61.5723732549596,56.2788550323176,13.0,84.710058118007,0,1,0,35,"관망",29,-72.0,2,,,,0,0,,,,,0,,,0,0,63344.7690499701,86444.7690499701
20261007,298540,"더네이쳐홀딩스",KOSDAQ,6540.0,-2.1,"섬유,의류,신발,호화품",0.89,0.888205125,94740964440.0,6890.0,-5.07982583454282,,21.1165048543689,8.29694323144105,3.8,100.048160053846,0,2,0,64,"없음",30,-14.9544863459038,56,,,,0,0,,,,,0,,,0,0,6522.85518516665,6542.85518516665
20261007,298690,"에어부산",KOSPI,1512.0,1.0,"항공사",0.35,0.9594478275,246327286464.0,1599.0,-5.62851782363977,,81.8529130850048,16.617033948779,11.8,23.4821293565622,0,1,0,78,"없음",35,-18.4764991896272,50,20260615,13.1147540983606,10.2733858570331,0,0,,,,,0,,,0,0,1538.59448488358,1538.59448488358
20261007,298830,"슈어소프트테크",KOSDAQ,4320.0,-2.92,"소프트웨어",7.67,7.072872355,230940715680.0,4525.0,-4.97237569060773,,42.8734321550741,24.1466498103666,10.2,93.1566849285027,0,3,0,89,"없음",36,-39.7759103641457,17,,,,0,0,,,,,1,4120.0,"지지 재탈환",0,0,4164.02181363488,4209.02181363488
20261007,299030,"하나기술",KOSDAQ,15770.0,-3.78,"전자장비와기기",6.51,5.449177805,126079730700.0,15720.0,-0.508905852417303,4.77099236641221,51.2008175779254,39.8178269355888,11.4,106.085378386382,0,1,0,62,"없음",27,-42.605504587156,13,,,,0,0,20261006,15720.0,16470.0,122.015448102019,1,13780.0,"저항→지지",0,0,14818.0919657175,14818.0919657175
20261007,299170,"더블유에스아이",KOSDAQ,1476.0,-2.57,"제약",11.75,39.0905168975,61270661088.0,1664.0,-11.6586538461538,,0.0,20.7264957264957,6.8,68.994566274407,0,1,0,40,"관망",29,-45.6561922365989,11,20260928,10.1173020527859,33.5231024893804,0,0,,,,,1,1307.0,"저항→지지",0,0,1465.61499728964,1465.61499728964
20261007,299660,"셀리드",KOSDAQ,2585.0,8.39,"생물공학",158.25,32.8473178175,76265195545.0,3480.0,-24.8563218390805,,11.2187247780468,28.0858676207513,5.6,248.643644181681,1,1,0,46,"관망",35,-0.190839694656489,78,20261007,9.64360587002096,5.77043515935033,1,0,,,,,1,2580.0,"저항→지지",0,0,2900.18449319124,2900.18449319124
20261007,300080,"플리토",KOSDAQ,8050.0,-10.06,"양방향미디어와서비스",9.22,7.13963481,133078180550.0,9280.0,-12.823275862069,,43.4156378600823,25.2272727272727,9.6,153.952416089878,0,1,0,64,"없음",26,-29.5909486510009,30,20260910,10.3896103896104,5.80726444358939,0,0,,,,,0,,,0,0,9340.15943367221,9340.15943367221
20261007,300120,"라온피플",KOSDAQ,3030.0,-0.33,"소프트웨어",0.42,5.6265970275,29999433090.0,3725.0,-18.5234899328859,,47.4182444061962,24.4444444444444,5.0,6.87388865965647,0,2,0,64,"없음",42,-40.6066536203522,15,20260903,29.8387096774194,6.95142012594782,0,0,,,,,1,3020.0,"저항→지지",0,0,3623.76832652557,3623.76832652557
20261007,300720,"한일시멘트",KOSPI,16160.0,1.0,"건축자재",5.71,7.802870845,1188490577440.0,17160.0,-6.23543123543124,,52.020725388601,17.7346278317152,15.2,48.4034108906049,1,3,0,91,"없음",50,-3.01386377335744,75,,,,0,0,,,,,0,,,0,0,16085.5740504956,16335.5740504956
20261007,301300,"바이브컴퍼니",KOSDAQ,1796.0,3.52,"소프트웨어",0.97,1.4929348565,23625862752.0,2660.0,-35.2631578947368,,32.5971731448763,24.1527703066165,9.4,66.6197904002956,0,1,0,42,"없음",30,-32.4705882352941,26,20260914,10.3813559322034,6.82779921929627,0,0,,,,,1,1716.0,"지지 재탈환",0,0,2257.46189132936,2292.46189132936
20261007,302430,"이노메트리",KOSDAQ,7990.0,-1.96,"전기제품",5.87,44.038281065,78327631920.0,9710.0,-19.6704428424305,,59.7040409789414,21.8140068886338,5.2,18.1419491708471,2,1,0,47,"관망",40,14.7058823529412,88,20260909,13.3848133848134,8.23943591030945,0,0,,,,,1,7360.0,"지지 재탈환",0,0,8399.10679242116,8399.10679242116
20261007,302440,"SK바이오사이언스",KOSPI,37900.0,1.74,"제약",30.48,23.062179525,2973503358700.0,36850.0,2.44233378561737,2.44233378561737,51.1345218800648,10.4225352112676,9.6,107.364620054646,0,1,0,80,"없음",31,-13.5166093928981,59,,,,0,0,20261006,36850.0,37750.0,86.2487584008489,1,36850.0,"저항→지지",0,0,35653.3026980053,36653.3026980053
20261007,302550,"리메드",KOSDAQ,2625.0,2.34,"건강관리장비와용품",0.81,0.49368566,79471909125.0,2815.0,-7.10479573712256,,33.5185185185185,14.4385026737968,9.8,86.5498163868317,0,2,0,77,"없음",35,-14.4026186579378,57,,,,0,0,,,,,0,,,0,0,2564.39621984476,2839.39621984476
20261007,303030,"지니틱스",KOSDAQ,1115.0,-0.54,"반도체와반도체장비",0.29,0.889915911,10210585740.0,1569.0,-28.9356277884003,,56.2106210621062,57.8899082568807,5.6,28.8403735571543,0,1,0,39,"없음",26,-73.1001206272618,2,20260721,29.8596112311015,3.78689337085779,0,0,,,,,0,,,0,0,1386.11316955391,2066.11316955391
20261007,303360,"프로티아",KOSDAQ,5930.0,1.72,"건강관리장비와용품",1.78,3.52692626,76376709950.0,6250.0,-4.96,,8.57142857142857,10.2376599634369,4.8,74.7745132112208,3,1,0,61,"없음",46,30.5494505494506,93,20260929,10.5363984674329,12.099096356064,0,0,,,,,1,5440.0,"저항→지지",0,0,5694.1976791684,5694.1976791684
20261007,303530,"이노뎁",KOSDAQ,2945.0,-2.48,"IT서비스",0.18,0.2305187075,21614235555.0,3140.0,-3.82165605095541,,43.2905484247375,37.0473537604457,11.8,56.4345327472511,0,3,0,81,"없음",43,-25.5240443896424,37,20260709,29.8372513562387,15.688728754833,0,0,,,,,1,2875.0,"저항→지지",0,0,2836.38996463592,2836.38996463592
20261007,303810,"동국생명과학",KOSDAQ,2745.0,-2.14,"건강관리장비와용품",27.26,117.3631807875,87796464300.0,3600.0,-23.8888888888889,,0.0,26.9491525423729,15.2,67.6892750154643,0,1,0,48,"관망",26,-25.7452574525745,37,20260928,19.9275362318841,23.6499627850511,0,0,,,,,1,2315.0,"저항→지지",0,0,3220.33910882134,3220.33910882134
20261007,304100,"솔트룩스",KOSDAQ,14930.0,-4.29,"IT서비스",9.5,10.895934445,188026255150.0,15860.0,-6.55737704918033,,72.2869628550619,20.808301474604,5.8,30.4022576717641,0,3,0,93,"없음",50,-32.7891156462585,25,20260824,14.508783344177,2.56067837886466,0,0,,,,,1,14760.0,"지지 재탈환",0,0,14663.638374383,18353.638374383
20261007,304360,"에스바이오메딕스",KOSDAQ,23000.0,-1.29,"생물공학",8.14,5.815542915,287065944000.0,21300.0,7.981220657277,8.92018779342723,43.1357839459865,40.4282655246253,13.0,134.774297340778,0,1,0,66,"없음",29,-16.0583941605839,55,20260907,15.2836134453781,4.08789065866288,0,0,20261006,21300.0,23200.0,185.125049365651,1,21300.0,"저항→지지",0,0,20907.5659483701,20907.5659483701
20261007,306040,"에스제이그룹",KOSDAQ,1767.0,-2.48,"섬유,의류,신발,호화품",2.89,1.6914141355,16410206748.0,1903.0,-7.14661061481871,3.25801366263794,18.2234083110942,39.6428571428571,10.2,217.151703532683,0,1,0,46,"없음",29,-72.390625,2,20261002,29.9603174603175,8.38609815428833,0,0,20261002,1903.0,1965.0,334.967072942347,1,1717.0,"지지 재탈환",0,0,2046.00178049904,2046.00178049904
20261007,306200,"세아제강",KOSPI,148600.0,-4.19,"철강",9.07,19.75466045,421474180000.0,168800.0,-12.7369668246445,,8.83757961783439,7.93201133144476,7.4,64.3238248531998,4,1,0,46,"없음",42,10.5855855855856,86,,,,0,0,,,,,1,142200.0,"저항→지지",0,0,153906.201602926,153906.201602926
20261007,306620,"지아이에스",KOSDAQ,2120.0,-4.07,"반도체와반도체장비",5.28,7.4474731005,101637430080.0,2190.0,-2.51141552511416,1.36986301369863,53.4259259259259,21.5942028985507,6.8,68.4996078526283,1,2,0,62,"없음",42,-29.5379537953795,30,20260827,9.19345741680766,4.90206912662415,0,0,20261006,2190.0,2220.0,80.0536499369731,1,1969.0,"저항→지지",0,0,1990.71634683407,1990.71634683407
20261007,307180,"아이엘",KOSDAQ,5720.0,-2.39,"디스플레이장비및부품",16.46,14.303434345,211157666720.0,5960.0,-4.53020134228188,,29.7791317593298,19.8425196850394,5.8,88.0578322507426,2,3,0,79,"없음",50,3.83211678832117,81,,,,0,0,,,,,1,5420.0,"지지 재탈환",0,0,5363.46289306057,5613.46289306057
20261007,307280,"원바이오젠",KOSDAQ,5990.0,2.04,"건강관리장비와용품",0.39,1.30224041,42496815730.0,6300.0,-4.44444444444444,,30.0,14.3598615916955,10.6,30.2221573368182,1,1,0,47,"없음",32,-13.5057471264368,60,,,,0,0,,,,,0,,,0,0,5674.45786566177,5944.45786566177
20261007,307750,"국전",KOSDAQ,2825.0,17.95,"제약",429.07,26.1186107375,152511263600.0,2375.0,19.1578947368421,1.26315789473684,22.1258134490239,17.3076923076923,5.4,2969.46265869941,0,3,0,90,"없음",37,-30.0370828182942,29,20261007,17.6715176715177,129.19602375363,0,0,20261006,2375.0,2405.0,66.5742018858412,1,2375.0,"저항→지지",1,1,2160.73364501746,2415.73364501746
20261007,307870,"비투엔",KOSDAQ,1258.0,-2.18,"IT서비스",3.44,7.68569535,93468500530.0,1300.0,-3.84615384615385,,32.3611890072911,20.5409974640744,5.8,36.0786320620876,1,2,0,73,"없음",50,-2.26739640344019,76,20260828,22.0,5.51295153901871,0,0,,,,,1,1183.0,"저항→지지",0,0,1208.67886519331,1208.67886519331
20261007,307930,"컴퍼니케이",KOSDAQ,6490.0,-0.76,"창업투자",2.93,3.35736736,101308900000.0,6700.0,-4.62686567164179,,25.5696202531646,23.3103448275862,6.6,72.4308154650318,2,3,0,87,"없음",50,-28.8418708240535,31,20260602,30.0,5.01317594069595,0,0,,,,,1,6100.0,"저항→지지",0,0,6276.49072116196,6566.49072116196
20261007,307950,"현대오토에버",KOSPI,375000.0,-3.35,"IT서비스",161.47,159.86443825,10283993250000.0,402000.0,-7.21393034825871,,69.3374422187981,29.6259842519685,6.8,58.5057160480943,2,2,0,79,"관망",57,-4.60358056265985,73,20260529,24.798927613941,2.61305531730806,0,0,,,,,0,,,0,0,362425.778800015,464425.778800015
20261007,308100,"형지글로벌",KOSDAQ,251.0,0.0,"섬유,의류,신발,호화품",0.78,2.538423528,6480819498.0,420.0,-40.2380952380952,,59.9361532322426,48.7234042553191,8.4,34.5255342679079,0,1,0,30,"없음",26,-73.4952481520591,2,20260818,12.9675810473815,3.54925531249215,0,0,,,,,0,,,0,0,283.819778871491,604.819778871491
20261007,308170,"씨티알모빌리티",KOSPI,3395.0,1.8,"자동차부품",0.1,0.1808547625,29230950000.0,3990.0,-14.9122807017544,,14.604462474645,26.2013729977117,7.0,47.6850390017425,0,1,0,51,"없음",22,-34.7115384615385,23,,,,0,0,,,,,1,3375.0,"지지 재탈환",0,0,3586.82929089517,3876.82929089517
20261007,308430,"셀비온",KOSDAQ,14020.0,-1.34,"제약",2.81,4.84684224,180931619020.0,16870.0,-18.1979845880261,,42.358803986711,24.1116751269036,7.0,81.9310820652382,0,2,0,51,"없음",25,-58.0547112462006,4,,,,0,0,,,,,1,13760.0,"저항→지지",0,0,14789.8450463212,14789.8450463212
20261007,309960,"LB인베스트먼트",KOSDAQ,4320.0,-0.58,"창업투자",1.29,1.7683030275,100298472480.0,4440.0,-2.7027027027027,,32.8981723237598,18.1166837256909,7.0,61.3116010399199,0,1,0,89,"없음",31,-22.5806451612903,42,,,,0,0,,,,,0,,,0,0,4110.34804568719,4510.34804568719
20261007,310200,"애니플러스",KOSDAQ,2125.0,-4.49,"방송과엔터테인먼트",5.1,4.109782016,110846026500.0,2005.0,5.48628428927681,4.48877805486284,55.7638888888889,35.8843537414966,7.0,75.0942160756366,0,2,0,83,"없음",37,-21.9557195571956,44,20260929,8.60549507516848,4.73254358662597,0,0,20260929,2005.0,2095.0,258.911387947545,1,2005.0,"저항→지지",0,0,2028.07413849875,2723.07413849875
20261007,310210,"보로노이",KOSDAQ,145300.0,-6.02,"제약",82.51,115.5151157,2704986603900.0,159800.0,-9.0738423028786,,36.8636829518278,29.3732970027248,4.4,60.3596395790389,1,2,0,55,"관망",38,-54.4514106583072,5,,,,0,0,,,,,0,,,0,0,131950.804830746,158550.804830746
20261007,310870,"디와이씨",KOSDAQ,1543.0,-1.72,"자동차부품",1.67,1.8603712585,33826574886.0,1646.0,-6.92588092345079,,28.5147392290249,14.1420118343195,3.4,85.982598026339,3,2,0,74,"없음",56,-1.54241645244216,76,20260904,15.0185873605948,5.4156367938532,0,0,,,,,1,1463.0,"저항→지지",0,0,1505.69868866611,1505.69868866611
20261007,311320,"지오엘리먼트",KOSDAQ,8860.0,-2.74,"반도체와반도체장비",3.17,3.0750884,111765001600.0,8980.0,-2.00445434298441,1.44766146993318,61.558854718982,22.3,6.6,49.973482187018,3,1,0,88,"없음",50,23.943661971831,91,20260818,9.03614457831326,3.39662191615692,0,0,20261006,8980.0,9110.0,98.5572561016164,1,8260.0,"지지 재탈환",0,0,8140.25134049738,8820.25134049738
20261007,311390,"네오크레마",KOSDAQ,2520.0,2.23,"식품",1.02,0.6587476,31887548280.0,2920.0,-13.8698630136986,,0.0,29.8412698412698,2.6,206.327787128304,0,2,0,45,"없음",25,-43.0995475113122,13,,,,1,0,,,,,1,2490.0,"저항→지지",0,0,2717.4013956204,2717.4013956204
20261007,311690,"CJ 바이오사이언스",KOSDAQ,3960.0,5.88,"생명과학도구및서비스",0.22,0.175609745,51739229520.0,4355.0,-10.9070034443169,,13.0479102956167,36.25,12.4,89.9917985189442,0,1,0,53,"없음",25,-53.1400966183575,6,,,,1,0,,,,,0,,,0,0,3850.39695313658,3850.39695313658
20261007,314130,"지놈앤컴퍼니",KOSDAQ,5350.0,-9.01,"제약",46.55,28.51256038,279801923750.0,4985.0,6.11835506519559,2.90872617853561,1.98440822111977,30.7692307692308,10.0,168.665628502757,1,1,0,41,"없음",39,-32.8680203045685,25,20260923,13.0486358244365,3.1176507005197,0,0,20260930,4985.0,5130.0,236.516058756843,1,4985.0,"저항→지지",0,0,5179.25292909123,5179.25292909123
20261007,314140,"알피바이오",KOSDAQ,5840.0,1.39,"제약",0.17,1.1055973,50611548240.0,6330.0,-7.74091627172196,,55.7548579970105,25.171939477304,7.6,7.75472251819954,0,2,0,86,"없음",45,-6.70926517571885,70,20260810,11.9741100323625,13.8665930323531,0,0,,,,,0,,,0,0,5789.27043547995,6729.27043547995
20261007,314930,"바이오다인",KOSDAQ,6700.0,-1.76,"건강관리장비와용품",0.67,1.507459305,199419490100.0,7050.0,-5.24822695035461,,66.5546218487395,26.3397947548461,9.8,36.5010819247301,0,3,0,79,"없음",39,-46.984126984127,10,,,,0,0,,,,,1,6600.0,"지지 재탈환",0,0,6532.14443014782,8212.14443014782
20261007,315640,"딥노이드",KOSDAQ,2190.0,-0.9,"IT서비스",1.75,5.0361689425,64325188080.0,2440.0,-11.0655737704918,,4.22535211267606,23.7576582709326,9.6,29.8547095761155,0,1,0,46,"없음",29,-37.6436781609195,19,20260928,13.28125,17.3886415679861,0,0,,,,,1,1857.0,"저항→지지",0,0,2138.3703889174,2138.3703889174
20261007,316140,"우리금융지주",KOSPI,33350.0,-0.15,"은행",480.81,1223.45738685,24571831675950.0,37050.0,-9.85155195681511,,35.6394129979036,11.0473457675753,7.8,47.7611683346157,4,1,0,51,"관망",49,1.51975683890578,79,,,,0,0,,,,,0,,,0,0,34609.267855767,34609.267855767
20261007,317120,"라닉스",KOSDAQ,1589.0,4.61,"통신장비",1.82,0.9637564425,24248140000.0,1565.0,1.21405750798722,1.21405750798722,31.1123986095017,20.1741654571843,10.8,253.629446657793,0,1,0,60,"없음",33,-18.7275525910723,50,20261006,9.40350877192981,9.43796041376615,0,0,20261007,1565.0,1584.0,259.230583427951,1,1535.0,"저항→지지",0,0,1468.1773238682,1468.1773238682
20261007,317240,"TS트릴리온",KOSDAQ,1000.0,0.91,"가정용품",1.85,0.870703886,29176711000.0,1285.0,-22.2568093385214,,43.3151432469304,24.1594996090696,4.6,104.14600550661,0,2,0,85,"없음",36,-38.3333333333333,18,20260812,12.6626192541197,2.74968358610717,0,0,,,,,0,,,0,0,1151.67064730732,1246.67064730732
20261007,317330,"덕산테코피아",KOSDAQ,13780.0,1.1,"반도체와반도체장비",16.32,16.44849389,282167327520.0,13615.0,0.403966213734851,2.97466030113845,44.3619361936194,23.9837398373984,4.6,106.019596102441,0,2,0,75,"없음",41,-27.1321961620469,34,20260908,13.2721202003339,4.75859415547177,0,0,20261006,13615.0,14020.0,105.080532521973,1,13615.0,"저항→지지",0,0,12765.1817022231,13035.1817022231
20261007,317400,"자이에스앤디",KOSPI,9880.0,-3.61,"건설",37.37,96.406012625,383171297600.0,11860.0,-16.8634064080944,,45.6716417910448,40.9631391200951,10.0,27.456830110787,5,1,0,62,"없음",58,136.167664670659,98,20260723,27.5115919629057,11.6581450028235,0,0,,,,,0,,,0,0,10228.8860627392,10288.8860627392
20261007,317450,"명인제약",KOSPI,43350.0,0.0,"제약",2.64,4.6794396,632910000000.0,45600.0,-4.82456140350877,,45.045045045045,25.095785440613,18.0,39.1075287897027,0,1,0,57,"없음",31,-20.2205882352941,47,,,,0,0,,,,,0,,,0,0,43018.8507442249,47918.8507442249
20261007,317530,"에피소드컴퍼니",KOSDAQ,3150.0,-0.94,"양방향미디어와서비스",3.62,0.605048445,55108878300.0,4290.0,-31.9347319347319,,0.0,36.2796833773087,11.8,972.79241313588,0,3,0,72,"없음",33,-27.0911360799001,34,20260804,9.22787193973635,2.89842077045834,0,0,,,,,0,,,0,0,3646.59120447727,3646.59120447727
20261007,317690,"퀀타매트릭스",KOSDAQ,2405.0,3.89,"생명과학도구및서비스",1.71,1.2581027475,48424744745.0,2460.0,-3.2520325203252,,48.5461441213654,30.9318996415771,13.2,93.6259916084929,0,1,0,45,"없음",31,-41.1619283065513,15,20260810,29.8795180722891,3.83522893865066,0,0,,,,,1,2315.0,"지지 재탈환",0,0,2183.14430938857,2843.14430938857
20261007,317770,"엑스페릭스",KOSDAQ,2890.0,-3.51,"전자장비와기기",4.1,4.29283442,106921335780.0,2780.0,3.05755395683453,6.29496402877698,33.0275229357798,24.1962774957699,8.2,80.5627830565915,0,3,0,82,"없음",40,-10.1880877742947,65,20261001,12.5714285714286,7.40031025337359,0,0,20261001,2780.0,2955.0,464.45609562508,1,2780.0,"저항→지지",0,0,2736.80421923689,2736.80421923689
20261007,317830,"에스피시스템스",KOSDAQ,4830.0,-4.17,"기계",1.28,2.3093550375,52037540940.0,5360.0,-8.48880597014925,,34.3862167982771,32.0388349514563,10.2,62.7447761046152,0,2,0,47,"없음",32,-50.3039513677812,8,20260921,15.6908665105386,14.7046765077235,0,0,,,,,1,4600.0,"저항→지지",0,0,4737.462420469,5077.462420469
20261007,317850,"대모",KOSDAQ,6100.0,-1.93,"기계",3.46,17.91350143,50778962000.0,7360.0,-17.7989130434783,,29.7734627831715,19.0556492411467,9.6,46.6697906601403,0,2,0,76,"없음",42,-31.25,27,20260826,8.17843866171004,6.54793067748533,0,0,,,,,0,,,0,0,6741.41824954378,6741.41824954378
20261007,317870,"엔바이오니아",KOSDAQ,5320.0,1.33,"가정용기기와용품",0.49,0.53658524,47038881400.0,5800.0,-8.27586206896552,,19.4068343004513,31.9465081723626,6.2,67.1776763414004,0,1,0,46,"없음",25,-39.7508493771234,17,,,,0,0,,,,,1,5160.0,"저항→지지",0,0,4932.00722121889,5852.00722121889
20261007,318000,KBG,KOSDAQ,2740.0,-0.54,"화학",0.26,0.19640698,23948211020.0,3140.0,-13.5350318471338,,40.4593639575972,19.0779014308426,12.2,104.806525534459,0,1,0,52,"없음",22,-35.9669811320755,21,,,,0,0,,,,,0,,,0,0,2916.3796194872,2916.3796194872
20261007,318010,"팜스빌",KOSDAQ,3605.0,4.64,"건강관리업체및서비스",0.1,0.084000095,28585263490.0,3650.0,0.0,,3.81097560975609,14.9333333333333,10.6,82.8787943137624,5,1,0,47,"없음",54,4.28571428571429,82,,,,0,0,,,,,1,3530.0,"지지 재탈환",0,0,3559.19178781811,3559.19178781811
20261007,318020,"포인트모바일",KOSDAQ,2580.0,0.0,"전자장비와기기",0.11,0.214623475,31737281760.0,2930.0,-11.9453924914676,,47.4446786090622,21.7391304347826,10.4,16.2471738237687,0,2,0,51,"없음",45,-26.4957264957265,35,20260807,16.588785046729,9.04516565041422,0,0,,,,,0,,,0,0,2629.21748688012,2899.21748688012
20261007,318060,"그래피",KOSDAQ,16070.0,0.75,"건강관리장비와용품",11.96,7.912276925,179893638390.0,16600.0,-3.31325301204819,,69.3126815101646,21.3547052740434,9.6,98.983996803291,1,1,0,44,"없음",36,-64.8411829134721,3,20260811,10.9452736318408,2.74660341224154,0,0,,,,,1,15500.0,"지지 재탈환",0,0,16654.2562777689,21544.2562777689
20261007,318160,"셀바이오휴먼텍",KOSDAQ,6800.0,1.8,"화장품",0.63,3.130582575,63495088400.0,7650.0,-14.9019607843137,,27.4117647058823,28.3582089552239,7.2,17.9163513524056,0,2,0,70,"없음",38,-7.79036827195467,68,,,,0,0,,,,,0,,,0,0,6719.25956068944,7109.25956068944
20261007,318410,"비비씨",KOSDAQ,6270.0,1.46,"가정용품",0.1,0.29665444,34831373610.0,6580.0,-6.0790273556231,,27.4509803921569,17.5040518638574,10.8,22.2732042550565,0,3,0,92,"없음",39,-17.6,52,,,,0,0,,,,,0,,,0,0,6510.56390092729,6510.56390092729
20261007,319660,"피에스케이",KOSDAQ,137200.0,-10.91,"반도체와반도체장비",721.07,503.443636,3974233160800.0,162000.0,-15.3086419753086,,57.3837367419092,53.7735849056604,11.0,139.115164261031,4,1,0,55,"관망",50,58.7962962962963,96,20260612,13.4178905206943,2.67114604732582,0,0,,,,,1,134400.0,"저항→지지",0,0,138644.864989478,188644.864989478
20261007,320000,"한울반도체",KOSDAQ,10120.0,-2.6,"전자장비와기기",13.46,25.46231789,69966340400.0,12250.0,-18.0408163265306,,80.695584212583,50.9411764705882,10.6,47.85684443789,1,2,0,64,"없음",47,33.4396597554492,93,20260901,29.9435028248588,2.85775802416161,0,0,,,,,0,,,0,0,10271.1694228855,15021.1694228855
20261007,321260,"프로이천",KOSDAQ,1732.0,-2.97,"디스플레이장비및부품",1.59,2.3843584575,48828689488.0,1839.0,-6.85154975530179,,52.6563064691001,10.2416570771001,4.0,72.065408304185,1,1,0,56,"없음",32,-12.7356087620988,61,,,,0,0,,,,,1,1700.0,"저항→지지",0,0,1660.24485809274,1660.24485809274
20261007,321370,"센서뷰",KOSDAQ,1910.0,-7.06,"통신장비",86.26,170.3112234725,134888499410.0,2030.0,-6.1576354679803,4.1871921182266,0.0,36.4727054589082,7.6,78.0760368296768,1,2,0,49,"관망",42,-44.2493415276558,12,20260917,23.9795918367347,11.887626645479,0,0,20261006,2030.0,2115.0,230.387146536749,1,1193.0,"저항→지지",0,0,2016.843897464,2016.843897464
20261007,321550,"티움바이오",KOSDAQ,4700.0,-0.53,"제약",4.54,7.06798649,141180832500.0,5000.0,-6.1,,32.7828241123039,24.2957746478873,3.8,76.2575708584883,1,2,0,76,"없음",42,-63.6046511627907,3,20260907,8.12356979405033,12.905422232469,0,0,,,,,1,4435.0,"저항→지지",0,0,5044.28244973292,5044.28244973292
20261007,321820,"아티스트컴퍼니",KOSDAQ,4035.0,-3.81,"방송과엔터테인먼트",5.47,11.3656411025,62911202160.0,4090.0,-1.71149144254279,2.68948655256724,3.91236306729265,28.4671532846715,10.0,90.9435298730703,1,3,0,78,"없음",35,6.20871862615588,83,20260914,29.9424184261037,51.5645219477228,0,0,20261006,4090.0,4200.0,325.12865126027,1,2760.0,"저항→지지",0,0,3783.54814522232,3783.54814522232
20261007,322000,"HD현대에너지솔루션",KOSPI,146800.0,-2.78,"에너지장비및서비스",334.16,369.47041975,1644160000000.0,147500.0,-0.88135593220339,2.64406779661017,65.553235908142,24.6727748691099,7.8,58.0306329626381,3,1,0,61,"관망",50,7.02781844802343,84,20260723,29.7276853252648,4.74717228386228,0,0,20261006,147500.0,151400.0,77.1258941434527,1,130500.0,"저항→지지",0,0,129277.151699798,190177.151699798
20261007,322180,"LS티라유텍",KOSDAQ,4525.0,-1.63,"IT서비스",1.8,2.6611194425,97269879650.0,4250.0,6.11764705882353,2.58823529411765,44.3569553805774,20.2439024390244,9.6,44.6159606171609,0,2,0,55,"없음",35,-37.1866295264624,20,,,,0,0,20261001,4250.0,4360.0,96.4085575579352,1,4250.0,"저항→지지",0,0,4473.9280313639,4473.9280313639
20261007,322310,"오로스테크놀로지",KOSDAQ,16200.0,-3.17,"반도체와반도체장비",13.4,13.814131175,151737980400.0,16280.0,-2.33415233415233,4.11547911547912,66.884176182708,49.6073903002309,11.4,65.3186329325823,0,2,0,50,"없음",33,-50.9259259259259,7,,,,0,0,20261006,16280.0,16950.0,147.820319754785,1,13380.0,"저항→지지",0,0,15010.2164934298,18090.2164934298
20261007,322510,"제이엘케이",KOSDAQ,5320.0,-0.75,"건강관리기술",3.61,8.18644973,136861745440.0,5560.0,-4.31654676258993,,27.7331189710611,27.1812080536913,7.4,53.7397402991027,1,2,0,63,"없음",42,-25.1758087201125,37,20260911,17.2031076581576,14.3919717334912,0,0,,,,,1,5200.0,"저항→지지",0,0,5042.88416918412,5302.88416918412
20261007,322780,"코퍼스코리아",KOSDAQ,1698.0,5.01,"방송과엔터테인먼트",0.45,0.742872772,25862193852.0,2245.0,-28.2405345211581,,56.5635378430344,27.3333333333333,5.8,58.3531332972853,0,1,0,46,"없음",26,-24.8951048951049,38,20260703,18.2364729458918,16.8480238961831,0,0,,,,,0,,,0,0,1884.64148013101,1964.64148013101
20261007,323280,"태성",KOSDAQ,60000.0,-1.64,"전자장비와기기",196.11,206.746440125,1832278800000.0,49850.0,19.5586760280842,9.12738214643932,36.3265306122449,24.5567375886525,6.6,97.4414692893287,2,2,0,70,"관망",44,5.67375886524823,83,20260929,13.5699373695198,3.3261534287101,0,0,20260929,49850.0,54400.0,297.473732469816,1,49850.0,"저항→지지",0,0,55654.8905944149,55654.8905944149
20261007,323350,"다원넥스뷰",KOSDAQ,9470.0,-5.86,"반도체와반도체장비",5.07,7.552375535,75862010840.0,11360.0,-14.7887323943662,,13.124583610926,28.4042553191489,7.0,92.9441096340493,2,1,0,48,"없음",36,-16.4797238999137,54,20260923,8.51063829787233,2.90155826375537,0,0,,,,,1,8770.0,"저항→지지",0,0,9563.76107834363,9563.76107834363
20261007,323410,"카카오뱅크",KOSPI,19860.0,-1.19,"은행",80.23,156.837635545,9475611878820.0,22500.0,-11.7333333333333,,64.0167364016736,13.4216335540839,8.2,53.6301952723941,0,1,0,48,"관망",27,-19.5951417004049,48,,,,0,0,,,,,0,,,0,0,21343.2216366299,22493.2216366299
20261007,323990,"박셀바이오",KOSDAQ,4370.0,-0.46,"제약",3.67,6.2850044825,101634597650.0,5090.0,-13.7524557956778,,49.5297805642633,35.2564102564103,4.4,61.1630117016276,0,2,0,66,"없음",40,-45.7354758961681,11,20260901,26.5917602996255,6.60521816239944,0,0,,,,,1,4270.0,"지지 재탈환",0,0,4841.28462447667,5581.28462447667
20261007,326030,"SK바이오팜",KOSPI,76000.0,-0.78,"제약",49.77,86.1050385,5951807000000.0,90400.0,-16.7035398230088,,64.6759847522236,20.3883495145631,7.4,52.4071458104166,0,1,0,50,"없음",29,-23.9393939393939,39,20260826,8.53080568720379,4.4414319503979,0,0,,,,,0,,,0,0,81475.7744597586,88975.7744597586
20261007,327260,"RF머트리얼즈",KOSDAQ,53600.0,-7.27,"우주항공과국방",462.27,546.1732064,964125068800.0,51300.0,2.14424951267056,3.7037037037037,19.0363839562896,39.5242821955075,10.2,114.754374141852,5,2,0,54,"돌파완료",67,52.6495178722289,95,20260909,22.6086956521739,6.59971894112061,0,0,20261002,51300.0,53200.0,289.064892535934,1,51300.0,"저항→지지",0,0,49543.3184378776,49543.3184378776
20261007,328130,"루닛",KOSDAQ,11180.0,0.54,"건강관리기술",60.2,92.359380215,832442452400.0,12490.0,-10.648518815052,,15.939957112223,32.396694214876,7.4,96.774351310631,0,2,0,52,"관망",35,-36.845679361666,20,20260928,13.7791286727457,8.52131974034453,0,0,,,,,1,10570.0,"저항→지지",0,0,11027.8965336959,11027.8965336959
20261007,328380,"솔트웨어",KOSDAQ,3830.0,1.86,"IT서비스",0.43,0.540657945,26245285650.0,5490.0,-30.4189435336976,,15.5668358714044,13.8576779026217,12.4,24.1994736935997,1,1,0,46,"없음",35,-4.38047559449312,73,20260610,29.8816568047337,9.88389684410513,0,0,,,,,1,3770.0,"지지 재탈환",0,0,3601.01309708762,4821.01309708762
20261007,329180,"HD현대중공업",KOSPI,401000.0,-4.64,"조선",1316.85,1207.80719375,42089451225000.0,491000.0,-18.6354378818737,,61.6751269035533,21.301775147929,9.8,133.786012478098,0,2,0,73,"관망",35,-11.5171650055371,63,,,,0,0,,,,,0,,,0,0,448713.830267787,499713.830267787
20261007,330350,"위더스제약",KOSDAQ,7080.0,-0.56,"제약",4.14,25.18155422,93453734400.0,8800.0,-18.8636363636364,,72.5288831835687,28.2105263157895,4.8,11.420901702649,1,2,0,61,"없음",47,-14.8986889153754,56,20260828,14.2666666666667,3.69622746576947,0,0,,,,,0,,,0,0,7750.57902729929,8450.57902729929
20261007,330590,"롯데리츠",KOSPI,4130.0,-1.2,"부동산",4.76,6.011301445,1193441490920.0,4195.0,-2.02622169249106,,32.962962962963,6.91823899371069,6.8,80.352755070459,3,2,0,78,"없음",45,-11.6129032258065,63,,,,0,0,,,,,1,3995.0,"저항→지지",0,0,3938.32544375118,3938.32544375118
20261007,330730,"스톤브릿지벤처스",KOSDAQ,4660.0,-0.21,"창업투자",1.17,1.354270155,84895087800.0,5020.0,-7.47011952191235,,45.2694610778443,13.5214007782101,5.8,77.1586473828339,0,2,0,75,"없음",39,-24.8381877022654,38,,,,0,0,,,,,1,4620.0,"지지 재탈환",0,0,4625.49807468068,4895.49807468068
20261007,330860,"네패스아크",KOSDAQ,31600.0,-6.92,"반도체와반도체장비",110.27,67.61609615,385015822000.0,27750.0,13.1531531531532,14.2342342342342,53.7190082644628,59.0443686006826,11.4,169.300629801275,2,2,0,59,"관망",44,23.8658777120316,91,20260917,11.864406779661,3.47349216412352,0,0,20260929,27750.0,31700.0,194.270845166175,1,25950.0,"저항→지지",0,0,30177.7349644543,37227.7349644543
20261007,331380,"포커스에이아이",KOSDAQ,2165.0,3.1,"전자장비와기기",2.22,0.76896554,80018891455.0,2175.0,-0.459770114942529,,48.6855241264559,20.9401709401709,6.6,205.996166797006,0,3,0,90,"없음",45,-21.1293260473588,45,20260907,9.40803382663848,2.50228640404592,1,0,,,,,1,2100.0,"저항→지지",0,0,1940.83336358773,2080.83336358773
20261007,331520,"밸로프",KOSDAQ,2265.0,2.26,"게임엔터테인먼트",0.22,0.585173735,22199686290.0,2495.0,-11.2224448897796,,18.796992481203,32.5842696629214,15.0,30.9301769126159,0,2,0,65,"없음",37,-19.0127970749543,49,20260811,23.5555555555556,13.6820578965435,0,0,,,,,1,2205.0,"지지 재탈환",0,0,2587.37751547752,2587.37751547752
20261007,331740,"아우토크립트",KOSDAQ,7070.0,-2.88,"자동차부품",1.35,3.86108532,68939506370.0,8440.0,-15.7582938388626,,38.1180223285486,22.4657534246575,6.8,57.0470630523432,0,1,0,47,"없음",26,-53.4990189666449,6,20260911,10.9422492401216,8.24074914194713,0,0,,,,,1,6700.0,"저항→지지",0,0,7343.44516244299,7343.44516244299
20261007,331920,"셀레믹스",KOSDAQ,10310.0,1.98,"생물공학",17.89,6.338312625,115281832050.0,13120.0,-21.1890243902439,,14.8148148148148,27.5285839929639,9.2,239.68388891941,2,1,0,42,"없음",36,-21.8442932728647,44,20260828,18.9164370982553,9.3621812954895,0,0,,,,,1,10140.0,"지지 재탈환",0,0,12757.6710072122,12777.6710072122
20261007,332290,"누보",KOSDAQ,4600.0,5.02,"화학",0.16,0.9563454325,36520545400.0,4755.0,-3.78548895899054,,30.7888040712468,24.6794871794872,11.2,13.8115670734672,0,1,0,57,"없음",35,-29.8850574712644,29,20260730,14.4719687092568,2.69068689422672,1,0,,,,,0,,,0,0,5108.71632934076,5108.71632934076
20261007,332370,"아이디피",KOSDAQ,5170.0,-0.19,"컴퓨터와주변기기",0.03,0.11621998,68625163420.0,5640.0,-8.33333333333333,,1.75879396984925,13.4146341463415,7.6,12.0575501289428,3,1,0,72,"없음",40,1.57170923379175,79,,,,0,0,,,,,0,,,0,0,5209.45223047929,5309.45223047929
20261007,332570,"PS일렉트로닉스",KOSDAQ,8760.0,-5.5,"핸드셋",109.84,216.097508675,402439682280.0,9790.0,-11.7466802860061,,44.5222929936306,39.6309314586995,6.8,36.2488729796509,4,2,0,72,"수축중",67,59.409594095941,96,20260813,29.918509895227,4.85797982475573,0,0,,,,,1,8200.0,"저항→지지",0,0,8440.75368468813,10030.7536846881
20261007,333050,"이노테나",KOSDAQ,5990.0,2.39,"IT서비스",0.27,0.7860824875,29497275800.0,5890.0,0.67911714770798,0.67911714770798,36.2976406533575,16.8207024029575,10.0,40.7661090401601,1,3,0,77,"없음",43,-6.59946448259569,70,,,,1,0,20261007,5890.0,5930.0,40.3739133597643,1,5400.0,"저항→지지",1,1,5327.74105969932,5327.74105969932
20261007,333430,"일승",KOSDAQ,3760.0,-2.59,"조선",3.96,7.972873615,115532568720.0,4190.0,-10.6205250596659,,67.6632092739475,21.7962760131435,6.8,8.04073223049749,0,1,0,89,"없음",33,-31.0313075506446,28,20260731,8.83152173913044,5.66444851654165,0,0,,,,,0,,,0,0,3722.08426662149,4212.08426662149
20261007,333620,"엔시스",KOSDAQ,5240.0,0.96,"전자장비와기기",0.93,3.62099416,57629048400.0,6000.0,-12.6666666666667,,15.2424942263279,11.913357400722,5.0,53.5234582253894,0,1,0,42,"없음",22,-12.3745819397993,61,,,,1,0,,,,,1,5070.0,"지지 재탈환",0,0,5512.50924457635,5512.50924457635
20261007,334890,"이지스밸류플러스리츠",KOSPI,3580.0,-0.42,"부동산",1.18,2.86797153,248626285140.0,3870.0,-6.71834625322997,,11.2941176470588,9.78260869565217,9.4,34.4435325917156,0,1,0,58,"없음",31,-11.9512195121951,62,,,,0,0,,,,,0,,,0,0,3719.01052406481,3834.01052406481
20261007,334970,"프레스티지바이오로직스",KOSDAQ,1405.0,0.5,"제약",0.29,2.375773881,109242454985.0,1650.0,-15.0909090909091,,20.516717325228,36.7934224049332,14.8,9.34930376959785,0,1,0,32,"없음",26,-42.9327902240326,13,,,,0,0,,,,,0,,,0,0,1506.20488612712,1749.20488612712
20261007,335810,"프리시젼바이오",KOSDAQ,1500.0,0.0,"생명과학도구및서비스",0.1,0.2839535605,32924259000.0,1920.0,-21.0416666666667,,0.0,26.250644662197,2.0,47.6634205042747,0,2,0,44,"없음",30,-34.3722943722944,23,20260918,12.9161118508655,4.34375489177612,0,0,,,,,1,1507.0,"지지 재탈환",0,0,1677.31455415487,1677.31455415487
20261007,335870,"윙스풋",KOSDAQ,3855.0,-5.63,"섬유,의류,신발,호화품",0.23,0.24746487,12914612370.0,5490.0,-29.6903460837887,,53.5055350553505,59.6816976127321,14.4,152.893262322108,0,1,0,50,"없음",26,-61.9704433497537,3,20260929,8.67052023121386,5.98636195289863,0,0,,,,,0,,,0,0,4825.15627579154,5765.15627579154
20261007,336060,"웨이버스",KOSDAQ,3120.0,0.0,"IT서비스",0.15,0.3155834175,30048844800.0,3420.0,-8.33333333333333,,35.6913183279743,28.3667621776504,15.6,49.4900192006687,0,1,0,74,"없음",25,-37.2372372372372,20,,,,1,0,,,,,1,3090.0,"저항→지지",0,0,3139.98505820666,3139.98505820666
20261007,336260,"두산퓨얼셀",KOSPI,45550.0,-4.11,"에너지장비및서비스",210.27,503.397593575,2983239219300.0,54600.0,-17.2161172161172,,48.5714285714286,21.4963119072708,5.0,42.1051463926832,2,2,0,61,"관망",55,24.1758241758242,91,20260909,9.44162436548224,2.56455011567903,0,0,,,,,0,,,0,0,51147.615601808,51147.615601808
20261007,336370,"솔루스첨단소재",KOSPI,8930.0,-4.39,"전자장비와기기",10.78,21.64258544,626995821140.0,8980.0,-1.78173719376392,4.56570155902004,30.1327885597549,27.6797829036635,10.0,71.972701672393,1,1,0,57,"없음",36,-4.64864864864865,73,20260911,12.5661375661376,14.9453588905437,0,0,20261006,8980.0,9390.0,364.845791675395,1,8180.0,"저항→지지",0,0,8510.12946841213,8510.12946841213
20261007,336570,"원텍",KOSDAQ,5080.0,-1.36,"건강관리장비와용품",19.16,19.383984605,453545681680.0,5130.0,-0.974658869395711,0.974658869395711,62.0408163265306,21.5929203539823,7.2,78.8910252860652,0,2,0,85,"없음",33,-31.4439946018893,27,,,,0,0,20261006,5130.0,5180.0,118.970430712446,1,5070.0,"저항→지지",0,0,4793.67962907351,5223.67962907351
20261007,336680,"탑런토탈솔루션",KOSDAQ,3020.0,-1.63,"자동차부품",0.81,0.617737465,118219585160.0,3095.0,-2.4232633279483,,32.5129019452163,13.3214920071048,5.8,136.236825318915,0,3,0,85,"없음",34,-19.6808510638298,48,,,,0,0,,,,,1,3015.0,"저항→지지",0,0,2848.42265240104,2848.42265240104
20261007,337930,"젝시믹스",KOSDAQ,2395.0,1.27,"섬유,의류,신발,호화품",1.08,1.605328785,69572184955.0,2475.0,-4.64646464646465,,45.5373406193078,22.8333333333333,5.2,76.5039402661044,0,2,0,80,"없음",33,-44.4051825677267,12,,,,0,0,,,,,0,,,0,0,2447.22023496296,2932.22023496296
20261007,338100,"NH프라임리츠",KOSPI,3785.0,-1.05,"부동산",5.74,2.1415075025,70628100000.0,3975.0,-4.77987421383648,,39.7089397089397,17.3140954495006,2.8,322.780583470328,0,2,0,77,"없음",30,-17.6278563656148,52,,,,0,0,,,,,0,,,0,0,4284.71469194632,4284.71469194632
20261007,338220,"뷰노",KOSDAQ,8180.0,-4.77,"건강관리기술",14.57,32.6210327525,114534912140.0,8900.0,-8.08988764044944,,0.0,58.2758620689655,15.6,96.4779789062704,0,1,0,29,"관망",29,-50.5740181268882,8,20260929,14.9171270718232,12.8430187168001,0,0,,,,,1,5460.0,"저항→지지",0,0,7719.87410498033,7719.87410498033
20261007,338840,"와이바이오로직스",KOSDAQ,8150.0,-3.89,"생물공학",1.73,2.15389455,125541483450.0,9300.0,-11.9354838709677,,63.219741480611,32.8690807799443,10.8,43.8015377996379,0,2,0,72,"없음",45,-74.5256609642302,2,20260731,8.77659574468086,2.87842909986553,0,0,,,,,0,,,0,0,8139.73395591074,10819.7339559107
20261007,339770,"교촌에프앤비",KOSPI,3915.0,0.13,"식품",0.78,1.1762432825,195613288200.0,4080.0,-4.04411764705882,,1.87353629976581,20.1142857142857,15.8,44.6272457844003,1,1,0,73,"없음",36,-5.88942307692308,71,,,,0,0,,,,,0,,,0,0,3827.58131673203,3827.58131673203
20261007,339950,"아이비김영",KOSDAQ,2380.0,1.28,"교육서비스",0.38,1.1476727425,106973038900.0,3070.0,-22.8013029315961,,1.92719486081369,20.4081632653061,10.0,18.0138391964474,3,1,0,51,"없음",41,2.37580993520518,80,,,,0,0,,,,,0,,,0,0,2797.72425952229,2877.72425952229
20261007,340360,"다보링크",KOSDAQ,850.0,-1.16,"통신장비",1.11,1.5272078245,45580291200.0,957.0,-11.1807732497388,,54.6976744186047,21.3372664700098,7.8,44.1227633264366,0,1,0,56,"없음",33,-50.5526468877254,8,20260807,10.485651214128,3.14641710761672,0,0,,,,,0,,,0,0,873.209576030558,875.209576030558
20261007,340450,"지씨지놈",KOSDAQ,10150.0,-0.49,"생명과학도구및서비스",101.2,48.019528485,240055548950.0,7190.0,41.307371349096,1.25173852573018,0.0,22.6415094339623,9.6,367.091656544135,3,3,0,80,"관망",52,26.5255292652553,92,20261006,14.3176733780761,5.19712880994962,0,0,20260922,7190.0,7280.0,648.928174857433,1,7190.0,"저항→지지",0,0,9193.33348526332,9193.33348526332
20261007,340570,"티앤엘",KOSDAQ,28650.0,-0.17,"건강관리장비와용품",14.63,17.60557845,460408938000.0,29150.0,-2.05831903945112,,62.5628884285291,22.0760233918129,5.4,56.3964517842345,4,2,0,84,"없음",60,11.0506048465518,87,20260804,10.054450190062,3.52367000550742,0,0,,,,,0,,,0,0,27675.0070531995,33225.0070531995
20261007,340810,"시선AI",KOSDAQ,3650.0,-1.08,"소프트웨어",3.34,13.0915587075,50915609300.0,5100.0,-27.843137254902,,7.10008554319932,26.1006289308176,10.0,27.9990705753524,3,1,0,47,"없음",41,41.8111753371869,94,20260921,9.63139120095125,6.71249920027878,0,0,,,,,0,,,0,0,4437.65066857658,4437.65066857658
20261007,342870,"오아",KOSDAQ,3850.0,4.19,"가정용기기와용품",0.33,0.1772531125,20983258450.0,4000.0,-3.75,,34.4308560677328,16.1006289308176,4.4,177.896992073708,0,1,0,45,"없음",27,-40.9509202453988,15,,,,1,0,,,,,1,3835.0,"저항→지지",0,0,3528.11716996107,4048.11716996107
20261007,344820,"KCC글라스",KOSPI,24000.0,-0.83,"건축자재",1.61,3.098076,383292288000.0,25650.0,-7.40740740740741,,44.3262411347518,16.6666666666667,14.8,59.8378809891996,0,1,0,85,"없음",25,-6.12648221343874,71,,,,0,0,,,,,0,,,0,0,23981.4101431566,24981.4101431566
20261007,344860,"이노진",KOSDAQ,1298.0,0.23,"화장품",0.24,1.5912556635,19508940000.0,1796.0,-27.728285077951,,12.7342888643881,23.1714812538414,7.2,19.7664753149144,0,2,0,85,"없음",40,-16.4198325820992,54,20260812,14.1647421093149,66.0595081842736,0,0,,,,,0,,,0,0,1604.86775797446,1604.86775797446
20261007,347000,"센코",KOSDAQ,1859.0,-2.82,"전자장비와기기",1.56,1.105477319,70290362714.0,1950.0,-3.84615384615385,,35.1840675920338,30.6239267315398,9.6,240.31258933808,0,3,0,89,"없음",34,-14.187643020595,58,,,,0,0,,,,,1,1865.0,"지지 재탈환",0,0,1806.89617056006,1806.89617056006
20261007,347740,"피엔케이피부임상연구센타",KOSDAQ,1691.0,1.74,"생명과학도구및서비스",0.1,0.5002521455,50747884016.0,2030.0,-17.2413793103448,,36.1594202898551,27.2931907709623,10.8,19.9453315531404,0,2,0,63,"없음",28,-18.8405797101449,49,,,,0,0,,,,,0,,,0,0,1709.36897502498,1900.36897502498
20261007,347770,"핌스",KOSDAQ,928.0,1.2,"디스플레이장비및부품",0.67,0.471681413,21028203456.0,982.0,-4.88798370672098,,27.8375149342891,34.8189415041783,5.0,82.8219759195357,1,1,0,64,"없음",32,-50.9196006305833,7,,,,0,0,,,,,1,851.0,"지지 재탈환",0,0,874.643769169145,964.643769169145
20261007,347850,"디앤디파마텍",KOSDAQ,45250.0,-4.84,"생물공학",362.43,244.332902775,2081327552250.0,45700.0,-1.64113785557987,4.48577680525164,75.875,39.0977443609023,7.4,82.8285409842596,0,2,0,77,"관망",45,-39.9866488651535,16,20261006,9.51834862385321,2.53854358049688,0,0,20261006,45700.0,47750.0,122.48739506509,1,42400.0,"지지 재탈환",0,0,43467.9035746904,71067.9035746904
20261007,347860,"알체라",KOSDAQ,1684.0,-0.94,"소프트웨어",5.25,2.476127738,70986741548.0,1831.0,-7.64609503003823,,27.3310310804144,24.3209096651927,8.2,149.130069794232,0,3,0,83,"없음",31,-13.103802672148,60,,,,0,0,,,,,1,1537.0,"저항→지지",0,0,1625.49775158477,1647.49775158477
20261007,347890,"엠엑스온",KOSDAQ,4395.0,-1.12,"전자장비와기기",0.45,0.569978225,74773031580.0,4445.0,-2.24971878515186,,59.9214145383104,29.0598290598291,7.2,12.8456861678219,0,2,0,88,"없음",43,-18.0188679245283,51,,,,0,0,,,,,1,4270.0,"지지 재탈환",0,0,4216.86109680501,5501.86109680501
20261007,348030,"모비릭스",KOSDAQ,3590.0,16.37,"게임엔터테인먼트",19.03,1.886408225,34477642000.0,3145.0,13.6724960254372,7.47217806041335,0.0,31.0626702997275,5.0,786.505886132854,3,2,0,50,"없음",45,32.6530612244898,93,20261006,21.8018018018018,22.6684364041556,0,0,20261006,3145.0,3380.0,615.751031055954,1,2710.0,"지지 재탈환",1,0,2889.07825124209,3179.07825124209
20261007,348080,"큐라티스",KOSDAQ,3950.0,3.27,"생물공학",5.08,12.5916961775,50669624350.0,6140.0,-36.8892508143323,,0.696864111498266,48.0039920159681,7.8,63.8641099764865,0,1,0,35,"없음",26,-54.5134405446649,5,20260917,29.9595141700405,5.59327220478429,0,0,,,,,1,2990.0,"저항→지지",0,0,5257.04414308467,5257.04414308467
20261007,348150,"고바이오랩",KOSDAQ,2900.0,-2.85,"건강관리업체및서비스",0.59,0.6194751525,56314778100.0,3020.0,-4.80132450331126,,53.3333333333333,31.044776119403,9.6,80.2201008859053,0,2,0,66,"없음",30,-51.6806722689076,7,,,,0,0,,,,,1,2855.0,"저항→지지",0,0,2733.17627184599,3073.17627184599
20261007,348210,"넥스틴",KOSDAQ,38050.0,-6.05,"반도체와반도체장비",28.07,32.221461625,398650040250.0,34700.0,8.35734870317003,4.89913544668588,52.5833333333333,23.407022106632,6.6,89.2023327271348,0,2,0,64,"관망",35,-45.1895043731778,11,20260910,8.84676145339654,5.92370144878902,0,0,20260930,34700.0,36400.0,87.3931818220809,1,34700.0,"저항→지지",0,0,37706.1296853502,37706.1296853502
20261007,348340,"뉴로메카",KOSDAQ,21150.0,-6.21,"기계",72.42,72.62277569,495088167600.0,21000.0,0.952380952380952,7.61904761904762,50.6009615384615,42.5090909090909,6.8,93.1216729148199,1,2,0,62,"관망",46,-48.1801960352961,9,20260814,10.2803738317757,3.17454281511189,0,0,20261002,21000.0,22600.0,153.154606107468,1,21000.0,"저항→지지",0,0,20394.9607563261,24394.9607563261
20261007,348350,"위드텍",KOSDAQ,9760.0,0.21,"반도체와반도체장비",1.13,2.17458606,95390336000.0,10410.0,-7.01248799231508,,20.6439393939394,14.7894221351616,5.2,41.6137069553287,4,2,0,71,"없음",48,-4.15841584158416,74,,,,0,0,,,,,1,9110.0,"지지 재탈환",0,0,9268.72155185974,9378.72155185974
20261007,348370,"엔켐",KOSDAQ,23100.0,-4.94,"전기제품",36.31,40.232165125,506143961400.0,23350.0,-1.2847965738758,5.13918629550321,62.614248153249,39.0322580645161,7.6,58.896475759618,0,2,0,70,"관망",42,-41.423125794155,14,20260716,9.57943925233644,3.73275215810995,0,0,20261006,23350.0,24550.0,124.204492452689,1,21300.0,"저항→지지",0,0,21333.2440634623,24633.2440634623
20261007,350520,"이지스레지던스리츠",KOSPI,3260.0,1.56,"부동산",0.32,0.9785785875,120183818520.0,3400.0,-5.88235294117647,,17.6991150442478,9.20863309352518,7.2,33.5974163129944,0,1,0,76,"없음",27,-13.6302294197031,59,,,,0,0,,,,,0,,,0,0,3263.97787169148,3288.97787169148
20261007,351330,"이삭엔지니어링",KOSDAQ,3550.0,-0.98,"IT서비스",0.63,1.52094221,29424246000.0,3980.0,-10.929648241206,,18.4938036224976,34.6711259754738,6.6,53.5175726745986,0,2,0,51,"없음",32,-51.8342391304348,7,20260918,13.5537190082645,12.8383459307745,0,0,,,,,1,3300.0,"지지 재탈환",0,0,3448.11004598591,3953.11004598591
20261007,351870,"차이커뮤니케이션",KOSDAQ,2520.0,16.13,"광고",1.01,0.464771055,28124817840.0,2455.0,-2.44399185336049,4.27698574338086,31.8574514038877,24.1584158415842,9.8,78.0153794982609,0,1,0,51,"없음",35,-39.135959339263,18,20261006,15.5756207674943,5.25175222580034,0,0,20261006,2455.0,2560.0,140.826313044069,1,2195.0,"지지 재탈환",0,0,2247.41482506446,2552.41482506446
20261007,352090,"스톰테크",KOSDAQ,3640.0,0.55,"가정용기기와용품",0.74,1.90513094,97817712720.0,4060.0,-10.0985221674877,,8.64864864864865,7.20221606648199,11.4,49.5233837967135,4,2,0,67,"없음",48,1.38888888888889,79,,,,0,0,,,,,0,,,0,0,3843.72702183665,3843.72702183665
20261007,352480,"씨앤씨인터내셔널",KOSDAQ,21000.0,2.69,"화장품",3.52,2.720382075,286227921000.0,22850.0,-7.87746170678337,,45.5252918287938,26.7699115044248,15.0,84.782339079747,0,2,0,63,"없음",39,-21.1610486891386,45,20260812,9.0692124105012,4.45830651522704,0,0,,,,,0,,,0,0,20929.2851462932,21979.2851462932
20261007,352700,"씨앤투스",KOSDAQ,1465.0,0.07,"섬유,의류,신발,호화품",0.15,0.2344229065,38495657035.0,1506.0,-1.72642762284197,,43.0414746543779,26.2388818297332,15.0,38.7096046885547,0,1,0,77,"없음",31,-26.5508684863524,35,,,,0,0,,,,,1,1474.0,"저항→지지",0,0,1421.02845342171,1421.02845342171
20261007,352820,"하이브",KOSPI,166700.0,6.18,"방송과엔터테인먼트",732.75,318.52770555,7185909561200.0,165600.0,0.845410628019324,0.845410628019324,65.6618610747051,13.973063973064,2.6,191.050593916755,0,2,0,76,"관망",39,-42.314335060449,14,,,,1,0,20261007,165600.0,167000.0,194.188098056524,1,162800.0,"지지 재탈환",0,0,173017.074311298,217117.074311298
20261007,352910,"오비고",KOSDAQ,4775.0,-0.52,"소프트웨어",0.18,0.3840716675,60345504550.0,5490.0,-13.023679417122,,7.40331491712708,23.4643734643735,10.2,25.7425474987162,2,1,0,50,"없음",40,6.58482142857143,84,20260826,14.6437994722955,3.69982948583421,0,0,,,,,1,4745.0,"저항→지지",0,0,5168.13139158451,5168.13139158451
20261007,352940,"인바이오",KOSDAQ,2040.0,-0.49,"화학",0.1,0.899410595,22170169200.0,2440.0,-16.8032786885246,,10.6037388905915,7.29064039408867,8.2,21.550150707648,0,1,0,40,"없음",30,-4.24528301886792,73,20260911,12.0906801007557,48.8617564468685,0,0,,,,,0,,,0,0,2146.50009979031,2146.50009979031
20261007,353190,"휴럼",KOSDAQ,2570.0,-1.15,"건강관리업체및서비스",0.1,0.1182678925,20240507880.0,2730.0,-4.57875457875458,,38.8131868131868,17.1717171717172,5.4,51.5160029502225,0,2,0,85,"없음",43,-18.8473520249221,49,,,,0,0,,,,,1,2535.0,"지지 재탈환",0,0,2533.33096199806,2828.33096199806
20261007,353200,"대덕전자",KOSPI,152000.0,-3.74,"전자장비와기기",1262.91,1292.9940921,7511372600000.0,110400.0,35.6884057971014,1.17753623188406,43.3179723502304,24.9404289118348,6.6,90.9513659776859,4,2,0,67,"돌파완료",54,70.2272727272727,97,20260922,8.55199222546161,3.87517728821714,0,0,20260922,110400.0,111700.0,304.422272976073,1,110400.0,"저항→지지",0,0,138608.7984624,138608.7984624
20261007,353590,"오토앤",KOSDAQ,1552.0,-0.26,"자동차부품",0.13,0.1506250965,19982884640.0,1658.0,-4.76477683956574,,5.66361556064073,17.6582278481013,9.4,70.8591016540664,0,1,0,49,"없음",27,-43.7076648841355,13,,,,0,0,,,,,1,1511.0,"지지 재탈환",0,0,1513.99447406249,1594.99447406249
20261007,353810,"이지바이오",KOSDAQ,5890.0,0.17,"식품",5.97,4.471472755,194852508800.0,6350.0,-7.8740157480315,,51.5151515151515,12.65625,11.0,121.781137037318,1,1,0,54,"없음",30,-18.0672268907563,51,,,,0,0,,,,,0,,,0,0,5957.18110111051,6507.18110111051
20261007,354200,"엔젠바이오",KOSDAQ,704.0,-0.85,"생명과학도구및서비스",4.03,10.995681229,11324954432.0,1886.0,-62.6723223753977,,49.2966002344666,68.5585585585586,4.8,102.578406149121,0,2,0,42,"없음",30,-83.760092272203,1,20260915,31.2898089171975,33.4870851403522,0,0,,,,,0,,,0,0,1519.0468211195,2483.0468211195
20261007,354320,"알멕",KOSDAQ,49500.0,-2.17,"자동차부품",105.19,80.403806775,316373359500.0,42900.0,15.7342657342657,2.0979020979021,10.7091690544412,39.6449704142012,11.4,175.095066879427,2,1,0,49,"관망",40,-11.1806797853309,63,20261006,15.9817351598174,3.20734432663666,0,0,20261002,42900.0,43800.0,173.910124601031,1,42900.0,"저항→지지",0,0,46325.7493205207,46325.7493205207
20261007,355150,"코스텍시스",KOSDAQ,23950.0,-3.43,"반도체와반도체장비",53.53,28.345944845,186746532500.0,22500.0,6.22222222222222,0.888888888888889,43.3555555555556,25.678496868476,5.0,189.606634982989,2,3,0,76,"없음",50,6.22222222222222,83,20260917,12.6760563380282,4.75649392718895,0,0,20260930,22500.0,22700.0,199.995278351043,1,22250.0,"저항→지지",0,0,21641.5011099121,21641.5011099121
20261007,355390,"크라우드웍스",KOSDAQ,1730.0,8.81,"IT서비스",10.91,6.98860307,27582158120.0,1980.0,-12.1212121212121,,6.5348237317283,24.1735537190083,3.6,143.535749815245,0,1,0,47,"없음",26,-34.3396226415094,23,20260917,10.9433962264151,10.0671566499885,0,0,,,,,1,1452.0,"저항→지지",0,0,1574.18697964728,1994.18697964728
20261007,355690,"에이텀",KOSDAQ,5750.0,4.55,"전자장비와기기",11.57,4.851811115,55029736750.0,6060.0,-4.78547854785479,,30.9701492537313,23.2407407407407,6.6,237.111768980088,4,2,0,77,"없음",55,14.484126984127,88,20260618,10.7660455486542,7.04908881173692,0,0,,,,,1,5160.0,"저항→지지",0,0,5396.51614664549,5396.51614664549
20261007,356680,"엑스게이트",KOSDAQ,19000.0,-7.32,"소프트웨어",431.85,1026.29182101,542326348000.0,19980.0,-6.40640640640641,2.6026026026026,15.0433275563258,19.9548192771084,5.0,78.9588228738194,4,2,0,62,"수축중",59,165.248226950355,99,20260923,9.43847072879331,4.39039619559773,0,0,20261006,19980.0,20500.0,267.718123319473,1,13280.0,"저항→지지",0,0,19247.5413893274,19247.5413893274
20261007,356860,"티엘비",KOSDAQ,50500.0,0.2,"반도체와반도체장비",328.14,274.337061775,1196913630000.0,46500.0,7.09677419354839,3.87096774193548,41.1353813466828,56.0567674820079,11.0,112.088406095189,3,1,0,49,"관망",48,44.8727272727273,95,20260922,15.9947984395319,4.12311315411798,0,0,20261001,46500.0,48300.0,116.01534232506,1,46500.0,"저항→지지",0,0,45227.477242011,45227.477242011
20261007,356890,"싸이버원",KOSDAQ,2650.0,-5.69,"IT서비스",2.44,4.37666978,31677636250.0,2955.0,-11.1675126903553,,15.5080213903743,27.2727272727273,7.2,97.903363884346,0,1,0,55,"없음",29,-17.0616113744076,53,20260911,11.9047619047619,38.1870945844019,0,0,,,,,1,2410.0,"저항→지지",0,0,2616.39054669111,2616.39054669111
20261007,357120,"코람코라이프인프라리츠",KOSPI,4055.0,-1.1,"부동산",2.65,2.89146233,394694860470.0,4365.0,-7.10194730813287,,12.25,17.3098125689085,17.8,96.3481982826756,0,3,0,79,"없음",35,-9.88888888888889,66,20260612,8.0368906455863,2.747276943794,0,0,,,,,0,,,0,0,4052.62312595893,4127.62312595893
20261007,357230,"에이치피오",KOSDAQ,2120.0,-0.47,"건강관리업체및서비스",0.26,0.4992624375,87542169120.0,2275.0,-6.81318681318681,,0.0,18.3898305084746,14.8,42.6104792992735,0,3,0,73,"없음",36,-13.469387755102,60,,,,0,0,,,,,1,2080.0,"지지 재탈환",0,0,2067.89338099283,2147.89338099283
20261007,357250,"미래에셋맵스리츠",KOSPI,1825.0,-1.51,"부동산",0.27,0.5154216375,45616066625.0,2320.0,-20.948275862069,,0.715214564369316,8.25593395252838,7.2,41.8567227279481,0,1,0,46,"없음",22,-23.1027253668763,41,,,,0,0,,,,,0,,,0,0,2166.14004917206,2166.14004917206
20261007,357430,"마스턴프리미어리츠",KOSPI,781.0,1.3,"부동산",0.09,0.187756768,23824644767.0,1010.0,-23.1683168316832,,57.262996941896,25.0,8.4,37.4460113502265,0,1,0,52,"없음",26,-45.5438596491228,11,20260710,29.9159663865546,4.74042767078051,0,0,,,,,0,,,0,0,923.161927497001,923.161927497001
20261007,357550,"석경에이티",KOSDAQ,31850.0,-2.9,"화학",0.48,0.734623475,173741750000.0,34950.0,-7.01001430615164,,65.6346749226006,25.968992248062,11.4,36.2801256753132,0,1,0,59,"없음",29,-37.8585086042065,19,,,,0,0,,,,,1,31000.0,"저항→지지",0,0,31047.353917482,34797.353917482
20261007,357580,"아모센스",KOSDAQ,8470.0,2.54,"핸드셋",17.57,29.92038327,99859284140.0,7600.0,9.73684210526316,3.02631578947368,6.56610470275067,39.5864106351551,11.4,108.411696170471,1,2,0,64,"없음",37,-58.8148148148148,4,20260916,28.9320388349515,38.553051760391,0,0,20260930,7600.0,7830.0,388.186356555867,1,7600.0,"저항→지지",0,0,7520.14016857651,7520.14016857651
20261007,357780,"솔브레인",KOSDAQ,410000.0,-3.53,"반도체와반도체장비",129.82,123.74100075,3189212060000.0,353000.0,15.2974504249292,4.24929178470255,36.8421052631579,36.4306784660767,11.4,95.7482888883276,4,1,0,73,"돌파완료",50,2.77777777777778,80,20260923,8.87573964497042,2.53951089124885,0,0,20260923,353000.0,368000.0,175.119868708208,1,353000.0,"저항→지지",0,0,392631.182940811,392631.182940811
20261007,357880,SKAI,KOSDAQ,1783.0,1.08,"IT서비스",11.39,13.151524105,98866643932.0,2095.0,-14.4630071599045,,61.6566866267465,29.9787685774947,7.6,84.0014234166833,2,1,0,59,"없음",32,-46.8249258160237,10,,,,0,0,,,,,0,,,0,0,1782.78269232371,2752.78269232371
20261007,358570,"지아이이노베이션",KOSDAQ,8910.0,-1.76,"생물공학",16.89,29.48963521,574837613460.0,9740.0,-8.93223819301848,,21.2294496068621,22.1761658031088,7.2,48.9401786870717,0,1,0,51,"없음",25,-31.9263238679969,26,,,,0,0,,,,,1,8350.0,"저항→지지",0,0,8293.39215699583,8293.39215699583
20261007,359090,"씨엔알리서치",KOSDAQ,2305.0,1.1,"제약",0.29,0.2263334275,26493999615.0,2560.0,-8.984375,,0.0,17.4814814814815,12.2,135.230325666732,0,1,0,53,"없음",25,-41.8952618453865,14,,,,0,0,,,,,1,2045.0,"저항→지지",0,0,2258.36556016306,2258.36556016306
20261007,360070,"탑머티리얼",KOSDAQ,10410.0,-1.33,"전자장비와기기",1.17,1.284142905,85279167630.0,9660.0,7.7639751552795,2.89855072463768,36.4864864864865,23.191278493558,7.4,50.3199920416487,0,3,0,91,"없음",42,-42.4861878453039,14,,,,0,0,20261001,9660.0,9940.0,66.2176379673136,1,9660.0,"저항→지지",0,0,9623.91279785616,9623.91279785616
20261007,360350,"코셈",KOSDAQ,12100.0,-4.04,"전자장비와기기",4.8,6.62441799,65799437000.0,6970.0,73.6011477761836,4.44763271162123,0.0,39.4124847001224,10.6,115.109944995744,3,2,0,39,"없음",35,-28.9489136817381,31,20260930,22.5274725274725,9.44665018863016,0,0,20260921,6970.0,7280.0,270.025631987626,1,6970.0,"저항→지지",0,0,11111.9235945625,11111.9235945625
20261007,361390,"제노코",KOSDAQ,12810.0,-4.76,"우주항공과국방",5.7,3.93145926,124723040610.0,13580.0,-5.74374079528719,2.06185567010309,38.7114845938375,37.9552715654952,12.4,162.727944791313,0,2,0,70,"없음",35,-57.190635451505,5,20260917,11.2889637742207,7.28216863820694,0,0,20261002,13580.0,13860.0,208.294653265899,1,12550.0,"저항→지지",0,0,12940.6898251035,12940.6898251035
20261007,361570,"알비더블유",KOSDAQ,1615.0,0.94,"방송과엔터테인먼트",0.02,1.513397828,46420414965.0,1870.0,-13.6363636363636,,38.9696169088507,33.0939226519337,15.2,1.55909533817513,0,1,0,51,"없음",30,-16.9665809768638,53,20260911,13.2578281145903,10.9138390145689,0,0,,,,,1,1548.0,"지지 재탈환",0,0,1724.27077925236,1724.27077925236
20261007,361610,"SK아이이테크놀로지",KOSPI,18250.0,0.44,"전기제품",83.17,97.25533653,1492614575000.0,18540.0,-2.42718446601942,,23.6910316226024,23.74749498998,5.4,87.9470284126362,0,2,0,73,"없음",40,-18.8789237668161,49,20260826,29.9479166666667,32.3810471532418,0,0,,,,,1,16050.0,"지지 재탈환",0,0,16909.7837319801,17739.7837319801
20261007,361670,"삼영에스앤씨",KOSDAQ,4000.0,2.04,"전자장비와기기",0.16,0.239051665,22670632000.0,3800.0,3.15789473684211,1.84210526315789,36.3636363636364,14.3258426966292,11.6,54.0687295257268,4,1,0,80,"없음",53,31.5436241610738,93,20260626,17.6470588235294,12.6864979462038,0,0,20261002,3800.0,3870.0,180.445342297036,1,3800.0,"저항→지지",0,0,3655.59077680766,3655.59077680766
20261007,362320,"청담글로벌",KOSDAQ,4265.0,1.67,"인터넷과카탈로그소매",1.8,4.05102512,88255291005.0,5240.0,-18.9885496183206,,55.1698670605613,35.1500789889415,7.2,30.1764697544285,0,2,0,60,"없음",42,-14.2424242424242,58,20260721,13.2142857142857,10.8831264002182,0,0,,,,,0,,,0,0,4708.01392050161,5798.01392050161
20261007,362990,"드림인사이트",KOSDAQ,1229.0,2.33,"광고",0.34,0.2716282225,20647905446.0,1392.0,-11.7097701149425,,5.66289140572951,20.2390438247012,8.2,99.7639046277845,0,1,0,40,"없음",29,-21.9186785260483,44,20260625,8.10526315789473,3.78728578516971,0,0,,,,,1,1200.0,"지지 재탈환",0,0,1254.64252669998,1254.64252669998
20261007,363250,"진시스템",KOSDAQ,4190.0,0.96,"건강관리장비와용품",0.16,0.434922225,35650120580.0,4725.0,-11.5343915343915,,30.3030303030303,24.75442043222,7.8,21.5668210822643,1,1,0,66,"없음",38,-40.1146131805158,16,20260728,13.5910224438903,8.02985035047865,0,0,,,,,1,4150.0,"저항→지지",0,0,4306.65484237056,4516.65484237056
20261007,363260,"모비데이즈",KOSDAQ,4065.0,-0.97,"광고",0.1,1.28395884,26149140945.0,5490.0,-25.9562841530055,,42.4087123638693,34.7058823529412,3.6,9.77862329644555,0,2,0,55,"없음",42,-45.0304259634888,11,20260804,8.36762688614541,3.51330877688032,0,0,,,,,0,,,0,0,5299.0668688376,5299.0668688376
20261007,363280,"티와이홀딩스",KOSPI,2050.0,0.0,"호텔,레스토랑,레저",0.3,0.4511593295,93269532650.0,2150.0,-4.65116279069767,,2.83889283179559,23.4192037470726,15.6,76.5785824890949,0,1,0,55,"없음",31,-24.4935543278085,39,,,,0,0,,,,,1,1980.0,"저항→지지",0,0,2130.04385989712,2130.04385989712
20261007,364950,"에이아이코리아",KOSDAQ,3870.0,0.52,"전자장비와기기",1.3,0.7314881925,32107242150.0,3450.0,14.0579710144928,4.34782608695652,49.9530516431925,23.6111111111111,3.6,205.131474593576,0,2,0,82,"없음",25,-39.8318042813456,17,,,,0,0,20261001,3450.0,3600.0,505.324700296028,1,3450.0,"저항→지지",0,0,3633.05631214312,3798.05631214312
20261007,365270,"큐라클",KOSDAQ,10140.0,0.2,"제약",2.92,4.83667578,224671898880.0,10970.0,-7.56608933454877,,55.0732807215333,30.406852248394,9.6,33.1471743948491,2,2,0,52,"없음",47,-32.5797872340425,26,20260810,18.1818181818182,4.43585421246105,0,0,,,,,1,9610.0,"저항→지지",0,0,9532.05062392075,11402.0506239208
20261007,365330,"에스와이스틸텍",KOSDAQ,1654.0,-0.12,"건축자재",6.07,7.7621569605,82982834000.0,1920.0,-14.21875,,56.1292719167905,17.0773638968481,5.4,79.5007978111329,0,3,0,89,"없음",33,-54.6280991735537,5,20260826,8.00000000000001,6.34734528061276,0,0,,,,,1,1630.0,"저항→지지",0,0,1730.63039493861,1730.63039493861
20261007,365340,"성일하이텍",KOSDAQ,37550.0,-3.96,"전기제품",9.81,12.0294558,485187868250.0,40450.0,-7.54017305315204,,37.7979568671964,18.8369152970923,6.6,61.2696840170237,0,1,0,49,"없음",25,-37.9767827529022,19,,,,0,0,,,,,1,36250.0,"저항→지지",0,0,36181.9351520237,36181.9351520237
20261007,365550,"ESR켄달스퀘어리츠",KOSPI,3130.0,-0.32,"부동산",3.9,7.2951562425,770258570000.0,3265.0,-2.75650842266462,,30.3102625298329,13.9705882352941,7.2,31.5301751033609,0,2,0,88,"없음",41,-26.92750287687,34,,,,1,0,,,,,0,,,0,0,3033.14235855534,3238.14235855534
20261007,365900,"브이씨",KOSDAQ,2515.0,0.0,"레저용장비와제품",0.14,0.98021702,18385404500.0,2795.0,-11.0912343470483,,58.1081081081081,22.2410865874363,6.6,19.6388972474272,0,2,0,73,"없음",45,-15.7627118644068,55,20260618,16.2393162393162,22.3043733861804,0,0,,,,,1,2355.0,"지지 재탈환",0,0,2470.5498354173,2620.5498354173
20261007,366030,"나인앤컴퍼니",KOSDAQ,4640.0,0.32,"섬유,의류,신발,호화품",0.99,2.6850030625,105113864000.0,4765.0,-3.88247639034627,,50.438892640108,27.1777003484321,6.2,30.157087041319,0,2,0,82,"없음",40,-13.2575757575758,60,20260818,8.86597938144329,2.50096158214334,0,0,,,,,0,,,0,0,4390.22252910577,5140.22252910577
20261007,367000,"플래티어",KOSDAQ,3615.0,1.69,"IT서비스",0.07,0.178298245,30323368305.0,4355.0,-16.8771526980482,,0.0,15.4838709677419,10.2,36.7559738191559,1,2,0,53,"없음",30,-6.21761658031088,71,,,,1,0,,,,,1,3520.0,"저항→지지",0,0,3840.60743653507,3840.60743653507
20261007,368770,"파이버프로",KOSDAQ,14050.0,-3.24,"전자장비와기기",27.05,27.27269944,461601861250.0,14150.0,-1.34275618374558,4.02826855123675,38.1808278867102,23.750855578371,6.2,106.895259437994,2,3,0,76,"없음",48,-36.9751693002257,20,20260810,15.2514427040396,2.74024246911509,0,0,20261002,14150.0,14720.0,288.853579601542,1,12880.0,"저항→지지",0,0,13270.5184186869,13270.5184186869
20261007,368970,"오에스피",KOSDAQ,2405.0,-1.03,"식품",0.36,0.976137125,27031521790.0,2900.0,-16.551724137931,,53.1055900621118,33.210332103321,11.8,37.1523257656041,2,1,0,57,"없음",36,1.93765796124684,80,20260917,8.88888888888888,3.45822141574145,0,0,,,,,1,2400.0,"저항→지지",0,0,2603.74721095695,2603.74721095695
20261007,369370,"블리츠웨이엔터테인먼트",KOSDAQ,3045.0,1.84,"방송과엔터테인먼트",0.43,0.320997145,30371993190.0,4040.0,-24.6287128712871,,32.6530612244898,27.909887359199,7.2,168.969705302718,0,1,0,38,"없음",26,-51.8577075098814,7,20260617,9.61761297798378,6.21503903066667,0,0,,,,,0,,,0,0,3363.57904530967,3853.57904530967
20261007,370090,"퓨런티어",KOSDAQ,6230.0,0.0,"전자장비와기기",0.82,1.03045397,53309050900.0,7300.0,-14.3835616438356,,45.3125,33.5090361445783,10.0,61.7898002373348,0,2,0,65,"없음",36,-51.0571652310102,7,,,,0,0,,,,,0,,,0,0,6571.95163150893,6571.95163150893
20261007,371950,"풍원정밀",KOSDAQ,3115.0,4.36,"디스플레이장비및부품",1.51,7.29491195,73405006150.0,3925.0,-6.11464968152866,,31.5884476534296,54.3220338983051,6.8,129.780106360647,0,1,0,42,"없음",31,-70.684168655529,2,20260916,21.602787456446,7.24760491873537,1,0,,,,,0,,,0,0,3134.64120924319,5189.64120924319
20261007,372170,"윤성에프앤씨",KOSDAQ,23250.0,0.0,"전자장비와기기",21.16,2.9668076,185512866000.0,22800.0,2.41228070175439,1.31578947368421,45.9863503412415,23.7606837606838,8.0,305.053215453589,0,2,0,70,"없음",43,-22.1666666666667,43,20260814,29.7327394209354,6.06075706481661,0,0,20261006,22800.0,23100.0,74.6192669170821,1,22500.0,"저항→지지",1,0,20543.9457560936,20693.9457560936
20261007,372320,"큐로셀",KOSDAQ,26450.0,16.52,"생물공학",49.67,7.354858625,402758170400.0,22500.0,16.2222222222222,1.77777777777778,59.9517490952955,36.9465648854962,13.0,685.012393638419,0,1,0,58,"없음",29,-53.1362007168459,6,20261007,11.5138592750533,8.87243322019762,0,0,20261001,22500.0,22900.0,165.680604506286,1,22500.0,"저항→지지",1,0,23368.2194345684,25668.2194345684
20261007,372800,"아이티아이즈",KOSDAQ,2925.0,-1.68,"IT서비스",0.91,0.657779055,20583777825.0,3170.0,-9.30599369085174,,51.7452006980803,18.6046511627907,11.0,129.446745424448,0,1,0,59,"없음",29,-28.2147315855181,32,20260702,18.2242990654206,16.7792244585381,0,0,,,,,0,,,0,0,2838.36632245959,2838.36632245959
20261007,372910,"한컴라이프케어",KOSPI,2135.0,0.0,"건강관리장비와용품",2.01,25.7723527405,59084856810.0,2505.0,-14.9700598802395,,0.0,26.0194174757282,14.8,13.5074579448307,0,1,0,43,"없음",30,-10.6918238993711,64,20260917,8.68473895582329,6.01033349246559,0,0,,,,,1,1883.0,"저항→지지",0,0,2274.5350146985,2274.5350146985
20261007,373110,"엑셀세라퓨틱스",KOSDAQ,1057.0,-0.75,"생물공학",0.66,0.904822689,18280174458.0,1100.0,-4.0,,60.6079027355623,35.82995951417,5.4,26.5703665486289,0,2,0,79,"없음",47,-26.5135699373695,35,20260826,15.4385964912281,84.7657728015746,0,0,,,,,1,1032.0,"저항→지지",0,0,992.900719878263,1349.90071987826
20261007,373160,"데이원컴퍼니",KOSDAQ,3345.0,3.24,"교육서비스",0.11,0.18255792,45433362150.0,3660.0,-9.83606557377049,,0.0,19.7142857142857,8.0,60.8959024761445,0,1,0,45,"없음",25,-36.1702127659575,21,,,,0,0,,,,,0,,,0,0,3218.9598268858,3233.9598268858
20261007,373170,"엠아이큐브솔루션",KOSDAQ,1875.0,-1.21,"IT서비스",0.55,1.570967821,28338356250.0,2870.0,-34.5296167247387,,45.2349437458637,23.8042269187987,9.4,18.6493294848768,0,1,0,52,"없음",30,-30.278293135436,29,20260902,30.0,10.0311423399576,0,0,,,,,1,1780.0,"저항→지지",0,0,1980.94333786424,2585.94333786424
20261007,373200,"엑스플러스",KOSDAQ,1921.0,0.37,"핸드셋",1.02,1.6941828855,48108058277.0,2280.0,-15.7894736842105,,33.666747987314,21.1469534050179,5.8,59.536119582717,0,1,0,51,"없음",26,-47.6839237057221,10,20260907,11.8614210217264,12.6798054962057,0,0,,,,,1,1900.0,"저항→지지",0,0,1897.20172653301,1897.20172653301
20261007,373220,"LG에너지솔루션",KOSPI,390500.0,0.13,"전기제품",1358.39,1034.84221,91377000000000.0,376000.0,2.92553191489362,3.32446808510638,52.0807061790668,17.0,10.0,117.796767513967,1,1,0,85,"관망",42,-4.91400491400491,73,20260528,15.2542372881356,3.75446294038789,0,0,20261006,376000.0,388500.0,150.199011728233,1,376000.0,"저항→지지",0,0,359094.313371594,359094.313371594
20261007,375500,"DL이앤씨",KOSPI,72100.0,-2.57,"건설",134.39,350.34322075,2789810218300.0,90600.0,-20.5298013245033,,15.2875175315568,26.5275707898659,9.8,52.1855944554432,3,3,0,77,"관망",57,-0.689655172413793,77,20260616,13.1645569620253,4.31487817716048,0,0,,,,,0,,,0,0,82201.1114310495,82201.1114310495
20261007,376180,"피코그램",KOSDAQ,1448.0,-4.23,"가정용기기와용품",0.37,0.4639782305,26876383024.0,1741.0,-16.8868466398621,,28.155737704918,42.0476497102382,9.8,53.3628777329417,0,1,0,55,"없음",22,-46.8014705882353,10,,,,0,0,,,,,1,1415.0,"저항→지지",0,0,1509.13228423176,1538.13228423176
20261007,376270,"HEM파마",KOSDAQ,33350.0,-0.74,"건강관리업체및서비스",3.85,2.932992575,240758552450.0,34900.0,-6.59025787965616,0.573065902578797,63.8250555967383,33.4741288278775,6.6,110.058589415437,0,2,0,81,"없음",35,-56.8211920529801,5,,,,0,0,20261002,34900.0,35100.0,147.770876055573,0,,,0,0,35358.0954922939,42808.0954922939
20261007,376290,"씨유테크",KOSDAQ,2795.0,0.54,"핸드셋",0.14,0.1791521825,49352712500.0,3270.0,-14.3730886850153,,0.0,20.2898550724638,10.4,36.3985798538775,3,1,0,61,"없음",41,2.37659963436929,80,,,,0,0,,,,,1,2760.0,"지지 재탈환",0,0,2934.39609812306,2934.39609812306
20261007,376300,"디어유",KOSDAQ,18870.0,0.86,"양방향미디어와서비스",14.64,12.02038942,447943721220.0,18310.0,3.33151283451666,0.546149645002731,57.6906868942267,25.0337078651685,8.4,91.8513893507411,0,1,0,77,"없음",29,-39.7452229299363,17,,,,0,0,20260929,18310.0,18410.0,235.30195282025,1,17390.0,"저항→지지",0,0,18044.4870355468,20614.4870355468
20261007,376900,"로킷헬스케어",KOSDAQ,27700.0,-3.32,"건강관리장비와용품",30.79,42.9279912,483234533000.0,32900.0,-15.6534954407295,,73.7742830712303,35.978835978836,7.0,62.5390906519999,0,1,0,57,"관망",29,-81.237322515213,1,20260720,26.9906928645295,3.47305799422848,0,0,,,,,1,27250.0,"지지 재탈환",0,0,27374.3947311535,56474.3947311535
20261007,376930,"노을",KOSDAQ,1487.0,4.06,"건강관리장비와용품",0.51,1.8568012045,15254038568.0,1788.0,-16.834451901566,,61.7536071032187,21.9298245614035,3.2,30.3832279568863,0,2,0,56,"없음",42,-82.6285046728972,1,20260916,8.98245614035087,2.57313046458383,0,0,,,,,0,,,0,0,1558.60682182093,3296.60682182093
20261007,376980,"원티드랩",KOSDAQ,3230.0,0.94,"상업서비스와공급품",0.12,0.17931338,31545452620.0,3500.0,-9.71428571428571,,0.0,18.2282793867121,9.6,16.1902369532978,0,2,0,69,"없음",40,-7.05882352941176,70,,,,0,0,,,,,1,3130.0,"저항→지지",0,0,3062.62263841503,3132.62263841503
20261007,377030,"비트맥스",KOSDAQ,2420.0,3.86,"IT서비스",1.6,0.8271384525,34585918840.0,2190.0,10.5022831050228,6.39269406392694,17.4054758800521,17.6708860759494,5.0,98.2574090480409,0,2,0,65,"없음",35,-17.2932330827068,53,20260921,10.2720710716269,3.42168235942404,0,0,20261006,2190.0,2330.0,127.484738913768,1,1950.0,"저항→지지",1,1,2044.81374920098,2044.81374920098
20261007,377190,"디앤디플랫폼리츠",KOSPI,1987.0,-0.45,"부동산",1.6,4.4999818845,175650800000.0,2390.0,-16.3598326359833,,2.76639344262293,11.6143497757848,6.6,43.3058473928377,0,1,0,41,"없음",22,-34.9918699186992,22,,,,0,0,,,,,0,,,0,0,2270.57163405961,2270.57163405961
20261007,377220,"프롬바이오",KOSDAQ,1950.0,2.09,"건강관리업체및서비스",0.66,1.46513205,11040900000.0,3465.0,-43.7229437229437,,47.1048951048951,57.2947976878613,7.4,35.5110068501796,0,1,0,42,"없음",26,-70.4545454545455,2,20260811,10.6606606606607,95.696437901843,0,0,,,,,0,,,0,0,2972.31635199086,3832.31635199086
20261007,377300,"카카오페이",KOSPI,39550.0,-2.22,"IT서비스",46.75,101.318285375,5351139600100.0,48900.0,-19.3251533742331,,53.0738860688099,15.9358288770053,8.2,39.7498515491544,0,1,0,58,"관망",29,-22.4950884086444,42,,,,0,0,,,,,0,,,0,0,44965.044700011,45065.044700011
20261007,377330,"이지트로닉스",KOSDAQ,2855.0,3.44,"전기제품",0.02,0.0906307175,23239568670.0,3460.0,-17.7745664739884,,0.0,19.0812720848057,9.6,12.96820403861,0,2,0,69,"없음",30,-14.5645645645646,57,,,,0,0,,,,,1,2780.0,"저항→지지",0,0,3012.89606236315,3012.89606236315
20261007,377450,"리파인",KOSDAQ,14120.0,-0.21,"상업서비스와공급품",1.01,15.221130395,244699600000.0,16870.0,-16.004742145821,,0.370828182941918,21.6744186046512,16.8,4.41739113202383,3,1,0,56,"없음",45,24.6262093227792,91,20260818,17.8939617083947,27.429167146047,0,0,,,,,0,,,0,0,15753.3689230645,15753.3689230645
20261007,377480,"마음AI",KOSDAQ,10290.0,-1.25,"IT서비스",2.67,4.88200085,73164729750.0,10890.0,-5.60146923783287,,71.5428033866416,27.9105628373169,8.4,18.457717824239,0,3,0,93,"없음",50,-29.7814207650273,30,20260728,19.5995785036881,21.0037861992751,0,0,,,,,1,9870.0,"지지 재탈환",0,0,9793.86469155838,11823.8646915584
20261007,377740,"바이오노트",KOSPI,4685.0,0.97,"건강관리장비와용품",2.89,1.8281241725,477336134880.0,5080.0,-7.57874015748032,,50.5766062602965,13.6460554371002,9.6,105.639922897618,0,2,0,70,"없음",33,-9.18762088974855,66,,,,1,0,,,,,1,4670.0,"지지 재탈환",0,0,4601.37051343214,4831.37051343214
20261007,378340,"필에너지",KOSDAQ,12830.0,-4.96,"전기제품",4.49,5.473873875,277691006060.0,12560.0,1.67197452229299,2.46815286624204,56.6004672897196,30.9792843691149,9.4,74.9980985519486,0,3,0,83,"없음",38,-16.5359477124183,54,,,,0,0,20261002,12560.0,12870.0,128.950072739908,1,12560.0,"저항→지지",0,0,12287.8864175352,12287.8864175352
20261007,378850,"화승알앤에이",KOSPI,2810.0,-0.53,"자동차부품",0.21,0.5832844375,53372080630.0,3085.0,-8.91410048622366,,44.0414507772021,20.3020134228188,12.2,22.6219406890202,0,2,0,78,"없음",39,-17.3529411764706,53,,,,0,0,,,,,0,,,0,0,2902.20326357573,3017.20326357573
20261007,380550,"뉴로핏",KOSDAQ,7790.0,-4.65,"건강관리기술",5.2,14.51803954,95029166140.0,8920.0,-12.3318385650224,,33.9635854341737,39.3805309734513,9.8,60.665502418989,0,2,0,55,"없음",25,-61.4778325123153,3,,,,0,0,,,,,1,7320.0,"저항→지지",0,0,7645.38275087996,8005.38275087996
20261007,381620,"제닉스로보틱스",KOSDAQ,6000.0,-4.76,"기계",2.64,2.68792672,78707520000.0,6300.0,-4.76190476190476,,66.6521549847627,26.536312849162,8.0,43.6995517259288,0,3,0,92,"없음",50,-35.1351351351351,22,20260721,13.6276391554703,11.1605851976814,0,0,,,,,0,,,0,0,5710.89874243084,6420.89874243084
20261007,381970,"KG모빌리티플랫폼",KOSPI,6270.0,-0.95,"자동차",3.57,3.65357149,306106716960.0,6620.0,-4.83383685800604,,45.0,24.748743718593,7.2,62.5113472094233,0,3,0,95,"없음",49,-45.8297506448839,11,20260612,11.7370892018779,4.65498629055553,0,0,,,,,0,,,0,0,6251.0330972911,7531.0330972911
20261007,382150,"온코크로스",KOSDAQ,3665.0,-2.27,"생명과학도구및서비스",1.09,4.557690005,47814887410.0,4250.0,-12.1176470588235,,26.0526315789474,31.2775330396476,4.6,30.573538638128,0,2,0,61,"없음",30,-51.9922879177378,7,20260921,9.60960960960962,10.6657391655442,0,0,,,,,1,3500.0,"저항→지지",0,0,3649.69174928978,3939.69174928978
20261007,382480,"지아이텍",KOSDAQ,1622.0,-0.18,"전기제품",0.63,0.9510947235,63837281080.0,1955.0,-17.1355498721228,,29.0898939140145,18.6906019007392,7.0,51.3439334933494,0,2,0,52,"없음",30,-32.5,26,,,,0,0,,,,,1,1603.0,"지지 재탈환",0,0,1800.0315221923,1800.0315221923
20261007,382800,"지앤비에스 에코",KOSDAQ,6840.0,4.59,"반도체와반도체장비",163.37,67.149613945,217724320440.0,5300.0,32.2641509433962,3.20754716981132,18.4834123222749,28.2307692307692,6.8,374.957246141287,3,3,0,75,"관망",42,16.8333333333333,89,20260930,8.59232175502742,5.31020239835356,0,0,20260929,5300.0,5470.0,100.038122431333,1,5300.0,"저항→지지",1,1,5933.14193981544,5933.14193981544
20261007,382840,"원준",KOSDAQ,5370.0,-1.65,"전기제품",2.62,3.42366849,82008389970.0,5580.0,-4.6594982078853,,40.3413498836307,23.9795918367347,7.4,57.8350758055015,0,2,0,78,"없음",45,-40.1574803149606,16,20260528,13.961407491487,7.26619058298662,0,0,,,,,1,5180.0,"저항→지지",0,0,5000.055683747,5255.055683747
20261007,382900,"범한퓨얼셀",KOSDAQ,25100.0,-0.99,"전기제품",33.77,65.06803944,219901100000.0,28200.0,-12.0567375886525,,43.519188993483,25.0608272506083,7.0,97.741959435329,0,1,0,50,"관망",29,-10.1449275362319,65,20260909,29.7943301834352,2.6072115842316,0,0,,,,,1,18000.0,"저항→지지",0,0,24512.3651702551,24512.3651702551
20261007,383220,F&F,KOSPI,73300.0,2.81,"섬유,의류,신발,호화품",36.72,31.9844934,2807908597500.0,69900.0,4.86409155937053,1.85979971387697,59.375,27.3939393939394,9.2,69.4864305253652,3,3,0,91,"없음",64,15.0706436420722,88,,,,1,0,20261006,69900.0,71200.0,45.834217924499,1,69900.0,"저항→지지",1,0,66726.7724205867,77126.7724205867
20261007,383310,"에코프로에이치엔",KOSDAQ,25550.0,-3.95,"상업서비스와공급품",31.98,34.125685625,535909512600.0,23950.0,5.21920668058455,2.71398747390397,56.8075117370892,23.613595706619,4.6,79.4769815227157,0,2,0,74,"관망",37,-17.9153094462541,52,20261001,10.8108108108108,3.72743802487729,0,0,20261001,23950.0,24600.0,323.707600675757,1,22750.0,"저항→지지",0,0,24160.3577146225,24910.3577146225
20261007,383800,"LX홀딩스",KOSPI,8000.0,0.0,"무역회사와판매업체",5.03,5.80408958,610245520000.0,8300.0,-3.6144578313253,,58.3732057416268,11.1524163568773,9.8,82.5217719155549,0,3,0,88,"없음",34,-1.23456790123457,77,,,,0,0,,,,,0,,,0,0,7975.96727132156,8065.96727132156
20261007,383930,"디티앤씨알오",KOSDAQ,2170.0,13.14,"생명과학도구및서비스",8.33,1.843509859,27741557760.0,2515.0,-13.7176938369781,,0.0,23.7113402061856,12.2,660.966666528794,0,1,0,45,"없음",26,-33.3333333333333,24,20261007,10.9406952965235,4.86538533507301,1,0,,,,,1,1595.0,"저항→지지",0,0,2090.9399851512,2090.9399851512
20261007,384470,"코어라인소프트",KOSDAQ,2600.0,-1.89,"건강관리기술",0.76,1.4560356325,46660465800.0,2850.0,-9.29824561403509,,42.5648021828104,21.06135986733,7.8,53.8669982681941,0,1,0,56,"없음",29,-22.3723723723724,42,20260605,13.9575971731449,2.71803484364567,0,0,,,,,1,2475.0,"지지 재탈환",0,0,2532.55279614179,2757.55279614179
20261007,387570,"파인메딕스",KOSDAQ,6190.0,0.0,"건강관리장비와용품",0.6,0.361980565,34824321000.0,6800.0,-8.97058823529412,,11.7180616740088,43.0197268588771,14.8,103.967764730646,0,1,0,57,"없음",29,-8.2962962962963,68,20260813,11.5537848605578,5.18105480063852,0,0,,,,,0,,,0,0,6126.11194248007,6156.11194248007
20261007,388050,"지투파워",KOSDAQ,10300.0,-2.74,"전기장비",104.54,181.24164317,192707201100.0,11530.0,-12.5758889852559,,35.3159851301115,27.3362445414847,6.8,55.2068808739986,2,1,0,65,"관망",43,-17.037037037037,53,20260825,13.7049941927991,5.04088697999254,0,0,,,,,0,,,0,0,10681.5329198635,10681.5329198635
20261007,388210,"씨엠티엑스",KOSDAQ,89300.0,-4.39,"반도체와반도체장비",64.04,52.97462395,862141313400.0,98600.0,,,,65.7,23.0,130.877084315048,0,0,0,0,"데이터 부족",,-33.6567164179104,24,20260921,11.3513513513513,2.64939576751659,0,0,,,,,1,79300.0,"저항→지지",0,0,87282.1132733704,87282.1132733704
20261007,388610,"지에프씨생명과학",KOSDAQ,5590.0,2.19,"생물공학",0.7,1.2289726,29768890970.0,5990.0,-3.83973288814691,,42.4019607843137,17.9898648648649,5.6,73.8590517712196,0,3,0,88,"없음",45,-39.304531085353,18,,,,0,0,,,,,1,5400.0,"저항→지지",0,0,5312.06566966082,5952.06566966082
20261007,388720,"유일로보틱스",KOSDAQ,69800.0,-2.79,"기계",12.17,22.552704,822337881000.0,71600.0,-2.93296089385475,1.11731843575419,57.0011025358324,20.3084832904884,6.8,59.8518572982568,0,1,0,50,"없음",31,-23.1194690265487,41,20260602,12.8630705394191,3.83583612249646,0,0,20261006,71600.0,72400.0,129.662842339478,1,68900.0,"저항→지지",0,0,72746.981663138,72746.981663138
20261007,388870,"파로스아이바이오",KOSDAQ,6650.0,9.92,"생물공학",7.91,3.6212329,86090447800.0,6470.0,2.78207109737249,2.78207109737249,22.7272727272727,19.1680261011419,7.4,212.119029262589,0,3,0,82,"없음",40,-31.0880829015544,28,20260928,10.9090909090909,6.37646360513103,0,0,20261007,6470.0,6650.0,216.527355926195,1,5800.0,"저항→지지",1,1,5691.76770513469,5691.76770513469
20261007,389020,"자람테크놀로지",KOSDAQ,16390.0,-3.59,"통신장비",9.16,18.972083675,113174293980.0,17180.0,-4.48195576251455,,58.2085374387684,38.5355648535565,6.6,86.8191447125319,0,1,0,41,"없음",31,-69.8899082568807,2,20260827,8.3916083916084,2.84398513011152,0,0,,,,,0,,,0,0,21584.4731350779,22734.4731350779
20261007,389030,"지니너스",KOSDAQ,2080.0,-2.35,"생물공학",2.79,10.279415543,81935923680.0,2500.0,-16.8,,25.6592592592593,32.2040816326531,7.4,38.8020238347877,1,2,0,47,"없음",35,-62.043795620438,3,20260928,20.7518022657055,5.26828728221155,0,0,,,,,1,2075.0,"저항→지지",0,0,2142.93241782002,2142.93241782002
20261007,389140,"포바이포",KOSDAQ,5610.0,-0.53,"방송과엔터테인먼트",1.18,2.37867311,80053213350.0,5840.0,-4.79452054794521,,42.0574886535552,28.9285714285714,9.6,46.0321775899001,0,1,0,79,"없음",31,-35.796766743649,21,20260529,20.431654676259,14.3298961996721,0,0,,,,,1,5300.0,"저항→지지",0,0,5257.07744767708,5257.07744767708
20261007,389260,"대명에너지",KOSDAQ,13700.0,-1.65,"에너지장비및서비스",8.44,11.60027598,245453652500.0,13780.0,-1.81422351233672,1.01596516690856,74.4543249797898,22.6092463584547,7.4,33.6381970677059,0,3,0,96,"없음",50,-37.215777262181,20,20260723,15.058986814712,5.70719584528784,0,0,20261006,13780.0,13920.0,59.7445842505578,1,13460.0,"저항→지지",0,0,12632.6867190096,16702.6867190096
20261007,389470,"인벤티지랩",KOSDAQ,29600.0,6.86,"제약",124.56,30.5745028,393908156800.0,31050.0,-3.5426731078905,,41.2541254125413,32.1789321789322,6.8,536.185610558103,0,2,0,50,"관망",35,-57.2753209700428,4,,,,0,0,,,,,1,26100.0,"저항→지지",0,0,26108.2405594336,31008.2405594336
20261007,389500,"에스비비테크",KOSDAQ,43000.0,-4.97,"기계",24.44,47.2634937,286529296000.0,45300.0,-6.07064017660044,,37.3717442778216,22.5512528473804,6.8,52.7967726681747,1,3,0,82,"관망",45,-19.2599620493359,49,20260915,8.86889460154241,3.41586804927712,0,0,,,,,1,39300.0,"저항→지지",0,0,39866.4545365694,39866.4545365694
20261007,389650,"넥스트바이오메디컬",KOSDAQ,31100.0,-1.27,"건강관리장비와용품",2.26,7.91539215,257423594600.0,33850.0,-8.12407680945347,,44.6808510638298,34.3057176196033,7.6,26.2862116490599,0,2,0,54,"없음",32,-58.4779706275033,4,20260923,14.5869947275923,3.41401904933462,0,0,,,,,1,31050.0,"지지 재탈환",0,0,29700.8665951259,38700.8665951259
20261007,389680,"유디엠텍",KOSDAQ,2890.0,-0.34,"IT서비스",1.67,3.9757904835,24046802770.0,3255.0,-11.2135176651306,,9.33452434122375,49.868073878628,10.2,23.654027751556,2,2,0,50,"없음",55,0.347222222222222,78,20260828,8.87877063175868,9.72970230290918,0,0,,,,,1,2280.0,"저항→지지",0,0,2772.55252037925,2772.55252037925
20261007,391710,"코닉오토메이션",KOSDAQ,1239.0,-4.84,"IT서비스",1.42,11.062206771,52806762330.0,1565.0,-20.1916932907348,,29.0844714213455,25.0176180408739,8.0,30.6456896554508,0,1,0,48,"없음",30,-32.1932681867535,26,20260915,18.4380032206119,28.6716769193658,0,0,,,,,1,1084.0,"지지 재탈환",0,0,1376.96643339764,1376.96643339764
20261007,393210,"토마토시스템",KOSDAQ,3550.0,0.28,"IT서비스",13.27,84.568508018,55431631200.0,5050.0,-29.7029702970297,,0.0,31.7543859649123,7.0,40.0652488561424,0,1,0,31,"관망",26,-16.8618266978923,53,20260923,12.0663650075415,54.2341231681573,1,0,,,,,1,2820.0,"저항→지지",0,0,4365.84907309156,4365.84907309156
20261007,393890,"더블유씨피",KOSDAQ,10320.0,-4.62,"전기제품",30.73,24.267652135,349261246080.0,10870.0,-5.15179392824287,,24.4984567901235,21.7796610169492,4.6,113.676625073908,2,2,0,66,"없음",50,-33.1821127673364,25,20260901,11.1561866125761,5.53604890539301,0,0,,,,,0,,,0,0,9824.18431554167,10254.1843155417
20261007,394280,"오픈엣지테크놀로지",KOSDAQ,10200.0,-3.59,"반도체와반도체장비",5.73,10.280263495,268734606000.0,10980.0,-7.65027322404372,,52.0565552699229,19.7722567287785,5.4,64.7489286773337,0,2,0,79,"없음",28,-35.1247600767754,22,,,,0,0,,,,,1,10080.0,"저항→지지",0,0,9854.13174003422,9854.13174003422
20261007,394800,"쓰리빌리언",KOSDAQ,5880.0,-7.26,"건강관리기술",32.49,57.90845366,187116611640.0,7540.0,-21.6180371352785,,0.0,38.1538461538462,12.8,125.707284909192,0,1,0,28,"관망",29,-54.9542682926829,5,20260928,30.2536231884058,11.4595375224149,0,0,,,,,1,5120.0,"저항→지지",0,0,6466.36640690274,6466.36640690274
20261007,395400,"SK리츠",KOSPI,5300.0,0.19,"부동산",7.67,10.9362021,1595393386000.0,5410.0,-2.03327171903882,,47.5247524752475,9.74729241877256,4.2,69.2813422289226,1,2,0,81,"없음",42,-16.5354330708661,54,20260611,12.7340823970038,4.0284442702199,1,0,,,,,1,5200.0,"지지 재탈환",0,0,5072.25788208349,5572.25788208349
20261007,396270,"넥스트칩",KOSDAQ,2350.0,-3.09,"반도체와반도체장비",3.89,13.390341235,77285462850.0,2765.0,-16.2748643761302,,27.6744186046512,36.7469879518072,10.8,56.3620113060132,0,2,0,55,"없음",30,-39.6349413298566,17,20260917,12.5,58.1370604920923,0,0,,,,,1,2105.0,"저항→지지",0,0,2432.33492769276,2432.33492769276
20261007,396300,"HT로보틱스",KOSDAQ,5750.0,-5.27,"전자장비와기기",79.5,206.563060645,152314625000.0,6580.0,-13.0699088145897,,0.0,24.108818011257,6.6,45.7398840818188,5,2,0,46,"수축중",57,55.0135501355014,96,20261001,12.1771217712177,5.49797793368037,0,0,,,,,1,5280.0,"저항→지지",0,0,5632.1249992601,5632.1249992601
20261007,396470,"워트",KOSDAQ,7150.0,-2.72,"반도체와반도체장비",5.63,7.510698535,115258000000.0,6960.0,2.01149425287356,2.8735632183908,55.3044569993723,23.7611181702668,6.4,26.7806945045379,1,2,0,82,"없음",54,-0.560224089635854,77,20260818,9.07617504051863,63.876164636451,0,0,20261001,6960.0,7160.0,48.4627760665294,1,6960.0,"저항→지지",0,0,6738.49451136806,7178.49451136806
20261007,396690,"미래에셋글로벌리츠",KOSPI,1331.0,0.68,"부동산",0.51,1.171103264,52715506140.0,1585.0,-16.0883280757098,,3.0562347188264,21.7804154302671,11.4,49.0962193382145,0,1,0,53,"없음",22,-42.9184549356223,13,,,,0,0,,,,,0,,,0,0,1480.69730199994,1607.69730199994
20261007,397030,"에이프릴바이오",KOSDAQ,15520.0,-3.18,"제약",34.98,47.203989605,427712296640.0,21500.0,-28.0,,66.9078380706288,64.2956120092379,13.4,87.9627079048615,0,1,0,34,"관망",25,-72.5531914893617,2,,,,0,0,,,,,0,,,0,0,18165.5399199833,28515.5399199833
20261007,397810,"애드포러스",KOSDAQ,6460.0,0.62,"광고",0.05,0.577619355,33338574200.0,7200.0,-10.2777777777778,,2.04081632653062,21.7221135029354,11.6,2.31249469791467,1,1,0,64,"없음",38,-2.12121212121212,76,20260810,16.1417322834646,4.61667029293669,0,0,,,,,0,,,0,0,6242.26527114745,6392.26527114745
20261007,398120,"에스지헬스케어",KOSDAQ,2300.0,-1.08,"건강관리장비와용품",0.83,1.480954341,27235475300.0,2600.0,-11.5384615384615,,4.30911680911682,30.1327433628319,7.2,66.5913174973503,0,2,0,58,"없음",28,-46.2616822429907,11,,,,0,0,,,,,1,1837.0,"저항→지지",0,0,2257.6388588198,2257.6388588198
20261007,399720,"가온칩스",KOSDAQ,46550.0,-3.42,"반도체와반도체장비",30.82,58.0034258,552029188200.0,49450.0,-6.97674418604651,,69.0155440414508,25.0,9.6,49.8883186196408,0,3,0,82,"관망",40,-26.517571884984,35,20260709,29.9065420560748,7.0158767243321,0,0,,,,,1,44150.0,"저항→지지",0,0,44106.2057376524,50056.2057376524
20261007,400760,"NH올원리츠",KOSPI,2810.0,0.0,"부동산",0.87,2.6353930875,154351262750.0,2895.0,-2.93609671848014,,34.1991341991342,13.0434782608696,15.0,35.2491175118449,0,1,0,66,"없음",31,-13.1375579598145,60,,,,0,0,,,,,1,2790.0,"지지 재탈환",0,0,2792.33853603406,2962.33853603406
20261007,402030,"코난테크놀로지",KOSDAQ,12860.0,-2.21,"소프트웨어",1.52,2.30775528,160974895680.0,13470.0,-4.82553823311062,,77.4455518641565,23.4598630989421,5.8,17.9878285471476,0,2,0,87,"없음",47,-32.0974576271186,26,20260824,18.4328358208955,3.00159813067392,0,0,,,,,1,12630.0,"지지 재탈환",0,0,12640.6761153749,17200.6761153749
20261007,402340,"SK스퀘어",KOSPI,1146000.0,-1.29,"반도체와반도체장비",6249.55,5760.877108,151184901708000.0,1201000.0,-5.41215653621982,,74.7066492829205,17.292576419214,5.8,85.9113572291798,4,3,1,81,"돌파임박",60,126.746506986028,98,,,,0,0,,,,,1,1111000.0,"저항→지지",0,0,1050049.58735065,1288049.58735065
20261007,402490,"그린리소스",KOSDAQ,7600.0,-5.0,"반도체와반도체장비",12.26,13.74786527,128707649200.0,8250.0,-8.48484848484849,,35.4089219330855,24.937343358396,7.0,119.211260125186,1,3,0,87,"없음",40,-48.6394557823129,9,20260921,9.49640287769784,13.6671809364653,0,0,,,,,1,6630.0,"저항→지지",0,0,7289.80191377939,7289.80191377939
20261007,403490,"우듬지팜",KOSDAQ,2045.0,0.74,"식품",0.28,0.44709487,18786376140.0,2410.0,-14.7302904564315,,29.3693693693694,28.1481481481481,5.2,88.9979076865603,0,2,0,53,"없음",28,-68.745247148289,2,,,,0,0,,,,,1,2005.0,"지지 재탈환",0,0,2083.45221003594,2373.45221003594
20261007,403550,"쏘카",KOSPI,11470.0,2.14,"도로와철도운송",2.15,1.602151615,435171134740.0,11250.0,2.22222222222222,0.888888888888889,28.2253521126761,24.6861924686192,13.2,93.243203755832,0,1,0,84,"없음",29,1.59010600706714,79,,,,0,0,20261006,11250.0,11350.0,149.541274995409,1,11080.0,"저항→지지",0,0,10885.0515580597,10885.0515580597
20261007,403850,"더핑크퐁컴퍼니",KOSDAQ,12710.0,2.09,"방송과엔터테인먼트",37.82,9.9828426,182401337100.0,12660.0,,,,49.7,21.4,294.156792705153,0,0,0,0,"없음",,-23.6714975845411,40,20260901,16.6382252559727,10.7585238314346,1,0,,,,,1,12090.0,"저항→지지",0,0,12092.4518788746,12852.4518788746
20261007,403870,HPSP,KOSDAQ,65900.0,-4.22,"반도체와반도체장비",1350.66,1457.1987723,5423570000000.0,69800.0,-6.01719197707736,,35.71869216533,42.5130890052356,11.4,83.1985499101937,3,2,0,65,"수축중",54,47.4157303370787,95,20260929,11.3718411552347,2.59974746642175,0,0,,,,,1,60300.0,"저항→지지",0,0,61924.515680581,61924.515680581
20261007,404990,"신한서부티엔디리츠",KOSPI,3860.0,-0.52,"부동산",1.45,1.8525553475,237883539600.0,4135.0,-6.65054413542926,,14.6774193548387,14.0947752126367,4.4,67.6842230302944,2,3,0,85,"없음",53,-11.264367816092,63,20260610,19.2771084337349,8.80703417196346,0,0,,,,,1,3795.0,"지지 재탈환",0,0,3792.17770035046,3807.17770035046
20261007,405000,"플라즈맵",KOSDAQ,4005.0,7.66,"건강관리장비와용품",0.35,0.69496721,21520995660.0,3800.0,3.28947368421053,3.28947368421053,59.1046061127852,49.7512437810945,6.8,42.7639689111723,0,2,0,57,"없음",36,-45.2580195258019,11,20260723,19.3513513513514,4.12669174445959,0,0,20261007,3800.0,3925.0,34.1418274975177,1,3700.0,"저항→지지",1,0,3116.72019940948,5286.72019940948
20261007,405100,"큐알티",KOSDAQ,17810.0,2.24,"반도체와반도체장비",16.34,8.504733075,218872450810.0,14600.0,21.8493150684932,12.3287671232877,17.2866520787746,31.8681318681319,11.4,139.789914644925,1,3,0,76,"없음",38,10.4968944099379,86,20261001,13.5734072022161,6.48087986583774,0,0,20261001,14600.0,16400.0,457.908691869595,1,14500.0,"저항→지지",1,1,16025.6182609471,16025.6182609471
20261007,405920,"나라셀라",KOSDAQ,1855.0,-0.43,"음료",0.29,0.102561165,23888830980.0,2025.0,-4.93827160493827,,16.7244367417678,29.2063492063492,16.2,257.462295425659,0,1,0,40,"없음",27,-25.531914893617,37,,,,0,0,,,,,1,1878.0,"저항→지지",0,0,1779.42928590458,1799.42928590458
20261007,406820,"뷰티스킨",KOSDAQ,2540.0,4.74,"화장품",25.11,44.921236802,35905838780.0,2760.0,-4.71014492753623,,0.153273483687322,32.5714285714286,7.2,104.675634966018,1,1,0,45,"관망",36,38.1302521008403,94,20260918,9.69827586206897,15.986545787436,1,0,,,,,1,2130.0,"저항→지지",0,0,2394.22563056464,2394.22563056464
20261007,407400,"꿈비",KOSDAQ,2115.0,5.49,"가정용기기와용품",0.75,0.4154766345,30952039410.0,2175.0,-3.2183908045977,,34.7735914275838,35.7086614173228,10.4,104.910673842993,0,1,0,61,"없음",27,-49.093107617896,9,,,,0,0,,,,,1,2005.0,"지지 재탈환",0,0,1992.33220616617,2272.33220616617
20261007,408900,"스튜디오미르",KOSDAQ,998.0,-0.3,"방송과엔터테인먼트",0.26,0.3163561255,32687423142.0,1050.0,-4.0952380952381,,51.6231699554424,45.8196721311475,10.0,38.4627238798124,0,2,0,67,"없음",47,-56.0262008733624,5,20260831,8.35629017447199,7.29595360054041,0,0,,,,,1,990.0,"지지 재탈환",0,0,1057.77480156041,1153.77480156041
20261007,408920,"메쎄이상",KOSDAQ,3075.0,2.33,"양방향미디어와서비스",0.08,0.52297485,132939799125.0,3100.0,-0.967741935483871,,45.5938697318008,13.0990415335463,11.8,14.7513731412356,0,1,0,57,"없음",31,-3.45911949685535,74,20261002,8.26010544815465,2.83114383602436,0,0,,,,,1,2950.0,"저항→지지",0,0,2965.93874411457,3190.93874411457
20261007,411080,"샌즈랩",KOSDAQ,8290.0,-7.58,"소프트웨어",698.73,190.77999442,126568719020.0,8590.0,-4.65657741559953,4.42374854481956,1.12068965517241,28.584729981378,7.2,709.632290547925,2,1,0,39,"관망",35,33.1707317073171,93,20261006,30.0,3.61452298534166,0,0,20261006,8590.0,8970.0,811.281109895289,1,6820.0,"저항→지지",0,0,7695.98424117851,7695.98424117851
20261007,412350,"레이저쎌",KOSDAQ,6630.0,-2.79,"반도체와반도체장비",22.75,25.3091016225,96818175090.0,7470.0,-13.9223560910308,,39.9496583962603,58.955223880597,11.4,113.219264342923,3,1,0,55,"없음",41,-17.984693877551,51,20260930,8.8379705400982,3.31193329213852,0,0,,,,,1,5660.0,"저항→지지",0,0,6352.74005060554,6352.74005060554
20261007,413390,"엠오티",KOSDAQ,6820.0,1.94,"전기제품",0.82,1.00714243,76967246400.0,7920.0,-15.0252525252525,,47.3831123517097,25.0387596899225,10.8,49.4201737089533,0,2,0,51,"없음",30,-18.9156626506024,49,,,,0,0,,,,,1,6600.0,"지지 재탈환",0,0,6685.87885269376,7255.87885269376
20261007,413630,"씨피시스템",KOSDAQ,4235.0,-3.86,"기계",26.3,148.55297586,154309022175.0,5400.0,-22.5,,53.1904761904762,38.7254901960784,9.4,11.6158676540494,2,1,0,59,"관망",40,13.8775510204082,88,20260915,14.6649810366625,3.04915377704894,0,0,,,,,1,4000.0,"지지 재탈환",0,0,4683.055343623,4683.055343623
20261007,413640,"비아이매트릭스",KOSDAQ,5980.0,1.18,"IT서비스",0.42,0.74087948,43097501200.0,6190.0,-4.03877221324717,,23.5294117647059,21.4605067064083,7.6,40.2730886561421,0,3,0,93,"없음",39,-28.0,32,,,,0,0,,,,,1,5820.0,"저항→지지",0,0,5581.4801946595,6101.4801946595
20261007,415380,"스튜디오삼익",KOSDAQ,2210.0,1.84,"가구",0.32,0.4298201625,25288974750.0,2340.0,-5.55555555555556,,0.4149377593361,12.8205128205128,10.8,64.0609746484681,1,1,0,48,"없음",40,6.50602409638554,84,20260702,11.4695340501792,5.67933618148528,1,0,,,,,1,2060.0,"저항→지지",0,0,2134.70727099557,2134.70727099557
20261007,415640,"KB발해인프라",KOSPI,10040.0,0.0,"운송인프라",7.59,25.601038985,1230357301920.0,11000.0,-9.36363636363637,,50.7078507078507,13.0931458699473,12.2,46.0593784043297,3,3,0,82,"없음",51,0.201005025125628,78,,,,0,0,,,,,0,,,0,0,10450.0513832306,10680.0513832306
20261007,416180,"신성에스티",KOSDAQ,27550.0,-0.54,"전기제품",15.4,9.26103745,249045883900.0,28500.0,-4.21052631578947,,39.652448657188,13.5338345864662,5.0,201.610876828731,0,2,0,74,"없음",35,-20.4081632653061,46,20260827,10.0217864923747,3.60980631876971,0,0,,,,,1,24750.0,"저항→지지",0,0,25660.490940651,25660.490940651
20261007,417010,"나노팀",KOSDAQ,6500.0,-4.97,"전자장비와기기",9.02,16.975244425,131122732000.0,7100.0,-8.45070422535211,,38.781163434903,25.6410256410256,4.8,27.4636299845261,1,1,0,60,"없음",38,-36.7088607594937,20,20260825,22.3340040241449,33.0630175816017,0,0,,,,,1,6140.0,"저항→지지",0,0,6056.37971694812,6756.37971694812
20261007,417180,"핑거스토리",KOSDAQ,4020.0,2.03,"양방향미디어와서비스",0.07,0.23681722,22973853780.0,5300.0,-24.2452830188679,,4.00943396226415,30.7349665924276,12.8,15.8318041249803,0,1,0,48,"없음",26,-48.5190409026798,9,,,,0,0,,,,,0,,,0,0,4602.20060217853,4602.20060217853
20261007,417200,"LS머트리얼즈",KOSDAQ,15580.0,-1.27,"전기제품",180.55,199.04398169,1054028427220.0,14270.0,7.56832515767344,7.21793973370708,18.8707280832095,19.3348801237432,7.0,138.237272547309,2,3,0,70,"관망",50,-26.0240963855422,36,20260915,10.7047279214987,6.01962902577628,0,0,20261002,14270.0,15300.0,349.536308373319,1,14270.0,"저항→지지",0,0,14117.8379783012,14117.8379783012
20261007,417310,"코람코더원리츠",KOSPI,2385.0,0.21,"부동산",2.15,2.60981514,96354000000.0,2470.0,-3.4412955465587,,40.3409090909091,7.91168353265869,18.2,15.8009147995535,5,3,1,88,"없음",71,17.603550295858,89,,,,0,0,,,,,1,2304.0,"저항→지지",0,0,2413.88643333017,2413.88643333017
20261007,417500,"제이아이테크",KOSDAQ,4690.0,0.54,"반도체와반도체장비",22.25,14.9762347775,153760449360.0,4190.0,11.2171837708831,3.69928400954654,36.23046875,26.5217391304348,7.0,166.635105237171,4,3,0,85,"없음",55,-5.28455284552846,72,20261006,8.20809248554912,3.18700643732498,0,0,20261001,4190.0,4345.0,335.122194865958,1,4100.0,"저항→지지",0,0,4264.96419956779,4264.96419956779
20261007,417790,"트루엔",KOSDAQ,7140.0,2.15,"전자장비와기기",1.3,0.958901535,74744311740.0,6930.0,2.02020202020202,0.577200577200577,3.24074074074074,23.8805970149254,12.2,124.987593118674,1,3,0,74,"없음",43,-4.20054200542005,73,,,,0,0,20261006,6930.0,6970.0,111.134999255792,1,6930.0,"저항→지지",0,0,6790.84941438298,6790.84941438298
20261007,417840,"저스템",KOSDAQ,18800.0,-3.44,"반도체와반도체장비",131.63,172.49204864,431397602800.0,16500.0,13.5151515151515,4.42424242424242,34.9298100743187,28.2894736842105,6.6,72.8266702574471,5,2,0,68,"돌파완료",55,180.389221556886,99,,,,0,0,20260923,16500.0,17230.0,202.420031387132,1,16500.0,"저항→지지",0,0,17512.8602790932,17512.8602790932
20261007,417860,"오브젠",KOSDAQ,7310.0,-0.54,"소프트웨어",0.52,3.67852844,34407482860.0,8430.0,-13.9976275207592,,53.7174721189591,32.5726141078838,8.4,4.64583393825963,0,1,0,58,"없음",30,-15.9907300115875,55,20261001,8.22320117474302,3.67486126821873,0,0,,,,,1,7230.0,"저항→지지",0,0,7380.20921047226,9250.20921047226
20261007,417970,"모델솔루션",KOSDAQ,11270.0,0.54,"기계",0.74,1.04177433,72090809000.0,10930.0,2.10430009149131,2.83623055809698,46.2861072902338,19.047619047619,7.0,51.7068257863715,0,1,0,80,"없음",33,-42.6810477657935,13,20260612,10.6137184115523,3.89252430900199,0,0,20261002,10930.0,11240.0,95.0081296867037,1,10930.0,"저항→지지",0,0,10510.388508053,10950.388508053
20261007,418420,"라온텍",KOSDAQ,4065.0,-3.1,"반도체와반도체장비",5.34,5.8859335975,125098578270.0,4710.0,-12.8450106157113,,29.0348742903487,24.7524752475248,4.6,68.7431565441881,1,2,0,68,"없음",37,-26.6964285714286,34,20260901,9.68944099378881,16.8710088270153,0,0,,,,,0,,,0,0,4041.21572347737,4381.21572347737
20261007,418470,"KT밀리의서재",KOSDAQ,9340.0,-0.11,"출판",0.85,1.595640565,80004469260.0,9840.0,-5.18292682926829,,42.9775280898876,17.8119349005425,7.6,35.8690596599508,0,2,0,86,"없음",41,-29.2109256449165,31,,,,0,0,,,,,0,,,0,0,9235.76672003402,10455.766720034
20261007,418550,"제이오",KOSDAQ,5310.0,0.57,"건설",4.71,2.9857191725,170013843630.0,5190.0,1.54142581888247,1.54142581888247,34.2986425339367,16.8662674650699,7.2,112.374616604545,0,3,0,83,"없음",38,-34.9382716049383,22,,,,0,0,20261002,5190.0,5270.0,169.804038852205,1,5110.0,"저항→지지",0,0,5012.4004909697,5012.4004909697
20261007,418620,E8,KOSDAQ,555.0,23.33,"소프트웨어",11.43,11.7411378155,17091957600.0,928.0,-40.1939655172414,,30.6288032454361,64.3243243243243,7.4,163.184765996634,0,1,0,53,"없음",26,-59.4890510948905,4,20260908,11.190053285968,3.48542075050535,0,0,,,,,1,437.0,"지지 재탈환",0,0,731.61180450237,913.61180450237
20261007,419050,"삼기에너지솔루션즈",KOSDAQ,1775.0,-2.2,"자동차부품",12.05,61.119596997,101523326000.0,2030.0,-13.0541871921182,,60.840476688271,64.9087221095335,12.6,19.5981254174632,1,2,0,60,"관망",35,11.4971572962729,87,20260923,18.1191222570533,35.2845639152369,0,0,,,,,1,1719.0,"저항→지지",0,0,1776.77355232115,1776.77355232115
20261007,419080,"엔젯",KOSDAQ,4985.0,-1.29,"디스플레이장비및부품",0.76,1.11347253,54196007745.0,6000.0,-17.3333333333333,,21.1188811188811,30.0763358778626,6.8,38.8924543960267,0,2,0,54,"없음",40,-4.98084291187739,72,20260814,10.3448275862069,4.77396967644454,0,0,,,,,0,,,0,0,5218.79101915696,5768.79101915696
20261007,419120,"산돌",KOSDAQ,2250.0,-1.96,"소프트웨어",0.41,0.3666577275,32001950250.0,2435.0,-6.16016427104723,,32.6232741617357,29.9288256227758,13.2,103.684272081318,0,1,0,67,"없음",27,-44.9397590361446,12,,,,0,0,,,,,0,,,0,0,2224.8995902232,2419.8995902232
20261007,419530,"SAMG엔터",KOSDAQ,22600.0,26.05,"방송과엔터테인먼트",177.05,17.11910552,230685816200.0,18900.0,16.6666666666667,16.6666666666667,66.0653594771242,13.129216398547,3.6,866.588720440765,0,2,0,83,"없음",34,-34.9557522123894,22,20261007,22.568093385214,19.1176556212196,1,0,20261007,18900.0,22050.0,1013.07737128224,1,17980.0,"저항→지지",1,0,16863.5326868029,30843.5326868029
20261007,419540,"비스토스",KOSDAQ,2880.0,2.67,"건강관리장비와용품",1.03,0.47900948,17159768640.0,3300.0,-12.1212121212121,,21.138014527845,28.3311772315653,6.0,131.545817122862,0,1,0,51,"없음",26,-35.5555555555556,22,20260615,17.8637200736648,3.81285615042921,0,0,,,,,0,,,0,0,3195.01670171849,3405.01670171849
20261007,420570,"제이투케이바이오",KOSDAQ,9770.0,6.89,"화장품",6.27,5.85092333,57129908910.0,10300.0,-4.27184466019417,,32.0503330866025,27.1019677996422,4.6,91.9906581096995,5,2,0,76,"없음",68,24.8101265822785,91,20260917,13.1855309218203,11.55387771883,1,0,,,,,1,9140.0,"지지 재탈환",0,0,9199.89843458612,11559.8984345861
20261007,420770,"기가비스",KOSDAQ,135300.0,-0.15,"반도체와반도체장비",188.05,172.53151215,1715030057400.0,114200.0,18.476357267951,4.11558669001751,52.9093799682035,34.3065693430657,6.4,98.0130403615932,3,2,0,52,"수축중",51,55.8755760368664,96,20260918,10.990099009901,2.82381375333465,0,0,20260922,114200.0,118900.0,260.894555487205,1,108400.0,"저항→지지",0,0,118302.42940274,150802.42940274
20261007,424760,"벨로크",KOSDAQ,2220.0,-3.27,"IT서비스",0.6,1.09730697,22418376960.0,2250.0,-1.77777777777778,3.77777777777778,34.9910125823847,32.2033898305085,4.4,50.070838113556,1,2,0,76,"없음",42,-14.2746314972847,58,20261006,12.5301204819277,3.99861517586621,0,0,20261006,2250.0,2335.0,319.4693652876,1,2075.0,"지지 재탈환",0,0,2228.78698591091,2578.78698591091
20261007,424870,"이뮨온시아",KOSDAQ,3490.0,0.0,"제약",17.44,50.1872212575,318993918810.0,3815.0,-9.043250327654,,11.5911485774499,24.0740740740741,7.4,75.3816579842016,0,2,0,57,"관망",32,-59.0560471976401,4,20260928,16.9354838709678,14.0547840207678,0,0,,,,,1,3025.0,"저항→지지",0,0,3655.97578690397,3655.97578690397
20261007,424960,"스마트레이더시스템",KOSDAQ,3940.0,0.64,"자동차부품",0.55,0.5425996025,64951333400.0,4110.0,-4.37956204379562,,58.1758422350041,13.4502923976608,6.8,71.8656006217443,0,2,0,84,"없음",41,-43.2900432900433,13,,,,0,0,,,,,1,3795.0,"지지 재탈환",0,0,3711.20297756836,3876.20297756836
20261007,424980,"마이크로투나노",KOSDAQ,10010.0,-0.99,"반도체와반도체장비",3.01,3.500691555,59248088900.0,11210.0,-11.5075825156111,,5.15463917525774,35.1206434316354,11.4,121.63531333172,1,1,0,48,"없음",34,-18.4210526315789,50,20261002,9.46083418107833,2.6629896782099,0,0,,,,,1,9550.0,"저항→지지",0,0,9694.12487550854,9694.12487550854
20261007,425040,"티이엠씨",KOSDAQ,15030.0,-1.76,"반도체와반도체장비",123.34,150.66427337,329501156940.0,13330.0,12.9032258064516,3.00075018754689,13.9181286549708,21.2827988338192,7.0,160.406216708283,3,2,0,61,"수축중",49,14.2748671222475,88,20260921,27.0588235294118,55.4051444699356,0,0,20260929,13330.0,13730.0,240.727601136221,1,13330.0,"저항→지지",0,0,13792.5514383106,13792.5514383106
20261007,425420,"티에프이",KOSDAQ,65000.0,-4.69,"반도체와반도체장비",120.66,92.21869005,802566765000.0,76700.0,-15.9061277705345,,0.602409638554214,15.9677419354839,3.2,151.737856466467,4,2,0,63,"수축중",54,0.938967136150235,79,20261001,15.955766192733,2.53316439681616,0,0,,,,,1,59600.0,"저항→지지",0,0,67775.1444114534,67775.1444114534
20261007,429270,"시지트로닉스",KOSDAQ,3260.0,-9.19,"반도체와반도체장비",8.87,7.681339665,23439827060.0,4155.0,-22.8640192539109,,12.1006776379477,35.0,7.4,219.395657465914,1,1,0,44,"없음",31,-34.3909928352098,23,20261001,10.8024691358025,6.64120020530032,0,0,,,,,1,3190.0,"저항→지지",0,0,3556.06204335253,4001.06204335253
20261007,430690,"한싹",KOSDAQ,3285.0,-2.23,"소프트웨어",17.6,15.2443180075,35791073640.0,3300.0,-0.606060606060606,3.03030303030303,6.94736842105263,22.9268292682927,5.0,166.205609753837,0,2,0,68,"없음",37,-10.6267029972752,64,20260914,8.83392226148409,9.015314986132,0,0,20261006,3300.0,3400.0,421.019077849415,1,2720.0,"저항→지지",0,0,3112.43031210166,3112.43031210166
20261007,431190,"케이쓰리아이",KOSDAQ,4380.0,-4.68,"IT서비스",1.2,7.7649889675,32790615960.0,4995.0,-12.2122122122122,,10.207336523126,19.4690265486726,4.4,30.3367916467251,1,2,0,50,"없음",35,6.82095006090134,84,20260923,11.963589076723,20.3954988487273,0,0,,,,,1,4065.0,"저항→지지",0,0,4327.7400875454,4327.7400875454
20261007,432320,"KB스타리츠",KOSPI,1619.0,-1.4,"부동산",3.12,7.104982087,244087377415.0,1788.0,-9.2841163310962,,4.80072463768117,17.6892950391645,9.8,51.9672645361804,0,1,0,64,"없음",25,-31.1252653927813,28,,,,0,0,,,,,1,1540.0,"저항→지지",0,0,1666.74855815868,1666.74855815868
20261007,432430,"와이랩",KOSDAQ,2025.0,-1.46,"출판",0.75,0.7028520225,33429348000.0,2705.0,-25.1386321626617,,12.8371457835439,14.957264957265,6.8,161.205804420364,0,1,0,45,"없음",26,-37.403400309119,20,20260610,13.3333333333333,5.97080519039786,0,0,,,,,0,,,0,0,2399.10584092455,2399.10584092455
20261007,432470,"케이엔에스",KOSDAQ,10240.0,-1.82,"전기제품",3.61,31.088634075,89820733440.0,11600.0,-12.9310344827586,,27.6568501920615,21.4487300094073,6.0,12.6171680107244,0,2,0,70,"관망",42,-24.1172051089406,39,20260917,10.974358974359,3.65953123817436,0,0,,,,,0,,,0,0,9982.56490794943,9982.56490794943
20261007,432720,"퀄리타스반도체",KOSDAQ,11750.0,-5.92,"반도체와반도체장비",18.88,29.050948445,166703971000.0,13090.0,-11.3063407181054,,7.93893129770992,18.6612576064909,7.0,99.5207763863691,0,3,0,70,"없음",35,-24.0680183126226,39,20260910,12.3745819397993,19.3994812344107,0,0,,,,,1,11590.0,"저항→지지",0,0,11455.954812861,11455.954812861
20261007,432980,"엠에프씨",KOSDAQ,2610.0,0.0,"제약",0.15,1.1519076175,22424446620.0,3290.0,-18.9969604863222,,1.86625194401244,32.4246771879483,15.2,30.0212416871969,0,2,0,66,"없음",30,-23.8571428571429,40,20260916,28.6298568507158,35.1014776396908,0,0,,,,,1,2650.0,"저항→지지",0,0,2944.18351843359,2944.18351843359
20261007,434480,"모니터랩",KOSDAQ,3055.0,-5.12,"소프트웨어",14.52,13.984627925,37607966500.0,3745.0,-20.4272363150868,,13.1050767414404,23.1378763866878,7.2,218.158874457316,0,1,0,42,"없음",26,-12.6099706744868,61,20261006,9.96621621621621,7.20154292366154,0,0,,,,,1,2700.0,"저항→지지",0,0,3237.7150771246,3237.7150771246
20261007,435570,"에르코스",KOSDAQ,7100.0,0.57,"식품",0.24,0.19702205,54080579300.0,8290.0,-14.9577804583836,,41.8221734357848,27.1393643031785,10.4,71.2179128085148,0,1,0,59,"없음",30,-30.7465618860511,28,20260721,10.6508875739645,17.5847701276528,0,0,,,,,0,,,0,0,7558.50279175734,7558.50279175734
20261007,437730,"삼현",KOSDAQ,50800.0,-1.93,"자동차부품",181.37,289.330506125,1610744403600.0,60300.0,-16.5837479270315,,10.844250363901,28.5714285714286,6.8,96.0417773627235,2,2,0,47,"관망",44,4.79166666666667,82,20260921,9.01960784313724,10.3750707350126,0,0,,,,,1,34600.0,"저항→지지",0,0,53064.6241115119,53064.6241115119
20261007,438700,"버넥트",KOSDAQ,1836.0,-0.05,"소프트웨어",0.31,0.4122001545,20462018040.0,1895.0,-3.11345646437995,,51.143583227446,32.2886597938144,6.0,31.4090505533531,0,2,0,59,"없음",47,-40.7741935483871,15,20260610,30.0,7.50562228256343,0,0,,,,,1,1818.0,"저항→지지",0,0,1691.80641284394,2167.80641284394
20261007,439090,"마녀공장",KOSDAQ,15990.0,1.14,"화장품",25.05,23.209282625,262128227400.0,17800.0,-10.561797752809,,66.3255360623782,30.6823529411765,7.2,56.0806575872832,4,2,0,63,"없음",65,27.9742765273312,92,20260811,10.3866128101558,5.40874450151914,0,0,,,,,1,15500.0,"지지 재탈환",0,0,16423.704655788,19873.704655788
20261007,439260,"대한조선",KOSPI,47050.0,-1.16,"조선",15.64,14.415939375,1792074746500.0,51600.0,-9.10852713178295,,50.2183406113537,23.304347826087,6.8,64.5267122575787,0,2,0,86,"없음",39,-47.8888888888889,9,,,,0,0,,,,,1,45300.0,"지지 재탈환",0,0,47733.8398490787,53633.8398490787
20261007,439580,"블루엠텍",KOSDAQ,3035.0,1.34,"건강관리업체및서비스",128.75,51.9000255825,102724270145.0,3485.0,-11.6212338593974,,0.0,23.7635019897669,9.8,513.734181184213,1,2,0,49,"관망",41,-11.6212338593974,62,20260930,9.71962616822431,7.66912338219056,0,0,,,,,1,2355.0,"저항→지지",0,0,2938.8256979438,2938.8256979438
20261007,440290,"HB인베스트먼트",KOSDAQ,1711.0,0.12,"창업투자",0.26,0.4691455555,47063501730.0,1759.0,-2.78567367822626,,53.6796536796537,9.50200343445907,9.6,35.0658942316537,0,3,0,92,"없음",45,-17.5903614457831,52,,,,0,0,,,,,0,,,0,0,1703.33337160967,1713.33337160967
20261007,440320,"오픈놀",KOSDAQ,2075.0,0.0,"디스플레이패널",0.68,0.3127274375,20708500000.0,2345.0,-10.8742004264392,,24.1390009308098,24.8498845265589,9.4,198.912289464192,0,1,0,51,"없음",25,-37.7049180327869,19,,,,0,0,,,,,0,,,0,0,2170.64027119983,2265.64027119983
20261007,441270,"파인엠텍",KOSDAQ,9360.0,-1.16,"핸드셋",36.46,110.548216935,395858034000.0,9850.0,-5.48223350253807,,34.5922746781116,32.6595744680851,7.6,43.6205225325407,1,2,0,67,"관망",53,-10.048309178744,65,20260903,18.8144329896907,13.9322462128638,0,0,,,,,0,,,0,0,8620.55601462329,8620.55601462329
20261007,443060,"HD현대마린솔루션",KOSPI,220500.0,-2.65,"조선",179.8,262.83581725,9885777930000.0,246000.0,-11.1788617886179,,28.2700421940928,20.4545454545455,10.0,87.7006654719883,5,1,0,74,"관망",58,16.4712153518124,89,20260910,9.02612826603326,2.76556918049059,0,0,,,,,0,,,0,0,229933.185777018,229933.185777018
20261007,443250,"레뷰코퍼레이션",KOSDAQ,5260.0,3.54,"양방향미디어와서비스",0.54,0.583599045,56859637420.0,6480.0,-18.5185185185185,,13.3943427620632,32.2157434402332,14.4,96.7322356651873,0,1,0,40,"없음",22,-42.8571428571429,13,,,,1,0,,,,,0,,,0,0,5785.43704968257,6055.43704968257
20261007,443670,"에스피소프트",KOSDAQ,5180.0,-5.82,"IT서비스",65.32,138.7269332125,124374721520.0,6390.0,-19.2488262910798,,25.0569476082005,16.6919575113809,7.0,67.5326255523903,1,1,0,40,"관망",34,19.1685912240185,90,20261006,13.8364779874214,2.78117446329897,0,0,,,,,1,4755.0,"저항→지지",0,0,5565.50640845033,5565.50640845033
20261007,444530,"심플랫폼",KOSDAQ,4890.0,3.27,"IT서비스",0.25,0.218628435,31451433540.0,5310.0,-11.1111111111111,,26.830985915493,26.0915867944622,9.6,57.51748984123,0,1,0,65,"없음",33,-40.3286978508217,16,20260731,16.5277777777778,4.08626611481095,0,0,,,,,0,,,0,0,4584.75931999794,4584.75931999794
20261007,445090,"에이직랜드",KOSDAQ,22900.0,-1.72,"반도체와반도체장비",6.53,5.160235175,250197568200.0,22550.0,1.55210643015521,0.665188470066519,71.6019943637546,24.156862745098,6.6,74.5283065672427,0,3,0,96,"없음",45,-19.0812720848057,49,20260814,12.4105011933174,5.6642764394123,0,0,20261002,22550.0,22700.0,70.4133180793115,1,22550.0,"저항→지지",0,0,21400.7852278682,23100.7852278682
20261007,445180,"퓨릿",KOSDAQ,9660.0,-3.3,"반도체와반도체장비",3.6,6.267960015,166047556080.0,10590.0,-8.21529745042493,,10.486674391657,26.3222632226322,11.4,74.0515088158541,2,2,0,45,"없음",42,16.6866746698679,89,20260923,10.9862671660425,12.5035360038743,0,0,,,,,1,8140.0,"저항→지지",0,0,9599.15453453603,9599.15453453603
20261007,445680,"큐리옥스바이오시스템즈",KOSDAQ,58600.0,-4.72,"생명과학도구및서비스",40.7,35.991261325,1009367361400.0,51500.0,13.5922330097087,2.9126213592233,30.5674191580232,27.5743707093822,9.6,68.3333628289002,0,1,0,51,"관망",25,-32.9896907216495,25,,,,0,0,20260929,51500.0,53000.0,86.7260938639218,1,51500.0,"저항→지지",0,0,55408.7243263908,55408.7243263908
20261007,446070,"유니드비티플러스",KOSPI,3940.0,-1.13,"건축자재",1.49,2.0536025725,41808187100.0,4095.0,-2.93040293040293,,55.5133079847909,12.4246079613993,5.2,74.6170300407707,4,2,0,83,"없음",57,28.8492706645057,92,20260624,9.09090909090908,2.76786072947995,0,0,,,,,0,,,0,0,3812.64872193551,3862.64872193551
20261007,446540,"메가터치",KOSDAQ,10930.0,-5.37,"전자장비와기기",46.76,100.538235455,317834683230.0,11660.0,-5.66037735849057,,6.48021828103683,28.3018867924528,6.6,78.185701204387,5,2,0,57,"수축중",62,161.904761904762,98,20260923,14.9947201689546,5.03407257399991,0,0,,,,,1,9800.0,"저항→지지",0,0,10013.1868106563,10013.1868106563
20261007,446840,"지슨",KOSDAQ,3710.0,1.92,"소프트웨어",0.38,0.7656806825,40871645360.0,3715.0,-2.15343203230148,,30.6952662721893,55.3688141923436,13.8,42.1362818723928,0,2,0,61,"없음",37,-46.5912430208639,10,20261001,9.24499229583975,2.74857071836938,0,0,,,,,1,3445.0,"저항→지지",0,0,3236.14723027208,4686.14723027208
20261007,448280,"에코아이",KOSDAQ,9640.0,2.66,"상업서비스와공급품",1.14,0.70571897,285644083560.0,10180.0,-5.50098231827112,,31.6820276497696,28.6935286935287,11.0,93.3789839229868,0,2,0,76,"없음",40,-15.391380826737,56,20260820,8.33333333333333,3.06958229610196,1,0,,,,,1,9460.0,"저항→지지",0,0,9275.88050783188,9275.88050783188
20261007,448710,"코츠테크놀로지",KOSDAQ,11450.0,-0.09,"우주항공과국방",2.56,2.062399765,60516593400.0,11600.0,-1.72413793103448,,35.2987421383648,26.9928966061563,10.2,99.1964523497024,0,1,0,82,"없음",27,-39.3617021276596,17,,,,0,0,,,,,1,11000.0,"지지 재탈환",0,0,11107.8814514115,11477.8814514115
20261007,448730,"삼성FN리츠",KOSPI,5000.0,-0.99,"부동산",1.63,5.6670995325,455250000000.0,5700.0,-12.280701754386,,23.6778846153846,15.8771929824561,7.0,48.6129687363177,2,1,0,50,"없음",36,-10.3942652329749,65,20260611,10.929519918284,3.62492083950763,0,0,,,,,0,,,0,0,5290.10847703568,5360.10847703568
20261007,448900,"한국피아이엠",KOSDAQ,54600.0,-5.54,"자동차부품",18.95,33.09873205,331665352200.0,58450.0,-6.92899914456801,,52.1491228070175,40.4283801874163,6.8,36.8798502676204,2,1,0,68,"관망",45,-52.112676056338,7,20260803,17.3489278752437,3.05911651519167,0,0,,,,,1,53500.0,"저항→지지",0,0,49431.8075090206,65681.8075090206
20261007,450080,"에코프로머티",KOSPI,38250.0,-3.65,"전기제품",129.09,105.999667275,2708630527500.0,36500.0,4.38356164383562,0.821917808219178,53.1794630240226,16.4179104477612,4.6,107.091144517503,0,3,0,81,"관망",40,-47.5206611570248,10,,,,0,0,20261001,36500.0,36800.0,111.061322478212,1,36500.0,"저항→지지",0,0,36133.9481406172,36383.9481406172
20261007,450330,"하스",KOSDAQ,5050.0,0.0,"건강관리장비와용품",0.32,0.3643871825,41343557150.0,5520.0,-7.78985507246377,,0.0,15.2336448598131,6.8,84.6156601048145,0,1,0,49,"없음",29,-24.4807121661721,39,20260811,13.9297848244621,6.30211250561837,0,0,,,,,1,5010.0,"지지 재탈환",0,0,4884.9359338777,4884.9359338777
20261007,450520,"인스웨이브",KOSDAQ,1879.0,0.27,"소프트웨어",0.48,0.3799571785,27629902062.0,2270.0,-17.5770925110132,,7.02225633154258,31.1224489795918,9.8,180.827697192441,0,2,0,49,"없음",30,-40.223642172524,16,20260715,13.162705667276,2.76320051830256,0,0,,,,,1,1794.0,"지지 재탈환",0,0,2155.92103252271,2155.92103252271
20261007,450950,"아스테라시스",KOSDAQ,6170.0,-3.29,"건강관리장비와용품",4.43,3.38562783,232162242640.0,5350.0,15.3271028037383,7.28971962616822,35.4320987654321,23.3176838810642,7.8,180.467216767995,0,2,0,74,"없음",30,-44.9107142857143,12,20260928,8.71212121212121,8.30540890590343,0,0,20260928,5350.0,5740.0,499.419044324086,1,5350.0,"저항→지지",0,0,5721.02355875727,5771.02355875727
20261007,451220,"아이엠티",KOSDAQ,9190.0,-2.65,"반도체와반도체장비",4.52,2.866834835,72367675090.0,9850.0,-6.7005076142132,,60.5664488017429,28.6511627906977,7.0,133.041124977098,1,2,0,56,"없음",35,-27.808326787117,33,,,,0,0,,,,,1,8690.0,"저항→지지",0,0,8591.77310481165,9491.77310481165
20261007,451250,"삐아",KOSDAQ,7460.0,1.08,"화장품",1.29,0.677345465,76285042420.0,7710.0,-2.72373540856031,,44.9856733524355,20.4545454545455,7.2,57.6337606859237,0,3,0,90,"없음",50,-11.2426035502959,63,20260609,15.5309033280507,3.68244938932575,1,0,,,,,1,7180.0,"지지 재탈환",0,0,7196.0546515938,8146.0546515938
20261007,451760,"컨텍",KOSDAQ,8050.0,-7.47,"우주항공과국방",19.33,13.00188131,132887580700.0,9440.0,-14.9364406779661,,27.9051987767584,26.7857142857143,7.4,208.156817213419,0,2,0,68,"없음",30,-57.8919769271106,4,20260917,9.3833780160858,11.0361215849399,0,0,,,,,1,7330.0,"저항→지지",0,0,8213.03482362558,8213.03482362558
20261007,451800,"한화리츠",KOSPI,5340.0,-0.19,"부동산",2.28,3.86106595,959064000000.0,5640.0,-5.31914893617021,,35.6984478935698,13.7305699481865,5.8,51.427549564276,5,2,0,70,"없음",60,3.89105058365759,81,20260611,12.682379349046,4.32164748393239,0,0,,,,,1,5300.0,"지지 재탈환",0,0,5277.86851291523,5447.86851291523
20261007,452160,"제이엔비",KOSDAQ,3170.0,0.48,"반도체와반도체장비",0.22,0.273283395,30487560590.0,3110.0,0.964630225080386,1.28617363344051,55.5668016194332,21.3091922005571,7.0,83.0346589594885,0,2,0,80,"없음",35,-44.5229681978799,12,,,,0,0,20261006,3110.0,3150.0,164.400017160753,1,3110.0,"저항→지지",0,0,2910.7519013551,3265.7519013551
20261007,452190,"한빛레이저",KOSDAQ,6050.0,-5.47,"전기제품",82.39,236.4857151225,144719369850.0,6690.0,-10.3139013452915,,14.8765432098765,20.343137254902,6.8,72.1595297651812,3,2,0,54,"수축중",50,44.2307692307692,94,20260929,11.6022099447514,8.9955868632407,0,0,,,,,1,5330.0,"저항→지지",0,0,5781.68071632467,5781.68071632467
20261007,452200,"민테크",KOSDAQ,1671.0,-1.12,"전기제품",0.86,0.9408718105,40660108800.0,1790.0,-5.92178770949721,,69.481981981982,18.8214070956103,7.8,65.3613064826669,0,3,0,92,"없음",49,-27.8800856531049,33,20260807,11.3076923076923,3.89044699086798,0,0,,,,,1,1650.0,"저항→지지",0,0,1599.16528613645,1599.16528613645
20261007,452260,"한화갤러리아",KOSPI,2630.0,0.38,"백화점과일반상점",26.18,54.835838825,509850774300.0,2965.0,-11.6357504215852,,27.4004683840749,22.4755700325733,2.8,65.2285845578233,3,2,0,64,"없음",50,4.38247011952191,82,20260909,9.14893617021277,3.15617213352061,0,0,,,,,1,2160.0,"저항→지지",0,0,2727.88080933659,2727.88080933659
20261007,452280,"한선엔지니어링",KOSDAQ,14300.0,-4.79,"기계",80.16,167.68523025,275241681000.0,14270.0,-0.840925017519271,0.630693763139453,26.7908309455587,36.241610738255,6.8,86.624483857894,2,2,0,60,"관망",47,-2.68225584594223,75,20260930,8.96825396825396,2.77665261293985,0,0,20261002,14270.0,14360.0,182.333881049047,1,10770.0,"저항→지지",0,0,13169.305794641,13169.305794641
20261007,452300,"캡스톤파트너스",KOSDAQ,2460.0,-2.96,"창업투자",0.79,1.13677184,34856982300.0,2595.0,-4.6242774566474,,21.1567164179104,25.8527827648115,5.8,30.1244382219529,0,2,0,71,"없음",47,-34.8684210526316,23,20260824,8.62470862470863,26.4737225972192,0,0,,,,,1,2415.0,"저항→지지",0,0,2292.95742429713,2482.95742429713
20261007,452400,"이닉스",KOSDAQ,5440.0,1.68,"전기제품",0.15,0.608933665,49348568320.0,6290.0,-14.6263910969793,,47.7917981072555,21.2730318257956,10.0,26.975736991616,0,1,0,58,"없음",22,-39.1156462585034,18,,,,0,0,,,,,1,5300.0,"지지 재탈환",0,0,5785.59439477644,5785.59439477644
20261007,452430,"사피엔반도체",KOSDAQ,35450.0,-2.07,"반도체와반도체장비",8.89,20.890298125,292654674450.0,43200.0,-19.0972222222222,,14.6679881070367,26.4210526315789,2.4,61.7360749092444,2,2,0,54,"없음",40,12.741935483871,87,20260910,9.11764705882352,3.45309646797428,0,0,,,,,1,30450.0,"저항→지지",0,0,41906.0814495076,41906.0814495076
20261007,452450,"피아이이",KOSDAQ,5840.0,-0.17,"IT서비스",83.21,42.2576033225,210406440000.0,5800.0,-1.20689655172414,1.37931034482759,24.6592317224287,45.9821428571429,10.2,346.993979788034,1,2,0,58,"관망",45,8.93536121673004,85,20260910,13.4792626728111,42.0092986852977,0,0,20261006,5800.0,5880.0,212.810740216056,1,5580.0,"저항→지지",0,0,5142.12209297202,5142.12209297202
20261007,453340,"현대그린푸드",KOSPI,18900.0,1.29,"식품",6.83,7.06664773,613712994300.0,19480.0,-2.51540041067762,,7.59377859103384,9.92481203007519,7.6,91.0267063935419,5,2,0,64,"없음",55,17.8039702233251,90,,,,0,0,,,,,1,18940.0,"저항→지지",0,0,18301.6720641804,18661.6720641804
20261007,453450,"그리드위즈",KOSDAQ,13050.0,-2.1,"전기유틸리티",1.26,2.217355385,103652887500.0,13120.0,1.60060975609756,1.90548780487805,63.8474295190713,32.7889447236181,9.8,29.6913777686466,1,2,0,83,"없음",52,-39.8194130925508,17,20260710,14.1004862236629,10.401785918341,0,0,20261002,13120.0,13370.0,48.86055426525,1,13120.0,"저항→지지",0,0,12233.8172300165,15063.8172300165
20261007,453860,"에이에스텍",KOSDAQ,7100.0,-2.07,"화장품",1.72,1.126301995,45755403300.0,8760.0,-18.8356164383562,,34.3115124153499,31.013916500994,10.6,199.652906781858,0,1,0,41,"없음",26,-50.8977900552486,7,20260612,16.7718665464382,2.63190458512998,0,0,,,,,0,,,0,0,7936.64610608988,9236.64610608988
20261007,454910,"두산로보틱스",KOSPI,71700.0,-4.14,"기계",225.83,208.2655126,4647592566000.0,72800.0,-1.92307692307692,3.98351648351648,61.5789473684211,20.4878048780488,6.8,83.8561074194788,0,3,0,94,"관망",47,-15.6028368794326,55,20260602,20.4479768786127,3.92863903308314,0,0,20261006,72800.0,75700.0,122.43327343801,1,68100.0,"지지 재탈환",0,0,68850.7283714899,74500.7283714899
20261007,455180,"케이지에이",KOSDAQ,1291.0,0.0,"전자장비와기기",0.19,0.4584191215,18989235085.0,1400.0,-7.92857142857143,,53.7667304015296,36.0735532720389,7.6,33.5968190758238,0,2,0,72,"없음",35,-56.3050847457627,5,20260703,27.889634601044,3.62157017161181,0,0,,,,,0,,,0,0,1195.09259992925,1743.09259992925
20261007,455900,"엔젤로보틱스",KOSDAQ,22200.0,-1.11,"건강관리장비와용품",10.46,9.965903325,341724178200.0,22650.0,-1.76600441501104,,66.9627984453082,23.7007874015748,8.6,44.0181677618864,0,2,0,88,"없음",47,-16.3533834586466,54,20260803,12.6550868486352,7.81871918002852,0,0,,,,,1,22000.0,"저항→지지",0,0,20617.7857489277,23167.7857489277
20261007,456010,"아이씨티케이",KOSDAQ,25250.0,-11.4,"통신장비",252.43,274.410399125,366184337500.0,28150.0,-11.7229129662522,1.24333925399645,0.0,40.955448201825,11.4,160.160269781291,3,2,0,49,"수축중",51,65.335994677312,97,20260928,15.0655021834061,2.86714757805011,0,0,20261006,28150.0,28500.0,321.143660814952,1,24800.0,"저항→지지",0,0,26058.027958985,26058.027958985
20261007,456040,OCI,KOSPI,72500.0,-1.89,"화학",10.91,21.8901244,649055887500.0,82000.0,-11.7073170731707,,60.6806986117331,39.7553516819572,11.4,35.0942396649418,2,1,0,78,"없음",35,-22.8966986155485,41,,,,0,0,,,,,0,,,0,0,75965.1107515452,86065.1107515452
20261007,456070,"이엔셀",KOSDAQ,6000.0,-3.38,"제약",3.81,16.180747585,66177102000.0,6890.0,-12.4818577648766,,30.8717948717949,29.4117647058824,9.8,49.4705025498256,0,1,0,57,"없음",26,-62.3595505617977,3,20260918,30.1526717557252,66.6570012298357,0,0,,,,,1,5620.0,"저항→지지",0,0,6010.35527223542,6220.35527223542
20261007,456160,"지투지바이오",KOSDAQ,44000.0,0.23,"제약",110.52,80.33403615,731694744000.0,45150.0,-1.66112956810631,,32.7357755261107,29.2377701934016,5.0,151.505032354203,0,2,0,52,"관망",39,-41.5789473684211,14,20261001,20.7334273624824,4.1564383908735,0,0,,,,,1,36350.0,"저항→지지",0,0,38779.4135117678,38779.4135117678
20261007,457190,"이수스페셜티케미컬",KOSPI,79600.0,-5.46,"화학",171.59,159.7649438,2405422211200.0,68300.0,16.2518301610542,5.41727672035139,30.0863131935882,18.3619550858653,4.6,142.040677429468,2,2,0,76,"관망",44,-16.5089379600421,54,20260930,8.33333333333333,8.28692143911138,0,0,20260929,68300.0,72000.0,368.563182370374,1,66000.0,"저항→지지",0,0,76253.5244582039,76253.5244582039
20261007,457370,"한켐",KOSDAQ,10910.0,-3.19,"디스플레이장비및부품",32.28,249.12407394,88012431940.0,12840.0,-15.6542056074766,,10.2266736953084,30.2717900656045,6.2,18.3962136650232,3,2,0,52,"수축중",50,29.7005988023952,93,20260917,26.5560165975104,11.7501931979253,0,0,,,,,1,9200.0,"저항→지지",0,0,10783.1977975201,10783.1977975201
20261007,457600,"벡트",KOSDAQ,4175.0,0.6,"교육서비스",2.23,4.3904367525,57228812500.0,4900.0,-14.7959183673469,,16.4488017429194,30.5882352941176,5.8,29.7527976096903,4,1,0,49,"없음",50,97.867298578199,98,20260720,16.3963963963964,5.40154982784633,0,0,,,,,1,3910.0,"지지 재탈환",0,0,4533.80100955455,4673.80100955455
20261007,458650,"성우",KOSDAQ,8180.0,3.68,"전기제품",2.38,0.62946214,123073580600.0,7880.0,3.42639593908629,0.634517766497462,60.8552631578947,13.4502923976608,6.8,268.22108875214,0,3,0,92,"없음",38,-35.7762017336485,21,,,,0,0,20261006,7880.0,7930.0,98.0431801103259,1,7880.0,"저항→지지",1,0,7332.97617377485,8562.97617377485
20261007,458870,"씨어스",KOSDAQ,25950.0,-4.07,"건강관리기술",25.48,45.871854725,995062143900.0,28050.0,-8.19964349376114,,61.353517364203,31.7728055077453,8.4,40.6457766373291,0,1,0,71,"관망",29,-49.009900990099,9,20260928,9.52380952380953,4.21146133138872,0,0,,,,,1,24700.0,"저항→지지",0,0,25543.0643105726,29293.0643105726
20261007,459100,"위츠",KOSDAQ,4100.0,0.86,"핸드셋",0.41,0.343478285,55211010000.0,4200.0,-2.14285714285714,,50.5376344086022,26.8585131894484,10.0,76.9713178490777,0,3,0,90,"없음",39,-29.9829642248722,29,,,,1,0,,,,,1,3980.0,"지지 재탈환",0,0,3864.56523612263,4349.56523612263
20261007,459510,"나우로보틱스",KOSDAQ,15760.0,-3.73,"기계",4.54,18.25532183,204539300320.0,17940.0,-12.4303232998885,,69.6530690049562,27.4061990212072,8.0,23.1742036481395,0,2,0,61,"없음",42,-19.6008188331627,48,20260911,15.9401431359792,11.7678993045331,0,0,,,,,1,15390.0,"저항→지지",0,0,16131.2272785749,16581.2272785749
20261007,459550,"알트",KOSDAQ,2010.0,-1.71,"핸드셋",5.47,88.5565503305,50693729610.0,2355.0,,,,70.1,22.2,4.11453890069036,0,0,0,0,"데이터 부족",,-29.8418277680141,29,20260814,29.984856133266,3.2978128035228,0,0,,,,,0,,,0,0,2538.52857101541,2538.52857101541
20261007,460470,"아이빔테크놀로지",KOSDAQ,3190.0,0.95,"생명과학도구및서비스",0.46,0.68201329,48230790300.0,3120.0,-0.32051282051282,0.961538461538462,28.1368821292776,21.4634146341463,9.6,80.6459706667275,1,2,0,69,"없음",40,-10.5035971223022,64,20260928,8.34914611005693,10.4155358413519,0,0,20261006,3120.0,3150.0,194.811782620188,1,2895.0,"저항→지지",0,0,2796.91800761071,2801.91800761071
20261007,460850,"동국씨엠",KOSPI,5280.0,-1.49,"철강",1.51,3.38981253,157864903680.0,5660.0,-7.06713780918728,,47.6958525345622,22.1105527638191,9.8,38.0100245317031,1,1,0,93,"없음",34,-2.23048327137546,76,,,,0,0,,,,,0,,,0,0,5571.91473589806,5591.91473589806
20261007,460860,"동국제강",KOSPI,9710.0,-1.52,"철강",18.91,31.82482789,481693845070.0,11780.0,-18.5908319185059,,0.0,16.1658031088083,9.8,85.5925057933607,2,1,0,44,"없음",36,4.92341356673961,82,20260827,12.2153209109731,4.64266640219642,0,0,,,,,0,,,0,0,10672.9906153357,10672.9906153357
20261007,460870,"에스엠씨지",KOSDAQ,3130.0,2.29,"포장재",1.48,1.641742575,62829441520.0,3190.0,-2.19435736677116,,29.3552812071331,21.092564491654,7.2,53.0052734141148,0,3,0,79,"없음",40,-21.8045112781955,44,20260921,10.5263157894737,8.0833507794066,1,0,,,,,1,2980.0,"저항→지지",0,0,2847.86791487219,2952.86791487219
20261007,460930,"현대힘스",KOSDAQ,12850.0,-2.21,"조선",8.27,14.4656861,456312122350.0,14050.0,-9.11032028469751,,79.3970893970894,30.1255230125523,9.8,11.8000229830729,0,1,0,85,"없음",33,-31.7477284874399,27,20260724,22.5038402457757,20.5195821477869,0,0,,,,,0,,,0,0,12908.6287476323,15588.6287476323
20261007,460940,"피앤에스로보틱스",KOSDAQ,5230.0,-2.43,"건강관리장비와용품",1.52,3.9367733525,70371114400.0,5920.0,-12.8378378378378,,57.4750830564784,27.726574500768,8.0,15.7292115137046,0,1,0,62,"없음",30,-34.4345616264295,23,20260810,12.984496124031,7.93516379223164,0,0,,,,,1,4905.0,"지지 재탈환",0,0,5291.57815290523,5881.57815290523
20261007,461030,"아이엠비디엑스",KOSDAQ,2910.0,-4.28,"생명과학도구및서비스",0.36,0.589995745,41713444470.0,2975.0,-1.84873949579832,2.01680672268908,46.9867211440245,47.2375690607735,11.8,57.583136754831,0,2,0,45,"없음",30,-58.7570621468927,4,,,,0,0,20261006,2975.0,3035.0,81.2783299571026,1,2750.0,"저항→지지",0,0,2695.10287542882,3290.10287542882
20261007,461300,"아이스크림미디어",KOSDAQ,17720.0,0.45,"교육서비스",2.32,4.102080665,236277292760.0,19440.0,-8.89917695473251,,15.3846153846154,10.3430079155673,7.4,44.4187010145108,4,1,0,74,"없음",49,8.2518337408313,85,20260807,8.36845273931366,4.86205821794896,0,0,,,,,0,,,0,0,18255.6357525904,18305.6357525904
20261007,462310,"뉴키즈온",KOSDAQ,3890.0,0.0,"섬유,의류,신발,호화품",0.66,0.3750744475,30725573450.0,4205.0,-7.4910820451843,,40.0,11.7073170731707,4.8,142.262118609729,0,2,0,60,"없음",37,-9.42956926658906,66,20260721,11.8858954041204,2.91371681415929,0,0,,,,,0,,,0,0,3760.21859595697,3760.21859595697
20261007,462350,"이노스페이스",KOSDAQ,6570.0,3.46,"우주항공과국방",216.57,24.910814545,222601928040.0,7200.0,-8.88888888888889,,33.1385642737896,39.377085650723,6.6,991.947790624797,0,2,0,55,"없음",32,-46.8911917098446,10,,,,0,0,,,,,1,6180.0,"저항→지지",0,0,6108.00548340077,7898.00548340077
20261007,462510,"라메디텍",KOSDAQ,3440.0,-3.64,"건강관리장비와용품",1.76,5.04081519,30282199600.0,4285.0,-18.0863477246208,,0.0,21.7527386541471,6.0,73.1945424443564,0,2,0,70,"없음",30,-26.5690376569038,35,20260929,29.5345104333868,21.5728604471858,0,0,,,,,1,3200.0,"저항→지지",0,0,3720.53952068361,3720.53952068361
20261007,462520,"조선내화",KOSPI,12810.0,-2.14,"비철금속",5.09,5.09089268,151864702080.0,12940.0,-1.00463678516229,0.850077279752705,50.1831501831502,26.9628727936701,12.4,177.146496727807,0,2,0,52,"없음",30,-8.82562277580071,67,,,,0,0,20261006,12940.0,13050.0,6513.66849722382,0,,,0,0,14312.4319465844,14312.4319465844
20261007,462860,"더즌",KOSDAQ,2815.0,-4.41,"IT서비스",13.15,112.87091956,202027209945.0,3405.0,-18.208516886931,,29.444967074318,33.5113484646195,4.0,14.4499465128876,0,2,0,52,"관망",32,-17.8466076696165,52,20260921,21.7877094972067,3.76484221282958,0,0,,,,,1,2665.0,"지지 재탈환",0,0,3231.63265243157,3231.63265243157
20261007,462870,"시프트업",KOSPI,31050.0,0.98,"게임엔터테인먼트",9.02,9.761698425,1823935684500.0,31900.0,-2.82131661442006,,61.7495711835334,20.7650273224044,12.2,66.1026632101641,0,3,0,91,"없음",43,-8.55457227138643,67,20260609,10.2649006622517,5.59228860288799,0,0,,,,,1,30950.0,"지지 재탈환",0,0,31236.0649555664,31786.0649555664
20261007,462980,"아이지넷",KOSDAQ,1765.0,3.28,"IT서비스",0.69,0.5652398155,32183781305.0,1675.0,5.43283582089552,1.43283582089552,49.0531177829099,28.6060606060606,12.6,134.107489821741,0,3,0,84,"없음",38,-24.206008583691,39,20260625,10.7142857142857,3.00686249522227,1,0,20261006,1675.0,1699.0,49.4731158054618,1,1675.0,"저항→지지",1,1,1544.32751280898,1544.32751280898
20261007,463020,"뉴엔AI",KOSDAQ,6680.0,-2.34,"IT서비스",3.35,7.6491758,60034496000.0,7530.0,-11.8193891102258,,75.2293577981651,32.6131687242798,5.0,7.08482840255962,0,2,0,80,"없음",45,-45.3947368421053,11,20260806,9.48693126815101,9.11132487523767,0,0,,,,,0,,,0,0,7269.13237628582,12739.1323762858
20261007,463480,"모티브링크",KOSDAQ,4075.0,4.09,"자동차부품",1.09,4.8019755675,50490708850.0,5160.0,-21.4147286821705,,6.7750677506775,39.0588235294118,9.8,50.6587544052884,0,1,0,54,"없음",30,-50.669099756691,8,20260611,9.5703125,3.74162450886617,0,0,,,,,0,,,0,0,4570.21417648479,4570.21417648479
20261007,464080,"에스오에스랩",KOSDAQ,10490.0,-4.11,"전자장비와기기",9.81,10.237502865,188962338810.0,11990.0,-13.1776480400334,,13.7734311328443,17.5675675675676,6.4,84.5076184037579,1,3,0,82,"없음",40,-32.7519379844961,25,20260615,11.358024691358,3.57017011035339,0,0,,,,,1,10330.0,"저항→지지",0,0,10566.157763089,10566.157763089
20261007,464280,"티디에스팜",KOSDAQ,5590.0,4.1,"제약",0.92,0.667685585,30912700000.0,5930.0,-5.73355817875211,,60.5875152998776,42.4694708276798,13.2,63.7196396786142,0,3,0,78,"없음",46,-34.9243306169965,23,,,,1,0,,,,,1,5440.0,"지지 재탈환",0,0,5404.47244963693,5774.47244963693
20261007,464500,"아이언디바이스",KOSDAQ,1721.0,-2.33,"반도체와반도체장비",0.48,0.6662224215,24082405623.0,1860.0,-7.79569892473118,,37.1405094494659,27.7176470588235,5.4,52.8354442860856,0,2,0,75,"없음",30,-50.0,8,,,,0,0,,,,,1,1645.0,"지지 재탈환",0,0,1643.17376794984,1874.17376794984
20261007,464580,"닷밀",KOSDAQ,1632.0,0.0,"방송과엔터테인먼트",0.06,0.2890900865,30038737248.0,1899.0,-13.9020537124803,,24.8976248976249,28.7298387096774,6.8,14.4634096833546,0,2,0,54,"없음",35,-23.5981308411215,40,20260804,16.3421418636996,3.0830273454733,1,0,,,,,1,1511.0,"지지 재탈환",0,0,1646.55646033616,1731.55646033616
20261007,465480,"인스피언",KOSDAQ,3780.0,-5.62,"IT서비스",0.54,0.4954059075,38320778160.0,4325.0,-12.3699421965318,,12.0379146919431,23.5294117647059,9.6,102.937189466771,0,2,0,52,"없음",28,-24.1241241241241,39,,,,0,0,,,,,1,3705.0,"저항→지지",0,0,3802.00922565396,3802.00922565396
20261007,466100,"클로봇",KOSDAQ,23100.0,-4.15,"기계",33.66,56.264464325,715031370900.0,25300.0,-8.49802371541502,,74.7327502429543,36.5467625899281,6.8,36.322866251946,0,2,0,72,"관망",47,-54.1447954838071,6,20260814,13.7391304347826,5.48094286811243,0,0,,,,,0,,,0,0,22294.3098688218,31744.3098688218
20261007,466410,"사이냅소프트",KOSDAQ,8880.0,1.6,"소프트웨어",0.34,0.34022308,44728764240.0,9290.0,-4.41334768568353,,18.9488243430152,12.3789020452099,7.2,68.8680009438315,0,1,0,78,"없음",27,-21.9683655536028,44,,,,0,0,,,,,1,8760.0,"저항→지지",0,0,8526.41076997638,8526.41076997638
20261007,468530,"프로티나",KOSDAQ,42650.0,-17.18,"생물공학",132.9,64.314184675,473634562200.0,56200.0,-23.6654804270463,,0.0,37.7885783718105,5.4,235.641842815262,0,2,0,57,"관망",34,-38.8017118402283,18,20260928,13.2196162046908,4.01222192074818,0,0,,,,,1,31950.0,"저항→지지",0,0,47378.0105427547,47378.0105427547
20261007,469610,"이노테크",KOSDAQ,15990.0,-3.21,"디스플레이장비및부품",7.44,13.885640395,142996971000.0,17140.0,-7.05950991831972,,51.3282305267897,27.5598573611819,7.0,29.9112446799918,0,3,0,86,"없음",48,-17.4611398963731,53,20260813,14.8316062176166,23.3158676293739,0,0,,,,,1,15020.0,"지지 재탈환",0,0,15395.7439087274,17725.7439087274
20261007,471820,"셀로맥스사이언스",KOSDAQ,4080.0,-1.09,"제약",0.05,0.196010345,46115746320.0,4335.0,-5.88235294117647,,26.4586160108548,9.16666666666667,3.4,52.16416825699,0,2,0,72,"없음",30,-17.5757575757576,52,,,,0,0,,,,,1,3925.0,"지지 재탈환",0,0,3968.30369563428,4083.30369563428
20261007,472850,"폰드그룹",KOSDAQ,4610.0,0.77,"섬유,의류,신발,호화품",2.19,1.36057006,265405315720.0,5210.0,-10.5566218809981,,50.78125,25.615763546798,5.0,73.6505594110065,1,2,0,88,"없음",50,-11.5749525616698,63,20260828,9.25196850393701,4.88233774818887,0,0,,,,,0,,,0,0,4756.75423568176,5636.75423568176
20261007,473980,"노머스",KOSDAQ,10450.0,1.95,"방송과엔터테인먼트",2.08,2.899353735,113724758400.0,12610.0,-17.6050753370341,,66.577896138482,25.5536626916525,9.8,76.6312314085723,0,1,0,54,"없음",22,-44.2895442359249,12,,,,0,0,,,,,1,10230.0,"지지 재탈환",0,0,11620.9361839045,11620.9361839045
20261007,474170,"루미르",KOSDAQ,6820.0,-7.84,"우주항공과국방",10.69,4.86244077,121516686720.0,8250.0,-16.3636363636364,,15.7068062827225,63.003663003663,15.6,253.519301727058,0,1,0,50,"없음",22,-52.6098901098901,6,,,,0,0,,,,,1,6780.0,"저항→지지",0,0,7180.82775973847,7180.82775973847
20261007,474610,"RF시스템즈",KOSDAQ,8250.0,-4.62,"우주항공과국방",8.04,7.045835065,118925565000.0,8810.0,-7.15096481271283,,34.0648854961832,23.3890214797136,7.0,103.480263612368,2,3,0,85,"없음",45,-30.5602716468591,28,20260918,8.96551724137931,4.64484774750688,0,0,,,,,1,7330.0,"저항→지지",0,0,7762.76067728115,7762.76067728115
20261007,474650,"링크솔루션",KOSDAQ,26800.0,-8.22,"기계",7.25,10.0241696,154187957600.0,30400.0,-12.8289473684211,,35.5990783410138,32.9707112970711,10.0,74.8673917440351,0,2,0,76,"없음",35,-57.258064516129,4,20260915,12.3287671232877,5.16375184772403,0,0,,,,,1,26050.0,"저항→지지",0,0,26080.7810706844,26080.7810706844
20261007,475150,"SK이터닉스",KOSPI,49250.0,-2.28,"에너지장비및서비스",223.32,423.6156971,1677799947000.0,52600.0,-6.84410646387833,,84.2814863531733,24.3328100470958,6.2,15.0683009306746,3,3,0,98,"관망",70,-9.25925925925926,66,20260723,30.0,3.09129086544767,0,0,,,,,0,,,0,0,48024.6126920819,81224.6126920819
20261007,475230,"엔알비",KOSDAQ,9600.0,-2.44,"건설",5.6,9.453806415,104627356800.0,11870.0,-18.955349620893,,28.995983935743,17.9207920792079,6.2,60.4473478024364,0,1,0,52,"없음",26,-57.2444444444444,5,20260820,17.741935483871,5.70901781497007,0,0,,,,,0,,,0,0,10405.3377980412,10405.3377980412
20261007,475400,"씨메스로보틱스",KOSDAQ,18350.0,-4.68,"기계",6.17,19.363172505,216656504900.0,19580.0,-6.7926455566905,,63.5832521908471,24.7982062780269,8.0,39.4870039736631,0,1,0,54,"없음",35,-40.9385113268608,15,20260910,13.0737943056363,30.5421651983226,0,0,,,,,1,17450.0,"지지 재탈환",0,0,20061.4573787058,20061.4573787058
20261007,475430,"키스트론",KOSDAQ,4385.0,-1.79,"전기장비",4.43,5.471935175,78263962350.0,4510.0,-2.77161862527716,,82.315872390705,17.798353909465,7.0,41.9912438304865,0,3,0,94,"없음",50,2.09545983701979,80,20260810,8.23389021479715,8.0648505426377,0,0,,,,,1,4340.0,"저항→지지",0,0,4129.89275407266,4454.89275407266
20261007,475460,"미트박스",KOSDAQ,2860.0,-3.87,"인터넷과카탈로그소매",1.03,3.693690998,16149061500.0,3370.0,-12.1661721068249,,6.8641830448812,20.2162670427833,13.2,32.5795503807192,2,1,0,43,"없음",40,13.2364192807957,88,20260902,11.0229276895944,63.4271476419505,0,0,,,,,1,2895.0,"저항→지지",0,0,3033.48558661015,3033.48558661015
20261007,475560,"더본코리아",KOSPI,14220.0,-0.07,"호텔,레스토랑,레저",1.53,3.46186804,210853733400.0,16170.0,-12.1830550401979,,64.5774363121715,35.4166666666667,6.4,18.0478706869754,0,2,0,78,"없음",42,-35.6009070294785,21,20260818,21.8376337319069,36.0104113086053,0,0,,,,,0,,,0,0,15225.7429165435,20085.7429165435
20261007,475580,"에이럭스",KOSDAQ,7360.0,-0.94,"교육서비스",2.53,16.930605235,100279264000.0,7620.0,-4.33070866141732,,52.6362823949955,39.8081534772182,12.8,19.3573586745326,0,1,0,52,"없음",35,-47.0588235294118,10,20260820,12.9032258064516,19.7301093677433,0,0,,,,,1,7280.0,"지지 재탈환",0,0,7843.47518883167,8633.47518883167
20261007,475660,"에스켐",KOSDAQ,3440.0,12.23,"디스플레이장비및부품",0.87,0.4119069325,27278632400.0,3630.0,-6.19834710743802,,34.7945205479452,22.5761772853186,6.2,299.055915655969,0,1,0,45,"없음",31,-35.7547169811321,21,20260601,13.7971698113208,4.85593928795143,1,0,,,,,1,3115.0,"지지 재탈환",0,0,3166.53390837667,3356.53390837667
20261007,475830,"오름테라퓨틱",KOSDAQ,20150.0,-1.47,"제약",48.04,142.319793725,438321257400.0,57500.0,-64.8695652173913,,41.0004952947003,59.6975806451613,9.6,83.1082625382364,0,1,0,35,"관망",29,-76.6473988439306,1,20260804,19.5046439628483,3.21416993523623,0,0,,,,,0,,,0,0,48618.9035751917,66818.9035751917
20261007,475960,"토모큐브",KOSDAQ,34250.0,-4.6,"생명과학도구및서비스",22.42,13.323443525,461558959500.0,37500.0,-8.13333333333333,,34.1594827586207,60.9022556390977,20.6,160.833019574187,0,1,0,40,"없음",29,-40.2946273830156,16,20260930,9.10518053375196,3.64764009840059,0,0,,,,,1,28350.0,"저항→지지",0,0,33000.5033144229,35850.5033144229
20261007,476040,"오가노이드사이언스",KOSDAQ,7220.0,0.42,"생물공학",1.25,1.64045172,47549187200.0,7530.0,-3.05444887118194,,37.7706495589415,34.341252699784,8.0,71.5284300573665,0,2,0,64,"없음",30,-70.3252032520325,2,,,,0,0,,,,,1,6700.0,"저항→지지",0,0,6427.22039704742,8157.22039704742
20261007,476060,"온코닉테라퓨틱스",KOSDAQ,15420.0,-1.15,"제약",22.18,38.215016395,700188892800.0,16430.0,-6.45161290322581,,47.9156202913109,41.980198019802,10.8,25.5932792574223,0,1,0,52,"관망",35,-33.1739130434783,25,20260831,22.0717670954638,9.89044432332307,0,0,,,,,1,14900.0,"저항→지지",0,0,15168.0264912569,16828.0264912569
20261007,476080,M83,KOSDAQ,4090.0,-1.21,"방송과엔터테인먼트",0.55,0.373839095,33034930000.0,4565.0,-10.1861993428258,,51.8370165745856,22.2336065573771,7.0,15.6754144033763,0,2,0,61,"없음",45,-37.5951293759513,19,20260813,13.1210191082803,3.7459782651923,0,0,,,,,0,,,0,0,4045.1806571508,4335.1806571508
20261007,478560,"블랙야크아이앤씨",KOSDAQ,3400.0,2.41,"섬유,의류,신발,호화품",1.22,1.56236567,87823013200.0,3795.0,-10.4084321475626,,2.59403372243838,25.1396648044693,10.8,28.3075273759001,2,3,0,84,"없음",58,7.59493670886076,84,20260827,17.8438661710037,125.59047283852,1,0,,,,,1,3300.0,"저항→지지",0,0,3329.97148601682,3329.97148601682
20261007,479960,"위너스일렉",KOSDAQ,6490.0,0.62,"전기장비",1.19,0.813205255,46247740000.0,6150.0,5.52845528455285,2.76422764227642,52.9411764705882,16.7164179104478,6.6,189.564762429084,0,2,0,82,"없음",30,-34.9047141424273,23,,,,0,0,20261001,6150.0,6320.0,134.412588329902,1,6150.0,"저항→지지",0,0,6777.62223238706,6777.62223238706
20261007,480370,"씨케이솔루션",KOSPI,2130.0,-4.48,"기계",9.52,15.607450663,69185399040.0,2275.0,-5.71428571428571,,13.0434782608696,34.4322344322344,7.0,117.405381358575,0,2,0,44,"없음",35,5.14705882352941,83,20260917,23.0274693161894,5.9814588097603,0,0,,,,,1,1666.0,"저항→지지",0,0,2107.34060593383,2107.34060593383
20261007,481070,"에이유브랜즈",KOSDAQ,14330.0,2.21,"섬유,의류,신발,호화품",1.24,2.02437488,205804594000.0,16750.0,-13.9701492537313,,57.9169370538611,42.5833333333333,7.0,27.4056336571082,0,2,0,49,"없음",42,-16.3182346109175,54,20260813,12.8272251308901,18.2625818216031,0,0,,,,,0,,,0,0,15946.4622233122,21626.4622233122
20261007,482630,"삼양엔씨켐",KOSDAQ,15210.0,-2.5,"반도체와반도체장비",24.31,25.67067101,332920738800.0,16220.0,-6.84340320591862,,56.4299424184261,58.1018518518518,14.4,93.5272734622656,2,2,0,52,"없음",45,-9.35812837432514,66,20261001,10.9834888729361,5.38052554199733,0,0,,,,,1,14180.0,"저항→지지",0,0,14438.1594348981,14438.1594348981
20261007,483650,"달바글로벌",KOSPI,182600.0,-0.16,"화장품",233.69,260.212365,2287460329000.0,191100.0,-4.3432757718472,,66.1496598639456,42.8312159709619,9.2,76.5125470338158,3,1,0,47,"관망",50,19.7903014416776,90,,,,0,0,,,,,0,,,0,0,171312.436808653,259512.436808653
20261007,484120,"도우인시스",KOSDAQ,23000.0,0.0,"디스플레이장비및부품",8.22,14.669896725,252020706000.0,25250.0,-8.91089108910891,,0.0,20.6422018348624,7.0,71.2600032153732,1,2,0,63,"없음",37,17.6470588235294,90,20260918,8.57142857142856,4.29934787721858,0,0,,,,,1,21700.0,"저항→지지",0,0,22040.2540307899,22040.2540307899
20261007,484590,"삼양컴텍",KOSDAQ,7150.0,-2.19,"우주항공과국방",7.71,14.0757899,294654717500.0,7690.0,-7.41222366710013,,35.6718192627824,29.9107142857143,9.8,58.7475572263572,0,3,0,83,"없음",35,-40.9618573797678,15,20260617,9.9537037037037,3.56045395757674,0,0,,,,,1,7000.0,"저항→지지",0,0,6900.95574669356,6900.95574669356
20261007,484810,"티엑스알로보틱스",KOSDAQ,11920.0,-3.79,"기계",7.16,20.98966512,184174906800.0,14760.0,-19.1734417344173,,78.1564908120925,39.4791666666667,7.4,12.2475652291055,0,2,0,64,"없음",42,-20.9933774834437,45,20260731,13.4290540540541,3.41682287892099,0,0,,,,,0,,,0,0,13280.8705352144,17410.8705352144
20261007,484870,"엠앤씨솔루션",KOSPI,19200.0,-0.31,"우주항공과국방",37.12,23.13551537,527264640000.0,19380.0,-1.75438596491228,,75.1947984032632,23.2570516232038,7.0,130.98265474713,0,2,0,55,"없음",40,-45.1818155644488,11,20260831,21.1118464592985,13.2427134182131,0,0,,,,,1,15670.0,"저항→지지",0,0,16742.2408719307,21462.2408719307
20261007,486990,"노타",KOSDAQ,20300.0,-2.4,"IT서비스",31.4,81.491479615,434266329000.0,25500.0,-20.7843137254902,,34.1325341325341,30.6430155210643,9.6,64.0842363486288,0,1,0,52,"관망",29,-40.5882352941176,16,20260922,28.9308176100629,25.7389422591608,0,0,,,,,1,18800.0,"저항→지지",0,0,22868.7974783536,22868.7974783536
20261007,487570,"HS효성",KOSPI,50300.0,0.0,"복합기업",0.65,1.6747705,187414128100.0,53600.0,-6.15671641791045,,44.7544642857143,19.3857965451056,8.8,16.1764484932865,0,1,0,81,"없음",35,-10.4982206405694,65,20260731,10.3362391033624,33.2423183207364,1,0,,,,,1,49600.0,"저항→지지",0,0,49974.8966376379,49974.8966376379
20261007,488280,"에스투더블유",KOSDAQ,16510.0,-7.51,"IT서비스",173.46,184.48549234,178728773860.0,15980.0,1.75219023779725,2.19023779724656,11.2530712530713,25.1067463706234,6.8,203.556273365426,0,2,0,50,"관망",40,4.36456996148909,82,20261006,9.3692590324556,8.49878268651554,0,0,20261002,15980.0,16330.0,570.987861982311,1,15980.0,"저항→지지",0,0,16235.4443318336,16235.4443318336
20261007,488900,"비츠로넥스텍",KOSDAQ,10820.0,-9.46,"우주항공과국방",55.76,19.543032455,313525113260.0,12460.0,,,,70.1,23.0,338.3992242751,0,0,0,0,"없음",,-44.1714584422373,12,20260917,12.018779342723,16.4964332560689,0,0,,,,,1,10180.0,"저항→지지",0,0,11525.4052833525,11525.4052833525
20261007,489460,"바이오비쥬",KOSDAQ,11830.0,3.14,"화장품",11.29,7.77190533,174531385210.0,12170.0,-2.71158586688578,,37.5814627081825,18.8976377952756,4.8,84.8593156074408,2,3,0,84,"없음",56,43.1680773881499,94,20260723,14.0789473684211,5.0222255809747,1,0,,,,,0,,,0,0,11425.552952303,11465.552952303
20261007,489500,"엘케이켐",KOSDAQ,23200.0,-3.33,"반도체와반도체장비",4.23,3.72393665,148276721600.0,25050.0,-8.38323353293413,,44.9575175471001,28.8508557457213,10.0,107.554818315963,1,3,0,84,"없음",43,-32.992700729927,25,20260812,12.5603864734299,2.75842524579823,0,0,,,,,1,21550.0,"저항→지지",0,0,22581.0556483419,22581.0556483419
20261007,489790,"한화비전",KOSPI,49400.0,-3.7,"통신장비",58.89,84.93605445,2494126466000.0,53000.0,-7.45283018867925,,53.7585421412301,19.2523364485981,5.2,59.1831965426678,2,3,0,82,"없음",50,-35.1190476190476,22,20260604,17.4298375184638,3.15484986721494,0,0,,,,,1,45400.0,"지지 재탈환",0,0,47663.1646483085,51463.1646483085
20261007,494120,"큐리오시스",KOSDAQ,10340.0,-1.8,"생명과학도구및서비스",5.2,9.199025045,157785959760.0,8650.0,,,,78.7,26.0,48.0450298995204,0,0,0,0,"없음",,-67.7187948350072,2,20260930,9.59821428571428,2.55048873742126,0,0,,,,,1,8650.0,"저항→지지",0,0,9358.53446793893,14958.5344679389
20261007,499790,"GS피앤엘",KOSPI,37900.0,-0.13,"호텔,레스토랑,레저",18.55,17.07434635,751588873900.0,40350.0,-6.19578686493185,,55.0379198266522,21.7724288840263,4.6,77.239303405349,0,2,0,80,"없음",33,-14.7522522522523,57,,,,0,0,,,,,0,,,0,0,39841.038071909,42691.038071909
20261007,900070,"글로벌에스엠",KOSDAQ,1100.0,-1.61,"자동차부품",1.06,6.91031834,29559182400.0,1284.0,-14.3302180685358,,18.4409540430483,18.6067827681027,11.0,36.332363460023,3,1,0,40,"없음",41,2.99625468164794,81,20260930,13.4403209628887,430.809244766655,0,0,,,,,1,1030.0,"저항→지지",0,0,1135.0005449339,1135.0005449339
20261007,900140,"엘브이엠씨홀딩스",KOSPI,1169.0,-1.6,"자동차",3.16,4.622936573,225898065008.0,1327.0,-11.9819140919367,,18.2672233820459,16.2015503875969,4.8,63.8334829053643,0,2,0,73,"없음",32,-27.0455965021861,34,20260928,9.63636363636364,9.73838599241772,0,0,,,,,0,,,0,0,1224.92110116039,1227.92110116039
20261007,900250,"크리스탈신소재",KOSDAQ,1236.0,-0.08,"비철금속",0.47,0.9554600345,44267341236.0,1286.0,-3.57698289269051,,72.8269381362568,28.3601286173633,7.4,17.3710914931332,0,3,0,94,"없음",50,-47.5465313028765,10,20260810,29.9345182413471,19.385132207573,1,0,,,,,1,1212.0,"저항→지지",0,0,1173.03245690899,1442.03245690899
20261007,900260,"로스웰",KOSDAQ,1941.0,1.09,"통신장비",0.19,0.758095859,89343659346.0,2100.0,-7.66666666666667,,0.609523809523807,9.2485549132948,8.2,38.818396697908,5,1,0,41,"없음",50,17.2309552599758,89,,,,1,0,,,,,1,1814.0,"저항→지지",0,0,1852.1549954746,1852.1549954746
20261007,900270,"헝셩그룹",KOSDAQ,2565.0,-2.47,"레저용장비와제품",1.12,17.2349231175,31964109165.0,4040.0,-35.8910891089109,,58.1945190757657,47.1226927252986,5.2,9.23373557634229,0,2,0,49,"없음",42,-52.3020257826888,7,20260911,14.6302250803859,4.76977160887606,0,0,,,,,0,,,0,0,3384.39001174573,3949.39001174573
20261007,900290,GRT,KOSDAQ,3380.0,2.42,"화학",4.14,8.8656852225,313500695300.0,3795.0,-10.6719367588933,,42.907180385289,23.049001814882,11.4,28.2491247048518,2,2,0,75,"없음",53,-38.3636363636364,18,20261001,10.7738998482549,3.20395902483787,0,0,,,,,1,3355.0,"지지 재탈환",0,0,3645.34492557644,3925.34492557644
20261007,900300,"오가닉티코스메틱",KOSDAQ,2905.0,-3.65,"화장품",2.16,5.006661245,59785181785.0,3375.0,-13.9259259259259,,56.8471337579618,30.4721030042918,7.0,12.6214349926434,0,1,0,39,"없음",30,-48.125,9,20261002,12.9943502824859,10.6129044216607,0,0,,,,,0,,,0,0,3157.10054053741,3842.10054053741
20261007,900310,"컬러레이",KOSDAQ,2060.0,0.98,"화장품",0.05,0.0881935575,26385170100.0,2410.0,-15.7676348547718,,4.92914356130623,25.0,12.0,22.9270016045221,0,1,0,57,"없음",26,-18.8,50,,,,0,0,,,,,0,,,0,0,2043.29420071643,2043.29420071643
20261007,900340,"윙입푸드",KOSDAQ,1383.0,-3.02,"식품",0.86,3.2334187385,49210918356.0,1743.0,-20.5393000573723,,72.7361009953872,52.064128256513,7.4,9.80706095914659,0,2,0,55,"없음",42,-45.1485148514852,11,20260909,10.3780578206079,2.63982767975793,0,0,,,,,1,1327.0,"지지 재탈환",0,0,1507.56262686566,2259.56262686566
20261007,950130,"엑세스바이오",KOSDAQ,2330.0,6.64,"생명과학도구및서비스",11.64,2.29247061,81955033220.0,2325.0,1.50537634408602,1.50537634408602,25.8979206049149,22.7016885553471,5.0,428.572361751946,0,2,0,70,"없음",32,-17.7700348432056,52,,,,1,0,20261007,2325.0,2360.0,463.667528552807,1,2280.0,"지지 재탈환",0,0,2272.54736982996,2427.54736982996
20261007,950140,"잉글우드랩",KOSDAQ,8230.0,1.23,"화장품",1.02,1.03980652,163512537180.0,8390.0,-1.90703218116806,,58.4216725559482,26.5420560747664,7.2,35.5503678892945,0,2,0,72,"없음",43,-34.16,23,,,,1,0,,,,,0,,,0,0,8185.88792323109,10035.8879232311
20261007,950160,"코오롱티슈진",KOSDAQ,16850.0,-1.58,"생물공학",96.7,104.198780265,1431747196000.0,17120.0,-1.75233644859813,1.10981308411215,92.2938964420017,53.3437990580848,6.8,20.2222403223327,0,1,0,66,"관망",40,-84.4976958525346,1,20260805,17.2110552763819,2.83705088834269,0,0,20261006,17120.0,17310.0,35.2008150804781,1,16630.0,"저항→지지",0,0,14116.0591269854,76826.0591269853
20261007,950170,JTC,KOSDAQ,4300.0,1.06,"백화점과일반상점",0.1,0.364952615,209724394500.0,4400.0,-2.27272727272727,,28.8372093023256,19.3124368048534,12.4,13.1138804159249,1,1,0,91,"없음",36,-14.0,58,,,,1,0,,,,,0,,,0,0,4300.4643740744,4795.4643740744
20261007,950190,"고스트스튜디오",KOSDAQ,9650.0,-1.03,"게임엔터테인먼트",0.53,13.56844625,125614619350.0,12460.0,-21.7495987158909,,11.2195121951219,15.0259067357513,6.8,7.35549044184601,5,1,0,48,"없음",55,20.6683168316832,90,20260915,14.8261758691207,11.7149257133455,1,0,,,,,1,9650.0,"저항→지지",0,0,11483.9765735622,11483.9765735622
20261007,950200,"소마젠",KOSDAQ,2960.0,-1.33,"생명과학도구및서비스",1.08,2.627736535,56938716880.0,4195.0,-29.7973778307509,,69.4871794871795,38.1663113006397,6.0,8.57238805282012,0,2,0,53,"없음",42,-13.3823529411765,60,20260826,10.3953147877013,5.85933270714967,0,0,,,,,0,,,0,0,3188.1157687686,4213.1157687686
20261007,950210,"프레스티지바이오파마",KOSPI,5960.0,1.36,"제약",1.63,1.8024004,358173083800.0,6340.0,-5.6782334384858,,42.4469413233458,27.4926686217009,12.6,68.1620525774836,0,2,0,63,"없음",35,-40.2,16,,,,0,0,,,,,1,5920.0,"지지 재탈환",0,0,5842.36440267435,6522.36440267435
20261007,950220,"네오이뮨텍",KOSDAQ,1961.0,0.46,"제약",5.85,9.2283411675,67089418240.0,3705.0,-47.4763832658569,,63.2871287128713,19.6106705118962,9.4,26.1448487690713,0,1,0,38,"없음",30,-28.4558823529412,32,20260821,29.8405466970387,5.55241711655507,0,0,,,,,0,,,0,0,2348.77399373104,3363.77399373104
20261007,950250,"테라뷰",KOSDAQ,4150.0,-2.12,"반도체와반도체장비",25.03,87.237730165,148142267800.0,4765.0,,,,77.3,23.2,60.0761679039337,0,0,0,0,"데이터 부족",,-40.9155937052933,15,20260929,30.9774436090225,5.95337645544083,0,0,,,,,1,3795.0,"저항→지지",0,0,4010.08339643157,4010.08339643157
