session_date,code,name,market,close_price,change_ratio,sector_name,turnover_eok,average_turnover_20d_eok,market_cap_won,pivot,pivot_dist,breakout_distance,atr_contraction,base_depth,base_weeks,latest_volume_ratio,sepa_score,vcp_stage,vcp_ready,vcp_quality,signal,scan_score,rs_relative_return,rs_rating,ep_date,ep_gain_percent,ep_volume_multiple,ma10_pullback,breakout_precursor,breakout_date,breakout_pivot,breakout_close,breakout_volume_ratio,sr_flip,sr_flip_level,sr_flip_type,turtle_s1,turtle_s2,turtle_stop1,turtle_stop2
20261008,000020,"동화약품",KOSPI,5360.0,-4.46,"제약",18.1,26.090692935,149712679200.0,6130.0,-11.7455138662316,,50.3848845346396,41.1375661375661,11.0,137.341048004825,0,1,0,75,"없음",29,-7.2041166380789,65,20260715,17.843137254902,21.0764949328086,0,0,,,,,1,5400.0,"저항→지지",0,0,5663.86591665021,7093.86591665021
20261008,000050,"경방",KOSPI,8050.0,-0.62,"섬유,의류,신발,호화품",2.14,2.114411305,220692923500.0,8260.0,-2.42130750605327,,53.8745387453875,15.2222222222222,11.0,112.350362190766,1,2,0,56,"없음",35,-9.53984287317621,61,,,,0,0,,,,,1,7990.0,"지지 재탈환",0,0,7843.7315663621,8833.7315663621
20261008,000070,"삼양홀딩스",KOSPI,56200.0,-1.06,"화학",2.69,4.1165943,436291334200.0,62500.0,-9.44,,50.6172839506173,8.24915824915825,9.8,65.2475001801311,0,1,0,62,"없음",25,-13.1901840490798,55,,,,0,0,,,,,0,,,0,0,58953.2638808304,59853.2638808304
20261008,000080,"하이트진로",KOSPI,14780.0,-0.54,"음료",9.89,10.689076,1036574770580.0,15300.0,-3.59477124183007,,56.4935064935065,8.14026299311208,8.0,69.766951203469,0,2,0,87,"없음",35,-11.144578313253,58,,,,0,0,,,,,0,,,0,0,14996.1664871048,15366.1664871048
20261008,000100,"유한양행",KOSPI,73200.0,-2.4,"제약",169.94,154.08705075,5388675169200.0,76900.0,-4.6814044213264,,50.6398537477148,11.1543450064851,10.0,94.0715734743696,0,1,0,53,"관망",31,-21.0979547900969,40,,,,0,0,,,,,0,,,0,0,77098.2768495137,82598.2768495137
20261008,000120,"CJ대한통운",KOSPI,69900.0,-0.57,"항공화물운송과물류",31.89,31.98812865,1594582845600.0,73500.0,-5.03401360544218,,66.1111111111111,11.1681643132221,10.0,99.9699029315411,0,1,0,85,"없음",30,-32.2330097087379,23,,,,0,0,,,,,0,,,0,0,70903.1190163817,76303.1190163817
20261008,000140,"하이트진로홀딩스",KOSPI,7700.0,-0.26,"음료",0.46,0.416624735,178692090500.0,8110.0,-4.19235511713933,,26.1851015801354,11.4457831325301,5.6,60.9609719577495,0,2,0,81,"없음",41,-12.3024830699774,57,,,,0,0,,,,,0,,,0,0,7689.06688878368,8089.06688878368
20261008,000150,"두산",KOSPI,1336000.0,-4.5,"복합기업",1134.12,1302.3344655,21634963560000.0,1491000.0,-10.7310529845741,,45.7473349965979,24.4142101284958,6.8,108.910701741189,2,1,0,58,"관망",43,30.3623898139079,91,20260529,18.7951807228916,2.62805881416211,0,0,,,,,1,1300000.0,"저항→지지",0,0,1348445.39009127,1348445.39009127
20261008,000180,"성창기업지주",KOSPI,4740.0,-1.86,"종이와목재",0.63,0.785057885,66124516800.0,5240.0,-7.63358778625954,,43.1924882629108,15.5172413793103,7.2,119.756737618195,0,2,0,72,"없음",28,-32.0701754385965,23,,,,0,0,,,,,0,,,0,0,4919.35598657558,5179.35598657558
20261008,000210,DL,KOSPI,48250.0,-2.03,"화학",19.26,26.824036775,1011121403000.0,56600.0,-14.8409893992933,,45.0559701492537,24.7104247104247,10.0,57.2648010806931,2,1,0,62,"없음",36,-15.2899824253076,51,,,,0,0,,,,,0,,,0,0,51824.369885861,51824.369885861
20261008,000220,"유유제약",KOSPI,3840.0,0.0,"제약",1.61,2.7050917125,60470254080.0,4530.0,-15.4525386313466,,46.1697722567288,11.7021276595745,11.0,36.7059632210351,1,1,0,50,"없음",35,-5.54870530209618,68,20260528,9.18635170603674,163.449789937128,0,0,,,,,1,3775.0,"지지 재탈환",0,0,3844.70541061869,4289.70541061869
20261008,000230,"일동홀딩스",KOSPI,6120.0,-2.39,"제약",0.34,0.66177228,70627248000.0,7760.0,-21.0051546391753,,54.8223350253807,16.0246533127889,10.0,21.8674461333378,0,1,0,52,"없음",26,-37.2569089048106,17,,,,0,0,,,,,1,6100.0,"지지 재탈환",0,0,5936.69175540968,7236.69175540968
20261008,000240,"한국앤컴퍼니",KOSPI,26300.0,2.94,"자동차부품",32.88,16.618528,2496796812000.0,25400.0,3.1496062992126,3.1496062992126,46.3888888888889,14.6067415730337,8.0,170.424025632894,1,2,0,88,"없음",49,11.727078891258,85,20260615,12.2710622710623,4.60318974152237,1,0,20261008,25400.0,26200.0,172.786373927574,1,24850.0,"저항→지지",1,0,24004.911300121,25004.911300121
20261008,000250,"삼천당제약",KOSDAQ,240500.0,-0.21,"제약",638.45,297.7428318,5641522016000.0,168700.0,42.5607587433314,2.1932424422051,36.4598227051759,23.1541938724259,7.6,173.458238352554,0,2,0,79,"관망",24,-60.5090311986864,3,20261006,17.3809523809524,3.20160959727085,0,0,20260930,168700.0,172400.0,56.9986264047267,1,164200.0,"저항→지지",0,0,226056.80446179,226056.80446179
20261008,000270,"기아",KOSPI,107000.0,-2.37,"자동차",1312.99,891.17565795,41774190786000.0,132700.0,-19.3669932177845,,69.2028985507246,25.3511235955056,7.0,147.200212868932,2,3,0,80,"관망",43,-28.9508632138114,27,,,,0,0,,,,,0,,,0,0,121306.622440273,142106.622440273
20261008,000320,"노루홀딩스",KOSPI,15210.0,-2.56,"건축자재",1.59,0.812549575,202158406710.0,19990.0,-23.311655827914,,3.65079365079365,17.8928781636257,10.0,167.312914470601,0,1,0,46,"없음",22,-23.5411471321696,36,,,,0,0,,,,,0,,,0,0,18117.5521133429,18117.5521133429
20261008,000370,"한화손해보험",KOSPI,7180.0,-2.18,"손해보험",16.77,43.50186088,838185409700.0,8740.0,-17.0480549199085,,35.5954757152362,17.7524429967427,10.0,34.0578935053838,4,1,0,49,"없음",50,15.0793650793651,87,20260828,9.31435963777489,2.61242029581042,0,0,,,,,0,,,0,0,7953.84310393022,8503.84310393022
20261008,000390,"SP삼화",KOSPI,7170.0,-0.69,"건축자재",3.96,5.05785418,195048872730.0,7250.0,-0.689655172413793,,20.3947368421053,18.5534591194969,11.6,60.4563417811399,1,3,0,91,"없음",44,-18.1818181818182,46,,,,0,0,,,,,1,6780.0,"저항→지지",0,0,6804.72162378402,6804.72162378402
20261008,000400,"롯데손해보험",KOSPI,2290.0,2.23,"손해보험",13.46,7.3891835675,710670172800.0,2600.0,-11.7307692307692,,41.9870895312939,33.3812949640288,11.0,133.681341419404,3,3,0,87,"없음",53,12.2249388753056,85,20260715,12.7659574468085,2.67508835426949,0,0,,,,,1,2145.0,"저항→지지",0,0,2333.97174739699,2513.97174739699
20261008,000430,"대원강업",KOSPI,4405.0,-0.79,"자동차부품",2.34,5.3087005275,273110000000.0,5090.0,-12.671905697446,,10.9281437125749,26.9767441860465,12.8,31.804898595508,4,1,0,68,"없음",50,12.5316455696203,85,20260814,8.93333333333333,30.9193891074321,0,0,,,,,0,,,0,0,4675.51279460192,4675.51279460192
20261008,000440,"중앙에너비스",KOSDAQ,12430.0,-0.56,"석유와가스",1.68,12.53418832,77403225900.0,15830.0,-21.4782059380922,,46.1901949202599,13.8117283950617,7.6,22.7224862282669,1,1,0,52,"없음",35,-47.8825995807128,9,20260910,9.89456609894566,29.5416889170177,0,0,,,,,0,,,0,0,14362.9999047767,14362.9999047767
20261008,000480,"CR홀딩스",KOSPI,4325.0,0.58,"비철금속",0.52,1.6506711325,202801369250.0,4405.0,-1.70261066969353,,29.75,12.2899159663866,9.8,41.259111443885,0,2,0,88,"없음",41,-10.1659751037344,60,,,,0,0,,,,,0,,,0,0,4363.67791622594,4768.67791622594
20261008,000490,"대동",KOSPI,7470.0,-0.13,"기계",5.02,9.112979165,215336681550.0,7740.0,-4.00516795865633,,71.9939879759519,24.120082815735,7.2,13.698778941854,0,2,0,73,"없음",47,-19.7624190064795,43,20260813,9.41935483870968,17.1599880733043,0,0,,,,,0,,,0,0,7887.26146100511,9047.26146100511
20261008,000500,"가온전선",KOSPI,297500.0,-2.94,"전기장비",369.18,895.6778425,8858838082500.0,349500.0,-14.3061516452074,,35.7857728235457,54.3347639484979,10.4,51.0688566105691,5,2,0,64,"수축중",64,436.834558164546,99,20260918,21.969696969697,5.28520788924745,0,0,,,,,1,275000.0,"저항→지지",0,0,312802.999690241,312802.999690241
20261008,000520,"삼일제약",KOSPI,8400.0,-1.52,"제약",3.59,8.10592576,182211212400.0,8520.0,-2.58215962441315,1.40845070422535,16.3341645885287,30.7407407407407,10.0,49.6666451165382,0,3,0,86,"없음",43,-16.3306451612903,50,20260909,12.5603864734299,2.6776047976329,0,0,20261002,8520.0,8640.0,87.0703324182924,1,7430.0,"저항→지지",0,0,7955.07634897448,7955.07634897448
20261008,000540,"흥국화재",KOSPI,3415.0,-0.29,"손해보험",0.7,1.4998807075,219388632675.0,3695.0,-6.765899864682,,19.5079086115993,16.4572864321608,4.4,35.2832210389336,0,2,0,79,"없음",47,-16.1800486618005,50,20260903,9.69529085872576,13.8608647927462,0,0,,,,,0,,,0,0,3507.0723710222,3642.0723710222
20261008,000590,"CS홀딩스",KOSPI,69000.0,-2.4,"철강",0.75,0.40527205,79659258000.0,70500.0,1.70212765957447,1.70212765957447,40.625,16.1335187760779,11.6,129.689615161477,1,3,0,92,"없음",43,-3.10810810810811,71,,,,1,0,20261008,70500.0,71700.0,128.913665088786,1,70500.0,"저항→지지",1,1,67423.9515856324,67423.9515856324
20261008,000640,"동아쏘시오홀딩스",KOSPI,93700.0,-1.06,"제약",7.06,8.63513175,630837779900.0,96000.0,-2.70833333333333,,47.0013947001395,11.8421052631579,7.6,49.0260411049506,1,2,0,83,"없음",46,0.107181136120043,75,,,,0,0,,,,,1,91300.0,"지지 재탈환",0,0,90030.8100865123,92830.8100865123
20261008,000660,"SK하이닉스",KOSPI,1689000.0,-1.97,"반도체와반도체장비",52345.83,56713.831419,1.233801604485e+15,1855000.0,-9.11051212938005,,73.8582677165354,12.8635346756152,5.4,74.5888201084566,4,2,0,74,"수축중",57,103.132530120482,98,,,,0,0,,,,,0,,,0,0,1736099.75621117,1807099.75621117
20261008,000670,"영풍",KOSPI,40300.0,0.37,"핸드셋",18.89,54.363364125,741950524900.0,53500.0,-24.2990654205607,,34.1488277268094,11.0294117647059,7.8,72.1313334222046,0,1,0,47,"없음",26,-28.8224956063269,27,20260914,29.9089726918075,22.245861940014,0,0,,,,,1,38900.0,"지지 재탈환",0,0,48747.8859586953,48747.8859586953
20261008,000680,"LS네트웍스",KOSPI,2950.0,-0.17,"증권",1.38,1.424056215,232468897200.0,3000.0,-1.83333333333333,,41.0714285714286,13.3333333333333,11.6,67.3029520998375,0,1,0,82,"없음",31,-5.0,69,,,,0,0,,,,,0,,,0,0,2901.9589641801,2981.9589641801
20261008,000700,"유수홀딩스",KOSPI,6730.0,1.36,"항공화물운송과물류",2.33,1.636198555,175261394760.0,6780.0,-2.06489675516224,,13.659793814433,13.0508474576271,15.0,94.1166894800933,5,1,0,76,"없음",52,9.57095709570957,83,,,,1,0,,,,,1,6380.0,"지지 재탈환",0,0,6393.37265963318,6423.37265963318
20261008,000720,"현대건설",KOSPI,106800.0,-3.7,"건설",1095.74,880.0986239,11892795702000.0,136100.0,-21.895664952241,,30.7373965387509,30.0944669365722,10.0,148.671138124392,2,1,0,66,"관망",40,-28.5618279569892,28,20260825,14.8674242424242,3.67670235534908,0,0,,,,,0,,,0,0,126983.585518995,126983.585518995
20261008,000760,"이화산업",KOSPI,12590.0,2.11,"화학",0.16,0.14178334,35252000000.0,12980.0,-3.00462249614792,,37.8726287262873,19.7959183673469,3.4,115.761353517364,0,2,0,81,"없음",33,-15.6166219839142,51,,,,0,0,,,,,1,12250.0,"지지 재탈환",0,0,13462.9673233442,13462.9673233442
20261008,000810,"삼성화재",KOSPI,611000.0,-2.86,"손해보험",696.3,550.39854,27279606003000.0,694000.0,-12.1037463976945,,59.8784194528875,13.9007092198582,4.4,111.008534667472,4,2,0,67,"수축중",55,37.3873873873874,93,,,,0,0,,,,,0,,,0,0,641807.930756607,652807.930756607
20261008,000850,"화천기공",KOSPI,36950.0,0.41,"기계",0.95,2.527043075,81290000000.0,38500.0,-4.02597402597403,,73.085031623331,14.6183699870634,6.8,21.787950445426,3,2,0,91,"없음",62,4.97159090909091,79,20260818,11.2737920937042,7.93579176434015,0,0,,,,,0,,,0,0,37153.9077257904,37153.9077257904
20261008,000860,"강남제비스코",KOSPI,12680.0,1.6,"건축자재",0.46,0.68025515,164840000000.0,14880.0,-14.7849462365591,,7.15767634854771,7.97448165869219,8.2,29.9103822728326,1,1,0,62,"없음",31,-7.10622710622711,65,,,,0,0,,,,,1,12540.0,"저항→지지",0,0,13749.8567489451,13749.8567489451
20261008,000880,"한화",KOSPI,111000.0,-5.93,"복합기업",152.9,130.98705395,5919507567000.0,133200.0,-17.1171171171171,,43.6878935838535,19.1447669782671,10.0,105.173221393039,2,2,0,65,"관망",49,-17.0747829222125,48,20260827,9.50378469301933,4.62702640460891,0,0,,,,,0,,,0,0,131716.085067056,131716.085067056
20261008,000890,"보해양조",KOSPI,1334.0,1.44,"음료",1.29,2.7156055665,36850449350.0,1657.0,-19.4930597465299,,94.2734518700184,71.8906605922551,14.0,20.5299682521394,0,2,0,64,"없음",42,-36.3245823389022,18,20260623,29.9145299145299,6.96949905911706,1,0,,,,,1,1299.0,"지지 재탈환",0,0,1321.30934944055,1521.30934944055
20261008,000910,"유니온",KOSPI,2965.0,0.34,"건축자재",0.66,1.3310243275,46288450335.0,3280.0,-11.280487804878,,43.2380952380952,9.90566037735849,6.2,61.3334329982976,0,1,0,52,"없음",25,-32.4825986078886,22,,,,0,0,,,,,0,,,0,0,3069.39803807359,3069.39803807359
20261008,000950,"전방",KOSPI,29000.0,-3.01,"섬유,의류,신발,호화품",0.26,0.2084626,48720000000.0,39250.0,-23.8216560509554,,7.28597449908926,18.8948306595365,15.6,40.9336754471785,0,1,0,45,"없음",30,-11.2759643916914,58,20260626,10.7438016528926,51.5887584083913,0,0,,,,,1,28900.0,"지지 재탈환",0,0,33717.8357084434,33717.8357084434
20261008,000970,"한국주철관",KOSPI,6590.0,1.23,"철강",0.65,1.003048815,150255295000.0,6910.0,-5.49927641099855,,53.5483870967742,12.051649928264,15.2,63.6979179459468,0,3,0,86,"없음",36,-3.40236686390533,71,,,,0,0,,,,,0,,,0,0,6488.07526282152,6678.07526282152
20261008,000990,"DB하이텍",KOSPI,138000.0,2.68,"반도체와반도체장비",1035.65,952.4724674,6003633144000.0,144500.0,-5.5363321799308,,39.4935344827586,19.1346153846154,7.2,140.090603010026,3,1,0,65,"관망",50,63.8655462184874,96,20260612,12.3067010309278,3.4244678900068,1,0,,,,,1,134500.0,"저항→지지",0,0,128214.489605903,128214.489605903
20261008,001000,"신라섬유",KOSDAQ,2245.0,29.84,"부동산",13.8,1.638593748,10900615460.0,2550.0,-11.9607843137255,,87.2772277227723,70.9908256880734,11.0,735.378641376864,0,2,0,49,"없음",35,-75.3567508232711,1,20261008,29.8438403701562,13.4697768517805,1,0,,,,,1,1761.0,"지지 재탈환",0,0,2162.69099754,5062.69099754
20261008,001020,"페이퍼코리아",KOSPI,1901.0,-1.66,"종이와목재",0.14,0.209883585,67669254462.0,2205.0,-13.7868480725624,,13.4451219512195,33.5125448028674,6.0,42.0426579163249,0,1,0,46,"없음",30,-36.5275459098497,18,20260818,8.25267447784004,4.9359595132842,0,0,,,,,0,,,0,0,2328.51983945296,2413.51983945296
20261008,001040,CJ,KOSPI,130500.0,-1.06,"복합기업",108.86,135.2407796,3807598239000.0,138600.0,-6.42135642135642,,60.8754208754209,20.6359945872801,8.2,73.2033987404471,0,3,0,95,"관망",43,-31.0473152578416,25,,,,0,0,,,,,0,,,0,0,127963.188222875,137163.188222875
20261008,001060,"JW중외제약",KOSPI,26200.0,-5.24,"제약",16.68,11.070173825,610091366000.0,28800.0,-8.85416666666667,,48.1400437636761,17.5355450236967,7.4,102.087131499119,1,3,0,88,"없음",47,-9.63855421686747,61,20260812,14.2857142857143,13.5431025172606,0,0,,,,,0,,,0,0,26765.7105205216,29615.7105205216
20261008,001070,"대한방직",KOSPI,5660.0,0.35,"섬유,의류,신발,호화품",0.76,0.235216635,29998000000.0,6450.0,-12.093023255814,,0.0,12.2611464968153,9.0,258.554669491235,0,1,0,46,"없음",26,-15.3731343283582,51,20260528,9.09090909090908,5.21975404965276,0,0,,,,,0,,,0,0,6970.4025089014,6970.4025089014
20261008,001080,"만호제강",KOSPI,3990.0,3.23,"철강",0.53,1.855674415,140108690400.0,4190.0,-5.01193317422434,,33.3333333333333,23.8805970149254,7.0,36.9154782697709,0,2,0,69,"없음",33,-21.6535433070866,39,,,,1,0,,,,,1,3720.0,"지지 재탈환",0,0,3693.59709917918,4153.59709917918
20261008,001120,"LX인터내셔널",KOSPI,43300.0,-1.48,"무역회사와판매업체",41.74,44.5442848,1678308000000.0,42750.0,1.16959064327485,2.57309941520468,26.5762170790104,17.8791615289766,10.0,101.454964944541,3,1,0,77,"없음",46,-19.0074906367041,44,,,,0,0,20261002,42750.0,43850.0,154.737019633534,1,42750.0,"저항→지지",0,0,41595.5859814718,41595.5859814718
20261008,001130,"대한제분",KOSPI,11150.0,-0.54,"식품",1.63,1.43766502,188435000000.0,11980.0,-6.84474123539232,,47.4898236092266,11.8729096989967,9.8,99.7532614549331,0,1,0,69,"없음",27,-21.4637579169599,39,,,,0,0,,,,,0,,,0,0,11198.6635422144,11508.6635422144
20261008,001200,"유진투자증권",KOSPI,3960.0,-1.49,"증권",11.13,16.846023425,383591015280.0,4155.0,-4.45246690734055,,61.5979381443299,26.2757871878393,11.6,63.6028405992212,2,1,0,79,"없음",37,-10.079275198188,60,,,,0,0,,,,,0,,,0,0,4149.05848156818,4374.05848156818
20261008,001210,"금호전기",KOSPI,8430.0,-3.77,"디스플레이장비및부품",44.11,288.715771985,106442229570.0,14350.0,-40.8362369337979,,56.0926076360682,33.1701346389229,7.0,10.2922491790984,4,1,0,52,"관망",53,116.030534351145,98,20260831,16.8539325842697,3.75496030204765,0,0,,,,,0,,,0,0,11856.4418519313,12306.4418519313
20261008,001230,"동국홀딩스",KOSPI,2015.0,0.5,"철강",8.05,17.2695212345,313348045725.0,2500.0,-19.6,,27.6572064552031,15.3886832363829,9.8,69.3252372464706,3,2,0,83,"없음",45,-9.66292134831461,61,,,,0,0,,,,,0,,,0,0,2295.69231569515,2295.69231569515
20261008,001250,"GS글로벌",KOSPI,3220.0,5.06,"무역회사와판매업체",30.49,17.35773117,265758720080.0,2720.0,17.8308823529412,7.16911764705882,20.5673758865248,27.3752012882448,10.0,174.902591546747,3,3,0,86,"없음",50,23.5067437379576,90,20260930,9.58646616541354,6.36317155454493,0,0,20260930,2720.0,2915.0,363.060066143927,1,2695.0,"저항→지지",0,0,2962.66127075967,2962.66127075967
20261008,001260,"남광토건",KOSPI,8090.0,0.37,"건설",3.03,6.472183835,79545507480.0,9970.0,-19.2577733199599,,72.5497159090909,52.089552238806,13.0,36.8262652261544,2,1,0,56,"없음",36,-6.3953488372093,67,20260928,15.4450261780105,14.0940253527131,0,0,,,,,1,7790.0,"저항→지지",0,0,8884.11234992865,8884.11234992865
20261008,001270,"부국증권",KOSPI,49300.0,-1.0,"증권",2.02,3.0011333,511235379800.0,53600.0,-8.02238805970149,,65.6305506216696,19.7811447811448,5.6,94.2032530811758,0,2,0,90,"없음",36,-30.952380952381,25,,,,0,0,,,,,0,,,0,0,49627.2761999985,55427.2761999985
20261008,001290,"상상인증권",KOSPI,4095.0,-1.8,"증권",1.0,2.723886145,88728101280.0,4360.0,-5.61926605504587,,65.207100591716,43.2045779685265,7.8,11.7302173029549,2,2,0,53,"없음",57,-22.0643939393939,38,20260807,29.9136069114471,4.55012023053938,0,0,,,,,1,4060.0,"지지 재탈환",0,0,4562.93667833815,6502.93667833815
20261008,001340,PKC,KOSPI,5130.0,1.18,"화학",3.71,4.3391044225,230994096570.0,5300.0,-4.15094339622642,,58.2797427652733,8.65384615384615,6.8,65.5385246818745,0,1,0,74,"없음",31,-22.6788432267884,38,20260528,29.9492385786802,24.76474747388,0,0,,,,,0,,,0,0,4908.72051099542,4928.72051099542
20261008,001360,"삼성제약",KOSPI,1377.0,-3.97,"제약",3.94,6.558860311,129661182783.0,1420.0,-2.46478873239437,3.16901408450704,0.0,12.6666666666667,7.6,80.7643361466563,0,1,0,41,"없음",31,-22.1910112359551,38,20261001,12.3466257668712,8.34852819552425,0,0,20261001,1420.0,1465.0,742.608271650344,1,1380.0,"저항→지지",0,0,1429.93013896403,1429.93013896403
20261008,001390,"KG케미칼",KOSPI,4190.0,-0.71,"자동차",6.11,4.347297945,278231234840.0,4555.0,-8.89132821075741,,50.7586206896552,16.0,10.0,86.5207926769888,0,3,0,87,"없음",42,-17.8217821782178,47,20260807,9.70319634703196,4.36226862774175,0,0,,,,,0,,,0,0,4277.38005250487,4642.38005250487
20261008,001430,"세아베스틸지주",KOSPI,46500.0,5.32,"철강",91.48,63.8469099,1667588533500.0,48600.0,-4.11522633744856,,16.2471395881007,14.6608315098468,5.6,144.205104732184,1,1,0,71,"없음",35,-28.0864197530864,29,,,,1,0,,,,,1,42750.0,"저항→지지",0,0,43799.8677004083,43799.8677004083
20261008,001440,"대한전선",KOSPI,28300.0,-5.03,"전기장비",796.78,909.1689136,5546590466800.0,32900.0,-13.8297872340426,,37.3439273552781,19.8728139904611,7.2,128.203793100116,2,1,0,62,"관망",40,-1.04712041884817,73,20260918,10.2787456445993,6.35464391406794,0,0,,,,,0,,,0,0,29516.9286299579,29516.9286299579
20261008,001450,"현대해상",KOSPI,47200.0,-1.87,"손해보험",122.25,197.566461425,4023717400000.0,50700.0,-7.49506903353057,,32.4062877871826,15.3564899451554,4.4,48.4769703157755,5,2,0,78,"수축중",62,56.3333333333333,95,,,,0,0,,,,,0,,,0,0,48085.4377519939,50285.4377519939
20261008,001460,BYC,KOSPI,38100.0,0.79,"섬유,의류,신발,호화품",0.56,1.113551275,237978315000.0,39000.0,-2.94871794871795,,15.8703071672355,15.0145772594752,9.6,49.901055408971,0,1,0,61,"없음",31,-19.0374331550802,44,20260806,8.92351274787535,2.95122042481011,0,0,,,,,1,36650.0,"저항→지지",0,0,35836.8799569453,36436.8799569453
20261008,001500,"현대차증권",KOSPI,7530.0,-1.95,"증권",8.94,4.424131935,465602821320.0,8120.0,-7.14285714285714,,72.1139430284857,19.5092024539877,10.0,131.701239454214,1,3,0,99,"없음",43,-23.2960325534079,37,,,,0,0,,,,,0,,,0,0,7837.03607424609,7987.03607424609
20261008,001510,"SK증권",KOSPI,2210.0,-2.21,"증권",26.02,49.5953031275,511162137850.0,2415.0,-8.07453416149068,,63.6627906976744,38.1153305203938,6.2,24.4789791168192,2,2,0,79,"없음",55,-42.0062695924765,13,20260820,29.7921478060046,4.86723303019002,0,0,,,,,0,,,0,0,2283.2176203632,3298.2176203632
20261008,001520,"동양",KOSPI,1111.0,-1.33,"건축자재",4.22,14.1514966205,119012577552.0,1482.0,-24.8987854251012,,1.02611940298506,21.7741935483871,10.2,66.6688855651638,0,3,0,79,"없음",33,-27.2549019607843,30,20260918,29.7219558964525,43.5717590105934,0,0,,,,,1,1102.0,"저항→지지",0,0,1369.05008253679,1369.05008253679
20261008,001530,"DI동일",KOSPI,27150.0,6.68,"섬유,의류,신발,호화품",25.59,7.156218675,562429110150.0,28950.0,-6.90846286701209,,26.9902912621359,9.51456310679612,7.0,291.486900805963,5,1,0,53,"없음",56,29.2565947242206,91,20260828,10.6508875739645,10.8417569091179,1,0,,,,,0,,,0,0,26118.3465441638,26768.3465441638
20261008,001540,"안국약품",KOSDAQ,10070.0,-1.37,"제약",1.9,3.000379505,131337169400.0,10400.0,-3.17307692307692,,63.8532110091743,28.1318681318681,7.8,26.3421730050573,4,3,1,96,"없음",70,30.7792207792208,92,20260806,13.9745916515426,4.41551570104674,0,0,,,,,1,10020.0,"지지 재탈환",0,0,9902.37377863734,12892.3737786373
20261008,001550,"조비",KOSPI,10080.0,-0.4,"화학",1.35,3.461758345,52337769120.0,12010.0,-16.0699417152373,,68.4057971014493,29.1970802919708,6.6,8.69603050822266,1,2,0,60,"없음",47,-35.755258126195,19,20260819,17.741935483871,91.3188479591587,0,0,,,,,0,,,0,0,10446.9947610203,12796.9947610203
20261008,001560,"제일연마",KOSPI,9220.0,0.66,"비철금속",0.26,0.1530792,70072000000.0,9990.0,-7.70770770770771,,2.88568257491676,10.7327141382869,3.0,92.2571038590396,1,2,0,63,"없음",41,-13.4272300469484,54,,,,0,0,,,,,1,9210.0,"저항→지지",0,0,9069.84916503528,9069.84916503528
20261008,001620,"케이비아이동국실업",KOSPI,2185.0,0.23,"자동차부품",0.52,0.2906286875,48635054110.0,2295.0,-2.39651416122004,,46.9543147208122,25.8823529411765,13.2,114.869945252473,0,1,0,86,"없음",27,-27.741935483871,29,,,,1,0,,,,,1,2195.0,"저항→지지",0,0,2138.31790568157,2173.31790568157
20261008,001630,"종근당홀딩스",KOSPI,37500.0,-0.13,"제약",0.99,0.740975,187869787500.0,43800.0,-14.6118721461187,,0.0,23.6756756756757,15.0,88.3250730298356,0,1,0,46,"없음",22,-20.0,43,,,,0,0,,,,,0,,,0,0,40984.403361259,40984.403361259
20261008,001680,"대상",KOSPI,17520.0,-0.4,"식품",6.07,10.385080105,607033398000.0,19590.0,-10.3624298111281,,47.4193548387097,8.79828326180258,8.0,32.0853792540644,0,2,0,84,"없음",40,-9.39112487100103,62,,,,0,0,,,,,0,,,0,0,18504.946102149,18704.946102149
20261008,001720,"신영증권",KOSPI,136200.0,-2.44,"증권",9.68,11.90153735,2239128000000.0,144800.0,-5.87016574585635,,61.707805203469,33.3519553072626,12.6,91.3133761482312,1,1,0,54,"없음",32,-26.5625,31,,,,0,0,,,,,0,,,0,0,140250.174914458,157250.174914458
20261008,001740,"SK네트웍스",KOSPI,6140.0,-3.61,"복합기업",49.29,44.010189865,1231646478460.0,6640.0,-7.83132530120482,,75.6410256410256,29.112426035503,7.0,86.7052761088746,2,2,0,83,"없음",50,12.9151291512915,85,20260608,30.0,2.59071585219001,0,0,,,,,0,,,0,0,6021.26589014548,8261.26589014549
20261008,001750,"한양증권",KOSPI,18920.0,-1.46,"증권",1.37,1.26644697,285871475120.0,20000.0,-4.45,,77.9898218829517,15.3023255813953,12.2,84.3842068827522,2,3,0,94,"없음",49,-23.0985915492958,37,,,,0,0,,,,,0,,,0,0,19024.6164566867,19794.6164566867
20261008,001780,"알루코",KOSPI,1836.0,10.01,"비철금속",77.6,12.807737616,177780122352.0,1935.0,-7.49354005167959,,37.6650451702571,20.3693017888055,11.6,1932.4437913058,0,1,0,37,"없음",29,-24.9475890985325,34,,,,1,0,,,,,1,1598.0,"저항→지지",1,0,1565.88119903288,1795.88119903288
20261008,001790,"대한제당",KOSPI,2805.0,0.18,"식품",1.73,3.21964367,241908571575.0,2895.0,-3.28151986183074,,63.0323679727428,17.6174496644295,12.0,36.5286583971361,3,1,0,90,"없음",50,-5.88235294117647,68,20260708,12.3791102514507,6.94676801222284,0,0,,,,,1,2795.0,"지지 재탈환",0,0,2786.76898200831,2806.76898200831
20261008,001800,"오리온홀딩스",KOSPI,22700.0,-0.44,"식품",14.68,15.446285425,1365556000400.0,26450.0,-14.7448015122873,,51.8248175182482,24.4897959183673,16.0,92.6088618945687,3,1,0,60,"없음",41,-6.23700623700624,67,20260611,10.4743083003953,3.03359802074419,0,0,,,,,0,,,0,0,24253.7616987564,27153.7616987564
20261008,001810,"무림SP",KOSDAQ,1100.0,-1.61,"종이와목재",0.21,0.4628646825,24351250000.0,1348.0,-18.3976261127596,,30.5666400638468,14.2857142857143,8.0,73.8480162232105,0,1,0,45,"없음",22,-31.9306930693069,23,,,,0,0,,,,,0,,,0,0,1336.64585052453,1336.64585052453
20261008,001820,"삼화콘덴서",KOSPI,157700.0,-1.25,"전기제품",609.31,1564.3667906,1639291500000.0,157700.0,-0.0634115409004439,1.83893468611287,39.9766446087972,22.0216606498195,7.2,44.1418082585266,5,2,0,56,"수축중",66,193.482309124767,99,20260911,18.7554019014693,4.68315367528516,0,0,20261006,157700.0,160600.0,87.6087703017514,1,148300.0,"저항→지지",0,0,143434.9070428,143434.9070428
20261008,001940,"KISCO홀딩스",KOSPI,25400.0,0.59,"철강",0.82,1.47852045,360080052000.0,27600.0,-7.97101449275362,,20.4268292682927,12.6315789473684,5.8,24.7700951865248,2,2,0,75,"없음",50,1.80360721442886,77,,,,0,0,,,,,0,,,0,0,25713.3516819791,26763.3516819791
20261008,002020,"코오롱",KOSPI,22550.0,-1.96,"복합기업",3.84,5.504956425,291068184000.0,26600.0,-14.8496240601504,,83.1060606060606,25.2086811352254,6.8,34.8746602808978,0,2,0,69,"없음",38,-63.9331210191083,3,,,,0,0,,,,,0,,,0,0,23808.9776065715,37508.9776065715
20261008,002030,"아세아",KOSPI,210500.0,0.72,"건축자재",4.92,3.97168105,433388346000.0,231000.0,-9.30735930735931,,25.7157730348777,20.6818181818182,9.2,57.3687768839593,0,1,0,59,"없음",29,-22.9779411764706,37,,,,0,0,,,,,0,,,0,0,208764.074124636,208764.074124636
20261008,002100,"경농",KOSPI,9030.0,0.33,"화학",0.45,1.43539504,176288852250.0,9230.0,-2.38353196099675,,56.8733153638814,11.1221449851043,6.6,13.213201160046,1,2,0,92,"없음",48,-6.34095634095634,67,,,,0,0,,,,,0,,,0,0,9081.92491659092,9781.92491659092
20261008,002140,"고려산업",KOSPI,1914.0,-0.16,"식품",1.71,5.617649889,47734059450.0,2235.0,-14.8993288590604,,85.3276353276353,31.8164435946463,10.0,7.55406163115051,0,1,0,76,"없음",30,-28.6303939962477,28,20260724,13.0434782608696,13.9239181349193,0,0,,,,,0,,,0,0,2058.01261655478,2438.01261655478
20261008,002150,"도화엔지니어링",KOSPI,4970.0,0.0,"건설",1.69,1.545361115,167588400000.0,5230.0,-4.78011472275335,,30.5630026809652,12.79296875,10.0,74.9406795576902,0,1,0,80,"없음",31,-21.5748031496063,39,,,,0,0,,,,,0,,,0,0,5058.04603370832,5108.04603370832
20261008,002170,SYTS,KOSPI,51900.0,-0.19,"섬유,의류,신발,호화품",0.79,0.53362045,155700000000.0,59000.0,-12.0338983050847,,3.35365853658536,8.86524822695035,9.2,58.5367344755384,0,1,0,49,"없음",26,-12.7731092436975,55,,,,0,0,,,,,0,,,0,0,55489.4182996054,55489.4182996054
20261008,002200,"한국수출포장",KOSPI,2755.0,0.0,"포장재",0.38,1.1552642225,92292337455.0,3110.0,-11.2540192926045,,22.5308641975309,8.05084745762712,12.2,29.1773099621245,0,3,0,92,"없음",42,-2.98769771528998,71,,,,0,0,,,,,1,2745.0,"저항→지지",0,0,2938.3524622135,2938.3524622135
20261008,002210,"동성제약",KOSPI,1284.0,-0.7,"제약",0.49,1.256815743,124059446988.0,1330.0,-2.63157894736842,,70.5443698732289,55.8019801980198,9.2,12.0120948545465,0,2,0,55,"없음",43,-33.4532374100719,21,,,,0,0,,,,,0,,,0,0,1374.0260989626,2395.0260989626
20261008,002220,"한일철강",KOSPI,2990.0,3.28,"철강",12.69,3.8946660225,79825405400.0,2905.0,4.30292598967298,4.30292598967298,63.6689475399153,37.3395565927655,7.8,196.869449527914,0,2,0,63,"없음",41,-23.3881163084703,36,20260803,18.2291666666667,2.88623025578455,1,0,20261008,2905.0,3030.0,194.174910080002,1,2900.0,"지지 재탈환",0,0,2835.69154345048,3990.69154345048
20261008,002230,"피에스텍",KOSDAQ,5110.0,-1.16,"전기제품",1.25,1.8661567175,94131667700.0,5360.0,-4.66417910447761,,35.9477124183006,19.1848906560636,10.0,46.6858145195659,1,3,0,83,"없음",48,-45.1127819548872,10,20260803,9.22063666300767,2.65245880843299,0,0,,,,,1,4990.0,"지지 재탈환",0,0,4983.25205773018,5183.25205773018
20261008,002240,"고려제강",KOSPI,16440.0,-1.67,"철강",2.82,6.2187125,443880000000.0,19380.0,-15.2734778121775,,37.1838111298482,12.5714285714286,9.8,66.4271568764586,0,1,0,45,"없음",22,-21.6229116945107,39,,,,0,0,,,,,0,,,0,0,19316.6418122555,19316.6418122555
20261008,002290,"삼일기업공사",KOSDAQ,3335.0,-0.3,"건설",0.16,0.3160467625,41354000000.0,3500.0,-4.71428571428571,,30.4556354916067,15.7082748948107,12.0,34.9355629742209,0,3,0,91,"없음",45,-13.8242894056848,53,,,,0,0,,,,,1,3305.0,"지지 재탈환",0,0,3326.52731135995,3326.52731135995
20261008,002310,"아세아제지",KOSPI,7560.0,0.4,"포장재",2.26,5.59912943,298238295600.0,8770.0,-13.4549600912201,,14.9514563106796,8.2512315270936,7.8,34.1560825841242,1,1,0,54,"없음",31,-10.7058823529412,59,20260825,10.1673101673102,3.30699576647047,0,0,,,,,0,,,0,0,8536.43916289471,8536.43916289471
20261008,002320,"한진",KOSPI,17140.0,1.66,"항공화물운송과물류",10.91,5.829549545,265989078240.0,16000.0,7.125,1.875,30.5327868852459,10.0705580500321,6.8,223.776135941787,0,1,0,51,"없음",25,-8.97503983005842,62,,,,0,0,20261006,16000.0,16300.0,110.787013888218,1,16000.0,"저항→지지",1,1,15945.8278665257,15945.8278665257
20261008,002350,"넥센타이어",KOSPI,5750.0,-0.17,"자동차부품",9.0,8.314689915,561590292750.0,5800.0,-0.517241379310345,,58.8983050847458,19.3500738552437,7.2,137.662971569853,0,2,0,86,"없음",33,-19.4134078212291,44,,,,0,0,,,,,1,5580.0,"지지 재탈환",0,0,5737.74083237467,6727.74083237467
20261008,002380,KCC,KOSPI,458500.0,-1.93,"건축자재",94.72,103.25644775,3939842816000.0,487500.0,-6.25641025641026,,65.8424908424908,23.9819004524887,10.2,88.2704350692156,2,3,0,79,"관망",51,-1.18918918918919,73,,,,0,0,,,,,0,,,0,0,477802.278121765,477802.278121765
20261008,002390,"한독",KOSPI,8600.0,-0.58,"제약",0.22,0.73584105,118366383800.0,10760.0,-20.0743494423792,,2.67379679144385,18.616480162767,7.6,22.9025440202447,0,1,0,42,"없음",26,-18.0171591992374,46,,,,0,0,,,,,0,,,0,0,9740.94934155988,9740.94934155988
20261008,002420,"우양피앤엘",KOSPI,5740.0,0.88,"석유와가스",0.92,0.895461165,178903654160.0,6540.0,-12.2324159021407,,20.4081632653061,19.0769230769231,8.6,106.038446825287,4,1,0,53,"없음",46,15.3768844221106,87,20260918,8.6115992970123,4.33301873352803,0,0,,,,,1,5570.0,"지지 재탈환",0,0,5794.02874766711,5794.02874766711
20261008,002450,"삼익악기",KOSPI,1081.0,-0.18,"레저용장비와제품",0.88,1.0100850485,97863919115.0,1140.0,-5.17543859649123,,57.6320939334638,14.6241830065359,13.2,60.7974608424137,0,1,0,84,"없음",27,-8.77637130801688,63,,,,0,0,,,,,0,,,0,0,1119.52997870222,1119.52997870222
20261008,002460,"HS화성",KOSPI,11100.0,-0.09,"건설",0.68,0.639145605,112665000000.0,13590.0,-18.3222958057395,,74.2182070882557,15.4849225753871,7.6,60.0479923580514,0,1,0,55,"없음",30,-2.71691498685364,72,20260612,9.44170771756978,3.57338318123995,1,0,,,,,1,10950.0,"저항→지지",0,0,12742.1729954022,12742.1729954022
20261008,002620,"제일파마홀딩스",KOSPI,7550.0,-0.13,"제약",0.21,0.158552915,120598830250.0,7720.0,-0.129533678756477,,32.5657894736842,14.8831488314883,8.2,61.8468574359413,1,2,0,76,"없음",40,-9.18727915194346,62,,,,1,0,,,,,1,7650.0,"저항→지지",0,0,7540.1059323969,7540.1059323969
20261008,002680,"한탑",KOSDAQ,3610.0,-8.03,"식품",4.64,3.41811357,27999268300.0,3595.0,0.417246175243394,9.17941585535466,23.6486486486487,40.9090909090909,7.2,38.7362082157704,1,1,0,64,"없음",42,-2.30040595399188,72,20260720,13.7860082304527,13.3217973576841,0,0,20261007,3595.0,3925.0,62.2644705835046,1,3595.0,"저항→지지",0,0,3479.6420836464,3479.6420836464
20261008,002690,"동일제강",KOSPI,1315.0,-0.15,"철강",0.19,0.9702618695,26694973400.0,1618.0,-18.7268232385661,,17.8348909657321,23.4907352062164,9.8,33.6297841130596,0,1,0,63,"없음",26,-12.3333333333333,57,20260629,21.5882806476484,18.8638601228206,0,0,,,,,0,,,0,0,1483.54163962997,1538.54163962997
20261008,002700,"신일전자",KOSPI,1035.0,-1.24,"가정용기기와용품",4.34,5.208446643,70946684235.0,1014.0,2.465483234714,1.9723865877712,77.5430794886048,33.4057971014493,11.6,30.1420688700959,0,1,0,50,"없음",37,-24.6008708272859,35,20260713,9.83455882352942,16.1306421827248,0,0,20261006,1014.0,1034.0,40.8563524104134,1,981.0,"저항→지지",0,0,989.384765746869,1201.38476574687
20261008,002710,"TCC스틸",KOSPI,14030.0,-1.96,"철강",52.45,89.093393925,367778168910.0,15820.0,-11.9469026548673,,0.573476702508967,23.7472766884532,4.4,118.868324208746,1,2,0,62,"없음",40,2.5018395879323,77,20261006,11.1111111111111,4.30039339606958,0,0,,,,,1,11890.0,"저항→지지",0,0,13920.0866124504,13920.0866124504
20261008,002720,"국제약품",KOSPI,4190.0,-5.42,"제약",945.06,59.076765865,88659696080.0,3485.0,21.5208034433285,27.116212338594,0.0,17.6626826029216,6.0,3472.42101612274,2,1,0,60,"없음",40,-10.2754237288136,60,20261007,27.2988505747126,207.275569034231,0,0,20261007,3485.0,4430.0,9437.59642331072,1,3420.0,"저항→지지",0,0,4024.24857399499,4024.24857399499
20261008,002760,"보락",KOSPI,993.0,-0.1,"식품",0.44,0.550747263,59480700000.0,1035.0,-3.47826086956522,,64.3971631205674,13.8328530259366,10.0,62.9317081556609,0,2,0,90,"없음",35,-12.4452234881683,56,,,,1,0,,,,,1,996.0,"지지 재탈환",0,0,990.873668830961,996.873668830961
20261008,002780,"진흥기업",KOSPI,6580.0,-0.9,"건설",2.19,5.949682415,95720404920.0,7960.0,-17.5879396984925,,78.3088235294118,55.5478502080444,12.8,39.9094392880595,2,1,0,54,"없음",40,-28.7730727470141,27,20260706,14.3162393162393,7.47911541296926,0,0,,,,,0,,,0,0,7729.23256878039,7799.23256878039
20261008,002790,"아모레퍼시픽홀딩스",KOSPI,25650.0,-3.21,"화장품",19.43,30.37256815,1961152317000.0,27100.0,-5.71955719557196,,35.1282051282051,11.913357400722,7.4,71.8137835533292,0,2,0,75,"없음",33,-7.59493670886076,65,,,,0,0,,,,,0,,,0,0,25131.9700865832,26081.9700865832
20261008,002800,"신신제약",KOSDAQ,4490.0,-3.02,"제약",2.33,1.0428596725,68115545000.0,4625.0,-2.91891891891892,,48.1762917933131,13.3333333333333,11.0,77.9565208741162,0,1,0,50,"없음",31,-16.3873370577281,49,,,,0,0,,,,,0,,,0,0,4600.18804876364,4865.18804876364
20261008,002810,"삼영무역",KOSPI,21500.0,0.0,"화학",1.49,3.40259115,397039382000.0,22000.0,-2.27272727272727,,56.3636363636364,15.071283095723,7.6,33.3184824439443,4,2,0,86,"없음",55,13.4564643799472,86,,,,1,0,,,,,1,21400.0,"지지 재탈환",0,0,20962.4791807265,23212.4791807265
20261008,002840,"미원상사",KOSPI,138600.0,-0.79,"화학",5.41,3.02647695,623700000000.0,139800.0,-0.143061516452074,,45.2732003469211,10.0709219858156,5.4,97.4144528534056,2,2,0,77,"없음",51,6.4836003051106,80,20260709,8.87812752219532,2.60605517735579,1,0,,,,,1,136500.0,"저항→지지",0,0,129146.37042169,130346.37042169
20261008,002870,"신풍",KOSPI,1191.0,2.32,"포장재",0.35,2.9602639735,41635811700.0,1256.0,-5.3343949044586,,0.0,9.59164292497626,5.2,14.9536697053558,3,1,0,37,"없음",46,-2.30073952341824,72,20260701,26.3440860215054,5.91110319792657,0,0,,,,,1,1141.0,"저항→지지",0,0,1133.16363651112,1133.16363651112
20261008,002880,"디와이에이",KOSPI,3700.0,1.23,"자동차부품",0.25,0.5372557825,34612756300.0,3975.0,-7.54716981132075,,78.0453752181501,21.9832735961768,3.2,31.7816480762546,0,2,0,77,"없음",37,-18.8741721854305,45,20260626,25.7941550190597,8.90480797387511,1,0,,,,,1,3605.0,"저항→지지",0,0,3744.31800640052,4049.31800640052
20261008,002900,TYM,KOSPI,6420.0,-3.17,"기계",4.93,11.42143532,265788000000.0,7090.0,-9.73201692524683,,47.2545757071547,17.6110260336907,9.8,31.2824738847368,2,3,0,82,"없음",46,-0.775193798449612,74,,,,0,0,,,,,0,,,0,0,7032.68553973124,7032.68553973124
20261008,002920,"유성기업",KOSPI,1793.0,-0.06,"자동차부품",0.74,1.356149998,46523867500.0,1895.0,-5.32981530343008,,3.90243902439024,10.010649627263,7.2,96.84253425429,0,2,0,61,"없음",30,-4.47284345047923,69,,,,0,0,,,,,0,,,0,0,1788.20729273779,1788.20729273779
20261008,002960,"한국쉘석유",KOSPI,538000.0,-0.55,"화학",7.71,4.8365855,699400000000.0,533000.0,2.25140712945591,2.25140712945591,42.6900584795322,8.03402646502836,7.0,112.486461395637,5,2,0,87,"없음",62,11.338100102145,84,,,,0,0,20261008,533000.0,545000.0,108.202235484975,1,530000.0,"저항→지지",1,1,520754.404831662,520754.404831662
20261008,003000,"부광약품",KOSPI,4050.0,-5.15,"제약",17.87,16.67596024,399591917550.0,4875.0,-16.5128205128205,,33.4261838440111,13.8387484957882,9.8,97.7563813374989,2,1,0,39,"없음",32,-49.4409937888199,7,,,,0,0,,,,,1,4020.0,"지지 재탈환",0,0,4389.95508211962,4479.95508211962
20261008,003010,"혜인",KOSPI,8100.0,-2.64,"기계",29.07,48.243729015,102973250700.0,10370.0,-21.8900675024108,,54.6376811594203,41.0835214446953,5.2,37.8446149227169,4,2,0,60,"없음",65,50.8379888268156,94,20260818,14.3446852425181,3.04165945759733,0,0,,,,,0,,,0,0,8838.5437373465,11238.5437373465
20261008,003030,"세아제강지주",KOSPI,103100.0,-3.64,"철강",23.96,22.73739895,427004836700.0,121000.0,-14.8760330578512,,18.3879093198992,20.7070707070707,8.0,101.100180969716,1,2,0,75,"없음",35,-54.625550660793,5,20260930,9.1901728844404,2.65444911620866,0,0,,,,,1,102800.0,"지지 재탈환",0,0,108183.610464216,108183.610464216
20261008,003070,"코오롱글로벌",KOSPI,8980.0,-1.1,"건설",0.54,0.7734553,228307151820.0,9800.0,-8.26530612244898,,52.1155830753354,21.9130434782609,7.4,24.9347686121246,1,3,0,95,"없음",53,-15.0283553875236,52,20260812,13.5135135135135,28.5625594131453,0,0,,,,,0,,,0,0,9048.38178915976,10748.3817891598
20261008,003080,"SB성보",KOSPI,2245.0,0.0,"화학",0.18,0.405824605,44944900000.0,2270.0,-1.10132158590308,,8.47983453981385,7.15883668903803,10.2,27.6552202843511,1,1,0,72,"없음",36,-14.638783269962,52,,,,1,0,,,,,1,2215.0,"지지 재탈환",0,0,2186.84946693519,2226.84946693519
20261008,003090,"대웅",KOSPI,15450.0,-1.59,"제약",9.66,10.59562173,898293591000.0,15780.0,-2.28136882129278,,52.1770682148041,20.7169214549288,7.6,104.285268353266,0,2,0,47,"없음",30,-32.3684210526316,23,,,,0,0,,,,,1,15410.0,"지지 재탈환",0,0,15913.5285975321,17793.5285975321
20261008,003100,"선광",KOSDAQ,20450.0,0.74,"운송인프라",0.96,1.219548175,134970000000.0,20800.0,-1.68269230769231,,58.8186356073211,11.9817997977755,15.2,19.8776347420569,2,3,0,90,"없음",56,2.40360540811217,77,,,,0,0,,,,,0,,,0,0,20164.6545653218,20814.6545653218
20261008,003120,"일성아이에스",KOSPI,22350.0,0.68,"제약",3.21,1.2403484,297255000000.0,23400.0,-4.7008547008547,,21.2,18.6698337292162,9.6,189.059268653339,2,1,0,74,"없음",37,-2.40700218818381,72,,,,1,0,,,,,1,21000.0,"저항→지지",0,0,23090.9111954692,23090.9111954692
20261008,003160,"디아이",KOSPI,41950.0,0.96,"반도체와반도체장비",395.98,266.8898118,1187185000000.0,43900.0,-4.66970387243736,,0.0,28.9954337899543,10.0,179.321835875226,4,3,0,72,"돌파임박",62,51.0830324909747,94,20261001,14.4010767160162,4.02467967043849,0,0,,,,,1,32500.0,"저항→지지",0,0,39393.9895258156,39393.9895258156
20261008,003200,"일신방직",KOSPI,11400.0,2.7,"섬유,의류,신발,호화품",21.09,15.060040275,261744000000.0,12900.0,-11.1627906976744,,58.6810922205049,23.1404958677686,11.8,256.52002606495,0,1,0,54,"없음",29,-9.11974623314829,62,20260914,15.3920619554695,29.3134564122816,0,0,,,,,1,11110.0,"저항→지지",0,0,11849.6830976641,11849.6830976641
20261008,003220,"대원제약",KOSPI,8170.0,-0.97,"제약",3.79,3.150174055,183233353110.0,8960.0,-9.59821428571429,,48.6622073578595,48.3540599853694,16.6,125.080367634199,0,1,0,63,"없음",29,-20.4322200392927,42,20260608,10.3202846975089,75.2657357901621,0,0,,,,,1,8010.0,"저항→지지",0,0,8367.6440637639,8447.6440637639
20261008,003230,"삼양식품",KOSPI,1168000.0,-4.03,"식품",349.98,526.2672705,8798561520000.0,1557000.0,-25.1766217084136,,56.4081632653061,17.4157303370787,12.2,53.9211704417464,2,1,0,49,"관망",40,-8.48389630793401,63,,,,0,0,,,,,0,,,0,0,1281183.52720609,1450183.52720609
20261008,003240,"태광산업",KOSPI,910000.0,-1.52,"화학",9.43,8.740427,1013194000000.0,940000.0,-2.76595744680851,,54.8585485854859,12.4497991967871,4.6,73.8891944103671,2,2,0,79,"없음",45,-17.2101449275362,48,,,,0,0,,,,,1,897000.0,"지지 재탈환",0,0,877854.130243038,933854.130243038
20261008,003280,"흥아해운",KOSPI,1832.0,-0.49,"해운사",37.11,173.1926768095,440458414968.0,2200.0,-15.9545454545455,,76.3766145479266,28.4507042253521,10.6,28.5050701895403,2,1,0,55,"관망",43,-58.6353467561521,4,20260910,8.01136363636363,12.4411493355969,0,0,,,,,1,1845.0,"저항→지지",0,0,2030.0879084622,2030.0879084622
20261008,003300,"한일홀딩스",KOSPI,17020.0,-0.29,"건축자재",0.73,2.46529804,524751176880.0,18230.0,-6.74712013165112,,39.8560209424084,18.0576631259484,12.6,24.6122138816043,3,1,0,74,"없음",46,3.09278350515464,78,,,,0,0,,,,,0,,,0,0,17697.8036151731,17887.8036151731
20261008,003310,"대주산업",KOSDAQ,1702.0,-0.35,"식품",1.43,3.5292017145,60237779700.0,1842.0,-7.60043431053203,,65.0226058364159,28.2689253573319,10.0,32.1862442659356,1,1,0,71,"없음",34,-49.7193500738552,7,,,,0,0,,,,,1,1638.0,"지지 재탈환",0,0,1698.33769570542,1866.33769570542
20261008,003350,"한국화장품제조",KOSPI,16130.0,-4.16,"화장품",191.53,324.459480605,365505800000.0,17200.0,-6.1046511627907,,9.5383275261324,21.8610579987253,5.0,68.2299258934554,5,2,0,56,"수축중",69,81.0538116591928,97,20261007,11.1334674714956,3.23213077483081,0,0,,,,,1,15690.0,"저항→지지",0,0,15135.2936843794,15135.2936843794
20261008,003380,"하림지주",KOSDAQ,11450.0,-0.17,"식품",53.73,43.11590678,1282464360450.0,12100.0,-5.6198347107438,,46.5217391304348,17.3151750972763,10.0,98.0486321584438,1,1,0,77,"관망",35,-16.1527165932452,50,,,,0,0,,,,,1,11350.0,"저항→지지",0,0,11176.8949208809,11176.8949208809
20261008,003460,"유화증권",KOSPI,2960.0,-0.5,"증권",1.43,0.8872452975,167839148400.0,3915.0,-23.882503192848,,53.864168618267,14.4817073170732,12.6,120.29060304101,2,1,0,51,"없음",32,-7.5968992248062,65,,,,0,0,,,,,0,,,0,0,3726.93535724688,3726.93535724688
20261008,003470,"유안타증권",KOSPI,4220.0,-0.82,"증권",8.06,10.9508468525,813110030440.0,4825.0,-12.4352331606218,,60.8695652173913,21.4807090719499,11.6,66.6370971077086,2,2,0,75,"없음",40,-5.0561797752809,69,,,,0,0,,,,,0,,,0,0,4550.94786344128,4625.94786344128
20261008,003480,"한진중공업홀딩스",KOSPI,4685.0,0.32,"가스유틸리티",0.44,1.0237583125,138347169220.0,4965.0,-6.24370594159114,,39.3890675241158,26.0504201680672,6.4,18.7829168351805,2,1,0,85,"없음",41,1.19565217391304,76,,,,0,0,,,,,0,,,0,0,4955.86589680945,5625.86589680945
20261008,003490,"대한항공",KOSPI,30650.0,-0.65,"항공사",842.98,762.45457855,11285961665850.0,32500.0,-6.15384615384615,,30.4054054054054,12.2302158273381,8.4,105.542631495833,5,3,1,80,"돌파임박",67,31.4655172413793,92,20260922,8.95008605851979,2.65799236612502,0,0,,,,,1,30050.0,"저항→지지",0,0,30292.4923531664,30292.4923531664
20261008,003520,"영진약품",KOSPI,1038.0,-2.9,"제약",1.86,4.092126152,189842654778.0,1077.0,-3.80687093779016,,45.4233409610984,24.73604826546,7.2,53.746404114061,0,2,0,86,"없음",33,-39.8723157283807,15,,,,0,0,,,,,0,,,0,0,1057.20510051548,1249.20510051548
20261008,003530,"한화투자증권",KOSPI,4350.0,-2.25,"증권",27.03,52.3491014425,933282821250.0,5050.0,-13.5643564356436,,38.3548067393459,18.7617260787992,4.2,41.0481585468645,1,2,0,60,"없음",40,-32.9493087557604,22,20260904,8.97435897435896,3.88337354579069,0,0,,,,,0,,,0,0,4604.56044095905,4844.56044095905
20261008,003540,"대신증권",KOSPI,24450.0,-2.2,"증권",19.18,16.25738545,1165436780700.0,30650.0,-20.7177814029364,,64.2126789366053,26.2560777957861,12.6,124.611015275227,1,1,0,59,"없음",27,-30.7692307692308,25,,,,0,0,,,,,0,,,0,0,28935.8932431294,28935.8932431294
20261008,003550,LG,KOSPI,108800.0,-1.81,"복합기업",287.81,267.61438605,16449690035200.0,115900.0,-6.47109577221743,,40.7614781634938,15.0433944069431,10.4,91.4353660584783,4,3,1,83,"돌파임박",69,27.8301886792453,91,20260601,13.0968622100955,5.18565356893212,0,0,,,,,0,,,0,0,116427.176620184,116427.176620184
20261008,003570,"SNT다이내믹스",KOSPI,29050.0,-4.91,"자동차부품",32.95,33.338781275,965990847850.0,36200.0,-19.7513812154696,,14.6419437340153,24.4897959183673,6.6,153.501236079217,0,2,0,69,"없음",32,-41.0750507099391,14,20260928,11.9544592030361,5.06852089207895,0,0,,,,,1,27000.0,"지지 재탈환",0,0,32125.5163114547,32625.5163114547
20261008,003580,"HLB글로벌",KOSPI,2635.0,29.8,"판매업체",129.46,20.8663197415,133498335675.0,2540.0,3.74015748031496,3.74015748031496,0.0,16.471897607123,4.0,1109.0710154507,2,1,0,41,"없음",37,30.7692307692308,92,20261008,30.7692307692308,7.47177235674367,0,0,20261008,2540.0,2635.0,1336.86248311191,1,1694.0,"저항→지지",1,1,2172.35350489621,2172.35350489621
20261008,003610,"방림",KOSPI,5480.0,-0.18,"섬유,의류,신발,호화품",0.55,3.77528374,175967063440.0,6070.0,-9.71993410214168,,29.8245614035088,6.14035087719298,8.2,12.4599915047197,3,1,0,64,"없음",44,10.8190091001011,84,,,,0,0,,,,,1,5420.0,"지지 재탈환",0,0,5770.92341390661,5770.92341390661
20261008,003620,"KG모빌리티",KOSPI,2600.0,0.0,"자동차",6.84,10.32958367,526174771200.0,2750.0,-5.09090909090909,,56.1933534743202,15.1462994836489,9.8,56.5802526040876,0,2,0,77,"없음",35,-23.9067055393586,36,,,,0,0,,,,,1,2590.0,"지지 재탈환",0,0,2607.44259583561,2849.44259583561
20261008,003650,"미창석유",KOSPI,122400.0,0.16,"화학",0.78,2.80440975,212935852800.0,141500.0,-13.4982332155477,,52.1865889212828,20.9941137998692,5.6,22.9819944499021,3,2,0,60,"없음",51,6.71316477768091,81,,,,0,0,,,,,0,,,0,0,131966.61787871,144466.61787871
20261008,003670,"포스코퓨처엠",KOSPI,192500.0,0.57,"화학",1003.56,646.7552091,17122147350000.0,210000.0,-8.90476190476191,,28.6750483558994,13.7810945273632,5.0,151.23078027401,0,1,0,67,"관망",29,-10.18779342723,60,,,,0,0,,,,,1,187800.0,"저항→지지",0,0,187465.769413026,187465.769413026
20261008,003690,"코리안리",KOSPI,14500.0,-0.96,"손해보험",35.06,28.81484417,2562454949500.0,15210.0,-4.40499671268902,,47.4193548387097,9.67741935483871,6.8,93.9634013412724,4,1,0,80,"없음",50,19.1803278688525,89,,,,0,0,,,,,0,,,0,0,14529.1757495428,14799.1757495428
20261008,003720,"삼영",KOSPI,6400.0,-0.78,"화학",7.59,8.68042696,217600000000.0,6750.0,-6.22222222222222,,60.0635593220339,28.8647342995169,7.8,46.624716838661,1,1,0,85,"없음",40,-11.0955056179775,58,20260810,9.71428571428572,6.38804202502458,0,0,,,,,1,6260.0,"저항→지지",0,0,6090.8182301526,7620.8182301526
20261008,003780,"진양산업",KOSPI,4240.0,1.31,"화학",6.85,8.741629975,55120000000.0,4470.0,-5.03355704697987,,8.65248226950354,26.6533066132265,11.6,116.999118584499,0,1,0,68,"없음",27,-21.0966542750929,41,,,,0,0,,,,,1,3940.0,"저항→지지",0,0,4248.65462054319,4478.65462054319
20261008,003800,"에이스침대",KOSDAQ,31450.0,-1.56,"가구",0.59,0.5173207,348780500000.0,33900.0,-7.07964601769912,,47.5460122699387,7.20720720720721,9.8,78.3195236707332,1,1,0,80,"없음",30,-6.9423929098966,66,,,,0,0,,,,,0,,,0,0,32412.9393664782,32412.9393664782
20261008,003830,"대한화섬",KOSPI,107200.0,-0.46,"화학",0.34,0.17633075,142361600000.0,123300.0,-0.64882400648824,,5.86881472957421,12.106135986733,6.6,126.587033280745,2,1,0,61,"없음",37,4.16666666666667,79,,,,1,0,,,,,1,110500.0,"지지 재탈환",0,0,112248.073534622,112248.073534622
20261008,003850,"보령",KOSPI,8580.0,-2.17,"제약",4.78,9.938957385,736054236060.0,8960.0,-4.35267857142857,,31.0160427807487,11.7857142857143,10.0,53.2979974214948,0,1,0,67,"없음",27,-5.19911504424779,68,,,,0,0,,,,,1,8340.0,"지지 재탈환",0,0,8780.62183048642,8780.62183048642
20261008,003920,"남양유업",KOSPI,42450.0,1.56,"식품",0.65,1.2606736,240837825150.0,43400.0,-2.30414746543779,,58.51755526658,10.9913793103448,9.2,44.6749887539361,0,3,0,84,"없음",36,-16.5354330708661,49,,,,0,0,,,,,1,42000.0,"지지 재탈환",0,0,41884.8607671227,43834.8607671227
20261008,003960,"사조대림",KOSPI,27350.0,0.37,"식품",0.74,0.774863175,250648172450.0,31350.0,-13.237639553429,,41.1764705882353,19.4528875379939,7.6,41.8185990769309,0,2,0,72,"없음",38,-13.0990415335463,55,,,,0,0,,,,,0,,,0,0,29227.1879684084,31377.1879684084
20261008,004000,"롯데정밀화학",KOSPI,42250.0,-1.05,"화학",22.03,21.192007125,1090050000000.0,49050.0,-14.2711518858308,,53.9412673879444,19.8643410852713,15.2,105.221852630756,1,1,0,64,"없음",27,-10.0534759358289,60,,,,0,0,,,,,0,,,0,0,45382.5458777941,47082.5458777941
20261008,004020,"현대제철",KOSPI,28100.0,-1.23,"철강",142.22,257.30499865,3749826558500.0,37200.0,-24.5967741935484,,24.0530303030303,16.871704745167,9.8,76.8649645065494,2,1,0,44,"관망",40,-16.1434977578475,50,20260915,9.38461538461539,2.7711412930873,0,0,,,,,0,,,0,0,34014.7673623104,34014.7673623104
20261008,004060,"SG세계물산",KOSPI,2190.0,0.23,"섬유,의류,신발,호화품",2.95,2.006251055,44331066240.0,2170.0,0.460829493087558,1.84331797235023,66.4355062413315,13.6752136752137,4.0,71.1332062011405,0,2,0,86,"없음",41,-57.8336557059961,4,20260810,8.02348336594911,17.0480638690598,0,0,20261007,2170.0,2210.0,429.412533007752,1,2155.0,"저항→지지",0,0,2139.50370787244,3109.50370787244
20261008,004080,"신흥",KOSPI,14400.0,0.49,"건강관리장비와용품",0.54,0.64861477,132480000000.0,15200.0,-3.81578947368421,,0.0,7.65449438202247,21.4,87.8249936385816,5,1,0,47,"없음",52,4.50321658327377,79,,,,0,0,,,,,1,14160.0,"저항→지지",0,0,15900.5490799525,15900.5490799525
20261008,004090,"한국석유",KOSPI,11750.0,0.17,"화학",9.23,83.014884805,149155910000.0,14880.0,-20.8333333333333,,51.231884057971,24.8254460822343,10.0,24.7589507469788,0,1,0,52,"없음",30,-31.986143187067,23,20260910,10.3030303030303,49.7010464121426,0,0,,,,,1,11390.0,"저항→지지",0,0,13670.2758415133,13670.2758415133
20261008,004100,"태양금속",KOSPI,3225.0,0.94,"자동차부품",10.16,11.9532586275,118357500000.0,3375.0,-5.03703703703704,,5.77008433200177,19.1729323308271,10.4,104.028881034504,4,2,0,74,"없음",55,11.8673647469459,85,20260609,8.11287477954146,3.56420016047235,1,0,,,,,1,3185.0,"저항→지지",0,0,3093.77253249205,3093.77253249205
20261008,004140,"동방",KOSPI,1811.0,0.0,"항공화물운송과물류",1.26,1.729483185,86876868226.0,1850.0,-2.21621621621622,,61.5577889447236,14.4444444444444,10.0,64.5654178569203,0,1,0,85,"없음",27,-32.5,22,,,,0,0,,,,,1,1778.0,"지지 재탈환",0,0,1745.80245361914,1816.80245361914
20261008,004150,"한솔홀딩스",KOSPI,3500.0,-1.27,"복합기업",1.34,2.1807255925,143593170000.0,3665.0,-4.50204638472033,,35.2941176470588,15.224358974359,9.8,47.7811194341185,3,3,0,93,"없음",51,10.410094637224,84,,,,0,0,,,,,1,3465.0,"저항→지지",0,0,3579.49053746376,3579.49053746376
20261008,004170,"신세계",KOSPI,307000.0,-3.91,"백화점과일반상점",199.5,253.390111,2899670567000.0,417500.0,-26.8263473053892,,81.3169164882227,61.1959287531807,13.6,75.1619957955712,2,2,0,59,"관망",50,-0.488599348534202,74,,,,0,0,,,,,0,,,0,0,376368.636709654,567868.636709654
20261008,004250,NPC,KOSPI,2870.0,-1.03,"포장재",0.69,0.47096088,105386400000.0,3000.0,-4.0,,37.7260981912145,21.7179902755267,9.8,78.699447776089,0,1,0,94,"없음",31,-25.1948051948052,34,,,,0,0,,,,,0,,,0,0,2871.66159785856,2921.66159785856
20261008,004310,"현대약품",KOSPI,7760.0,-5.02,"제약",53.59,670.54571905,248320000000.0,11750.0,-34.1276595744681,,53.9261570462819,19.3370165745856,4.6,14.693329783264,1,2,0,61,"관망",50,-7.9667063020214,64,20260908,23.9904988123515,7.33239460169373,0,0,,,,,1,6630.0,"저항→지지",0,0,10238.5839958895,10238.5839958895
20261008,004360,"세방",KOSPI,13700.0,1.56,"항공화물운송과물류",3.74,2.070235535,261883761100.0,13800.0,-0.797101449275362,,57.1220930232558,9.4197437829691,12.4,144.574527009912,1,1,0,84,"없음",32,-7.5,65,,,,1,0,,,,,1,13340.0,"지지 재탈환",0,0,13287.4868396781,13287.4868396781
20261008,004370,"농심",KOSPI,395500.0,-1.13,"식품",68.52,87.3808195,2405684911000.0,412000.0,-4.24757281553398,,56.8181818181818,15.7952069716776,5.0,56.41455874709,1,2,0,90,"없음",53,7.49318801089918,81,20260814,12.3234916559692,6.36402043562757,0,0,,,,,0,,,0,0,400070.23266394,433070.23266394
20261008,004380,"삼익THK",KOSPI,7700.0,0.52,"기계",0.67,1.67593282,159390000000.0,8050.0,-6.2111801242236,,42.0711974110032,25.3038674033149,10.4,33.7820656920588,0,3,0,85,"없음",39,-41.9230769230769,13,,,,0,0,,,,,0,,,0,0,7579.50738821557,8429.50738821557
20261008,004410,"서울식품",KOSPI,1213.0,0.0,"식품",1.5,1.355490146,47858930769.0,1244.0,-1.20578778135048,,41.3346613545817,22.0367278797997,10.0,71.1639175690847,0,3,0,88,"없음",45,-28.546511627907,28,,,,1,0,,,,,0,,,0,0,1193.55438376734,1193.55438376734
20261008,004430,"송원산업",KOSPI,11720.0,-0.34,"화학",6.12,10.26208576,281280000000.0,12400.0,-6.45161290322581,,64.2638036809816,24.5705750560119,10.0,32.7391460968088,4,1,0,84,"없음",55,30.1907968574635,91,20260701,15.0099403578529,2.88237899421077,0,0,,,,,1,11570.0,"저항→지지",0,0,11527.826660703,12517.826660703
20261008,004440,"삼일씨엔에스",KOSPI,5340.0,-0.37,"건축자재",1.51,5.235631695,67988596980.0,6150.0,-13.6585365853659,,51.7279821627648,39.0420899854862,12.4,50.2896864799491,2,1,0,52,"없음",36,-42.0305676855895,12,20260811,9.59752321981424,3.32560408940144,0,0,,,,,0,,,0,0,5569.24583067495,5569.24583067495
20261008,004450,"삼화왕관",KOSPI,27350.0,-1.97,"포장재",0.15,0.2922545,58922265650.0,28900.0,-5.88235294117647,,16.7630057803468,12.2040072859745,15.0,29.7984502688741,0,3,0,82,"없음",45,-0.72992700729927,74,,,,0,0,,,,,1,27150.0,"저항→지지",0,0,26964.1169047664,26964.1169047664
20261008,004490,"세방전지",KOSPI,62800.0,0.16,"자동차부품",50.58,43.38797225,870408000000.0,65000.0,-2.92307692307692,,60.03276003276,17.1378091872792,11.6,117.883329102915,2,1,0,48,"없음",44,5.51839464882943,80,20260828,10.3161397670549,7.57188466200161,0,0,,,,,1,60600.0,"저항→지지",0,0,64598.9570018536,65698.9570018536
20261008,004540,"깨끗한나라",KOSPI,1250.0,1.46,"종이와목재",0.24,0.3021232685,46550866250.0,1350.0,-7.85185185185185,,74.3850058570871,48.4184914841849,10.8,45.0076982423624,0,1,0,77,"없음",33,-38.1094527363184,16,20260716,26.542800265428,80.8079879671739,1,0,,,,,1,1220.0,"지지 재탈환",0,0,1260.21934583562,1940.21934583562
20261008,004560,"현대비앤지스틸",KOSPI,11800.0,-1.09,"비철금속",2.12,5.45873527,177929969800.0,13000.0,-9.07692307692308,,34.1821743388835,11.9047619047619,7.4,43.6404189591928,2,1,0,75,"없음",35,-20.6178643384822,42,,,,0,0,,,,,0,,,0,0,12233.7756357566,12233.7756357566
20261008,004590,"한국가구",KOSDAQ,5240.0,-2.24,"식품과기본식료품소매",1.08,1.44298755,78600000000.0,5420.0,-2.2140221402214,,42.5824175824176,16.5202108963093,7.0,54.5339326726841,2,1,0,87,"없음",45,8.38445807770961,82,20260616,15.0735294117647,2.89622699441682,0,0,,,,,1,5100.0,"저항→지지",0,0,5084.28309319268,5354.28309319268
20261008,004650,"창해에탄올",KOSDAQ,9520.0,0.95,"음료",1.53,1.073944865,87497225200.0,9700.0,-1.85567010309278,,39.9568034557235,6.11169652265543,10.0,95.3887439504156,0,1,0,77,"없음",27,0.316122233930453,75,,,,1,0,,,,,1,9330.0,"지지 재탈환",0,0,9327.18571252369,9327.18571252369
20261008,004690,"삼천리",KOSPI,127900.0,-0.31,"가스유틸리티",7.05,7.26776005,463864778300.0,136900.0,-6.79327976625274,0.803506208911614,35.9583952451709,15.6078431372549,15.6,77.4463500145151,1,3,0,86,"없음",50,-6.79327976625274,66,,,,0,0,20260910,136900.0,138000.0,98.1326601630236,0,,,0,0,131678.769361762,131678.769361762
20261008,004700,"조광피혁",KOSPI,65600.0,-1.35,"섬유,의류,신발,호화품",0.23,0.46487715,436183452800.0,68000.0,-3.52941176470588,,28.5333333333333,4.42748091603053,7.0,28.0925327223077,1,1,0,74,"없음",36,0.0,75,,,,0,0,,,,,1,65500.0,"저항→지지",0,0,64894.7757231427,64894.7757231427
20261008,004710,"한솔테크닉스",KOSPI,11710.0,-1.1,"전자장비와기기",103.53,101.64069605,621139584070.0,12390.0,-5.16545601291364,,36.8563685636856,25.3254437869822,7.2,96.6383636376622,3,2,0,68,"수축중",54,176.015973690392,98,20260903,12.0052770448549,6.28913161420876,0,0,,,,,1,9430.0,"저항→지지",0,0,10760.2491153738,10760.2491153738
20261008,004720,"팜젠사이언스",KOSPI,2860.0,-2.05,"제약",0.31,0.4145979675,64791483900.0,3190.0,-10.3448275862069,,33.387358184765,20.9160305343511,15.8,62.159521694179,0,1,0,67,"없음",25,-21.4285714285714,40,,,,0,0,,,,,0,,,0,0,2911.93859418578,3281.93859418578
20261008,004770,"써니전자",KOSPI,1762.0,-0.17,"전자장비와기기",6.96,44.8892318685,62564105756.0,2705.0,-34.7504621072089,,65.0432632880099,32.5482625482625,4.8,21.0283276308519,4,2,0,55,"없음",62,9.62732919254658,83,20260903,11.7962466487936,5.15542077247999,0,0,,,,,0,,,0,0,2433.00284560642,2433.00284560642
20261008,004780,"대륙제관",KOSDAQ,4230.0,1.08,"포장재",0.57,0.9853189775,67270531770.0,4380.0,-3.42465753424658,,8.5603112840467,11.2707182320442,2.8,40.6362562279968,5,2,0,68,"없음",66,13.4048257372654,86,,,,0,0,,,,,1,4160.0,"저항→지지",0,0,4242.2108429232,4242.2108429232
20261008,004800,"효성",KOSPI,148500.0,-2.3,"복합기업",15.82,31.72181795,2485950439500.0,168200.0,-11.7717003567182,,60.7510288065844,28.8753799392097,10.0,49.2251694700317,2,1,0,72,"없음",39,13.109756097561,86,,,,0,0,,,,,0,,,0,0,162119.273878146,164319.273878146
20261008,004830,"덕성",KOSPI,3450.0,0.29,"섬유,의류,신발,호화품",1.99,1.0085402925,54096000000.0,3395.0,1.32547864506627,0.589101620029455,49.7402597402597,21.9143576826196,6.8,65.1516489239789,0,3,0,93,"없음",48,-19.8135198135198,43,,,,0,0,20261006,3395.0,3415.0,72.9010189613744,1,3395.0,"저항→지지",0,0,3269.39097912411,3689.39097912411
20261008,004840,"DRB동일",KOSPI,3940.0,-1.13,"화학",1.53,0.82604414,75933114160.0,4040.0,-1.48514851485149,,59.1216216216216,13.8392857142857,10.0,140.82894766301,0,1,0,52,"없음",27,-22.265625,38,,,,0,0,,,,,1,3960.0,"지지 재탈환",0,0,3872.32689438761,4387.32689438761
20261008,004890,"동일산업",KOSPI,35550.0,3.64,"철강",0.17,0.16324525,86216393250.0,35600.0,-0.842696629213483,,1.62337662337663,9.34844192634561,10.0,61.2835108336394,1,1,0,67,"없음",36,-6.73712021136063,66,,,,0,0,,,,,1,34400.0,"지지 재탈환",0,0,34959.4151205372,34959.4151205372
20261008,004910,"조광페인트",KOSPI,3385.0,-1.17,"건축자재",0.37,0.312297535,43328000000.0,3765.0,-8.23373173970784,,23.7885462555066,36.3905325443787,23.6,95.8052296192684,0,3,0,84,"없음",38,-27.4159663865546,30,,,,1,0,,,,,1,3400.0,"지지 재탈환",0,0,3448.58278159154,3588.58278159154
20261008,004960,"한신공영",KOSPI,10720.0,-1.83,"건설",1.02,2.266730095,124037925440.0,12650.0,-14.5454545454545,,40.8112582781457,18.8311688311688,10.2,30.2256263530989,2,1,0,60,"없음",36,-26.8111035883548,31,,,,0,0,,,,,0,,,0,0,11606.4081568769,11606.4081568769
20261008,004970,"신라교역",KOSPI,8950.0,0.22,"식품",0.76,0.77480898,143200000000.0,9240.0,-3.24675324675325,,12.7764127764128,13.4419551934827,11.0,66.3330952903269,0,1,0,45,"없음",31,-6.09243697478992,67,,,,0,0,,,,,0,,,0,0,8962.18694838278,9362.18694838278
20261008,004980,"성신양회",KOSPI,8030.0,-1.23,"건축자재",3.67,4.062575075,196864066190.0,8400.0,-4.76190476190476,,72.8987993138936,31.0274669379451,12.4,70.5505836335427,0,1,0,85,"없음",31,-11.6022099447514,57,20260707,8.72162485065711,11.5458266151939,0,0,,,,,0,,,0,0,8058.76206404134,8228.76206404134
20261008,004990,"롯데지주",KOSPI,23000.0,-1.29,"복합기업",24.98,30.8145629,2292266848000.0,25600.0,-9.9609375,,56.3076923076923,11.875,9.8,86.9946023177032,0,3,0,92,"없음",38,-15.2573529411765,51,,,,0,0,,,,,0,,,0,0,24275.5503886257,24275.5503886257
20261008,005010,"휴스틸",KOSPI,3865.0,-2.15,"철강",8.07,30.67841606,217166909875.0,4490.0,-13.5857461024499,,10.0449775112444,25.150421179302,10.2,44.7198392394152,1,3,0,81,"없음",38,-31.8101933216169,24,20260930,10.7652399481193,13.6296529674692,0,0,,,,,0,,,0,0,4081.33771690721,4081.33771690721
20261008,005070,"코스모신소재",KOSPI,46650.0,0.54,"화학",64.76,63.76299815,1549459737150.0,47950.0,-2.50260688216893,,31.1529933481153,31.7948717948718,10.4,124.633844320425,1,3,0,83,"없음",41,-9.04669260700389,62,,,,0,0,,,,,1,46300.0,"저항→지지",0,0,43459.0587764162,43459.0587764162
20261008,005090,"SGC에너지",KOSPI,45650.0,-3.79,"에너지장비및서비스",33.13,55.48620235,657786051450.0,62400.0,-27.0833333333333,,60.5813360530342,32.7917282127031,5.2,45.8639945709983,3,2,0,57,"없음",60,-16.0516605166052,50,20260723,29.1617473435655,7.25111432874596,0,0,,,,,0,,,0,0,54437.5473739476,59737.5473739476
20261008,005160,"동국산업",KOSDAQ,4840.0,25.71,"철강",1003.26,168.3406078575,262543292880.0,3980.0,20.8542713567839,20.8542713567839,0.0,12.7744510978044,9.8,1256.82584171356,4,2,0,71,"돌파완료",52,55.1612903225806,95,20261008,24.7730220492866,6.84247022215629,0,0,20261008,3980.0,4810.0,1678.19839115647,1,3980.0,"저항→지지",1,1,3821.37636496139,3821.37636496139
20261008,005180,"빙그레",KOSPI,87500.0,-1.24,"식품",14.64,42.6988521,773657587500.0,89100.0,-2.1324354657688,,46.8535469107552,17.1875,5.0,19.6236495183074,4,3,1,93,"없음",69,24.0398293029872,90,20260820,9.54773869346734,2.84089827740805,0,0,,,,,0,,,0,0,84905.193829194,88505.193829194
20261008,005250,"녹십자홀딩스",KOSPI,9770.0,-1.71,"제약",5.26,5.481967475,459465611700.0,11470.0,-15.3443766346992,,47.5828729281768,14.337899543379,7.6,60.925950639741,0,1,0,50,"없음",22,-28.2335550628234,28,,,,0,0,,,,,0,,,0,0,9585.41403301156,10805.4140330116
20261008,005290,"동진쎄미켐",KOSDAQ,50900.0,-0.2,"반도체와반도체장비",213.2,208.962437075,2594379413400.0,53800.0,-5.57620817843866,,51.0812826249068,35.9840954274354,11.6,99.2526037701944,3,2,0,62,"수축중",54,9.95670995670996,83,20261001,9.9585062240664,4.07499224680456,0,0,,,,,1,47100.0,"저항→지지",0,0,48811.0184692231,48811.0184692231
20261008,005300,"롯데칠성",KOSPI,95300.0,0.0,"음료",11.6,11.85907395,884277645200.0,100200.0,-5.38922155688623,,53.4274193548387,10.4106972301815,9.4,78.341633274871,0,2,0,81,"없음",35,-15.8081705150977,51,,,,0,0,,,,,0,,,0,0,95300.2237704218,100800.223770422
20261008,005380,"현대차",KOSPI,325000.0,-3.27,"자동차",2207.26,1709.53425775,66126609900000.0,459500.0,-29.379760609358,,74.9378418697166,36.7446393762183,12.6,116.938455322084,2,2,0,51,"관망",42,-30.2900107411386,26,,,,0,0,,,,,0,,,0,0,366382.071937285,430882.071937285
20261008,005420,"코스모화학",KOSPI,11580.0,0.96,"화학",19.31,11.263605475,444767280240.0,12000.0,-3.25,,40.4135338345865,17.2268907563025,4.8,149.855811586705,0,3,0,85,"없음",34,-24.3155149934811,35,,,,0,0,,,,,1,10780.0,"저항→지지",0,0,10920.3399005662,10920.3399005662
20261008,005430,"한국공항",KOSPI,95300.0,-0.31,"운송인프라",4.73,5.2139933,301753631500.0,102600.0,-7.01754385964912,,45.0236966824644,19.8744769874477,8.4,46.9070406483949,5,3,0,92,"없음",65,69.1489361702128,96,20261001,13.9169472502806,3.51480964280465,0,0,,,,,1,83500.0,"저항→지지",0,0,93849.4493766531,93849.4493766531
20261008,005440,"현대지에프홀딩스",KOSPI,12900.0,5.05,"복합기업",98.35,48.214015635,2365823867100.0,13520.0,-4.95562130177515,,58.8445503275759,25.9259259259259,11.6,248.243801814291,2,1,0,77,"없음",44,-6.2043795620438,67,20260625,9.03747244673034,3.44794388418733,0,0,,,,,1,12250.0,"저항→지지",0,0,12866.4045444559,13086.4045444559
20261008,005490,"POSCO홀딩스",KOSPI,308000.0,0.16,"철강",1162.02,685.974597,24406390316000.0,319500.0,-4.38184663536776,,57.3943661971831,15.3846153846154,10.2,150.869935373023,2,1,0,57,"관망",41,-10.4105571847507,60,,,,0,0,,,,,0,,,0,0,320147.433436818,328647.433436818
20261008,005500,"삼진제약",KOSPI,20000.0,0.91,"제약",8.63,4.60308639,266400000000.0,24250.0,-17.5257731958763,,8.01470588235294,14.3152454780362,11.6,130.01890555293,2,1,0,72,"없음",32,11.4206128133705,84,,,,0,0,,,,,1,18750.0,"저항→지지",0,0,22743.1362078924,22743.1362078924
20261008,005610,"삼립",KOSPI,41150.0,0.12,"식품",1.27,1.164661,355083720350.0,42450.0,-4.35806831566549,,37.4331550802139,9.51188986232791,9.4,96.9402396154674,0,1,0,73,"없음",27,-17.3957273652085,47,,,,0,0,,,,,1,40200.0,"지지 재탈환",0,0,39984.5694527211,39984.5694527211
20261008,005670,"푸드웰",KOSDAQ,6170.0,0.33,"식품",0.46,1.5776626,61700000000.0,6450.0,-4.34108527131783,,52.4625267665953,16.597510373444,7.0,25.4243427756612,1,3,0,89,"없음",39,6.56303972366149,81,,,,0,0,,,,,0,,,0,0,6114.31207625001,6854.31207625001
20261008,005680,"삼영전자",KOSPI,12530.0,0.24,"전기제품",3.86,2.84157094,250600000000.0,13740.0,-9.67976710334789,,63.5404454865182,26.761433868974,11.2,113.68002750364,2,3,0,79,"없음",46,-20.2954399486191,42,,,,0,0,,,,,1,12400.0,"저항→지지",0,0,12791.0919130653,13991.0919130653
20261008,005690,"파미셀",KOSPI,12850.0,-1.31,"화학",77.79,201.47262246,771051579900.0,13770.0,-7.40740740740741,,26.4348413234301,32.2515212981744,6.4,51.433098979514,0,2,0,65,"관망",33,-14.4869215291751,53,,,,0,0,,,,,1,11400.0,"저항→지지",0,0,12365.9536654526,13335.9536654526
20261008,005710,"대원산업",KOSDAQ,10400.0,-0.86,"자동차부품",0.63,1.17142981,208391040000.0,11420.0,-8.93169877408056,,9.41176470588236,14.2737195633921,7.8,55.3015210215619,0,1,0,55,"없음",25,-16.6666666666667,49,,,,0,0,,,,,0,,,0,0,10655.1760869186,11145.1760869186
20261008,005720,"넥센",KOSPI,6370.0,1.27,"자동차부품",2.96,3.290658095,334705133490.0,6510.0,-3.2258064516129,,33.641404805915,17.2573189522342,9.8,125.079612107236,2,2,0,80,"없음",45,-1.40845070422535,73,20260930,10.865561694291,21.6106601984016,0,0,,,,,1,5690.0,"저항→지지",0,0,6016.80796372125,6016.80796372125
20261008,005740,"크라운해태홀딩스",KOSPI,5150.0,-1.34,"식품",0.66,1.274176095,76463837050.0,5400.0,-4.62962962962963,,47.0973782771536,15.391156462585,9.8,56.7216458239884,0,1,0,52,"없음",31,-21.3740458015267,40,,,,0,0,,,,,0,,,0,0,5327.83081694308,5867.83081694308
20261008,005750,"대림바스",KOSPI,4260.0,0.71,"건축제품",0.96,1.0129600475,70682942400.0,4500.0,-5.44444444444444,,31.4527503526093,15.0276243093923,11.6,48.8133090244559,0,1,0,48,"없음",31,-21.9266055045872,39,,,,0,0,,,,,0,,,0,0,4434.42464692051,5129.42464692051
20261008,005800,"신영와코루",KOSPI,13780.0,3.22,"섬유,의류,신발,호화품",0.16,0.50681292,124020000000.0,14080.0,-2.13068181818182,,8.33333333333333,9.93788819875776,7.8,30.3223669469152,0,1,0,70,"없음",27,-7.51677852348993,65,,,,0,0,,,,,1,13750.0,"저항→지지",0,0,13239.4661970921,13649.4661970921
20261008,005810,"풍산홀딩스",KOSPI,35350.0,0.14,"비철금속",1.97,3.915065275,509651272200.0,37950.0,-7.37812911725955,,53.2588454376164,17.8521617852162,10.0,27.6065871650738,0,3,0,100,"없음",44,0.285306704707561,75,,,,0,0,,,,,0,,,0,0,36163.5228102347,37313.5228102347
20261008,005820,"원림",KOSPI,14400.0,-0.14,"포장재",0.12,0.223381785,33090768000.0,16000.0,-9.125,,18.6940966010733,16.7435728411338,12.0,43.1888647633857,1,2,0,66,"없음",44,-4.21607378129117,70,,,,0,0,,,,,0,,,0,0,14871.3884160914,14871.3884160914
20261008,005830,"DB손해보험",KOSPI,185600.0,-0.7,"손해보험",400.43,395.43731605,12156864774400.0,193300.0,-3.72478013450595,,40.5063291139241,13.6538461538462,4.4,98.626606949984,5,2,0,79,"수축중",62,14.7348951911221,87,,,,0,0,,,,,0,,,0,0,182224.885909431,192624.885909431
20261008,005850,"에스엘",KOSPI,50100.0,-1.57,"자동차부품",32.95,33.87305785,2327070852000.0,52900.0,-5.4820415879017,,63.3503401360544,22.3577235772358,12.2,86.7008756004766,2,1,0,49,"없음",40,-7.74907749077491,65,,,,0,0,,,,,1,49700.0,"지지 재탈환",0,0,48748.1583956151,59248.1583956151
20261008,005860,"한일사료",KOSDAQ,2310.0,0.0,"식품",5.15,20.7365343,91022512350.0,2470.0,-7.28744939271255,,74.5911949685535,32.4324324324324,10.0,32.2200819354098,0,1,0,67,"없음",33,-41.9518377693283,13,20260720,14.9377593360996,21.1943471259458,0,0,,,,,0,,,0,0,2627.29194884811,2787.29194884811
20261008,005870,"휴니드",KOSPI,4280.0,-2.73,"우주항공과국방",2.06,1.765024215,60416544200.0,4640.0,-7.97413793103448,,45.8380843785633,12.8099173553719,6.8,111.902335230692,0,3,0,90,"없음",34,-50.9195402298851,6,,,,0,0,,,,,0,,,0,0,4255.95627822158,4455.95627822158
20261008,005880,"대한해운",KOSPI,2045.0,-1.21,"해운사",12.6,26.3760506495,660018310300.0,2170.0,-6.45161290322581,,40.3567447045708,19.7080291970803,11.6,36.2470614891616,2,1,0,71,"없음",41,-12.8755364806867,55,,,,0,0,,,,,1,2000.0,"지지 재탈환",0,0,2017.01136949446,2017.01136949446
20261008,005930,"삼성전자",KOSPI,263000.0,-2.05,"반도체와반도체장비",52562.86,44981.00075275,1.537571273904e+15,286500.0,-8.20244328097731,,64.9301143583227,14.7368421052632,6.2,89.7339800451117,4,1,0,85,"관망",49,47.4215246636771,94,,,,0,0,,,,,0,,,0,0,261265.192804296,262765.192804296
20261008,005940,"NH투자증권",KOSPI,25050.0,-5.65,"증권",260.6,122.0743797,9248612930250.0,27350.0,-8.40950639853748,,64.8405560098119,16.4983164983165,7.2,215.020328586948,2,3,0,92,"관망",48,-15.7983193277311,51,,,,0,0,,,,,0,,,0,0,25546.3340343127,29546.3340343127
20261008,005950,"이수화학",KOSPI,11320.0,-1.14,"화학",20.97,34.173293545,297649993080.0,12000.0,-5.91666666666667,,70.069700697007,37.9351740696279,6.8,39.6561729516493,3,2,0,64,"없음",56,48.7483530961792,94,,,,0,0,,,,,1,10800.0,"지지 재탈환",0,0,10758.0697012639,15178.0697012639
20261008,005960,"동부건설",KOSPI,8210.0,-0.61,"건설",2.89,4.506516315,188392103230.0,8900.0,-6.06741573033708,,37.9093198992443,21.5384615384615,6.4,67.8698401744252,4,1,0,81,"없음",55,1.82704019488429,77,20260814,8.51900393184797,3.23690703714718,0,0,,,,,1,7660.0,"저항→지지",0,0,8143.69035665977,8343.69035665977
20261008,005990,"매일홀딩스",KOSDAQ,10300.0,-3.38,"식품",0.83,0.3441906,136972531200.0,11100.0,-7.20720720720721,,0.0,7.57855822550832,7.4,299.365287483052,0,1,0,59,"없음",25,-6.95573622402891,66,,,,0,0,,,,,0,,,0,0,10489.2398372974,10489.2398372974
20261008,006040,"동원산업",KOSPI,35100.0,-0.14,"식품",11.41,10.31705835,1549342746900.0,36250.0,-3.31034482758621,,56.7510548523207,15.4390934844193,15.6,81.5550225779977,0,1,0,80,"없음",27,-6.53333333333333,66,,,,0,0,,,,,0,,,0,0,36569.2359512349,37269.2359512349
20261008,006050,"국영지앤엠",KOSDAQ,2970.0,8.0,"건축제품",3.22,2.0630359,10363886280.0,5740.0,-48.2578397212544,,27.3622047244095,55.8872305140962,10.4,350.685607420344,0,1,0,32,"없음",26,-77.5340393343419,1,20260908,8.13594232749744,4.71015719331505,0,0,,,,,0,,,0,0,5070.85328241661,5360.85328241661
20261008,006060,"화승인더",KOSPI,2270.0,0.89,"섬유,의류,신발,호화품",0.56,1.33389467,125576400000.0,2445.0,-6.95296523517382,,48.6413043478261,17.3333333333333,7.2,81.8461218323077,0,2,0,67,"없음",35,-28.4591194968553,28,,,,1,0,,,,,0,,,0,0,2324.42884559352,2489.42884559352
20261008,006090,"사조오양",KOSPI,8970.0,0.67,"식품",0.15,0.411003035,84521941920.0,9180.0,-2.28758169934641,,25.678496868476,11.0236220472441,11.0,8.60467795363276,3,1,0,72,"없음",46,9.39024390243902,83,,,,0,0,,,,,0,,,0,0,8715.50201217023,8905.50201217023
20261008,006110,"삼아알미늄",KOSPI,75500.0,14.39,"비철금속",430.38,117.78121595,1141820852500.0,75500.0,0.397350993377483,,32.3048153342683,31.8783068783069,10.0,296.623961395978,4,1,0,45,"관망",57,121.961932650073,98,20261008,15.1975683890577,3.6110065426459,0,0,,,,,1,62700.0,"저항→지지",1,1,60844.1577624987,64044.1577624987
20261008,006120,"SK디스커버리",KOSPI,70100.0,-2.5,"석유와가스",24.75,21.27612505,1220703945100.0,58700.0,19.4207836456559,3.40715502555366,22.3101265822785,22.1518987341772,10.0,118.836489970511,3,3,0,85,"없음",48,34.8076923076923,93,20260625,12.6136363636364,5.92451471548731,0,0,20260923,58700.0,60700.0,169.758746761007,1,58500.0,"저항→지지",0,0,66206.6017300946,66206.6017300946
20261008,006140,"피제이전자",KOSDAQ,5660.0,-1.39,"건강관리장비와용품",20.7,16.047758335,84135900000.0,6370.0,-11.3029827315542,,0.0,17.2557172557173,9.8,262.232690306491,0,1,0,69,"없음",29,-10.3174603174603,60,20261002,30.5045871559633,68.9515137402927,0,0,,,,,1,4870.0,"저항→지지",0,0,5800.91120645688,5800.91120645688
20261008,006220,"제주은행",KOSPI,9450.0,-1.97,"은행",9.34,16.404875715,357196363650.0,10070.0,-6.75273088381331,,46.8621700879765,14.7435897435897,5.4,35.8519822106305,0,2,0,86,"없음",47,-21.0260723296888,41,20260610,14.55525606469,16.9142665833107,0,0,,,,,0,,,0,0,9714.29721775511,10144.2972177551
20261008,006260,LS,KOSPI,268500.0,-4.11,"전기장비",529.16,391.40826025,8377200000000.0,338500.0,-20.6794682422452,,56.0120240480962,32.5190839694656,10.0,134.232504295256,2,2,0,76,"관망",42,1.51228733459357,76,,,,0,0,,,,,0,,,0,0,298593.568344804,319093.568344804
20261008,006280,"녹십자",KOSPI,129000.0,-1.15,"제약",37.3,30.3549069,1507563402000.0,126500.0,1.18577075098814,1.10671936758893,42.8571428571429,12.3529411764706,7.6,106.935260276858,0,3,0,95,"없음",43,-9.28419560595322,62,,,,0,0,20261006,126500.0,127900.0,79.5403020473649,1,126500.0,"저항→지지",0,0,122452.05283582,127352.05283582
20261008,006340,"대원전선",KOSPI,12610.0,-2.63,"전기장비",139.61,330.90873204,988805785760.0,14650.0,-14.061433447099,,67.7179962894249,25.0458155161881,8.4,18.3855695681529,4,1,0,75,"관망",55,141.187739463602,98,20260805,12.037708484409,3.30103096344358,0,0,,,,,0,,,0,0,12993.3191539883,14713.3191539883
20261008,006360,"GS건설",KOSPI,31950.0,-2.74,"건설",255.67,552.4583439,2734328605500.0,39350.0,-19.1867852604828,,52.5280898876404,41.5384615384615,10.2,35.1582848032872,4,1,0,61,"관망",55,21.3740458015267,89,20260723,18.213058419244,3.54513857237485,0,0,,,,,0,,,0,0,34945.1438755799,34945.1438755799
20261008,006370,"대구백화점",KOSPI,2975.0,-0.5,"백화점과일반상점",0.37,2.1791215825,32194292725.0,3215.0,-7.77604976671851,,76.3409961685824,46.0576923076923,6.4,13.4014516269341,0,2,0,60,"없음",43,-46.286231884058,10,20260827,11.2947658402204,3.42699271418704,0,0,,,,,0,,,0,0,3120.46248092474,6180.46248092474
20261008,006400,"삼성SDI",KOSPI,569000.0,1.25,"전기제품",3925.93,1979.2720065,45853166570000.0,600000.0,-5.5,,45.6171735241503,26.8736616702355,10.2,162.098930875652,4,1,0,55,"관망",51,27.9909706546275,91,,,,0,0,,,,,1,559000.0,"저항→지지",0,0,523247.978550017,546247.978550017
20261008,006490,"프리티",KOSPI,1400.0,-4.18,"무선통신서비스",0.59,5.25943761,24844866200.0,3025.0,-53.7190082644628,,38.1877729257642,61.09375,18.2,34.5325846366008,0,1,0,34,"없음",26,-59.1717701953922,4,20260914,8.36820083682008,140.513790748561,0,0,,,,,1,1327.0,"지지 재탈환",0,0,2687.63948052737,2687.63948052737
20261008,006570,"대림통상",KOSPI,1839.0,0.11,"건축제품",0.65,0.483308585,27998775000.0,2080.0,-10.1442307692308,,18.9353340478742,18.0,5.2,22.253367927158,0,1,0,52,"없음",29,-7.24565756823821,65,,,,0,0,,,,,0,,,0,0,1942.22732738847,2422.22732738847
20261008,006620,"동구바이오제약",KOSDAQ,3525.0,-2.08,"제약",1.05,1.5538071525,100339096800.0,3610.0,-2.77008310249307,,35.3719008264463,19.2448233861145,7.6,33.5907266693407,0,3,0,94,"없음",45,-30.7692307692308,25,,,,0,0,,,,,0,,,0,0,3392.20605650357,3817.20605650357
20261008,006650,"대한유화",KOSPI,89300.0,-1.43,"화학",22.38,48.6705807,580450000000.0,115900.0,-23.2096635030198,,48.6626402070751,23.0097087378641,10.2,58.219611179453,0,1,0,46,"없음",26,-27.8183292781833,29,20260909,13.5942327497425,2.93745647366428,0,0,,,,,0,,,0,0,105263.131414052,105263.131414052
20261008,006660,"삼성공조",KOSPI,12690.0,-2.61,"자동차부품",9.18,36.723046865,103122924660.0,13600.0,-6.47058823529412,,66.0931899641577,28.7679425837321,6.6,12.5676780692082,1,3,0,87,"없음",55,12.5663716814159,85,20260818,29.9226139294927,3.55520674533634,0,0,,,,,0,,,0,0,12128.9703549564,15048.9703549564
20261008,006730,"서부T&D",KOSDAQ,11860.0,0.34,"호텔,레스토랑,레저",66.08,38.106678265,762324306780.0,11580.0,2.33160621761658,3.62694300518135,38.5035074045207,18.5153583617747,7.6,138.407420396247,0,1,0,80,"관망",31,-8.42349304482226,63,,,,0,0,20261007,11580.0,12000.0,190.348785575993,1,11580.0,"저항→지지",0,0,10939.2561036882,10939.2561036882
20261008,006740,"블루산업개발",KOSPI,3555.0,-20.11,"종이와목재",9.2,0.810956665,21155659245.0,5380.0,-34.3866171003717,,22.2135619641465,40.0179051029543,10.0,1907.68131167339,0,2,0,49,"없음",30,-45.9418070444104,10,20260724,10.1925254813137,19.8951865602018,0,0,,,,,0,,,0,0,4778.40507795494,5778.40507795494
20261008,006800,"미래에셋증권",KOSPI,29500.0,-3.28,"증권",459.24,322.76106135,16019121004500.0,33400.0,-11.9760479041916,,63.9800995024876,22.1333333333333,5.4,121.396519976153,2,2,0,67,"관망",47,-52.2727272727273,6,,,,0,0,,,,,0,,,0,0,33092.6198287543,37892.6198287543
20261008,006840,"AK홀딩스",KOSPI,6670.0,-1.77,"화학",0.77,0.48901155,88361231870.0,8060.0,-13.6476426799007,,9.43708609271523,11.044776119403,9.8,118.341031797297,0,1,0,49,"없음",22,-13.216957605985,55,,,,0,0,,,,,0,,,0,0,7303.04228101324,7353.04228101324
20261008,006880,"신송홀딩스",KOSPI,4225.0,-0.59,"식품과기본식료품소매",0.38,4.717149875,49976925050.0,4480.0,-5.80357142857143,,41.7322834645669,20.3761755485893,7.6,17.8697839641041,0,1,0,52,"없음",31,-39.1053391053391,15,,,,0,0,,,,,0,,,0,0,5027.11467058611,5027.11467058611
20261008,006890,"태경케미컬",KOSPI,4905.0,1.13,"화학",1.28,1.0583281425,56898000000.0,5900.0,-17.0338983050847,,55.46875,31.4203730272597,11.6,80.0599528240073,0,2,0,60,"없음",36,-48.3649789029536,8,20260713,8.29015544041452,22.3585463645168,0,0,,,,,0,,,0,0,4829.28532374063,5639.28532374063
20261008,006910,"보성파워텍",KOSDAQ,6960.0,-3.2,"전기장비",47.69,83.878504585,341943575040.0,7770.0,-10.5534105534106,,49.7840172786177,24.7630331753554,7.2,54.6269134835119,2,3,0,94,"관망",59,-24.6203904555315,35,20260813,8.27586206896551,10.5759792340345,0,0,,,,,0,,,0,0,7183.73204132936,7593.73204132936
20261008,006920,"모헨즈",KOSDAQ,2995.0,-0.33,"건축자재",0.71,1.90171879,32705400000.0,3630.0,-17.4931129476584,,86.5817825661117,21.2518195050946,9.8,27.4756786707701,2,1,0,58,"없음",40,-32.847533632287,22,20260624,29.8368298368298,7.10311230361793,0,0,,,,,0,,,0,0,3229.07862282259,3314.07862282259
20261008,006980,"우성",KOSPI,16050.0,-3.49,"식품",0.44,0.57788643,49594500000.0,18830.0,14.445034519384,14.445034519384,12.0976692563818,23.5748792270531,4.0,56.7050385967139,4,2,0,58,"없음",62,7.48129675810474,81,20260907,14.5454545454546,81.2212565892577,1,0,20261008,18830.0,21550.0,57.0583515944007,1,16240.0,"저항→지지",1,1,18597.0694371226,18597.0694371226
20261008,007070,"GS리테일",KOSPI,21600.0,-3.79,"백화점과일반상점",20.29,40.146837275,1805920164000.0,26250.0,-17.9047619047619,,62.1782178217822,27.4873524451939,7.8,50.2279821877249,3,1,0,49,"없음",41,-0.231481481481481,74,,,,0,0,,,,,0,,,0,0,24314.7882880934,27714.7882880934
20261008,007120,"미래아이앤지",KOSPI,970.0,-1.02,"IT서비스",0.37,0.5303018455,26503420580.0,1030.0,-4.07766990291262,,50.4168982768205,38.0193905817175,7.4,34.7638428807294,2,2,0,57,"없음",55,-47.7248677248677,9,20260812,27.5427542754275,44.3198328792915,0,0,,,,,0,,,0,0,1041.69380458513,1285.69380458513
20261008,007160,"사조산업",KOSPI,47800.0,-0.21,"식품",0.35,0.8250306,239000000000.0,50800.0,-5.21653543307087,,54.5273631840796,19.434628975265,7.8,15.5292437674778,0,1,0,80,"없음",35,-5.58823529411765,68,20260630,11.4942528735632,8.68864917146156,0,0,,,,,1,48000.0,"지지 재탈환",0,0,48128.0558530965,53128.0558530965
20261008,007210,"벽산",KOSPI,1445.0,-1.3,"건축자재",1.42,0.8288121995,94445200000.0,1500.0,-3.6,,30.5917753259779,23.0403800475059,15.2,117.50398938345,0,1,0,82,"없음",27,-18.4433164128596,46,,,,0,0,,,,,1,1429.0,"저항→지지",0,0,1450.68081976144,1450.68081976144
20261008,007280,"한국특강",KOSPI,2345.0,3.53,"철강",1.01,0.414212405,67176136300.0,2690.0,-9.10780669144981,,0.0,15.1696606786427,6.2,51.2287167782776,0,1,0,51,"없음",29,-13.328606876994,54,,,,1,0,,,,,1,2270.0,"지지 재탈환",0,0,2349.26366439734,2349.26366439734
20261008,007310,"오뚜기",KOSPI,311500.0,-1.11,"식품",9.49,9.4253365,1248439045000.0,328000.0,-5.03048780487805,,48.75,8.94428152492669,4.4,70.9546970798159,0,2,0,89,"없음",41,-12.3769338959212,56,,,,0,0,,,,,0,,,0,0,321057.835527464,325057.835527464
20261008,007330,"푸른저축은행",KOSDAQ,10000.0,0.1,"기타금융",0.45,0.749102285,150828000000.0,10350.0,-3.38164251207729,,65.4,12.1129326047359,15.2,49.5362194674173,1,1,0,87,"없음",32,-8.67579908675799,63,,,,0,0,,,,,1,9990.0,"지지 재탈환",0,0,9997.35821151628,10077.3582115163
20261008,007340,"DN오토모티브",KOSPI,48700.0,-0.71,"자동차부품",51.57,57.633057875,2849479125500.0,52900.0,-8.41209829867675,,48.5974754558205,36.962962962963,6.8,52.9280795943863,4,2,0,84,"없음",65,29.8927613941019,91,20260814,19.1102123356926,5.01326980696005,0,0,,,,,1,47350.0,"저항→지지",0,0,47246.4652078976,61846.4652078976
20261008,007370,"진양제약",KOSDAQ,4015.0,0.0,"제약",0.32,0.29148662,56750366805.0,4155.0,-3.36943441636582,,52.6431718061674,11.5044247787611,10.0,68.5866398658147,0,1,0,86,"없음",27,-8.12356979405034,64,,,,0,0,,,,,1,3970.0,"지지 재탈환",0,0,3965.37444801867,3965.37444801867
20261008,007390,"네이처셀",KOSDAQ,24650.0,-0.2,"생물공학",44.46,43.2847136,1588324130400.0,25800.0,-4.26356589147287,,72.4602203182375,27.2566371681416,12.0,64.3330480732217,4,1,0,58,"관망",58,41.5472779369628,94,20260602,12.6373626373626,4.11609665152924,0,0,,,,,0,,,0,0,23383.7881000566,25583.7881000566
20261008,007530,"와이엠",KOSDAQ,1820.0,0.39,"자동차부품",0.62,0.9265672655,40502700420.0,1623.0,12.1380160197166,9.11891558841651,1.24434389140272,33.4128878281623,13.2,100.278040157408,0,1,0,72,"없음",26,-21.3822894168467,40,20260917,19.3396226415094,33.707650586303,1,0,20260917,1623.0,1771.0,2995.66316231595,1,1623.0,"저항→지지",0,0,1722.22067693575,1733.22067693575
20261008,007540,"샘표",KOSPI,46900.0,-0.21,"식품",3.02,41.57941795,94525449200.0,72400.0,-35.2900552486188,,65.6330749354005,8.89603429796356,7.4,23.1079373852622,0,1,0,52,"없음",30,-10.2490421455939,60,20260910,29.9883313885648,16.8138819131059,0,0,,,,,1,43800.0,"저항→지지",0,0,68287.8147165301,68287.8147165301
20261008,007570,"일양약품",KOSPI,7940.0,-1.98,"제약",1.76,1.39491302,151540172160.0,8970.0,-11.2597547380156,,30.5595408895265,15.5361050328228,7.6,114.945924609267,0,2,0,70,"없음",33,-30.1754385964912,26,,,,0,0,,,,,1,7850.0,"지지 재탈환",0,0,8270.51065867984,8440.51065867984
20261008,007590,"동방아그로",KOSPI,5550.0,0.18,"화학",0.01,0.134463675,75577552350.0,6000.0,-7.5,,6.71641791044778,21.7706821480406,2.6,6.99104600848273,0,2,0,74,"없음",39,-4.80274442538593,69,,,,0,0,,,,,0,,,0,0,6564.83030886639,6564.83030886639
20261008,007660,"이수페타시스",KOSPI,125200.0,2.62,"반도체와반도체장비",2046.68,960.93545725,9190834218800.0,134800.0,-7.2700296735905,,29.7921478060046,12.1841155234657,6.6,218.53185948319,2,1,0,43,"관망",43,22.7897838899804,90,20260701,15.1646447140381,3.18204344649129,1,0,,,,,1,119800.0,"저항→지지",0,0,118554.086929415,118554.086929415
20261008,007680,"대원",KOSDAQ,2935.0,-2.33,"건설",0.17,0.2457197125,38808736030.0,3320.0,-11.8975903614458,,78.7539936102236,53.0278232405892,12.4,43.1493854414925,0,1,0,67,"없음",29,-30.1909307875895,26,20260702,11.5862068965517,22.5716316773106,0,0,,,,,0,,,0,0,3150.61651133078,3430.61651133078
20261008,007690,"국도화학",KOSPI,38000.0,-1.55,"화학",2.74,5.502694875,351911616000.0,40000.0,-5.125,,62.8686327077748,20.7017543859649,10.0,34.3838230253468,4,3,1,95,"없음",70,7.8125,82,20260615,16.7449139280125,4.58934165135675,0,0,,,,,1,37300.0,"지지 재탈환",0,0,37358.9142314214,40108.9142314214
20261008,007700,"F&F홀딩스",KOSPI,13320.0,-1.11,"섬유,의류,신발,호화품",0.73,0.922856845,521003368440.0,14000.0,-3.14285714285714,,50.5144995322731,11.8825100133511,7.8,34.1872842827467,0,1,0,91,"없음",31,-24.4988864142539,35,,,,0,0,,,,,1,13480.0,"지지 재탈환",0,0,13423.5291578665,14193.5291578665
20261008,007720,"소노스퀘어",KOSDAQ,1096.0,-0.54,"판매업체",0.08,0.2552240765,22095458640.0,1177.0,-6.88190314358539,,36.2932061978546,45.3494771601541,16.6,21.6569252596148,0,1,0,49,"없음",27,-48.8089677720691,8,,,,0,0,,,,,0,,,0,0,1342.3656759599,1358.3656759599
20261008,007770,"한일화학",KOSDAQ,7990.0,1.52,"화학",0.05,0.148460275,28044900000.0,8440.0,-5.33175355450237,,6.74157303370786,8.04248861911988,8.4,18.1466803941079,2,1,0,51,"없음",41,1.91326530612245,77,,,,0,0,,,,,1,7950.0,"저항→지지",0,0,8204.66193596943,8204.66193596943
20261008,007810,"코리아써키트",KOSPI,87200.0,-1.36,"전자장비와기기",350.54,436.23741315,2091284464000.0,63300.0,37.5987361769352,4.89731437598736,47.8392977717758,33.8114754098361,6.8,89.7738316890414,3,2,0,51,"수축중",49,21.8181818181818,89,20260929,8.90804597701149,3.02034483104328,0,0,20260922,63300.0,66400.0,975.410093531536,1,53900.0,"저항→지지",0,0,78872.5925985214,78872.5925985214
20261008,007820,"엠엑스로보틱스",KOSDAQ,3405.0,-1.45,"기계",2.53,3.913661475,79416241695.0,3620.0,-5.93922651933702,,75.1861042183623,19.5121951219512,13.2,7.11543644655594,0,1,0,48,"없음",35,-29.1363163371488,27,20260812,29.9290780141844,53.7674891515994,0,0,,,,,1,3400.0,"지지 재탈환",0,0,3468.04819538006,4983.04819538006
20261008,007860,"서연",KOSPI,7450.0,-0.53,"자동차부품",0.94,1.77753048,174924837800.0,7900.0,-5.18987341772152,,53.6082474226804,23.3021077283372,13.2,49.5122892331961,0,2,0,59,"없음",33,-16.8701442841287,49,,,,0,0,,,,,0,,,0,0,7421.13552621877,8041.13552621877
20261008,007980,TP,KOSPI,1762.0,-1.23,"섬유,의류,신발,호화품",1.39,3.3844922675,82633130700.0,1838.0,-4.51577801958651,,25.5555555555556,14.8354430379747,6.8,41.6702266097048,1,2,0,74,"없음",35,0.0,75,,,,0,0,,,,,1,1745.0,"저항→지지",0,0,1746.19466634192,1883.19466634192
20261008,008040,"사조동아원",KOSPI,7780.0,-1.02,"식품",0.56,1.263180675,109810498800.0,9000.0,-15.1111111111111,,36.7549668874172,29.0909090909091,11.4,23.3405467473391,0,1,0,56,"없음",30,-21.3991769547325,40,20260904,9.89717223650386,3.3722485765312,1,0,,,,,1,7480.0,"저항→지지",0,0,7962.67689127171,7962.67689127171
20261008,008060,"대덕",KOSPI,16470.0,0.86,"전자장비와기기",9.58,11.97470002,515298504060.0,16800.0,-2.08333333333333,,57.9497907949791,30.4209183673469,11.2,68.2229546882337,3,1,0,45,"없음",42,32.1285140562249,92,,,,0,0,,,,,1,14670.0,"저항→지지",0,0,15259.1919993238,19159.1919993238
20261008,008250,"이건산업",KOSPI,3300.0,0.76,"건축자재",1.0,1.0389870225,36143695500.0,3300.0,0.0,,61.7021276595745,18.3501683501683,10.8,20.7943344844377,0,1,0,50,"없음",37,-9.95907230559345,61,20260825,29.9625468164794,6.02810292329058,0,0,,,,,1,3250.0,"저항→지지",0,0,3015.99704207959,4180.99704207959
20261008,008260,"NI스틸",KOSPI,3180.0,-0.62,"건축자재",1.54,2.2636848075,90948372060.0,3575.0,-11.6083916083916,,39.0940236010658,16.3129973474801,6.2,43.5016964894344,0,3,0,90,"없음",48,-8.93371757925072,62,20260820,9.66719492868462,6.33988052179242,0,0,,,,,0,,,0,0,3325.43983276677,3520.43983276677
20261008,008350,"남선알미늄",KOSPI,1079.0,0.56,"비철금속",11.47,7.5834764075,139276338110.0,1110.0,-1.71171171171171,,58.2875960482986,14.9498632634458,7.4,129.130535549245,2,3,0,95,"없음",50,-38.7078651685393,16,,,,1,0,,,,,1,1075.0,"저항→지지",0,0,1064.21529244184,1080.21529244184
20261008,008370,"원풍",KOSDAQ,5120.0,-2.85,"화학",0.47,0.6730369525,61440000000.0,5520.0,-7.2463768115942,,9.84848484848485,10.6796116504854,15.2,128.477136770925,5,1,0,54,"없음",50,4.59652706843718,79,,,,0,0,,,,,1,5110.0,"저항→지지",0,0,5215.52298172742,5215.52298172742
20261008,008420,"문배철강",KOSPI,2050.0,-0.73,"철강",0.6,2.03484095,42032185250.0,2550.0,-20.3921568627451,,46.6101694915254,30.3085299455535,14.4,27.0814008244832,2,3,0,84,"없음",45,-6.45161290322581,66,20260610,12.6760563380282,5.08771509210187,0,0,,,,,0,,,0,0,2291.63549568357,2371.63549568357
20261008,008470,"부스타",KOSDAQ,1703.0,4.48,"기계",0.11,0.3195560155,28626748800.0,1800.0,-5.38888888888889,,49.1389667601121,32.5106382978723,7.2,19.818994223601,0,2,0,80,"없음",45,-12.6666666666667,56,20260707,14.8218829516539,7.43610781211753,1,0,,,,,1,1665.0,"지지 재탈환",0,0,1614.55924275153,2164.55924275153
20261008,008490,"서흥",KOSPI,20350.0,-2.63,"제약",3.48,2.788763335,235431449550.0,21550.0,-6.03248259860789,,65.5805243445693,36.1374795417349,7.6,39.2660380380885,1,2,0,83,"없음",52,10.4746317512275,84,20260810,20.9302325581395,11.1258819774533,0,0,,,,,0,,,0,0,19991.2701576911,28891.2701576911
20261008,008700,"아남전자",KOSPI,1225.0,-1.53,"전자제품",1.24,2.182618007,94477904500.0,1292.0,-4.87616099071207,,49.0026019080659,8.38461538461539,2.0,26.0134967788842,1,2,0,75,"없음",52,-20.6072351421189,42,20260602,10.4651162790698,12.5308143827389,0,0,,,,,0,,,0,0,1212.66738445018,1212.66738445018
20261008,008730,"율촌화학",KOSPI,15560.0,-1.39,"포장재",13.8,8.295439695,385888000000.0,16470.0,-5.76806314511233,,41.71388101983,21.2014134275618,9.8,147.878178952437,0,1,0,55,"없음",27,-37.4193548387097,17,,,,0,0,,,,,1,15200.0,"저항→지지",0,0,15106.3598313822,15966.3598313822
20261008,008770,"호텔신라",KOSPI,38800.0,-1.52,"백화점과일반상점",58.24,70.488468025,1522827094800.0,45500.0,-14.7252747252747,,79.4059405940594,29.7272727272727,12.2,67.17839318888,1,1,0,65,"없음",30,-9.55710955710956,61,,,,0,0,,,,,0,,,0,0,41038.6479858493,46088.6479858493
20261008,008830,"대동기어",KOSDAQ,6120.0,-3.77,"기계",11.89,17.46612484,117393325920.0,6590.0,-7.28376327769347,,69.8734868480932,21.8181818181818,7.2,40.3430590744246,0,3,0,96,"없음",44,-51.813880126183,6,,,,0,0,,,,,0,,,0,0,6164.54616128782,7624.54616128782
20261008,008870,"금비",KOSPI,38600.0,-0.26,"포장재",0.07,0.0809579,38600000000.0,41350.0,-5.80411124546554,,14.1592920353982,10.5826397146254,6.8,58.7109125717932,0,1,0,79,"없음",31,-13.2516703786192,55,,,,0,0,,,,,0,,,0,0,38704.6670594265,39354.6670594265
20261008,008930,"한미사이언스",KOSPI,53800.0,-7.4,"제약",653.24,168.404058175,3679465390000.0,61000.0,-14.7540983606557,8.52459016393443,13.9900071377587,27.304347826087,6.0,301.113344465742,4,2,0,54,"수축중",59,40.1617250673854,93,20261007,14.7313691507799,2.78645464129855,0,0,20261007,61000.0,66200.0,194.373953247918,0,,,0,0,59903.8212185312,59903.8212185312
20261008,008970,"KBI동양철관",KOSPI,1412.0,-0.14,"철강",26.71,59.212596816,146518872684.0,1695.0,-16.165191740413,,0.0,23.7360754070266,10.0,93.0702063069869,0,1,0,61,"없음",26,-18.938961779806,45,20260930,29.1811846689896,11.3414438933779,0,0,,,,,1,1209.0,"저항→지지",0,0,1512.79654784947,1512.79654784947
20261008,009070,KCTC,KOSPI,4170.0,-0.12,"항공화물운송과물류",5.3,4.9091673475,125100000000.0,4275.0,-2.57309941520468,,51.6320474777448,8.90736342042755,6.8,111.153508321352,0,1,0,71,"없음",27,-26.6725352112676,31,,,,0,0,,,,,1,4120.0,"저항→지지",0,0,4079.96282780425,4079.96282780425
20261008,009140,"케이아이이",KOSPI,22900.0,-3.58,"전자제품",1.85,1.636683625,35971251300.0,25050.0,-9.3812375249501,,0.747943156320116,23.2365145228216,7.2,162.565043323757,2,1,0,41,"없음",39,3.41685649202733,78,20261006,20.3517587939698,17.0703354459731,0,0,,,,,1,22650.0,"저항→지지",0,0,22828.5329092048,22828.5329092048
20261008,009150,"삼성전기",KOSPI,1553000.0,-3.18,"전자장비와기기",8518.8,8565.2138595,115999309888000.0,1587000.0,-1.7643352236925,6.11216131064902,61.1578593066308,23.625,7.0,76.6399468918596,4,3,1,90,"돌파임박",60,273.860911270983,99,,,,0,0,20261006,1587000.0,1684000.0,108.262126899221,1,1464000.0,"저항→지지",0,0,1507829.72607032,1507829.72607032
20261008,009160,SIMPAC,KOSPI,4780.0,-2.75,"비철금속",7.81,2.925996735,312473227040.0,5100.0,-6.66666666666667,,45.2642073778664,18.5424354243542,5.0,193.686333679923,0,3,0,81,"없음",36,-5.74257425742574,68,,,,0,0,,,,,0,,,0,0,4677.11425785359,4997.11425785359
20261008,009180,"한솔로지스틱스",KOSPI,2790.0,-0.36,"항공화물운송과물류",1.02,0.5817859825,78554751750.0,2830.0,-1.41342756183746,,61.7543859649123,10.1243339253996,10.0,107.999623602477,2,2,0,88,"없음",45,-3.79310344827586,70,,,,0,0,,,,,1,2785.0,"저항→지지",0,0,2728.15778583869,2753.15778583869
20261008,009200,"무림페이퍼",KOSPI,1503.0,-0.53,"종이와목재",0.32,1.642388028,62538792930.0,1690.0,-11.2426035502959,,24.172517552658,12.3097286565189,10.0,34.4399250213299,0,1,0,65,"없음",25,-26.1083743842365,32,,,,0,0,,,,,1,1474.0,"지지 재탈환",0,0,1585.18861158735,1585.18861158735
20261008,009240,"한샘",KOSPI,40900.0,0.99,"가구",15.36,9.9588422,962537655200.0,41000.0,-1.21951219512195,,43.7383177570093,14.4690781796966,7.6,92.9065041644455,1,3,0,95,"없음",45,3.71318822023047,78,,,,1,0,,,,,1,39750.0,"저항→지지",0,0,38518.9067849811,40368.9067849811
20261008,009270,"신원",KOSPI,1071.0,0.09,"섬유,의류,신발,호화품",1.19,2.644918475,122919090903.0,1136.0,-6.07394366197183,,44.0036068530207,20.8955223880597,6.8,15.4414325538552,0,2,0,78,"없음",47,-17.3508907823393,48,20260818,8.41121495327102,30.7926075288916,0,0,,,,,0,,,0,0,1124.29477484473,1247.29477484473
20261008,009290,"광동제약",KOSPI,6890.0,-0.14,"제약",13.5,9.149891075,343120677120.0,6850.0,-0.145985401459854,2.18978102189781,18.5654008438819,13.3235724743777,7.6,143.409915324557,2,1,0,60,"없음",37,-15.8671586715867,50,,,,0,0,20261007,6850.0,7000.0,199.269451336173,1,6410.0,"저항→지지",0,0,6548.42534090952,6548.42534090952
20261008,009300,"삼아제약",KOSDAQ,14000.0,0.07,"제약",0.04,0.1578793,89180000000.0,14330.0,-2.30286113049546,,12.6329787234042,7.14285714285714,7.2,10.1839255382109,1,1,0,68,"없음",36,-10.1988454137267,60,,,,0,0,,,,,0,,,0,0,13443.0617816181,14013.0617816181
20261008,009320,"아진전자부품",KOSPI,972.0,-3.09,"자동차부품",0.4,0.6843577125,47919376440.0,1032.0,-4.84496124031008,,31.1569301260023,15.9447004608295,7.6,46.6898517673888,1,2,0,71,"없음",40,-3.2512315270936,71,20260622,15.5115511551155,6.73762644405158,0,0,,,,,1,970.0,"저항→지지",0,0,952.546626098782,1005.54662609878
20261008,009410,"태영건설",KOSPI,1629.0,0.31,"건설",1.96,4.5509860725,520389160173.0,1905.0,-14.5406824146982,,42.6490984743412,12.0,10.0,39.235004204728,2,1,0,81,"없음",32,-6.32911392405063,67,,,,0,0,,,,,0,,,0,0,1781.77363487817,1781.77363487817
20261008,009420,"한올바이오파마",KOSPI,43850.0,-4.26,"제약",86.88,115.97055515,2290751976300.0,48900.0,-10.6339468302658,,60.3938730853392,45.5,13.6,67.3530261388177,2,2,0,46,"관망",50,-19.6691176470588,43,20260629,19.3771626297578,3.03956448951999,0,0,,,,,0,,,0,0,50262.3614966244,59362.3614966244
20261008,009450,"경동나비엔",KOSPI,61000.0,-1.13,"가정용기기와용품",7.84,16.4963429,888684112000.0,62600.0,-2.71565495207668,,64.6757679180887,22.207267833109,15.2,29.1857426448748,2,1,0,47,"없음",41,-3.33333333333333,71,,,,0,0,,,,,1,59700.0,"지지 재탈환",0,0,58811.2693659424,74111.2693659424
20261008,009460,"한창제지",KOSPI,2765.0,1.84,"포장재",0.15,0.21439972,34119231790.0,2895.0,-4.66321243523316,,7.80399274047187,30.9957924263675,6.4,27.1524685897601,4,2,0,66,"없음",67,-6.44067796610169,67,20260723,9.72477064220183,2.65236659068461,1,0,,,,,0,,,0,0,2624.34817456464,3219.34817456464
20261008,009470,"삼화전기",KOSPI,26800.0,-0.56,"전기제품",10.25,18.544883525,177250376000.0,28000.0,-4.28571428571429,,52.8532608695652,21.5355805243446,7.2,67.2835589323644,0,2,0,83,"없음",37,-22.7665706051873,38,20260618,30.0,6.7722297253618,0,0,,,,,1,23800.0,"저항→지지",0,0,25279.9539780083,25279.9539780083
20261008,009520,"포스코엠텍",KOSDAQ,13110.0,-0.68,"철강",18.88,17.819999665,545935836330.0,13870.0,-5.40735400144196,,55.6145675265554,17.7777777777778,5.8,76.2466123506452,0,2,0,84,"없음",35,-24.1618497109827,35,,,,0,0,,,,,1,12900.0,"저항→지지",0,0,12783.3401158908,12863.3401158908
20261008,009540,"HD한국조선해양",KOSPI,292000.0,-3.15,"조선",983.67,566.13598475,20665749872000.0,370500.0,-21.3225371120108,,52.1560574948665,25.4498714652956,10.0,188.45765855257,0,3,0,79,"관망",35,-16.8330955777461,49,,,,0,0,,,,,0,,,0,0,339437.163384428,381437.163384428
20261008,009580,"무림P&P",KOSPI,1741.0,-1.14,"종이와목재",3.65,27.974760916,108583252084.0,1960.0,-11.1224489795918,,14.1247833622184,17.8786221979224,10.0,31.9691542364461,0,3,0,85,"없음",31,-34.3879472693032,20,,,,0,0,,,,,1,1690.0,"저항→지지",0,0,1906.93543465225,1906.93543465225
20261008,009680,"모토닉",KOSPI,10030.0,0.2,"자동차부품",0.75,1.233743305,217982932820.0,10300.0,-2.71844660194175,,57.3221757322176,6.31163708086785,12.6,58.9905605674659,0,1,0,67,"없음",27,-5.64971751412429,68,,,,0,0,,,,,0,,,0,0,10344.6399874907,10344.6399874907
20261008,009730,"이렘",KOSDAQ,2075.0,4.11,"비철금속",2.84,1.210386998,16549168725.0,2520.0,-17.6587301587302,,63.4699015793088,33.3802816901408,7.2,154.610872585965,0,1,0,55,"없음",26,-56.2051498522583,4,20260813,16.9197396963124,5.95885834244857,1,0,,,,,1,1975.0,"지지 재탈환",0,0,2178.6768804923,2498.6768804923
20261008,009770,"삼정펄프",KOSPI,27400.0,-1.44,"가정용품",0.64,0.38729205,68499205400.0,28500.0,-3.85964912280702,,0.0,12.8521126760563,12.2,102.103097098214,0,3,0,88,"없음",39,-13.1537242472266,55,,,,0,0,,,,,0,,,0,0,29115.1781089976,29115.1781089976
20261008,009780,"엠에스씨",KOSDAQ,7280.0,-2.67,"식품",0.55,0.900395,128128000000.0,7700.0,-5.45454545454545,,25.78125,14.647137150466,7.0,29.119186748594,1,2,0,70,"없음",45,8.33333333333333,82,20260814,12.210200927357,30.1704523061967,0,0,,,,,1,6870.0,"저항→지지",0,0,7289.96520917462,7289.96520917462
20261008,009810,"MDS스피어",KOSPI,1944.0,3.29,"판매업체",0.03,0.1736184165,39563619264.0,2125.0,-8.51764705882353,,8.55772777572851,14.9746192893401,6.8,15.3578429830906,0,1,0,49,"없음",33,-6.22286541244573,67,20260827,9.12589334799341,2.83167445249535,0,0,,,,,0,,,0,0,1822.36253912034,1822.36253912034
20261008,009830,"한화솔루션",KOSPI,36000.0,-0.41,"에너지장비및서비스",829.11,1042.04554215,8096131296000.0,37500.0,-4.8,,46.9289827255278,31.25,10.0,66.0278188664405,2,2,0,76,"관망",49,6.31644777986241,80,20260928,16.4965986394558,6.28609571018806,0,0,,,,,1,29450.0,"저항→지지",0,0,33155.186084525,34205.186084525
20261008,009900,"명신산업",KOSPI,8430.0,-0.59,"자동차부품",8.41,18.977920455,442323221190.0,8750.0,-3.42857142857143,,32.0056899004267,16.3066954643628,4.2,45.7038003359064,0,2,0,70,"없음",40,-11.0526315789474,58,20260921,9.3198992443325,6.51976659882351,0,0,,,,,1,8230.0,"저항→지지",0,0,8218.32367262179,8498.32367262179
20261008,009970,"영원무역홀딩스",KOSPI,172200.0,0.76,"섬유,의류,신발,호화품",21.41,16.0287526,2230647287400.0,175600.0,-3.35990888382688,,51.3633834168058,23.5748792270531,8.0,107.493368359583,0,1,0,79,"없음",27,-21.4351851851852,40,,,,1,0,,,,,1,164900.0,"지지 재탈환",0,0,160704.528941793,199604.528941793
20261008,010040,"한국내화",KOSPI,1696.0,0.12,"비철금속",0.15,0.396886775,69649737152.0,1726.0,-1.8539976825029,,32.7519379844961,13.6129032258065,10.0,31.7949979001348,0,2,0,75,"없음",35,-8.28370330265295,63,20260804,11.578947368421,3.10500317949015,1,0,,,,,1,1680.0,"저항→지지",0,0,1575.82012313234,1603.82012313234
20261008,010060,"OCI홀딩스",KOSPI,234500.0,-2.29,"화학",415.63,540.10171075,4378169404000.0,234000.0,0.0,0.854700854700855,61.0126582278481,42.4691358024691,10.0,57.5278516831065,2,2,0,47,"관망",53,14.1463414634146,86,20260807,11.6803278688525,3.32655334291153,0,0,20261002,234000.0,236000.0,115.978740591441,1,210500.0,"저항→지지",0,0,212987.198038914,267987.198038914
20261008,010100,"한국무브넥스",KOSPI,3380.0,-0.59,"자동차부품",1.04,1.675873895,102922419600.0,3650.0,-6.57534246575342,,54.0298507462687,28.8812785388128,14.8,48.8557115710538,0,2,0,74,"없음",41,-22.2348916761688,38,,,,0,0,,,,,0,,,0,0,3377.98973706727,3677.98973706727
20261008,010120,"LS ELECTRIC",KOSPI,196800.0,-4.23,"전기장비",1381.03,858.5373693,29520000000000.0,218500.0,-9.74828375286041,,61.5125535823637,16.0714285714286,5.2,123.48666206269,2,3,0,86,"관망",50,29.9077733860343,91,,,,0,0,,,,,0,,,0,0,206563.347162151,206563.347162151
20261008,010130,"고려아연",KOSPI,1033000.0,-2.82,"비철금속",209.88,180.621867,21561776977000.0,1110000.0,-7.02702702702703,,71.7808219178082,19.1705069124424,10.0,84.1965909894848,0,1,0,51,"관망",33,-29.700272479564,26,20260810,11.6636528028933,2.59207535147333,0,0,,,,,0,,,0,0,1169108.35102631,1335108.35102631
20261008,010140,"삼성중공업",KOSPI,18910.0,-3.22,"조선",681.59,616.079380945,16640800000000.0,22500.0,-16.0,,59.8971722365039,22.6834381551363,10.0,122.015603342926,0,2,0,71,"관망",36,-29.7397769516729,26,20260903,8.57572718154462,2.91749465473982,0,0,,,,,0,,,0,0,20812.2921859311,22162.2921859311
20261008,010170,"대한광통신",KOSDAQ,16940.0,-5.57,"통신장비",1067.13,2643.27662469,2633927080400.0,18990.0,-10.637177461822,,16.1318681318681,16.6115155526142,5.4,49.1690657332976,3,1,0,55,"관망",48,67.6877470355731,96,20260918,13.2307692307692,4.64427323749567,0,0,,,,,1,15860.0,"저항→지지",0,0,17287.9241422822,17287.9241422822
20261008,010240,"흥국",KOSDAQ,5150.0,-0.77,"기계",0.19,0.563621145,60285900000.0,5730.0,-10.1221640488656,,28.6713286713287,11.1209964412811,9.8,26.9714338209436,2,1,0,64,"없음",35,-0.386847195357834,74,,,,0,0,,,,,0,,,0,0,5459.7861997843,5459.7861997843
20261008,010280,"아이티센엔텍",KOSDAQ,5750.0,-0.86,"IT서비스",3.55,4.295244845,74892352750.0,6640.0,-13.4036144578313,,8.01687763713079,21.8600953895072,2.8,104.320244821843,3,2,0,48,"없음",45,15.4850371560554,87,20260930,9.70695970695972,28.0701685961731,0,0,,,,,1,5580.0,"저항→지지",0,0,5787.61655087183,5787.61655087183
20261008,010400,"우진아이엔에스",KOSPI,4005.0,0.88,"건설",0.83,0.621012205,30526110000.0,4545.0,-12.6512651265127,,15.1315789473684,25.7722007722008,4.8,82.6543180451741,2,3,0,78,"없음",50,5.16556291390728,79,20260901,11.1244019138756,13.1370208901556,0,0,,,,,0,,,0,0,4256.68463839506,4816.68463839506
20261008,010470,"오리콤",KOSDAQ,5060.0,-0.59,"광고",0.24,0.215131365,60593753000.0,5090.0,-0.589390962671906,,37.6498800959233,13.1048387096774,9.4,90.2322011130301,0,1,0,93,"없음",27,-11.6928446771379,57,,,,0,0,,,,,1,5030.0,"저항→지지",0,0,4932.75491927138,4932.75491927138
20261008,010580,"에스엠벡셀",KOSPI,2320.0,7.66,"자동차부품",171.78,135.2189435425,258104083200.0,2945.0,-22.9202037351443,,38.894277400582,23.6416184971098,11.2,312.43765246689,2,1,0,53,"관망",40,14.5885916203937,86,20260921,11.6,3.38287767347459,0,0,,,,,1,2000.0,"저항→지지",0,0,2611.09244889942,2611.09244889942
20261008,010640,"진양폴리",KOSPI,2075.0,0.0,"화학",1.18,2.4277759005,34652500000.0,2330.0,-10.9442060085837,,10.431654676259,26.9622833843017,11.4,49.7692169613131,0,1,0,53,"없음",29,-5.68181818181818,68,20260917,10.8324974924774,4.82858159723478,0,0,,,,,1,2000.0,"지지 재탈환",0,0,2072.22991740381,2072.22991740381
20261008,010660,"화천기계",KOSPI,3020.0,0.0,"기계",1.1,1.915215605,66440000000.0,3185.0,-3.92464678178964,,45.2054794520548,14.4758735440932,7.2,39.6783150690338,0,2,0,80,"없음",41,-49.3377483443709,7,,,,1,0,,,,,1,3000.0,"저항→지지",0,0,3025.5160179667,3025.5160179667
20261008,010690,"화신",KOSPI,7430.0,-1.59,"자동차부품",6.24,8.443889225,259458646300.0,7860.0,-5.21628498727735,,76.9667477696675,29.6618357487923,6.6,25.4009810781795,1,2,0,88,"없음",52,-29.1151284490961,27,20260619,19.1188694929343,9.64750501651585,0,0,,,,,0,,,0,0,7216.17065105973,9676.17065105973
20261008,010770,"평화홀딩스",KOSPI,3560.0,0.99,"자동차부품",0.63,0.623341955,52066658960.0,3650.0,-2.46575342465753,,55.0539352776668,12.8787878787879,9.8,68.4615767488696,1,3,0,96,"없음",50,-4.81283422459893,69,,,,1,0,,,,,1,3535.0,"지지 재탈환",0,0,3528.83790596934,3763.83790596934
20261008,010820,"퍼스텍",KOSPI,5810.0,-3.17,"우주항공과국방",16.64,26.453553405,283364959780.0,6630.0,-12.8205128205128,,40.1524777636595,31.8518518518519,10.0,66.0180009401895,2,3,0,84,"없음",45,-20.9302325581395,41,20260616,9.81366459627329,9.1805796468743,0,0,,,,,0,,,0,0,6092.67545960072,6402.67545960072
20261008,010950,S-Oil,KOSPI,168700.0,-1.11,"석유와가스",493.56,628.14792005,18992717010400.0,157300.0,7.43801652892562,4.83153210425938,10.5384869507764,17.546090273363,6.6,74.6776007212829,5,1,0,45,"돌파완료",58,58.6854460093897,95,20260707,8.98203592814371,3.0116197963276,0,0,20261002,157300.0,164900.0,116.531777520497,1,164800.0,"저항→지지",0,0,154389.725377936,154389.725377936
20261008,010960,"삼호개발",KOSPI,3080.0,0.0,"건설",1.25,2.0061881925,74289600000.0,3150.0,-3.01587301587302,,92.7603725656223,14.2241379310345,7.4,22.0415160668613,0,3,0,98,"없음",50,-17.8763440860215,47,20260706,14.2480211081794,5.55550454395472,0,0,,,,,0,,,0,0,2948.1868551747,3478.1868551747
20261008,011040,"경동제약",KOSDAQ,5050.0,-0.2,"제약",0.72,1.1681214,155382268300.0,5390.0,-6.49350649350649,,52.1920668058455,15.4173764906303,4.6,17.2786928494913,0,2,0,86,"없음",43,-6.66666666666667,66,,,,0,0,,,,,0,,,0,0,5164.13527945659,5644.13527945659
20261008,011070,"LG이노텍",KOSPI,574000.0,-2.88,"전자장비와기기",1233.65,1196.63857,13584919418000.0,603000.0,-5.14096185737977,8.62354892205638,55.3104575163399,21.7729393468118,5.0,83.8238971854262,2,2,0,77,"관망",49,74.1248097412481,97,20260529,28.5714285714286,3.48928900738724,0,0,20261006,603000.0,655000.0,183.182103919081,1,545000.0,"지지 재탈환",0,0,568163.582015505,621163.582015505
20261008,011080,"형지I&C",KOSDAQ,559.0,30.0,"섬유,의류,신발,호화품",2.54,3.334835118,3966810458.0,945.0,-40.8465608465608,,76.2030671602327,88.6129032258064,10.8,91.4768297637186,0,1,0,37,"없음",26,-88.8556618819777,1,20261002,19.3633952254642,2.81352437244327,0,0,,,,,0,,,0,0,665.453348249334,2869.45334824933
20261008,011150,"CJ씨푸드",KOSPI,1897.0,1.34,"식품",0.88,0.6561618705,68160676381.0,1937.0,-3.09757356737223,,26.8913857677903,23.9904988123515,11.0,103.040976612921,0,1,0,40,"없음",27,-29.3032015065913,27,,,,0,0,,,,,0,,,0,0,1915.81353949548,1990.81353949548
20261008,011170,"롯데케미칼",KOSPI,59300.0,-2.31,"화학",61.11,120.3094536,2536582346700.0,62100.0,-4.83091787439614,,22.6855713094245,13.2786885245902,8.0,66.8415938203314,0,1,0,48,"관망",34,-25.0950570342205,34,20260909,18.1184668989547,4.67216957676844,0,0,,,,,0,,,0,0,64784.6747032134,64784.6747032134
20261008,011200,HMM,KOSPI,20900.0,-2.34,"해운사",245.9,162.959763825,19713673573000.0,21600.0,-3.47222222222222,,49.645390070922,12.7155172413793,6.0,101.150834403135,3,3,0,94,"관망",60,3.47394540942928,78,,,,0,0,,,,,1,20650.0,"지지 재탈환",0,0,20626.5887655703,22126.5887655703
20261008,011210,"현대위아",KOSPI,51000.0,-1.92,"자동차부품",30.41,30.70226305,1386949233000.0,59100.0,-13.7055837563452,,65.414710485133,17.5986842105263,10.4,90.8041537026922,0,1,0,70,"없음",25,-32.0,23,,,,0,0,,,,,0,,,0,0,54832.6122070237,64532.6122070237
20261008,011230,"삼화전자",KOSPI,2550.0,-2.86,"전자장비와기기",2.85,11.7222413225,48872751750.0,2870.0,-10.4529616724739,,80.8431494110353,27.9521674140508,7.2,21.9314577737499,0,2,0,86,"없음",45,1.78217821782178,77,20260703,30.0,3.30135331273725,0,0,,,,,0,,,0,0,2753.86479226255,3023.86479226255
20261008,011280,"태림포장",KOSPI,1497.0,-2.6,"포장재",0.29,0.8353402385,105996492180.0,1759.0,-13.9283683911313,,10.2189781021898,23.3666862860506,10.0,45.3501897407695,0,1,0,44,"없음",22,-27.5598086124402,30,,,,0,0,,,,,1,1496.0,"지지 재탈환",0,0,1498.45123992068,1622.45123992068
20261008,011300,"우성머티리얼스",KOSPI,2855.0,3.07,"섬유,의류,신발,호화품",1.97,3.0283701925,49217073775.0,3715.0,-23.1493943472409,,21.6901408450704,46.975546975547,6.8,50.1093652150254,0,1,0,50,"없음",26,-13.4848484848485,54,20260922,11.3871635610766,5.54596160710794,1,0,,,,,1,2660.0,"저항→지지",0,0,3143.79590375568,3313.79590375568
20261008,011320,"유니크",KOSDAQ,4000.0,1.14,"자동차부품",1.62,0.831047415,77282780000.0,4100.0,-2.4390243902439,,7.09090909090909,9.0,7.2,185.853078337315,1,1,0,67,"없음",32,6.95187165775401,81,,,,1,0,,,,,1,3950.0,"저항→지지",0,0,3899.25246361461,3899.25246361461
20261008,011330,"유니켐",KOSPI,4390.0,4.15,"자동차부품",3.8,4.7112554,43982461760.0,5140.0,-14.8832684824903,,62.2007366482505,50.5208333333333,7.8,30.2275510381061,0,1,0,59,"없음",26,-36.8686868686869,17,,,,1,0,,,,,1,3985.0,"지지 재탈환",0,0,4495.18839537,7035.18839537
20261008,011370,"서한",KOSDAQ,3825.0,1.86,"건설",0.57,0.70334874,77184571725.0,4600.0,-16.8478260869565,,50.8305647840532,28.6631016042781,12.8,45.3383010432191,0,2,0,84,"없음",38,-24.3323442136499,35,,,,1,0,,,,,1,3690.0,"지지 재탈환",0,0,4310.2093471178,4310.2093471178
20261008,011390,"부산산업",KOSPI,47000.0,-0.32,"건축자재",1.5,2.01384175,49632000000.0,49700.0,-5.1307847082495,,55.6666666666667,26.1513157894737,6.6,22.4192383605041,0,2,0,77,"없음",47,-33.3097595473833,22,20260819,14.2857142857143,23.159391260303,0,0,,,,,1,45900.0,"지지 재탈환",0,0,47813.7905320589,55113.7905320589
20261008,011420,"갤럭시아에스엠",KOSPI,1354.0,-3.35,"레저용장비와제품",0.38,0.3151619545,37302217976.0,1479.0,-6.76132521974307,,50.4240052185258,27.8678678678679,10.2,49.171914421857,0,1,0,69,"없음",31,-20.0116009280742,43,,,,0,0,,,,,0,,,0,0,1470.42917672223,1546.42917672223
20261008,011500,"한농화성",KOSPI,14750.0,0.61,"화학",10.95,10.10973239,230646369500.0,15240.0,-3.08398950131234,,41.7539267015707,17.0699803793329,4.8,101.094367159284,0,2,0,82,"없음",30,-26.5174129353234,31,,,,0,0,,,,,1,13500.0,"저항→지지",0,0,13849.2011396088,13899.2011396088
20261008,011560,"세보엠이씨",KOSDAQ,22950.0,-1.71,"건설",22.12,16.35887045,231447812400.0,26600.0,-13.7218045112782,,44.1269841269841,18.0,5.2,165.713236699773,4,2,0,74,"없음",50,28.3557046979866,91,20261001,9.32203389830508,6.74417365682879,0,0,,,,,0,,,0,0,23677.9275594399,24577.9275594399
20261008,011690,"와이투솔루션",KOSPI,3740.0,0.54,"전자장비와기기",3.72,5.8708223625,137253369880.0,3900.0,-7.30769230769231,,38.2187147688839,29.0989660265879,10.4,72.9527418719397,0,2,0,70,"없음",28,-33.0555555555556,22,,,,0,0,,,,,1,3445.0,"저항→지지",0,0,3475.35161961844,3495.35161961844
20261008,011700,"한신기계",KOSPI,2495.0,-3.29,"기계",4.24,8.1854729875,80953146745.0,2960.0,-16.0472972972973,,40.4059040590406,27.283950617284,10.0,82.4698073412586,0,1,0,56,"없음",26,-41.2529550827423,13,20260908,10.7368421052632,18.7254748340331,0,0,,,,,1,2480.0,"지지 재탈환",0,0,2679.55243727396,2679.55243727396
20261008,011760,"현대코퍼레이션",KOSPI,23800.0,-3.25,"무역회사와판매업체",5.38,7.792282975,314849390800.0,27450.0,-12.9326047358834,,41.4835164835165,15.1515151515152,7.6,83.3463821020862,2,1,0,62,"없음",36,-4.20841683366733,70,20260730,14.9425287356322,3.78677670630619,0,0,,,,,0,,,0,0,25820.7241923334,26420.7241923334
20261008,011780,"금호석유화학",KOSPI,114600.0,-1.12,"화학",50.58,77.302053,2883029445000.0,131900.0,-13.0401819560273,,48.5629335976214,15.2931854199683,10.0,46.1781020978236,1,1,0,60,"없음",34,-2.79661016949153,72,,,,0,0,,,,,0,,,0,0,122423.658514704,129523.658514704
20261008,011790,SKC,KOSPI,107300.0,-0.83,"화학",300.01,228.189672,5321897375400.0,113800.0,-5.53602811950791,,44.7660586835845,30.5681818181818,10.2,147.049018551446,2,3,0,85,"관망",52,22.1896383186706,89,20260601,12.3474515434314,4.02247777568381,0,0,,,,,1,93700.0,"저항→지지",0,0,103088.812645751,103088.812645751
20261008,011930,"신성이엔지",KOSPI,19650.0,0.05,"반도체와반도체장비",67.88,41.53951197,399016476300.0,18500.0,6.43243243243243,2.0,34.9589987052223,33.7437701553797,10.0,174.257631115629,2,3,0,82,"없음",46,-28.4,28,,,,0,0,20261001,18500.0,18870.0,207.606961101694,1,18500.0,"저항→지지",0,0,18404.1783024527,18404.1783024527
20261008,012030,DB,KOSPI,2265.0,12.41,"IT서비스",83.85,21.5808712535,455658958245.0,1715.0,31.7784256559767,1.98250728862974,3.46062052505966,22.4074074074074,10.0,465.824179718779,4,3,0,80,"없음",45,41.3383364602877,94,20261008,12.7182044887781,3.55553449917555,0,0,20260928,1715.0,1749.0,127.997909235049,1,1700.0,"저항→지지",1,1,1888.70363155501,1888.70363155501
20261008,012160,"영흥",KOSPI,2155.0,3.11,"철강",0.16,0.680871465,33662614965.0,2290.0,-5.89519650655022,,58.3072753804461,28.0575539568345,5.4,19.504212996918,0,2,0,65,"없음",47,-18.984962406015,44,20260708,20.8167895632445,27.7591915708347,0,0,,,,,0,,,0,0,2204.75987983816,2704.75987983816
20261008,012200,"계양전기",KOSPI,3015.0,-1.47,"자동차부품",7.43,27.229757925,106799829435.0,4650.0,-35.2688172043011,,63.383358662614,43.6432637571158,6.8,54.0014932526608,1,1,0,38,"없음",31,-52.3432552248258,6,20260918,8.71369294605808,35.5382512645917,0,0,,,,,0,,,0,0,4078.25457671208,4698.25457671208
20261008,012280,"영화금속",KOSPI,3910.0,3.44,"자동차부품",0.37,0.670445785,38728162910.0,3980.0,-2.8894472361809,,8.1180811808118,23.9860950173812,15.4,57.1615666907682,0,1,0,50,"없음",31,-22.7772227772228,37,20260623,13.2857142857143,3.24276889465938,0,0,,,,,1,3570.0,"지지 재탈환",0,0,3693.46298969272,3873.46298969272
20261008,012320,"경동인베스트",KOSPI,47850.0,0.42,"비철금속",2.93,4.5582424,113166350550.0,53400.0,-8.52059925093633,,22.9580573951435,31.095406360424,13.4,117.138559976256,0,1,0,48,"없음",29,-12.7678571428571,55,20261007,8.13559322033899,4.10644890909553,0,0,,,,,1,46750.0,"저항→지지",0,0,48581.3130607527,48581.3130607527
20261008,012330,"현대모비스",KOSPI,361000.0,-3.35,"자동차부품",1659.3,1057.549368,32425231185000.0,392500.0,-8.28025477707006,,65.3419593345656,32.0075757575758,12.6,153.478069586197,2,1,0,45,"관망",39,-7.57381258023107,65,,,,0,0,,,,,0,,,0,0,397995.766313754,517995.766313754
20261008,012340,"뉴인텍",KOSDAQ,486.0,29.95,"전기제품",12.78,2.438675437,10713769398.0,500.0,-2.8,,70.4745166959578,64.7532729103726,7.6,602.462827303177,0,2,0,53,"없음",35,-65.9425367904695,2,20261008,29.9465240641711,6.67386092043764,1,0,,,,,1,410.0,"지지 재탈환",0,0,472.595807921822,881.595807921822
20261008,012450,"한화에어로스페이스",KOSPI,904000.0,-7.0,"우주항공과국방",2993.43,1493.7161895,46613314504000.0,1111000.0,-18.6318631863186,,43.0350194552529,29.003984063745,6.6,198.380971595586,2,1,0,70,"관망",36,-36.2032462949894,18,,,,0,0,,,,,0,,,0,0,1033408.80525206,1136408.80525206
20261008,012610,"경인양행",KOSPI,3380.0,-1.74,"화학",2.64,3.5266273625,140663313700.0,3510.0,-3.7037037037037,,51.5328467153285,14.0173410404624,7.0,52.5969085037766,1,3,0,92,"없음",41,-14.2131979695431,53,,,,0,0,,,,,1,3300.0,"저항→지지",0,0,3257.45099690174,3257.45099690174
20261008,012620,"원일특강",KOSDAQ,7490.0,5.05,"철강",0.17,0.29254442,32956000000.0,9050.0,-17.2375690607735,,0.0,11.4245416078984,9.4,61.6586433034586,1,1,0,40,"없음",27,-16.0313901345291,50,,,,1,0,,,,,1,7080.0,"저항→지지",0,0,8176.51574527682,8176.51574527682
20261008,012630,HDC,KOSPI,23650.0,4.65,"건설",12.99,27.168310575,1412891701650.0,29150.0,-17.4957118353345,,34.6498371335505,28.5123966942149,10.2,77.3278312501583,4,1,0,66,"없음",46,-12.5454545454545,56,20260910,10.7287449392713,5.47267631947688,0,0,,,,,0,,,0,0,26717.8524616068,26717.8524616068
20261008,012690,"모나리자",KOSPI,1420.0,0.14,"가정용품",1.37,1.1402017915,51931182100.0,1539.0,-8.18713450292398,,85.4686364737225,17.3731343283582,5.2,19.0765375964258,0,2,0,76,"없음",45,-35.7727272727273,19,20260716,29.940119760479,23.8221392760224,0,0,,,,,0,,,0,0,1415.80637726476,2336.80637726476
20261008,012700,"리드코프",KOSDAQ,2955.0,2.6,"석유와가스",0.14,0.39652431,76814787660.0,3775.0,-22.1192052980132,,19.538188277087,17.0149253731343,10.0,22.2476010331952,0,1,0,52,"없음",26,-16.71388101983,49,,,,1,0,,,,,0,,,0,0,3509.74420793896,3509.74420793896
20261008,012750,"에스원",KOSPI,84700.0,1.07,"상업서비스와공급품",50.93,58.52271715,3218530376600.0,88200.0,-4.87528344671202,,40.1722787783868,12.6966292134831,5.4,94.5570197345184,4,2,0,78,"없음",60,-2.32828870779977,72,20260612,15.645371577575,3.16186349924701,0,0,,,,,0,,,0,0,82086.7039648807,82886.7039648807
20261008,012790,"신일제약",KOSDAQ,6530.0,0.0,"제약",1.15,1.031962925,78271289950.0,6470.0,0.927357032457496,0.927357032457496,0.88809946714033,9.74264705882353,11.0,95.1276902365177,4,2,0,78,"없음",52,9.93265993265993,83,,,,0,0,20261008,6470.0,6530.0,96.6937539921576,1,6120.0,"저항→지지",0,0,6255.54996624253,6255.54996624253
20261008,012800,"대창",KOSPI,1139.0,-0.96,"비철금속",3.33,3.792012052,103809028361.0,1245.0,-8.35341365461847,,32.9849012775842,29.2101341281669,15.4,79.2683116695981,0,3,0,87,"없음",34,-11.2062256809339,58,,,,0,0,,,,,0,,,0,0,1159.65753696599,1163.65753696599
20261008,013000,"세우글로벌",KOSPI,1195.0,-1.32,"화학",0.32,0.494115644,34302512045.0,1291.0,-7.35863671572424,,40.5797101449275,22.6896551724138,10.8,69.7577022960614,2,3,0,84,"없음",41,-2.60586319218241,72,,,,0,0,,,,,1,1170.0,"지지 재탈환",0,0,1185.99583047466,1344.99583047466
20261008,013030,"하이록코리아",KOSDAQ,34250.0,-1.58,"기계",6.68,11.4473777,403058932000.0,39150.0,-12.5159642401022,,21.4723926380368,16.5151515151515,9.8,54.7883394774394,2,3,0,93,"없음",44,-3.38504936530324,71,,,,0,0,,,,,0,,,0,0,36548.2164715792,36548.2164715792
20261008,013120,"동원개발",KOSDAQ,2060.0,-0.96,"건설",1.44,1.2826046975,187064686000.0,2150.0,-4.18604651162791,,83.7615621788284,47.1349862258953,12.6,70.9585961014763,0,1,0,80,"없음",35,-26.8206039076377,31,20260703,29.8969072164948,20.0262233918518,0,0,,,,,0,,,0,0,2080.88743822598,2190.88743822598
20261008,013310,"아진산업",KOSDAQ,2290.0,-1.08,"자동차부품",1.23,1.75882138,88867072780.0,2400.0,-4.58333333333333,,60.8200455580866,21.5302491103203,7.0,45.2405728243612,0,2,0,90,"없음",43,-23.5392320534224,36,,,,0,0,,,,,0,,,0,0,2249.49835753703,2659.49835753703
20261008,013360,"일성건설",KOSPI,1328.0,-1.41,"건설",1.76,2.221774371,71745040640.0,1440.0,-7.84722222222222,,86.9864585724122,27.9082468596395,7.6,27.4136886178692,0,3,0,94,"없음",48,-27.8412180532898,29,20260706,29.7448662103298,6.47093306707619,0,0,,,,,0,,,0,0,1411.42673376376,1687.42673376376
20261008,013520,"화승코퍼레이션",KOSPI,2435.0,-4.32,"자동차부품",3.29,1.5827464075,121874798620.0,2615.0,-6.88336520076482,,44.1758241758242,16.4912280701754,7.8,147.454552538382,2,2,0,79,"없음",43,-8.97196261682243,62,,,,0,0,,,,,0,,,0,0,2464.61844490633,2654.61844490633
20261008,013570,"디와이",KOSPI,4150.0,-0.48,"자동차부품",0.68,1.3310023,109226476950.0,4350.0,-4.59770114942529,,23.9622641509434,14.1921397379913,3.0,28.8881037895471,0,2,0,89,"없음",43,-11.8895966029724,57,,,,0,0,,,,,0,,,0,0,4298.06005658316,4298.06005658316
20261008,013580,"계룡건설",KOSPI,21150.0,-0.7,"건설",6.27,10.930519575,188888683050.0,24200.0,-12.8099173553719,,74.4867687195918,13.6842105263158,6.8,42.2916839233785,2,2,0,83,"없음",52,-14.2276422764228,53,20260702,8.40336134453781,34.7538369258406,0,0,,,,,0,,,0,0,22318.2468297121,22318.2468297121
20261008,013700,"까뮤이앤씨",KOSPI,1559.0,3.73,"건설",2.08,2.37743603,93151543970.0,1773.0,-12.5211505922166,,46.9076655052265,27.1321695760599,4.8,30.6410889099313,4,2,0,70,"없음",62,18.8505747126437,88,20260901,9.6502590673575,21.929823591885,0,0,,,,,1,1540.0,"지지 재탈환",0,0,1578.54214820055,1810.54214820055
20261008,013720,"청보",KOSDAQ,2100.0,-2.33,"자동차부품",0.13,0.1671035375,25547818800.0,2445.0,-14.1104294478528,,40.6191619962637,24.896265560166,3.8,46.7386355859327,0,2,0,59,"없음",35,-51.5123528053567,6,20260730,17.9611650485437,3.76034879183382,0,0,,,,,0,,,0,0,2132.67754192624,2162.67754192624
20261008,013810,"스페코",KOSDAQ,1507.0,-1.12,"기계",0.49,0.377547744,22085793290.0,1673.0,-9.92229527794381,,55.1002987622706,29.8507462686567,12.2,111.800143551575,0,2,0,80,"없음",30,-46.8430335097002,9,,,,0,0,,,,,0,,,0,0,1496.89461143428,1713.89461143428
20261008,013870,"지엠비코리아",KOSPI,3780.0,0.13,"자동차부품",0.27,0.5113297175,72093218400.0,4000.0,-5.5,,30.8300395256917,12.1026894865526,12.6,49.1316301394626,0,2,0,83,"없음",35,-21.25,40,,,,0,0,,,,,0,,,0,0,3764.43399524538,3794.43399524538
20261008,013890,"지누스",KOSPI,6660.0,-1.77,"가구",1.07,1.20227692,146025914580.0,7850.0,-14.140127388535,,50.2354788069074,26.2513904338154,8.6,83.6810097094794,0,2,0,82,"없음",30,-35.0048216007715,20,,,,0,0,,,,,0,,,0,0,7331.89066530351,8701.89066530351
20261008,013990,"아가방컴퍼니",KOSDAQ,5230.0,-0.38,"섬유,의류,신발,호화품",8.02,4.39719168,172001813280.0,4930.0,6.89655172413793,3.24543610547667,48.2876712328767,19.7058823529412,6.8,165.553975387959,5,2,0,82,"없음",60,13.8228941684665,86,20260721,13.1054131054131,47.46875224481,0,0,20260930,4930.0,5090.0,174.022108903971,1,4840.0,"저항→지지",0,0,4972.12896604216,4972.12896604216
20261008,014100,"메디앙스",KOSDAQ,1584.0,2.19,"화장품",0.31,0.639004601,18691200000.0,1650.0,-4.0,,18.4986595174263,26.6666666666667,8.4,67.9703516795458,1,1,0,40,"없음",36,-1.06183635227983,73,20260630,8.71236386931453,3.80866520435474,1,0,,,,,1,1535.0,"지지 재탈환",0,0,1597.05672548093,1779.05672548093
20261008,014130,"한익스프레스",KOSPI,2880.0,2.49,"항공화물운송과물류",1.46,0.56160154,34035503040.0,2730.0,4.21245421245421,2.93040293040293,62.5838926174497,18.8323917137476,10.2,237.246259434387,2,2,0,80,"없음",46,10.2713178294574,84,20260723,11.4406779661017,3.4789777609817,0,0,20261006,2730.0,2810.0,202.952177002723,1,2730.0,"저항→지지",0,0,2668.54936840886,2668.54936840886
20261008,014190,"원익큐브",KOSDAQ,1265.0,-0.08,"화학",0.42,1.3463860485,44774764815.0,1400.0,-9.5,,10.6140350877193,10.8461538461538,5.2,34.7873761834959,0,2,0,57,"없음",35,-25.4267216009417,33,20260612,9.35628742514969,3.48375749098569,0,0,,,,,1,1260.0,"저항→지지",0,0,1264.04783761068,1264.04783761068
20261008,014280,"금강공업",KOSPI,4605.0,0.22,"건축제품",5.39,43.846596535,135061688985.0,5450.0,-15.9633027522936,,19.9285075960679,16.8287937743191,9.8,29.4225076438689,0,1,0,42,"없음",26,-3.27349524815206,71,20260928,9.98864926220204,20.7353640053523,0,0,,,,,1,4520.0,"저항→지지",0,0,4869.661414398,4869.661414398
20261008,014440,"영보화학",KOSPI,4690.0,0.86,"화학",0.66,0.4544496225,93800000000.0,4825.0,-3.00518134715026,,27.8409090909091,6.34573304157549,13.0,99.6511197407855,2,1,0,82,"없음",37,2.29508196721311,77,,,,0,0,,,,,1,4650.0,"지지 재탈환",0,0,4654.92708282917,4654.92708282917
20261008,014470,"부방",KOSDAQ,1058.0,0.09,"가정용기기와용품",0.38,0.7259581665,56779136898.0,1124.0,-5.78291814946619,,32.7977315689981,12.4886052871468,4.6,35.2214393504209,0,2,0,78,"없음",45,-15.952380952381,50,20260804,14.2857142857143,3.45576421450628,0,0,,,,,1,1024.0,"저항→지지",0,0,1022.29662843494,1022.29662843494
20261008,014530,"극동유화",KOSPI,3405.0,0.15,"석유와가스",2.27,16.6480488625,118730375100.0,4000.0,-14.5,,40.7894736842105,30.8323563892145,21.8,30.6988318184716,2,1,0,56,"없음",36,-10.2362204724409,60,,,,1,0,,,,,1,3285.0,"저항→지지",0,0,3779.43964638104,3779.43964638104
20261008,014570,"고려제약",KOSDAQ,3185.0,-0.78,"제약",0.34,0.2099613225,35035000000.0,3550.0,-10.2816901408451,,1.42517814726841,10.1449275362319,10.4,172.101009905024,0,2,0,74,"없음",28,-19.2648922686945,44,,,,0,0,,,,,0,,,0,0,3297.61120182885,3297.61120182885
20261008,014580,"태경비케이",KOSPI,3940.0,-0.76,"비철금속",1.5,1.43399886,108677414000.0,3990.0,-1.8796992481203,,39.7984886649874,12.8640776699029,11.6,74.3748274461409,1,3,0,86,"없음",41,-10.7183580387685,59,,,,0,0,,,,,1,3860.0,"저항→지지",0,0,3806.73222930841,4006.73222930841
20261008,014620,"성광벤드",KOSDAQ,28850.0,-1.87,"기계",39.03,62.8784617,766179951400.0,36400.0,-20.7417582417582,,38.5735080058224,21.8370883882149,7.8,69.9404304748209,2,1,0,51,"관망",39,-20.3038674033149,42,20260826,13.5496183206107,5.45803988166523,0,0,,,,,0,,,0,0,32779.0997460918,32779.0997460918
20261008,014680,"한솔케미칼",KOSPI,270000.0,0.37,"화학",146.9,132.426498,2914389720000.0,241500.0,10.351966873706,2.48447204968944,49.2656875834446,39.6551724137931,11.6,114.463315248871,3,2,0,53,"수축중",47,-1.11317254174397,73,,,,0,0,20260929,241500.0,247500.0,158.85853042261,1,205000.0,"저항→지지",0,0,257913.829759346,257913.829759346
20261008,014710,"사조씨푸드",KOSPI,9980.0,0.2,"식품",0.3,0.45506123,171841059140.0,10070.0,-0.99304865938431,,35.6854838709677,20.9074733096085,8.0,18.8044244583754,3,2,0,60,"없음",62,42.225392296719,94,20260730,8.08823529411764,2.92278131478249,0,0,,,,,1,9400.0,"지지 재탈환",0,0,9927.93604525243,10237.9360452524
20261008,014790,"HL D&I",KOSPI,2455.0,-1.21,"건설",0.94,0.93678165,92942865455.0,2665.0,-7.69230769230769,,51.6699410609037,12.0,5.6,75.8573028325374,0,2,0,80,"없음",30,-24.3076923076923,35,,,,0,0,,,,,0,,,0,0,2470.20278882837,2555.20278882837
20261008,014820,"동원시스템즈",KOSPI,22050.0,1.85,"포장재",7.56,5.190693225,639257768100.0,23850.0,-7.33752620545073,,38.292194796531,23.3260393873085,15.8,92.5650145585755,0,1,0,68,"없음",25,-10.8870967741935,59,,,,1,0,,,,,1,21400.0,"저항→지지",0,0,20690.9671978752,22290.9671978752
20261008,014830,"유니드",KOSPI,61200.0,1.16,"화학",7.61,6.4628954,414177120000.0,67300.0,-9.50965824665676,,54.1860465116279,14.4171779141104,9.8,105.02828040038,0,2,0,71,"없음",37,-24.0648379052369,36,20260611,9.28143712574849,2.52436730291705,1,0,,,,,0,,,0,0,62235.6132108585,63735.6132108585
20261008,014910,"성문전자",KOSPI,1950.0,0.26,"전기제품",2.64,4.2682332065,42621651150.0,2150.0,-8.51162790697675,,75.8100147275405,22.8169014084507,4.4,46.5950687465241,2,2,0,79,"없음",53,30.3512259774685,91,20260703,29.9126637554585,2.54719265587172,0,0,,,,,0,,,0,0,1933.87644652102,2218.87644652102
20261008,014940,"오리엔탈정공",KOSDAQ,4360.0,-2.02,"조선",4.33,5.3581054275,198701161960.0,4945.0,-11.7290192113246,,64.3846153846154,34.8708487084871,10.0,34.6333606159968,0,1,0,76,"없음",29,-29.7101449275362,26,,,,0,0,,,,,0,,,0,0,4532.70541710092,5007.70541710092
20261008,014950,"삼익제약",KOSDAQ,7750.0,-4.32,"제약",21.4,430.014978445,78023807000.0,12050.0,-35.850622406639,,43.9343482397716,45.6428571428571,10.6,11.0341485965362,0,2,0,58,"관망",35,-20.7991803278689,41,20260915,20.4641350210971,6.67542307550703,0,0,,,,,1,7000.0,"저항→지지",0,0,10167.141961658,10167.141961658
20261008,014970,"삼륭물산",KOSDAQ,4360.0,-0.23,"포장재",0.54,5.0255688225,64637000000.0,5430.0,-19.7053406998158,,64.0729483282675,38.8793103448276,10.0,17.1309714748312,0,1,0,60,"없음",26,-49.2433061699651,7,,,,0,0,,,,,1,4355.0,"지지 재탈환",0,0,4915.76796540293,5285.76796540293
20261008,014990,"인디에프",KOSPI,3855.0,0.0,"섬유,의류,신발,호화품",4.16,15.3328024875,57912119145.0,4195.0,-8.10488676996424,,46.9421487603306,26.8694550063371,6.0,15.1035619331336,1,2,0,62,"없음",50,6.3448275862069,80,20260901,29.9837925445705,3.07067599669538,0,0,,,,,1,3580.0,"지지 재탈환",0,0,4219.96811742137,4219.96811742137
20261008,015230,"대창단조",KOSPI,6550.0,0.77,"기계",1.78,3.978552475,177790711000.0,6630.0,-0.603318250377074,,37.3033707865169,18.7106918238994,12.6,41.5983819508995,3,1,0,73,"없음",46,-0.902255639097744,73,,,,0,0,,,,,1,6420.0,"저항→지지",0,0,6566.53468858496,6566.53468858496
20261008,015360,INVENI,KOSPI,14550.0,-0.41,"가스유틸리티",3.09,2.01273576,381937500000.0,14900.0,-2.41610738255034,,54.5108005082592,15.2380952380952,15.6,92.9267350233912,3,1,0,83,"없음",42,-7.27040816326531,65,,,,0,0,,,,,0,,,0,0,14310.5402757036,14310.5402757036
20261008,015710,"코콤",KOSDAQ,2940.0,-0.34,"통신장비",0.15,0.22301671,51539670000.0,3180.0,-7.54716981132075,,51.3611615245009,22.2857142857143,6.0,11.1097901007968,0,2,0,81,"없음",40,-21.285140562249,40,,,,0,0,,,,,0,,,0,0,2936.4239495216,3256.4239495216
20261008,015750,"성우하이텍",KOSDAQ,5810.0,-1.86,"자동차부품",6.91,9.754378,464800000000.0,6100.0,-4.59016393442623,,61.0200364298725,21.0355987055016,11.6,56.1449770755261,0,3,0,86,"없음",39,-30.8788598574822,25,,,,0,0,,,,,1,5800.0,"지지 재탈환",0,0,5915.17330360289,5985.17330360289
20261008,015760,"한국전력",KOSPI,29100.0,-3.16,"전기유틸리티",445.86,436.66386835,18681154640700.0,35325.0,-17.6220806794055,,72.0967741935484,20.5479452054795,8.4,96.9180702590629,0,2,0,60,"관망",35,-29.4545454545455,26,,,,0,0,,,,,0,,,0,0,33227.4645091839,34402.4645091839
20261008,015860,"일진홀딩스",KOSPI,6930.0,-3.21,"전기장비",6.05,6.03571297,341978057190.0,7820.0,-9.59079283887468,,19.8641765704584,13.8545953360768,7.4,81.520413279679,1,3,0,88,"없음",43,5.52238805970149,80,20260824,9.62145110410095,2.58086042943145,0,0,,,,,1,7000.0,"저항→지지",0,0,7119.67776894136,7119.67776894136
20261008,015890,"태경산업",KOSPI,4815.0,-0.41,"비철금속",1.36,0.79115695,140736431250.0,4880.0,-1.63934426229508,,33.022113022113,4.8780487804878,6.8,88.3071873329161,1,1,0,75,"없음",32,-0.104058272632674,74,,,,0,0,,,,,1,4720.0,"지지 재탈환",0,0,4730.49780620826,4730.49780620826
20261008,016090,"대현",KOSPI,1426.0,0.78,"섬유,의류,신발,호화품",0.25,0.5344111115,63146574060.0,1479.0,-3.98918187964841,,13.8211382113821,27.9473684210526,19.6,20.2615664054133,0,1,0,78,"없음",31,-17.8240740740741,47,,,,1,0,,,,,1,1410.0,"지지 재탈환",0,0,1411.00136124202,1466.00136124202
20261008,016100,"리더스코스메틱",KOSDAQ,1290.0,0.08,"포장재",0.05,0.4282193765,24640153260.0,1442.0,-10.5409153952843,,27.3010226767452,32.2709163346614,7.4,4.99878339990876,0,2,0,63,"없음",43,-13.1313131313131,55,20260702,15.6214367160775,7.19105088304626,0,0,,,,,1,1197.0,"저항→지지",0,0,1215.93650946443,1279.93650946443
20261008,016250,"SGC E&C",KOSDAQ,11900.0,-0.42,"건설",0.24,0.205857835,59940133400.0,12450.0,-4.41767068273092,,45.7063711911357,21.5360253365004,10.0,56.4491184658212,0,2,0,87,"없음",43,-21.5557020435069,39,,,,0,0,,,,,0,,,0,0,13430.7565771425,13430.7565771425
20261008,016360,"삼성증권",KOSPI,86100.0,-3.69,"증권",328.02,257.4994989,7688730000000.0,91700.0,-6.32497273718648,,71.2749615975422,18.2352941176471,8.4,95.6776439139237,2,3,0,95,"관망",53,-7.2354211663067,65,,,,0,0,,,,,0,,,0,0,86301.3972898156,102801.397289816
20261008,016380,"KG스틸",KOSPI,5520.0,-1.43,"철강",10.67,14.44374035,552049111440.0,6070.0,-8.89621087314662,,26.0930888575458,12.8333333333333,7.8,73.9635207593062,2,1,0,67,"없음",35,7.17054263565892,81,,,,0,0,,,,,0,,,0,0,5675.46059625248,5675.46059625248
20261008,016450,"한세예스24홀딩스",KOSPI,4330.0,0.58,"섬유,의류,신발,호화품",0.13,0.405366205,173200000000.0,4660.0,-7.29613733905579,,37.0813397129187,13.3550488599349,15.6,23.7149797923087,2,3,0,81,"없음",52,4.34782608695652,79,,,,0,0,,,,,0,,,0,0,4306.60305394516,4466.60305394516
20261008,016580,"환인제약",KOSPI,10170.0,-0.1,"제약",1.4,2.078629955,189162711900.0,10260.0,-0.87719298245614,,43.25,7.83018867924528,7.6,38.12260684076,1,2,0,82,"없음",48,-2.11742059672762,73,,,,0,0,,,,,0,,,0,0,10076.7998396986,10216.7998396986
20261008,016590,"신대양제지",KOSPI,9110.0,1.11,"포장재",0.46,0.79268321,367113140200.0,10800.0,-16.9444444444444,,54.8977395048439,21.5668202764977,9.8,43.8571341837733,0,1,0,76,"없음",22,-29.0348101265823,27,,,,0,0,,,,,0,,,0,0,9840.24575198989,10120.2457519899
20261008,016600,"큐캐피탈",KOSDAQ,2240.0,2.75,"창업투자",0.21,0.6216669675,31273986240.0,2940.0,-23.8095238095238,,26.4890282131661,19.8473282442748,6.4,26.3943073687787,0,1,0,43,"없음",26,-35.4094579008074,19,20260611,20.4081632653061,4.25984027073051,0,0,,,,,0,,,0,0,2628.60796304193,2678.60796304193
20261008,016610,"DB증권",KOSPI,9900.0,-2.46,"증권",3.79,5.330450395,420219251100.0,10570.0,-7.09555345316935,,59.5719381688466,23.7373737373737,11.6,66.5047521732656,0,2,0,83,"없음",39,-18.0300500834725,46,,,,0,0,,,,,0,,,0,0,9958.75334663285,9958.75334663285
20261008,016670,"디모아",KOSDAQ,2620.0,-1.32,"소프트웨어",0.07,0.2479885675,26708893080.0,2840.0,-7.74647887323944,,20.7487753673898,19.6629213483146,7.4,29.5561630229147,0,2,0,76,"없음",32,-33.6708860759494,21,20260624,8.56423173803527,4.05417890700334,0,0,,,,,1,2550.0,"저항→지지",0,0,2571.53675393115,2571.53675393115
20261008,016710,"대성홀딩스",KOSPI,6990.0,1.75,"가스유틸리티",0.4,0.80778597,112465318410.0,7240.0,-4.55801104972376,,20.0626959247649,6.71328671328671,7.2,41.3268786262852,0,1,0,78,"없음",31,-17.8359096313912,47,,,,0,0,,,,,0,,,0,0,6895.82567025217,6895.82567025217
20261008,016740,"두올",KOSPI,4045.0,0.0,"자동차부품",1.83,3.3982312425,115986427080.0,4600.0,-12.0652173913043,,52.6578073089701,29.7921478060046,12.8,79.6648276577714,1,1,0,64,"없음",35,-10.9030837004405,59,20260909,8.15217391304348,25.5126394047318,1,0,,,,,1,3800.0,"저항→지지",0,0,4323.2905759141,4323.2905759141
20261008,016800,"퍼시스",KOSPI,24400.0,1.46,"가구",0.29,0.2237249,280600000000.0,28700.0,-14.9825783972125,,9.01639344262295,19.5876288659794,16.4,141.212569150485,0,3,0,81,"없음",29,-35.6200527704486,19,,,,0,0,,,,,1,24100.0,"지지 재탈환",0,0,26493.7728067726,26493.7728067726
20261008,016880,"웅진",KOSPI,1788.0,-1.38,"출판",1.57,1.7491727135,142909619040.0,1900.0,-4.73684210526316,,54.2832544123978,22.2988505747126,10.0,66.7765530624091,0,1,0,57,"없음",31,-32.962962962963,22,,,,0,0,,,,,1,1801.0,"지지 재탈환",0,0,1833.28844484518,2083.28844484518
20261008,016920,"카스",KOSDAQ,1021.0,0.1,"전자장비와기기",0.18,0.84765347,26238405372.0,1154.0,-11.525129982669,,15.4450261780105,7.37240075614367,8.4,17.2037901179422,2,1,0,64,"없음",39,6.13305613305613,80,,,,0,0,,,,,0,,,0,0,1068.51345177329,1068.51345177329
20261008,017000,"신원종합개발",KOSDAQ,2290.0,-2.76,"건설",0.26,0.5748973625,26719781830.0,2650.0,-13.5849056603774,,68.5284640171858,41.6543574593796,12.8,20.7462122571975,0,1,0,71,"없음",30,-21.1703958691911,40,20260702,29.938900203666,72.5039066471366,0,0,,,,,0,,,0,0,2417.26715043716,2482.26715043716
20261008,017180,"명문제약",KOSPI,1270.0,-3.42,"제약",0.93,4.3018169055,43120886580.0,1533.0,-17.1559034572733,,54.251497005988,8.94117647058824,7.0,33.5159818274657,0,1,0,51,"없음",26,-30.10456796918,26,,,,0,0,,,,,1,1253.0,"저항→지지",0,0,1392.58494808072,1394.58494808072
20261008,017250,"인터엠",KOSDAQ,1115.0,5.59,"전자장비와기기",0.18,0.216727398,23465695705.0,1115.0,0.0,,29.4438386041439,8.96091515729266,7.8,50.2488901238608,4,1,0,53,"없음",53,5.28800755429651,80,,,,1,0,,,,,1,1070.0,"저항→지지",0,0,1190.22690261202,1190.22690261202
20261008,017370,"우신시스템",KOSPI,3750.0,2.04,"자동차부품",0.47,0.370198915,68677702500.0,4100.0,-8.53658536585366,,27.8993435448578,27.9651795429815,11.6,84.0458676911544,0,2,0,74,"없음",33,-33.392539964476,21,,,,1,0,,,,,1,3460.0,"지지 재탈환",0,0,3676.02615710202,3926.02615710202
20261008,017390,"서울가스",KOSPI,53900.0,-0.55,"가스유틸리티",1.8,2.77785855,266805000000.0,65000.0,-16.9230769230769,,0.378787878787877,21.0365853658537,21.0,73.470869751612,0,1,0,74,"없음",22,-12.3376623376623,56,,,,0,0,,,,,0,,,0,0,61665.6743873488,61665.6743873488
20261008,017480,"삼현철강",KOSDAQ,4625.0,-0.64,"철강",0.3,0.98149431,71423366250.0,4965.0,-6.84793554884189,,51.5988372093023,8.97832817337461,10.0,29.3905561871041,3,1,0,72,"없음",42,1.9845644983462,77,,,,0,0,,,,,0,,,0,0,4745.25209678476,4870.25209678476
20261008,017510,"세명전기",KOSDAQ,7530.0,-1.83,"전기장비",6.81,14.584107525,114802380000.0,8190.0,-8.05860805860806,,48.7360970677452,19.7166469893743,7.4,39.8283431001684,0,1,0,72,"없음",33,-14.139110604333,53,20260805,15.4205607476636,14.2421980900742,0,0,,,,,0,,,0,0,7618.70186453777,7688.70186453777
20261008,017550,"수산세보틱스",KOSPI,1777.0,-3.16,"기계",2.93,3.268123569,110883254010.0,1879.0,-4.78978179882916,,62.7155172413793,17.2429906542056,5.6,56.821404522245,2,2,0,91,"없음",55,-6.91987513007284,66,20260612,16.2280701754386,3.15836334595403,0,0,,,,,0,,,0,0,1777.07857977965,1997.07857977965
20261008,017670,"SK텔레콤",KOSPI,84500.0,-3.32,"무선통신서비스",561.23,602.267331,18149759478500.0,106500.0,-20.9389671361502,,73.7430167597765,28.030303030303,9.8,54.9312965891313,2,1,0,61,"관망",45,8.22622107969152,82,20260602,11.5864527629234,6.15253061689911,0,0,,,,,0,,,0,0,87025.4421782105,99225.4421782105
20261008,017800,"현대엘리베이터",KOSPI,70300.0,-2.36,"기계",97.76,59.60245095,2748194665500.0,76200.0,-7.8740157480315,,57.516339869281,13.125,6.6,122.298609633928,0,3,0,94,"없음",39,-17.0212765957447,48,,,,0,0,,,,,0,,,0,0,72460.6312055231,76260.6312055231
20261008,017810,"풀무원",KOSPI,8710.0,-0.34,"식품",0.86,1.88664605,332029920820.0,11320.0,-23.0565371024735,,58.3710407239819,12.4236252545825,7.0,34.1327059040009,0,1,0,56,"없음",26,-26.1864406779661,32,,,,0,0,,,,,0,,,0,0,10767.6516187018,10767.6516187018
20261008,017860,"DS단석",KOSPI,12880.0,-1.98,"화학",7.47,11.060599305,227378805920.0,13200.0,-2.8030303030303,,40.3798513625103,13.9280125195618,7.4,62.7995219131824,0,1,0,82,"없음",27,-33.8318720990201,21,,,,0,0,,,,,1,12260.0,"저항→지지",0,0,12193.0964095419,12193.0964095419
20261008,017890,"한국알콜",KOSDAQ,16230.0,0.93,"화학",21.14,12.00876061,335531002380.0,16420.0,-1.21802679658952,,30.0,20.0122963418383,7.6,157.452232965699,5,1,0,77,"없음",52,59.9605522682446,95,,,,0,0,,,,,1,15000.0,"저항→지지",0,0,15273.3397105063,15273.3397105063
20261008,017940,E1,KOSPI,91200.0,-0.22,"가스유틸리티",4.42,7.9451008,625632000000.0,99800.0,-8.51703406813627,,26.7405063291139,15.2083333333333,10.0,58.5592424911661,2,1,0,56,"없음",35,-7.59109311740891,65,,,,0,0,,,,,1,90300.0,"지지 재탈환",0,0,93394.2461238572,93394.2461238572
20261008,017960,"한국카본",KOSPI,19240.0,-4.99,"조선",45.45,33.668106865,994255590640.0,21100.0,-8.72037914691943,,61.6761904761905,24.9797570850202,10.0,104.580298409944,0,1,0,56,"없음",27,-51.3636363636364,6,,,,0,0,,,,,0,,,0,0,21353.3742046323,24103.3742046323
20261008,018000,"유니슨",KOSDAQ,1126.0,-4.09,"에너지장비및서비스",12.85,17.466421772,328692998702.0,1219.0,-7.87530762920427,,37.8186968838527,24.3081525804039,5.4,41.3546914621313,2,1,0,53,"없음",43,-24.6308724832215,34,20260827,9.82658959537572,5.70862353688132,0,0,,,,,0,,,0,0,1165.22517900081,1202.22517900081
20261008,018120,"진로발효",KOSDAQ,16780.0,0.6,"음료",0.11,0.1043293,111102393600.0,16990.0,-1.23602118893467,,0.0,5.80568720379147,9.8,64.7878810774055,1,1,0,65,"없음",32,-3.00578034682081,71,,,,0,0,,,,,1,16700.0,"저항→지지",0,0,16416.5673509345,16416.5673509345
20261008,018250,"애경산업",KOSPI,11120.0,-1.24,"화장품",2.32,2.14182547,293678477200.0,13120.0,-15.1676829268293,,57.7565632458234,11.6438356164384,10.8,51.218278187466,0,1,0,50,"없음",26,-23.0290456431535,37,,,,0,0,,,,,0,,,0,0,11148.2222695873,12498.2222695873
20261008,018260,"삼성에스디에스",KOSPI,196500.0,-5.07,"IT서비스",518.36,316.2943637,15204737700000.0,229500.0,-14.5533769063181,,54.5178105994787,20.1226993865031,7.0,117.013104812798,3,3,0,92,"관망",59,30.2124833997344,91,20260601,21.0702341137124,3.33175216217927,0,0,,,,,0,,,0,0,222906.958468775,225906.958468775
20261008,018290,"브이티",KOSDAQ,13110.0,-4.31,"화장품",44.5,23.34227913,458087496180.0,11910.0,9.82367758186398,2.85474391267842,47.7464788732394,20.3316510454218,5.0,149.208676679429,0,2,0,83,"없음",30,-12.4497991967871,56,,,,0,0,20260929,11910.0,12250.0,208.613285131666,1,11910.0,"저항→지지",0,0,12746.3053851749,14346.3053851749
20261008,018310,"삼목에스폼",KOSDAQ,15010.0,0.74,"건축제품",1.07,2.46633051,220647000000.0,15240.0,-1.50918635170604,,62.0036101083033,14.256480218281,10.0,56.2810964881857,0,3,0,85,"없음",36,-19.5174262734584,44,,,,1,0,,,,,1,14900.0,"저항→지지",0,0,14651.9798375026,14651.9798375026
20261008,018470,"조일알미늄",KOSPI,5290.0,-0.19,"비철금속",5.24,4.7762135625,133976359760.0,5390.0,-2.22634508348794,,44.6644664466447,9.84455958549223,11.6,79.9797883596448,0,1,0,41,"없음",31,-24.768022840828,34,,,,0,0,,,,,1,5200.0,"저항→지지",0,0,5099.00658222122,5219.00658222122
20261008,018500,"동원모빌리티",KOSPI,1313.0,0.15,"자동차부품",0.85,0.7359139695,61389227029.0,1682.0,-21.9976218787158,,0.0,12.1574139142656,10.0,116.41873884063,1,1,0,36,"없음",27,-14.5276872964169,53,,,,0,0,,,,,0,,,0,0,1540.16659262649,1540.16659262649
20261008,018620,"우진비앤지",KOSDAQ,2660.0,-1.3,"제약",0.25,0.2771057325,18441732120.0,2900.0,-8.27586206896552,,47.8580171358629,11.304347826087,3.0,45.8189437814214,0,2,0,65,"없음",37,-8.74785591766724,63,20260818,12.6953125,4.10992136059302,0,0,,,,,0,,,0,0,2629.7096899797,2629.7096899797
20261008,018670,"SK가스",KOSPI,268000.0,-0.92,"가스유틸리티",47.41,28.865201,2484157392000.0,260000.0,3.65384615384615,4.03846153846154,39.5106479383779,27.9044117647059,10.0,136.414370260057,3,1,0,81,"없음",50,4.45736434108527,79,20260723,13.8157894736842,2.62924495726429,0,0,20261007,260000.0,270500.0,233.640992614973,1,245000.0,"저항→지지",0,0,254109.822112004,254109.822112004
20261008,018680,"서울제약",KOSDAQ,1933.0,-0.05,"제약",0.19,0.0990398675,22537463627.0,2055.0,-5.10948905109489,,64.8401826484018,23.2067510548523,12.4,128.648818961662,0,3,0,94,"없음",40,-28.0442804428044,29,,,,0,0,,,,,1,1932.0,"지지 재탈환",0,0,1861.02093778874,2102.02093778874
20261008,018700,"졸스",KOSDAQ,1270.0,-1.4,"화장품",0.15,0.1764453875,21237270200.0,1497.0,-15.1636606546426,,74.8060812907229,32.1328081035453,9.8,40.7697402419773,0,1,0,66,"없음",30,-20.5256570713392,42,20260723,29.9319727891157,4.71668713263275,0,0,,,,,0,,,0,0,1340.19420348795,1620.19420348795
20261008,018880,"한온시스템",KOSPI,4010.0,4.02,"자동차부품",535.31,247.782704965,4115267881420.0,3590.0,11.9777158774373,1.53203342618384,31.0051546391753,21.6073781291173,10.2,271.694279424093,2,3,0,75,"관망",50,6.91489361702128,81,20260930,9.45736434108526,9.09088326517895,0,0,20261001,3590.0,3645.0,511.16220585499,1,3460.0,"저항→지지",0,0,3649.49436045424,3649.49436045424
20261008,019010,"베뉴지",KOSDAQ,4365.0,0.92,"호텔,레스토랑,레저",2.33,10.3004862175,210393000000.0,5190.0,-15.8959537572254,,55.1482059282371,29.1952054794521,6.4,10.974895482651,2,2,0,88,"없음",52,-8.2018927444795,64,20260818,29.8245614035088,42.2636092494862,0,0,,,,,0,,,0,0,4672.91930169622,5322.91930169622
20261008,019170,"신풍제약",KOSPI,9860.0,-10.45,"제약",79.69,48.327175245,516846626920.0,12050.0,-17.9253112033195,,50.188679245283,22.0024721878863,9.8,161.570897681906,0,1,0,51,"없음",29,-3.60623781676413,70,20261007,8.32507433102081,12.9292271511922,0,0,,,,,1,9080.0,"지지 재탈환",0,0,10157.57710822,10957.57710822
20261008,019180,"티에이치엔",KOSPI,4980.0,-0.1,"자동차부품",1.51,3.060909755,89640000000.0,5430.0,-9.48434622467772,,67.2828096118299,25.948406676783,7.0,33.1531255434939,0,2,0,78,"없음",39,-34.0268456375839,21,,,,0,0,,,,,0,,,0,0,5053.18816567033,6213.18816567033
20261008,019210,"와이지-원",KOSDAQ,12120.0,-3.04,"기계",44.26,61.30799474,450787983360.0,13280.0,-8.81024096385542,,77.0813844714687,41.4285714285714,6.8,50.6085901887784,2,2,0,57,"관망",50,-9.69425801640567,61,20260814,9.50090198436559,2.5798879283801,0,0,,,,,0,,,0,0,12742.036427441,22772.036427441
20261008,019540,"일지테크",KOSDAQ,5080.0,2.11,"자동차부품",1.04,1.18356509,68648580000.0,5200.0,-2.30769230769231,,62.241054613936,29.6376811594203,7.2,41.5179663466134,2,2,0,88,"없음",53,-17.5324675324675,47,,,,1,0,,,,,0,,,0,0,5078.66611322821,6508.66611322821
20261008,019550,"SBI인베스트먼트",KOSDAQ,918.0,0.99,"창업투자",1.65,1.7736385975,73956810132.0,1180.0,-22.2033898305085,,7.35107731305449,16.1985018726592,6.8,83.7623865197822,0,1,0,42,"없음",26,-22.7272727272727,38,20260622,11.3561190738699,3.05344028801515,0,0,,,,,0,,,0,0,1094.06131715942,1094.06131715942
20261008,019570,"GMI벤처",KOSDAQ,2840.0,-4.38,"창업투자",0.32,0.31201085,29840678040.0,3100.0,-8.2258064516129,,1.74563591022444,16.1936560934891,6.2,59.384728128805,2,1,0,49,"없음",39,-20.1963534361851,43,,,,0,0,,,,,1,2785.0,"지지 재탈환",0,0,3226.58167112758,3226.58167112758
20261008,019660,"글로본",KOSDAQ,1440.0,0.7,"판매업체",0.35,0.461790723,20079839520.0,1530.0,-5.88235294117647,,62.6527840651879,31.010101010101,11.0,81.5496787767714,0,3,0,77,"없음",36,-33.3333333333333,22,,,,0,0,,,,,0,,,0,0,1387.03231565391,1820.03231565391
20261008,019680,"대교",KOSPI,1644.0,1.99,"교육서비스",0.41,0.334026071,66144449400.0,1713.0,-4.08639813193228,,51.4164305949009,22.1287128712871,11.0,108.775234036537,0,1,0,48,"없음",31,-48.0392156862745,9,20260806,9.52868852459017,6.48652998606255,1,0,,,,,0,,,0,0,1922.68779706014,2168.68779706014
20261008,019770,"서연탑메탈",KOSDAQ,3275.0,0.15,"자동차부품",0.11,0.2394230475,38153750000.0,3365.0,-2.67459138187221,,59.469696969697,13.8888888888889,8.0,21.3961631985993,0,2,0,82,"없음",43,-12.6666666666667,56,,,,0,0,,,,,1,3230.0,"지지 재탈환",0,0,3205.62160618414,3405.62160618414
20261008,019990,"에너토크",KOSDAQ,5350.0,-6.3,"기계",4.69,8.539478845,52195070800.0,5690.0,-6.15114235500879,,30.4347826086956,22.1518987341772,3.8,101.394551276443,0,2,0,63,"없음",35,-35.5850422195416,19,20260908,13.0524152106886,31.9371764259213,0,0,,,,,1,5160.0,"지지 재탈환",0,0,5656.4184368051,5656.4184368051
20261008,020000,"한섬",KOSPI,21600.0,-0.46,"섬유,의류,신발,호화품",16.52,32.34822981,463903070400.0,22200.0,-4.05405405405405,,38.3076281784077,41.1067193675889,12.4,51.8539247453728,2,2,0,75,"없음",45,-7.79220779220779,64,20260918,10.3985056039851,8.24374737795292,0,0,,,,,1,16430.0,"저항→지지",0,0,20470.6890036361,20470.6890036361
20261008,020120,"키다리스튜디오",KOSPI,6910.0,3.6,"양방향미디어와서비스",60.94,47.60514924,256110623060.0,8970.0,-23.4113712374582,,10.1060070671378,15.4522613065327,7.6,135.175926818979,4,1,0,36,"없음",49,111.384615384615,98,20260825,8.8235294117647,8.65850593437282,0,0,,,,,1,6390.0,"저항→지지",0,0,7929.84704775438,7929.84704775438
20261008,020150,"롯데에너지머티리얼즈",KOSPI,55100.0,2.61,"전자장비와기기",337.88,165.639603,2885337011300.0,44700.0,24.1610738255034,14.3176733780761,12.6425855513308,17.936694021102,4.8,219.910522457491,3,3,0,73,"관망",42,41.4012738853503,94,20261002,19.5321637426901,5.26522606628187,0,0,20261002,44700.0,51100.0,601.554635336056,1,44700.0,"저항→지지",0,0,48755.1861261916,48755.1861261916
20261008,020180,"대신정보통신",KOSDAQ,3860.0,0.13,"IT서비스",0.81,0.7672357175,29667122380.0,4225.0,-8.04733727810651,,18.3016105417277,30.6691449814126,6.6,79.6379940818438,0,1,0,66,"없음",29,-24.4897959183673,35,,,,0,0,,,,,0,,,0,0,4003.36048704993,5013.36048704993
20261008,020400,"대동금속",KOSDAQ,2480.0,-3.12,"자동차부품",0.39,0.3705147875,22502359360.0,2800.0,-11.25,,50.5924170616114,28.1976744186047,7.8,38.0805990063806,1,1,0,69,"없음",38,-48.5932974762102,8,20260810,9.09090909090908,14.7728659221358,0,0,,,,,0,,,0,0,2717.41596940886,3117.41596940886
20261008,020560,"아시아나항공",KOSPI,8230.0,-0.12,"항공사",14.57,10.785524185,1695303551530.0,8620.0,-4.87238979118329,,40.6807131280389,17.617237008872,12.6,136.406788949052,3,3,0,78,"없음",53,18.8405797101449,88,20260922,8.3224967490247,3.7597014675821,0,0,,,,,1,8030.0,"저항→지지",0,0,8061.78158103431,8061.78158103431
20261008,020710,"시공테크",KOSDAQ,3650.0,0.69,"호텔,레스토랑,레저",1.24,11.05936383,73175090500.0,4625.0,-21.0810810810811,,31.5301391035549,15.2866242038217,8.4,17.9999396512458,0,1,0,47,"없음",22,-7.36040609137056,65,,,,0,0,,,,,0,,,0,0,4290.68111287457,4290.68111287457
20261008,021040,"대호특수강",KOSDAQ,958.0,4.47,"철강",1.05,0.2796988335,20793173492.0,1050.0,-9.33333333333333,,19.6302816901408,26.9456066945607,3.0,278.516553897498,0,2,0,54,"없음",39,-19.8653198653199,43,20260810,20.042872454448,13.9438946728449,1,0,,,,,0,,,0,0,1063.23689323556,1063.23689323556
20261008,021050,"서원",KOSPI,1110.0,-0.98,"비철금속",0.64,1.5889011565,52696794900.0,1180.0,-7.11864406779661,,26.8564356435644,18.4331797235023,13.4,29.7716889142387,2,1,0,74,"없음",35,-6.72340425531915,66,,,,0,0,,,,,1,1081.0,"지지 재탈환",0,0,1093.2989549201,1094.2989549201
20261008,021080,"에이티넘인베스트",KOSDAQ,2040.0,-0.24,"창업투자",1.9,2.7687112775,97920000000.0,2140.0,-5.14018691588785,,62.8712871287129,19.2224622030238,11.6,51.5500840595106,0,1,0,63,"없음",27,-30.8347529812606,25,,,,0,0,,,,,0,,,0,0,2071.98728112811,2296.98728112811
20261008,021240,"코웨이",KOSPI,101000.0,-1.17,"가정용기기와용품",162.45,203.89627045,7147510026000.0,109200.0,-8.15018315018315,,30.4347826086956,7.97244094488189,5.4,85.7359707763077,5,1,0,59,"관망",54,39.4993045897079,93,,,,0,0,,,,,1,100000.0,"저항→지지",0,0,100886.902834104,100886.902834104
20261008,021320,"KCC건설",KOSDAQ,5540.0,0.36,"건설",1.41,1.41218949,118556000000.0,6240.0,-12.0192307692308,,36.5486058779201,15.0892857142857,10.2,139.071924786602,2,1,0,72,"없음",32,-12.7186009538951,56,,,,0,0,,,,,0,,,0,0,5641.24697449852,5641.24697449852
20261008,021650,"한국큐빅",KOSDAQ,1943.0,0.36,"자동차부품",0.01,0.0824615315,31769143909.0,1999.0,-2.80140070035018,,56.2978427279054,11.6009280742459,7.2,13.5605697376514,0,2,0,82,"없음",30,-11.2785388127854,58,,,,0,0,,,,,0,,,0,0,1906.41509700806,2156.41509700806
20261008,021820,"세원정공",KOSPI,10460.0,-0.1,"자동차부품",0.64,0.60232344,104600000000.0,11130.0,-6.01976639712489,,35.9947643979058,11.6007194244604,7.0,57.976383861989,0,3,0,94,"없음",45,-25.5516014234875,33,,,,0,0,,,,,1,10400.0,"저항→지지",0,0,10321.3501724596,10461.3501724596
20261008,021880,"메이슨캐피탈",KOSDAQ,1199.0,3.1,"기타금융",0.08,0.28234927,25440909560.0,1503.0,-20.292747837658,,25.4372019077901,20.0,2.8,15.6938451254808,0,2,0,73,"없음",38,-60.2653399668325,3,,,,0,0,,,,,1,1192.0,"지지 재탈환",0,0,1306.27080236333,1306.27080236333
20261008,022100,"포스코DX",KOSPI,20950.0,-0.48,"IT서비스",51.37,59.911963785,3185127572550.0,22150.0,-6.09480812641084,,55.8985200845666,18.6699507389163,10.2,33.4769968354474,0,2,0,73,"없음",50,-31.0116086235489,25,20260601,19.2604006163328,12.7585836023197,0,0,,,,,1,20650.0,"지지 재탈환",0,0,20637.5798593675,20637.5798593675
20261008,022220,"티케이지애강",KOSDAQ,817.0,-0.73,"건축제품",0.04,0.6434822265,42316171043.0,865.0,-5.54913294797688,,61.7272727272727,20.5202312138728,7.6,3.20185931676661,5,2,0,75,"없음",72,-8.61297539149888,63,20260901,14.4871794871795,59.1004330624204,0,0,,,,,1,638.0,"저항→지지",0,0,832.303693026028,832.303693026028
20261008,023000,"삼원강재",KOSPI,2205.0,0.68,"자동차부품",0.79,0.3046407675,87626602980.0,2240.0,-1.78571428571429,,10.360884749709,7.23684210526316,7.4,144.305641809583,0,2,0,79,"없음",39,-3.08370044052863,71,,,,0,0,,,,,1,2165.0,"지지 재탈환",0,0,2156.32324322885,2176.32324322885
20261008,023150,"MH에탄올",KOSPI,4600.0,1.32,"음료",0.81,0.60569692,28526591800.0,4800.0,-3.95833333333333,,9.06002265005662,17.3404255319149,5.8,191.104083823027,1,2,0,55,"없음",40,9.50118764845606,83,20261001,10.6227106227106,32.4233198657031,0,0,,,,,1,4430.0,"저항→지지",0,0,4349.45252798105,4349.45252798105
20261008,023160,"태광",KOSDAQ,26350.0,-1.31,"기계",26.42,60.69115605,681601826700.0,29650.0,-11.4671163575042,,30.2884615384615,20.2783300198807,7.6,56.9466373999231,2,1,0,74,"관망",39,-30.4635761589404,25,20260826,9.17225950782998,5.0135203798848,0,0,,,,,0,,,0,0,26370.8077725169,26370.8077725169
20261008,023350,"한국종합기술",KOSPI,3635.0,-2.28,"건설",0.56,0.61146606,39803250000.0,4200.0,-13.0952380952381,,39.9049881235154,28.6631016042781,13.0,74.0581594875545,0,1,0,76,"없음",22,-20.3056768558952,42,,,,0,0,,,,,0,,,0,0,3849.44225574555,3999.44225574555
20261008,023410,"유진기업",KOSDAQ,3215.0,-0.62,"건축자재",4.79,6.559624245,248554424545.0,3845.0,-16.2548764629389,,81.1175337186898,36.2850971922246,13.0,51.7385083033181,0,1,0,61,"없음",30,-17.1171171171171,48,20260701,29.9280575539568,8.43865097320052,0,0,,,,,0,,,0,0,3625.9288989131,3625.9288989131
20261008,023450,"동남합성",KOSPI,31400.0,-0.32,"화학",0.12,0.268990525,109900000000.0,32650.0,-3.82848392036753,,38.5852090032154,8.16326530612245,11.2,33.3708936465286,4,1,0,72,"없음",51,3.80165289256198,78,,,,0,0,,,,,0,,,0,0,31148.693916274,31148.693916274
20261008,023530,"롯데쇼핑",KOSPI,97500.0,-1.52,"백화점과일반상점",65.86,157.5795711,2758153612500.0,122300.0,-20.3597710547833,,68.4589534325492,54.4174757281553,15.8,42.9183571827701,2,1,0,64,"관망",39,-4.78983382209189,69,,,,0,0,,,,,0,,,0,0,109942.392001264,135142.392001264
20261008,023590,"다우기술",KOSPI,36500.0,-3.18,"증권",16.08,17.81336095,1579986888000.0,39150.0,-6.76883780332056,,53.1946508172363,18.5372005044136,10.0,108.568634520499,1,1,0,71,"없음",32,-18.34451901566,46,,,,0,0,,,,,0,,,0,0,39160.4771948306,39160.4771948306
20261008,023600,"삼보판지",KOSDAQ,9010.0,0.0,"포장재",1.35,0.804029485,144234783000.0,9700.0,-7.11340206185567,,40.9274193548387,7.96277145811789,5.8,102.124804415855,0,1,0,72,"없음",25,-4.85744456177402,69,,,,0,0,,,,,0,,,0,0,9240.84380418422,9240.84380418422
20261008,023760,"한국캐피탈",KOSDAQ,1406.0,0.21,"기타금융",0.44,0.5929383115,221873531928.0,1459.0,-3.70116518163125,,56.1422413793104,38.1193124368049,21.6,63.9354147566141,0,2,0,69,"없음",33,-24.217907227616,35,,,,0,0,,,,,0,,,0,0,1407.03906084214,1407.03906084214
20261008,023770,"플레이위드",KOSDAQ,2745.0,4.17,"게임엔터테인먼트",1.23,0.600595895,24558128775.0,3430.0,-19.9708454810496,,24.2274412855377,10.6719367588933,8.8,137.762438528191,1,1,0,40,"없음",31,-10.4404567699837,60,20260901,11.6379310344828,15.1008516881468,0,0,,,,,1,2350.0,"저항→지지",0,0,3054.37144609496,3054.37144609496
20261008,023790,"동일스틸럭스",KOSDAQ,1509.0,-4.07,"철강",4.63,16.550804516,19722340272.0,2120.0,-28.8207547169811,,57.2536217098551,50.9864603481625,10.4,34.5973063006662,0,2,0,53,"없음",30,-27.4170274170274,30,20260930,31.3477289650037,2.50906831113439,0,0,,,,,1,1400.0,"지지 재탈환",0,0,1783.86140062252,2248.86140062252
20261008,023800,"인지컨트롤스",KOSPI,5010.0,-0.2,"자동차부품",0.84,1.177478525,79204076970.0,5160.0,-2.13178294573643,,65.2642934196332,14.8767605633803,6.0,47.7763617767228,0,2,0,86,"없음",35,-22.9007633587786,37,,,,0,0,,,,,0,,,0,0,5086.8142054709,5366.8142054709
20261008,023810,"인팩",KOSPI,5390.0,0.19,"자동차부품",0.31,0.56981263,53900000000.0,5460.0,-1.28205128205128,,30.2752293577982,10.4145601617796,9.8,38.6805763897168,0,3,0,92,"없음",39,-29.8177083333333,26,,,,1,0,,,,,1,5260.0,"저항→지지",0,0,5044.89395901223,5184.89395901223
20261008,023900,"풍국주정",KOSDAQ,7240.0,1.4,"화학",0.22,0.81076661,91224000000.0,8160.0,-11.2745098039216,,3.16205533596838,21.1165048543689,11.6,32.8623621029394,0,1,0,57,"없음",29,-26.497461928934,31,,,,1,0,,,,,1,7110.0,"지지 재탈환",0,0,7586.23524306264,7586.23524306264
20261008,023910,"대한약품",KOSDAQ,25850.0,-0.19,"제약",1.1,1.069974175,155100000000.0,26500.0,-2.45283018867925,,28.8065843621399,8.98876404494382,9.6,64.1400028153912,0,1,0,73,"없음",27,-9.61538461538462,61,,,,0,0,,,,,0,,,0,0,25902.1184205175,26302.1184205175
20261008,023960,"에쓰씨엔지니어링",KOSPI,1030.0,2.69,"건설",0.11,0.2622500715,39177052190.0,1130.0,-11.3274336283186,,0.0,13.4709931170108,9.8,42.1123580001539,0,1,0,48,"없음",29,-25.55720653789,33,,,,0,0,,,,,0,,,0,0,1062.18046401222,1062.18046401222
20261008,024060,"흥구석유",KOSDAQ,12420.0,2.05,"석유와가스",100.92,555.233679355,186300000000.0,17310.0,-28.1340265742345,,55.2524429967427,16.5217391304348,6.8,32.0453527344472,2,1,0,52,"관망",45,-42.540415704388,12,20260910,20.0165425971877,11.080103901068,0,0,,,,,1,12330.0,"저항→지지",0,0,15446.2623212888,15446.2623212888
20261008,024070,WISCOM,KOSPI,1950.0,-1.22,"화학",0.1,0.265815184,29886554100.0,2185.0,-8.23798627002288,,10.537542662116,22.72,1.8,26.1187880482823,3,2,0,52,"없음",55,-0.496277915632754,74,,,,0,0,,,,,1,1935.0,"지지 재탈환",0,0,2255.43289224109,2255.43289224109
20261008,024090,"디씨엠",KOSPI,11380.0,0.26,"비철금속",0.31,0.232293655,129732000000.0,11880.0,-3.95622895622896,,42.3764458464774,14.0116763969975,10.8,70.5235834250896,1,2,0,90,"없음",48,-7.16029292107404,65,,,,0,0,,,,,0,,,0,0,11421.4978840736,11791.4978840736
20261008,024110,"기업은행",KOSPI,19900.0,-1.0,"은행",237.64,167.242922775,15868774793100.0,21050.0,-5.46318289786223,,56.6694283347142,10.8352144469526,11.0,125.948782182121,0,3,0,89,"관망",40,-8.08314087759815,64,,,,0,0,,,,,0,,,0,0,20399.3192035689,21249.3192035689
20261008,024120,"KB오토시스",KOSDAQ,3060.0,0.0,"자동차부품",0.33,0.196582115,35190000000.0,3240.0,-5.55555555555556,,32.0,6.43642072213501,5.0,88.5159420100611,0,1,0,71,"없음",27,-16.8478260869565,49,,,,0,0,,,,,0,,,0,0,3079.70100318122,3119.70100318122
20261008,024720,"콜마홀딩스",KOSPI,9360.0,0.97,"화장품",4.1,1.809663325,321012984240.0,9670.0,-3.205791106515,,44.3795620437956,18.8003581020591,7.4,77.8207574061561,2,3,0,97,"없음",56,8.45886442641947,82,,,,0,0,,,,,0,,,0,0,9391.92833035702,10521.928330357
20261008,024740,"한일단조",KOSDAQ,2160.0,0.0,"자동차부품",1.43,3.2599021975,71057625840.0,2410.0,-11.4107883817427,,34.1728677733257,24.2424242424242,10.0,41.884093167126,2,1,0,75,"없음",39,-27.3809523809524,30,20260907,10.4368932038835,10.7988053927608,0,0,,,,,1,2125.0,"저항→지지",0,0,2221.99584833975,2221.99584833975
20261008,024800,"유성티엔에스",KOSDAQ,4360.0,1.16,"도로와철도운송",2.01,1.5070264875,153582613200.0,4850.0,-10.1030927835052,,21.4983713355049,9.86842105263158,6.0,145.99939046166,4,1,0,44,"없음",49,13.2467532467532,86,20260528,29.8588490770901,29.3239116766316,0,0,,,,,1,4320.0,"지지 재탈환",0,0,4417.1783109399,4417.1783109399
20261008,024830,"세원물산",KOSDAQ,8120.0,1.0,"자동차부품",0.14,0.22305148,67802000000.0,10740.0,-23.9292364990689,,14.3805309734513,12.9347826086957,6.2,63.2315702195364,0,2,0,72,"없음",25,-27.1836007130125,30,,,,0,0,,,,,0,,,0,0,9753.44600348548,9753.44600348548
20261008,024850,"HLB이노베이션",KOSDAQ,18470.0,2.73,"반도체와반도체장비",78.25,70.593719555,637953264370.0,19980.0,-7.25725725725726,,0.0,21.1751018033741,3.2,155.086658894425,3,2,0,42,"수축중",50,-18.5494505494506,45,20260928,29.8153034300792,5.75343989365409,0,0,,,,,1,17190.0,"저항→지지",0,0,16690.5015784896,16690.5015784896
20261008,024880,"케이피에프",KOSDAQ,3840.0,0.26,"기계",0.96,1.66203655,76575836160.0,4055.0,-4.68557336621455,,8.60585197934596,17.1464330413016,13.4,64.5552459744052,0,1,0,71,"없음",27,-24.3639921722114,35,,,,0,0,,,,,0,,,0,0,3774.78990170025,3774.78990170025
20261008,024900,"디와이덕양",KOSPI,2165.0,-0.69,"자동차부품",1.34,5.504512185,70503181700.0,2275.0,-3.95604395604396,,0.0,21.9477434679335,13.0,43.5335508315921,2,3,0,73,"없음",48,14.6981627296588,86,20260916,14.0402843601896,52.1243377721043,0,0,,,,,1,2170.0,"저항→지지",0,0,2090.09215589932,2090.09215589932
20261008,024910,"경창산업",KOSDAQ,1502.0,0.13,"자동차부품",0.66,0.515333465,53800145510.0,1599.0,-6.06629143214509,,42.4287856071964,16.7524299599771,6.6,58.908088166595,1,2,0,87,"없음",48,-28.4761904761905,28,,,,0,0,,,,,1,1471.0,"지지 재탈환",0,0,1473.92022100831,1618.92022100831
20261008,024940,"PN풍년",KOSDAQ,2035.0,-1.45,"가정용기기와용품",0.62,2.3219987965,20350000000.0,2305.0,-11.7136659436009,,65.3088480801336,40.7333333333333,10.8,40.1760348845571,0,1,0,67,"없음",33,-45.5153949129853,10,20260716,29.8076923076923,31.7108429972542,0,0,,,,,1,1955.0,"저항→지지",0,0,2141.65069130574,2836.65069130574
20261008,024950,"삼천리자전거",KOSDAQ,4145.0,-0.6,"레저용장비와제품",0.13,1.4442148325,51398000000.0,4850.0,-14.8453608247423,,24.8587570621469,37.1910112359551,16.0,5.4496247210172,0,1,0,56,"없음",30,-6.66666666666667,66,20260818,8.27505827505828,13.7036926999492,0,0,,,,,0,,,0,0,4435.38354366332,4625.38354366332
20261008,025000,"KPX케미칼",KOSPI,59600.0,1.71,"화학",1.75,2.7931745,247145406000.0,59800.0,-0.836120401337793,,7.2398190045249,5.64373897707231,5.0,66.7036883975617,5,1,0,59,"없음",52,19.5564516129032,89,,,,0,0,,,,,1,57000.0,"저항→지지",0,0,56967.8472033577,56967.8472033577
20261008,025320,"시노펙스",KOSDAQ,3950.0,-1.0,"핸드셋",10.04,11.50755471,364271974350.0,4080.0,-3.30882352941176,,78.6221590909091,26.4853977844914,7.6,44.068002204179,0,3,0,93,"없음",49,-32.0998278829604,23,20260811,12.6674786845311,6.44859325668985,0,0,,,,,1,3895.0,"저항→지지",0,0,3767.13939297906,4652.13939297906
20261008,025440,"DH오토웨어",KOSDAQ,3180.0,-0.47,"자동차부품",0.44,0.1428728175,31024855920.0,3445.0,-7.69230769230769,,40.0874635568513,17.6,7.4,206.38070163542,0,2,0,77,"없음",33,-20.3007518796992,42,,,,0,0,,,,,0,,,0,0,3184.54145267736,3429.54145267736
20261008,025530,"SJM홀딩스",KOSPI,3645.0,0.14,"자동차부품",0.24,0.1934723825,54434459160.0,3715.0,-2.15343203230148,,25.4180602006689,9.73936899862826,15.2,87.8679135950358,2,3,0,91,"없음",50,2.82885431400283,78,,,,0,0,,,,,0,,,0,0,3551.7460891575,3551.7460891575
20261008,025540,"한국단자",KOSPI,54300.0,-1.27,"자동차부품",8.8,8.4987657,549244500000.0,57300.0,-4.88656195462478,,56.2637362637363,17.9604261796043,7.2,76.0077529117618,0,3,0,99,"없음",45,-25.5464480874317,33,,,,0,0,,,,,0,,,0,0,54113.1343904426,62213.1343904426
20261008,025550,"한국선재",KOSDAQ,2325.0,-1.69,"철강",0.95,1.4337375075,59320059300.0,2870.0,-18.6411149825784,,0.0,19.9555555555556,10.0,65.7453846163591,0,3,0,84,"없음",29,-25.3993610223642,33,,,,0,0,,,,,1,2320.0,"저항→지지",0,0,2623.97808954615,2623.97808954615
20261008,025560,"미래산업",KOSPI,7900.0,-0.13,"반도체와반도체장비",22.77,35.26288377,219451556200.0,8990.0,-12.6807563959956,,62.6223091976517,50.6001846722068,9.8,40.3470738659561,4,2,0,43,"없음",52,201.923076923077,99,20260928,9.81595092024541,5.45810067109457,0,0,,,,,1,6530.0,"저항→지지",0,0,7750.31903292665,10740.3190329267
20261008,025620,"차AI헬스케어",KOSPI,5660.0,3.28,"화장품",0.59,0.5197431925,103034487180.0,5390.0,4.08163265306122,2.04081632653061,73.6413043478261,20.9844559585492,7.4,101.837617169549,0,1,0,49,"없음",33,-38.215859030837,16,20260623,29.9826689774697,6.43398241823004,0,0,20261006,5390.0,5500.0,207.761516696163,1,5390.0,"저항→지지",0,0,5317.71954985355,5347.71954985355
20261008,025750,"한솔홈데코",KOSPI,1899.0,1.71,"건축자재",0.14,0.27171384,30598642071.0,1938.0,-2.1155830753354,,44.150417827298,13.8461538461538,9.8,38.4045551228251,0,3,0,94,"없음",39,-29.6103896103896,26,,,,0,0,,,,,1,1869.0,"지지 재탈환",0,0,1885.64961967845,1885.64961967845
20261008,025770,"한국정보통신",KOSDAQ,7830.0,-0.51,"IT서비스",0.82,1.78933954,293188641930.0,8080.0,-3.46534653465347,,15.3550863723608,10.3448275862069,2.8,36.4794717424081,1,2,0,65,"없음",40,0.645161290322581,75,,,,0,0,,,,,0,,,0,0,7806.24851165819,7806.24851165819
20261008,025820,"이구산업",KOSPI,4195.0,0.72,"비철금속",3.36,7.50839209,140289190000.0,4390.0,-4.89749430523918,,48.9501312335958,12.7659574468085,3.6,40.9306982486611,0,2,0,83,"없음",43,-11.5466101694915,58,,,,0,0,,,,,0,,,0,0,4350.49816560936,4350.49816560936
20261008,025860,"남해화학",KOSPI,5930.0,-1.66,"화학",9.36,15.236732825,294595538990.0,6260.0,-5.27156549520767,,48.993288590604,14.4776119402985,6.6,32.9105178426867,1,1,0,95,"없음",36,-25.6892230576441,33,,,,0,0,,,,,0,,,0,0,6084.51821646307,6294.51821646307
20261008,025880,"케이씨피드",KOSDAQ,2365.0,0.85,"식품",0.47,0.8091163075,39533004170.0,2415.0,-2.0703933747412,,53.3287577213452,14.6616541353383,7.6,45.6239748157117,0,2,0,84,"없음",35,-16.5784832451499,49,,,,1,0,,,,,1,2330.0,"지지 재탈환",0,0,2304.65015387434,2611.65015387434
20261008,025890,"한국주강",KOSPI,2630.0,0.38,"철강",0.09,0.792469445,29310340080.0,2790.0,-5.73476702508961,,2.40963855421687,11.8081180811808,7.2,8.52108300566609,5,1,0,80,"없음",56,38.2028376248029,93,,,,0,0,,,,,1,2600.0,"저항→지지",0,0,2600.80654934989,2600.80654934989
20261008,025900,"동화기업",KOSDAQ,7370.0,0.27,"건축자재",9.07,4.97539839,372607190450.0,7650.0,-3.79084967320261,,61.620253164557,27.4444444444444,7.8,80.5754839381634,0,2,0,79,"없음",43,-29.2307692307692,27,20260807,30.0,14.7996229367258,0,0,,,,,0,,,0,0,6955.2849669732,8245.2849669732
20261008,025950,"동신건설",KOSDAQ,9850.0,-1.5,"건설",2.05,1.65262316,82740000000.0,10490.0,-5.71973307912297,,83.7560292515948,31.3583815028902,7.4,35.407614160608,0,2,0,86,"없음",47,-31.6516931582585,24,20260706,15.1729004940014,7.2869596000796,0,0,,,,,0,,,0,0,9464.56003557462,12784.5600355746
20261008,025980,"아난티",KOSDAQ,4890.0,-1.01,"호텔,레스토랑,레저",31.07,75.2416247075,475801841100.0,5120.0,-4.4921875,,52.9449838187702,23.801652892562,6.2,16.1942986175024,0,1,0,56,"관망",38,-27.7695716395864,29,20260819,18.8888888888889,29.9707915347584,0,0,,,,,0,,,0,0,5043.77610062937,5443.77610062937
20261008,026040,"제이에스티나",KOSDAQ,2205.0,1.38,"섬유,의류,신발,호화품",0.84,2.1728133025,36390856950.0,2350.0,-6.80851063829787,,55.3757225433526,37.6150627615063,11.0,9.84748545415841,0,1,0,47,"없음",35,-23.5602094240838,36,20260902,17.5280898876405,8.87624271334012,0,0,,,,,1,2165.0,"지지 재탈환",0,0,2328.45338235759,2633.45338235759
20261008,026150,"특수건설",KOSDAQ,3865.0,-1.53,"건설",1.17,0.994886305,67816569315.0,4230.0,-8.62884160756501,,64.6969696969697,17.2368421052632,9.8,111.503049803545,0,1,0,83,"없음",29,-39.609375,15,20260701,12.5158027812895,6.25877302726405,0,0,,,,,0,,,0,0,3881.49992446082,3881.49992446082
20261008,026890,"스틱인베스트먼트",KOSPI,8100.0,-1.82,"창업투자",4.4,3.252452315,314043779700.0,8600.0,-5.46511627906977,,36.4123159303882,17.545871559633,10.8,131.385334538194,0,1,0,62,"없음",27,-12.2030237580994,57,,,,0,0,,,,,1,7870.0,"지지 재탈환",0,0,7997.93942688882,8117.93942688882
20261008,026910,"광진실업",KOSDAQ,2335.0,0.21,"철강",2.0,8.41075029,18512641210.0,4095.0,-42.1245421245421,,60.152560842717,66.4664664664665,8.4,49.4254147100153,3,1,0,28,"없음",41,30.5066079295154,92,20260910,17.1428571428571,6.05494352956022,0,0,,,,,1,2130.0,"지지 재탈환",0,0,3192.70789039368,5807.70789039368
20261008,026940,"부국철강",KOSPI,2060.0,-0.48,"철강",2.0,6.825244915,41200000000.0,2440.0,-16.3934426229508,,78.598922247883,63.2196162046908,14.2,19.0788240022942,2,1,0,55,"없음",40,2.05102551275638,77,20260812,10.2870813397129,12.0846860495208,0,0,,,,,0,,,0,0,2188.26919839132,2483.26919839132
20261008,026960,"동서",KOSPI,26350.0,-0.38,"식품",11.1,17.044306375,2627095000000.0,27900.0,-5.73476702508961,,35.7142857142857,15.180265654649,15.4,63.5178278984438,2,3,0,84,"없음",44,-2.77264325323475,72,,,,1,0,,,,,1,25700.0,"저항→지지",0,0,26414.7978591143,26414.7978591143
20261008,027040,"서울전자통신",KOSDAQ,1904.0,-5.51,"전자장비와기기",2.22,9.557887936,26499432176.0,2215.0,-14.4469525959368,,19.3327375633006,30.8333333333333,7.4,38.3876603237688,2,2,0,49,"없음",40,-8.67469879518072,63,20260807,12.8296146044625,5.39681305471812,0,0,,,,,1,1800.0,"저항→지지",0,0,1870.59899253832,2155.59899253832
20261008,027050,"코리아나",KOSDAQ,1299.0,-0.61,"화장품",0.27,2.9055839995,51960000000.0,1450.0,-11.3103448275862,,46.0732984293194,27.2886297376093,7.4,9.56428728029719,0,1,0,72,"없음",29,-26.6818700114025,31,,,,0,0,,,,,0,,,0,0,1440.55808744446,1594.55808744446
20261008,027360,"아주IB투자",KOSDAQ,3540.0,-2.48,"창업투자",43.61,146.6485435175,428854737240.0,4435.0,-20.1803833145434,,35.5133079847909,37.1549893842887,7.0,35.1101770867615,2,2,0,67,"관망",47,-59.6810933940774,3,20260917,8.39260312944523,15.8143091812409,0,0,,,,,1,3355.0,"저항→지지",0,0,3803.70488628061,4078.70488628061
20261008,027410,BGF,KOSPI,3800.0,1.6,"화학",4.59,2.394907375,363723805800.0,3795.0,0.131752305665349,,40.3712296983759,9.27070457354759,9.8,170.117441869321,1,2,0,77,"없음",40,-16.8490153172867,49,,,,0,0,,,,,0,,,0,0,3844.16187267354,4044.16187267354
20261008,027580,"상보",KOSDAQ,1868.0,-2.76,"화학",0.63,1.090847891,22110124340.0,2080.0,-9.66346153846154,,19.2820984813622,32.2048997772829,7.8,29.6850782045356,0,1,0,70,"없음",29,-33.7213403880071,21,,,,0,0,,,,,1,1735.0,"저항→지지",0,0,1839.63229458121,2004.63229458121
20261008,027710,"팜스토리",KOSDAQ,1098.0,-0.81,"식품",0.74,2.3566321815,122335426800.0,1174.0,-6.30323679727428,,56.875,19.3548387096774,10.8,22.2725213203316,1,1,0,67,"없음",36,-15.8377964804897,50,,,,0,0,,,,,0,,,0,0,1115.12750643674,1150.12750643674
20261008,027740,"마니커",KOSPI,1124.0,0.09,"식품",0.25,1.369390707,35693310136.0,1199.0,-5.42118432026689,,39.7997496871089,43.641975308642,15.8,10.0069502075701,0,1,0,60,"없음",35,-29.3017456359102,27,20260825,15.7616892911011,10.4346467220028,0,0,,,,,0,,,0,0,1406.67009596055,1633.67009596055
20261008,027830,"대성창투",KOSDAQ,725.0,-2.29,"창업투자",0.68,1.298899291,39150000000.0,998.0,-27.3547094188377,,24.70703125,42.1157684630739,11.2,60.6143391991551,0,1,0,34,"없음",26,-49.8963372494817,7,20260730,8.50574712643679,12.6888788737486,0,0,,,,,0,,,0,0,889.461186146276,970.461186146276
20261008,027970,"한국제지",KOSPI,2705.0,0.19,"종이와목재",0.27,0.44087984,102871539520.0,3300.0,-18.030303030303,,35.1592356687898,24.5142002989537,16.2,85.9043472079641,0,1,0,55,"없음",22,-30.3732303732304,26,,,,0,0,,,,,0,,,0,0,3230.64882746731,3230.64882746731
20261008,028050,"삼성E&A",KOSPI,48150.0,-0.93,"건설",670.8,909.618713825,9437400000000.0,55200.0,-13.2246376811594,,45.0600184672207,22.5352112676056,10.2,82.7160278317134,4,2,0,65,"수축중",56,36.4672364672365,93,20260723,12.953995157385,3.35929075002059,0,0,,,,,0,,,0,0,50348.2462804492,50348.2462804492
20261008,028100,"동아지질",KOSPI,19640.0,-0.66,"건설",5.58,24.519827325,220402377880.0,21000.0,-7.42857142857143,,17.8459937565036,20.3265765765766,12.6,45.6703613328412,4,1,0,49,"없음",49,10.1416430594901,83,,,,0,0,,,,,1,17800.0,"저항→지지",0,0,20758.0383444267,20758.0383444267
20261008,028260,"삼성물산",KOSPI,319500.0,-4.91,"복합기업",1746.96,1154.6405055,51812542129500.0,385500.0,-16.9909208819715,,70.1503221188261,20.8229426433915,3.8,139.337102603537,2,2,0,62,"관망",45,21.2121212121212,89,,,,0,0,,,,,0,,,0,0,361807.217794898,361807.217794898
20261008,028300,HLB,KOSDAQ,45850.0,-0.11,"건강관리장비와용품",415.81,531.590109725,6107138524550.0,50700.0,-9.56607495069034,,28.599096191091,31.8912237330037,11.0,69.2982812662525,0,2,0,55,"관망",36,-10.0980392156863,60,20261006,15.990159901599,5.37194276239112,0,0,,,,,1,33400.0,"저항→지지",0,0,44008.3212279444,44008.3212279444
20261008,028670,"팬오션",KOSPI,6040.0,-2.74,"해운사",108.83,162.5348548,3228799852480.0,6430.0,-5.28771384136858,,30.4192685102587,16.8453292496172,5.8,50.2929285173753,5,2,0,72,"수축중",69,23.6548223350254,90,20260804,14.2857142857143,3.10888820168729,0,0,,,,,1,6040.0,"저항→지지",0,0,5800.73544368223,5900.73544368223
20261008,029460,"케이씨",KOSPI,46100.0,-2.43,"반도체와반도체장비",15.97,16.498216875,508046663500.0,46900.0,-1.1727078891258,0.852878464818763,17.2,25.434439178515,11.6,93.7077368061355,5,3,0,75,"없음",63,56.5878378378378,95,20260921,8.79120879120878,3.01300503075901,0,0,20261007,46900.0,47300.0,177.433206265066,1,45000.0,"저항→지지",0,0,43584.6534891074,43584.6534891074
20261008,029480,"광무",KOSDAQ,1362.0,0.15,"IT서비스",0.68,1.2067680335,81337457784.0,1695.0,-19.646017699115,,66.0633484162896,37.2117962466488,12.2,47.3140067015777,0,1,0,63,"없음",30,-31.9,23,20260824,12.4645892351275,5.93149297492015,0,0,,,,,0,,,0,0,1542.49682872088,1542.49682872088
20261008,029530,"신도리코",KOSPI,37800.0,-0.66,"사무용전자제품",0.9,1.569113525,367254556200.0,39750.0,-4.52830188679245,,52.3046092184369,11.5890083632019,9.6,33.2925973259654,0,3,0,96,"없음",45,-24.1,36,,,,0,0,,,,,0,,,0,0,38572.3630638354,41322.3630638354
20261008,029780,"삼성카드",KOSPI,41350.0,-0.96,"카드",28.78,38.279006075,4790765142850.0,46850.0,-11.7395944503735,,62.8571428571429,18.2539682539683,9.8,69.0431530027648,0,1,0,66,"없음",29,-19.8643410852713,43,20260612,9.22587486744433,4.76693953035472,0,0,,,,,0,,,0,0,44924.0812252201,48474.0812252201
20261008,030000,"제일기획",KOSPI,18860.0,-0.53,"광고",82.03,83.05913474,2169677503500.0,19120.0,-1.56903765690377,,35.3411513859275,12.0822622107969,9.4,119.307203256353,1,1,0,59,"없음",35,0.803427959292983,76,,,,0,0,,,,,1,18490.0,"지지 재탈환",0,0,18370.6627066403,18700.6627066403
20261008,030190,"NICE평가정보",KOSPI,16640.0,-1.25,"상업서비스와공급품",5.05,9.562438865,969591850240.0,16400.0,1.40243902439024,1.58536585365854,27.2421524663677,8.57321652065081,7.0,34.0316572413881,2,1,0,70,"없음",39,0.422705314009662,75,,,,0,0,20261007,16400.0,16660.0,93.0405040999884,1,16400.0,"저항→지지",0,0,16062.85173116,16062.85173116
20261008,030200,KT,KOSPI,51500.0,0.39,"다각화된통신서비스",251.43,142.5011574,12979116777500.0,53800.0,-4.64684014869888,,61.5635179153094,12.2413793103448,12.0,147.777261802886,1,1,0,79,"관망",36,-13.6363636363636,54,,,,0,0,,,,,0,,,0,0,53407.1805709765,53407.1805709765
20261008,030210,"다올투자증권",KOSPI,3940.0,-0.63,"증권",7.12,3.0506460875,239989757640.0,3980.0,-0.376884422110553,,38.0035026269702,9.33333333333333,3.0,268.816424856347,3,2,0,76,"없음",45,1.66666666666667,76,,,,1,0,,,,,1,3955.0,"저항→지지",0,0,3872.60621900748,3872.60621900748
20261008,030520,"한컴",KOSDAQ,17470.0,-0.34,"소프트웨어",56.78,26.76698405,422420127680.0,19010.0,-8.20620725933719,,45.4649172846549,16.7604049493813,9.8,247.615639549623,0,1,0,62,"없음",27,-8.92484342379958,62,,,,0,0,,,,,1,16730.0,"지지 재탈환",0,0,17504.0209959396,17874.0209959396
20261008,030610,"교보증권",KOSPI,9630.0,-1.73,"증권",2.11,3.089498995,1097463314430.0,10460.0,-7.93499043977056,,69.247311827957,21.7726396917148,11.6,48.2452791198418,2,1,0,91,"없음",39,-15.5263157894737,51,,,,0,0,,,,,0,,,0,0,9916.45207115483,10126.4520711548
20261008,030960,"양지사",KOSDAQ,4660.0,3.33,"상업서비스와공급품",3.31,1.150943215,74466800000.0,6230.0,-25.2006420545746,,69.9389623601221,30.0699300699301,11.0,122.447407271675,0,1,0,54,"없음",26,-26.8445839874411,31,20260622,10.8581436077058,5.43379537448664,0,0,,,,,1,4620.0,"저항→지지",0,0,5713.74312120508,5713.74312120508
20261008,031210,"서울보증보험",KOSPI,42500.0,-0.7,"손해보험",17.93,17.086905375,2967417915000.0,43300.0,-2.42494226327945,,38.0497131931166,11.358574610245,4.4,87.8755018478154,0,2,0,68,"없음",33,-13.59918200409,54,,,,0,0,,,,,1,42000.0,"지지 재탈환",0,0,41566.4343996924,42566.4343996924
20261008,031310,"아이즈비전",KOSDAQ,985.0,-1.1,"통신장비",0.45,0.479673208,29300451235.0,1022.0,-3.52250489236791,,45.7142857142857,13.6105860113422,7.0,72.9533814724808,0,1,0,52,"없음",31,-39.9878271454656,15,20260803,10.6194690265487,2.61319486910956,0,0,,,,,1,978.0,"지지 재탈환",0,0,1095.11567951009,1095.11567951009
20261008,031330,"에스에이엠티",KOSDAQ,8580.0,-0.23,"전자장비와기기",22.54,31.01319335,857957674860.0,9010.0,-4.55049944506104,,72.5811001410437,37.6871880199667,7.2,39.7606083145069,2,2,0,86,"관망",51,73.3870967741936,97,,,,0,0,,,,,1,8130.0,"저항→지지",0,0,8043.04821504707,11053.0482150471
20261008,031430,"신세계인터내셔날",KOSPI,11090.0,2.59,"섬유,의류,신발,호화품",17.4,6.101804015,387994740000.0,10680.0,3.27715355805243,1.59176029962547,55.7446808510638,14.3712574850299,7.6,193.901389162061,1,3,0,89,"없음",43,-6.44614079728583,67,,,,0,0,20261007,10680.0,10850.0,102.542226169962,1,10680.0,"저항→지지",1,0,10230.6408260735,11190.6408260735
20261008,031510,"오스템",KOSDAQ,1136.0,0.62,"자동차부품",0.11,0.5952788515,31808000000.0,1220.0,-7.37704918032787,,38.7915936952714,15.6479217603912,8.0,12.4786896928558,4,2,0,83,"없음",57,11.7705242334322,85,20260601,11.9469026548673,8.20944532454111,0,0,,,,,0,,,0,0,1126.77088428467,1133.77088428467
20261008,031820,"아이티센씨티에스",KOSPI,5810.0,0.52,"IT서비스",1.61,1.91796524,70330898260.0,5960.0,-2.51677852348993,,38.3419689119171,18.4027777777778,9.8,90.3245282627736,1,1,0,60,"없음",32,-15.6748911465893,51,,,,0,0,,,,,1,5790.0,"저항→지지",0,0,6068.61017796943,6068.61017796943
20261008,031980,"피에스케이홀딩스",KOSDAQ,209500.0,2.7,"반도체와반도체장비",458.35,321.4941637,4517321752500.0,174000.0,20.9770114942529,3.90804597701149,29.3840457758331,16.721044045677,6.8,115.588268801701,5,2,0,59,"돌파완료",60,112.626262626263,98,20260610,10.96,2.85148192615672,0,0,20260929,174000.0,180800.0,96.0319137963959,1,173900.0,"저항→지지",1,1,179562.96862226,179562.96862226
20261008,032190,"다우데이타",KOSDAQ,18460.0,-2.48,"증권",9.01,10.121895305,707018000000.0,19830.0,-6.90872415532022,,53.7878787878788,16.849243609807,10.0,70.7065630883692,1,1,0,81,"없음",32,-17.7728285077951,47,,,,0,0,,,,,0,,,0,0,19440.2171162422,19490.2171162422
20261008,032280,"삼일",KOSDAQ,1328.0,0.53,"항공화물운송과물류",0.31,0.407626902,21531647520.0,1404.0,-6.76638176638177,,61.0247026532479,8.48708487084871,9.6,71.5385098630481,0,1,0,69,"없음",27,-6.2992125984252,67,,,,0,0,,,,,0,,,0,0,1315.95670846985,1333.95670846985
20261008,032300,"한국파마",KOSDAQ,8450.0,-6.42,"제약",10.78,16.728406965,92161623450.0,8150.0,3.68098159509202,5.76687116564417,0.0,18.0645161290323,10.0,148.562180218004,0,1,0,58,"없음",33,-23.8052299368801,36,20261002,13.421052631579,248.567990520803,0,0,20261002,8150.0,8620.0,20836.7643123289,1,7850.0,"저항→지지",0,0,8951.97526466912,8951.97526466912
20261008,032350,"롯데관광개발",KOSPI,11130.0,-1.33,"호텔,레스토랑,레저",28.75,34.48154662,887344347540.0,12290.0,-9.92676973148902,,64.8590021691974,38.6706948640483,12.4,73.8370603788076,0,1,0,60,"없음",25,-32.1691176470588,23,,,,0,0,,,,,0,,,0,0,11506.6879744465,13156.6879744465
20261008,032500,"케이엠더블유",KOSDAQ,19800.0,-1.0,"통신장비",24.63,53.69384319,835395679800.0,21650.0,-8.59122401847575,,35.2222222222222,31.25,10.0,51.3827234972175,2,3,0,79,"관망",48,-28.2971014492754,28,20260916,10.0182149362477,4.16743077670205,0,0,,,,,1,15500.0,"저항→지지",0,0,19163.955909581,19163.955909581
20261008,032540,"TJ미디어",KOSDAQ,3790.0,0.53,"전자제품",0.77,0.36628859,79201195270.0,4600.0,-17.8260869565217,,0.0,18.809201623816,16.4,254.727855396659,3,3,0,78,"없음",53,-1.81818181818182,73,20260609,9.40298507462687,3.00483475896739,0,0,,,,,1,3115.0,"저항→지지",0,0,4163.20962761746,4163.20962761746
20261008,032560,"황금에스티",KOSPI,5540.0,-0.54,"비철금속",1.2,0.731326295,94180000000.0,5900.0,-6.10169491525424,,1.8018018018018,7.99256505576208,11.6,108.578792815087,1,1,0,65,"없음",32,-3.98613518197574,70,,,,0,0,,,,,0,,,0,0,5548.69136619718,5598.69136619718
20261008,032620,"GC메디아이",KOSDAQ,3225.0,-0.62,"건강관리기술",1.69,1.2032380225,168335773275.0,3325.0,-2.85714285714286,,46.4454976303318,12.4172185430464,9.8,92.159070084038,0,3,0,96,"없음",36,-17.1794871794872,48,,,,0,0,,,,,1,3150.0,"저항→지지",0,0,3156.12403265539,3156.12403265539
20261008,032640,"LG유플러스",KOSPI,14430.0,-0.48,"무선통신서비스",95.85,126.996675655,6124492172760.0,14840.0,-2.76280323450135,,53.6674816625917,10.7438016528926,7.6,73.8954645379778,0,1,0,74,"관망",30,-6.90322580645161,66,,,,0,0,,,,,1,14420.0,"지지 재탈환",0,0,14533.2316773098,15093.2316773098
20261008,032680,"소프트센",KOSDAQ,1029.0,3.0,"IT서비스",1.16,0.912652946,23724501549.0,1089.0,-5.50964187327824,,33.1020124913255,24.3268337975859,8.4,66.421927533141,0,2,0,80,"없음",40,-10.9090909090909,59,20260921,8.41530054644808,5.48885779018824,1,0,,,,,1,930.0,"저항→지지",0,0,966.05412879353,966.05412879353
20261008,032750,"삼진",KOSDAQ,2905.0,-0.17,"전자제품",0.07,0.1457153575,26235409410.0,3200.0,-9.21875,,49.6143958868895,9.98415213946117,5.2,27.1149320439499,0,2,0,91,"없음",40,-11.0260336906585,59,,,,0,0,,,,,0,,,0,0,3047.90576698119,3047.90576698119
20261008,032800,"판타지오",KOSDAQ,1486.0,-0.67,"방송과엔터테인먼트",0.11,0.218198784,22449037664.0,1658.0,-10.3739445114596,,54.2248346803821,20.0114351057747,9.6,32.3982628073641,0,1,0,89,"없음",33,-18.7534171678513,45,20260629,11.5757575757576,13.4774450776856,0,0,,,,,0,,,0,0,1583.11274452362,1586.11274452362
20261008,032820,"우리기술",KOSDAQ,11630.0,-6.13,"우주항공과국방",252.47,930.32463735,2009485037560.0,14790.0,-21.0277214334009,,42.1052631578947,26.133909287257,5.2,47.8897562272392,2,1,0,57,"관망",45,-43.4382566585956,11,20260909,21.2531752751905,12.3675839864081,0,0,,,,,1,11530.0,"지지 재탈환",0,0,13278.3573621602,13278.3573621602
20261008,032830,"삼성생명",KOSPI,270500.0,-3.74,"생명보험",903.28,830.17562475,54100000000000.0,295500.0,-8.62944162436548,,68.6094069529652,18.5410334346505,6.2,85.2914650373263,2,3,0,88,"관망",52,24.4239631336406,90,,,,0,0,,,,,0,,,0,0,288075.584168842,312575.584168842
20261008,032850,"비트컴퓨터",KOSDAQ,3845.0,-3.27,"건강관리기술",2.48,2.8668559225,63916561585.0,4350.0,-11.0344827586207,,11.482254697286,18.0288461538462,11.0,126.363896029706,0,3,0,74,"없음",31,-25.7197696737044,33,,,,0,0,,,,,0,,,0,0,4065.70494262251,4065.70494262251
20261008,032860,"더라미",KOSDAQ,3555.0,12.86,"판매업체",3.22,0.460207625,28721456460.0,3280.0,8.23170731707317,8.53658536585366,7.74253731343283,26.4367816091954,5.0,673.956858449766,0,2,0,46,"없음",32,-41.3223140495868,13,20261007,20.2702702702703,3.39002462348966,0,0,20261007,3280.0,3560.0,285.363215840112,1,3280.0,"저항→지지",0,0,3320.63275284343,3320.63275284343
20261008,032940,"원익",KOSDAQ,8670.0,-1.03,"화장품",9.89,153.30078243,157734879270.0,11600.0,-25.5172413793103,,57.7022153529109,31.1274509803922,11.6,6.90537835883491,1,1,0,52,"관망",35,-2.92134831460674,72,20260904,17.1328671328671,8.52504101889308,0,0,,,,,0,,,0,0,10150.4775668886,10150.4775668886
20261008,032960,"동일기연",KOSDAQ,2615.0,-1.69,"전자장비와기기",1.39,1.2036347,46005629625.0,2925.0,-10.5982905982906,,0.0,16.7464114832536,10.0,222.385489180821,0,3,0,74,"없음",35,-14.4306282722513,53,20261001,8.08270676691729,3.16970041317326,0,0,,,,,1,2250.0,"저항→지지",0,0,2512.42405246945,2512.42405246945
20261008,033050,"제이엠아이",KOSDAQ,802.0,-0.5,"가정용품",0.08,0.148399023,25535141056.0,849.0,-5.5359246171967,,69.1657866948258,18.7564766839378,7.6,14.7307108143746,2,3,0,96,"없음",56,-9.58286358511838,61,,,,0,0,,,,,0,,,0,0,801.183253556623,905.183253556623
20261008,033100,"제룡전기",KOSDAQ,48300.0,-1.73,"전기장비",34.73,35.7359249,775814354700.0,47450.0,1.7913593256059,3.16122233930453,70.431654676259,16.2135922330097,7.4,66.147729899676,2,3,0,90,"관망",53,10.5263157894737,84,,,,0,0,20261001,47450.0,48950.0,71.4124254766158,1,47450.0,"저항→지지",0,0,47676.0258982597,47676.0258982597
20261008,033130,"디지틀조선",KOSDAQ,1715.0,1.3,"IT서비스",0.75,0.8085738425,63652682905.0,1987.0,-13.6889783593357,,44.1891004596192,23.4942528735632,11.2,94.2629569687411,2,1,0,59,"없음",32,-33.0078125,22,,,,0,0,,,,,1,1707.0,"지지 재탈환",0,0,1716.09920548361,2014.09920548361
20261008,033160,"엠케이전자",KOSDAQ,19720.0,-2.62,"반도체와반도체장비",301.38,176.5592207,484403223760.0,20950.0,-6.53937947494033,,30.7742782152231,35.6072351421189,7.2,143.706001895574,3,2,0,55,"수축중",54,9.75336322869955,83,20260805,11.0097719869707,2.85270708784928,0,0,,,,,1,17350.0,"저항→지지",0,0,18024.9428905808,18024.9428905808
20261008,033170,"시그네틱스",KOSDAQ,3370.0,1.05,"반도체와반도체장비",9.76,13.602604992,57780884310.0,3420.0,-1.46198830409357,,0.0,32.9140461215933,9.6,93.3629069271382,1,2,0,53,"없음",40,-4.26136363636364,70,20261001,13.381555153707,4.13950691724282,0,0,,,,,1,1900.0,"저항→지지",0,0,3020.93365369786,3020.93365369786
20261008,033200,"모아텍",KOSDAQ,2440.0,0.21,"전자장비와기기",0.04,0.15822834,22459050760.0,2655.0,-8.09792843691149,,48.6111111111111,25.4385964912281,10.0,27.0890906498652,0,1,0,77,"없음",25,-28.7591240875912,27,,,,0,0,,,,,1,2425.0,"지지 재탈환",0,0,2434.15818143216,2624.15818143216
20261008,033230,"인성정보",KOSDAQ,1088.0,-2.77,"IT서비스",2.02,2.2401559725,54960733440.0,1191.0,-9.06801007556675,,27.3381294964029,21.4001591089897,5.6,80.208680478541,0,2,0,81,"없음",32,-31.4556962025316,24,20260928,10.0990099009901,8.63019994119171,0,0,,,,,1,1069.0,"저항→지지",0,0,1072.50094033681,1138.50094033681
20261008,033240,"자화전자",KOSPI,26850.0,-2.19,"통신장비",20.8,19.7593055,580107728700.0,28550.0,-6.47985989492119,,56.0153466703206,20.440251572327,4.2,78.0657091114975,2,2,0,75,"없음",50,-21.9298245614035,39,20260813,11.4180478821363,3.40853745921618,0,0,,,,,0,,,0,0,27907.0862001688,30507.0862001688
20261008,033250,"체시스",KOSPI,3980.0,-0.62,"자동차부품",0.7,2.0314658425,25472000000.0,4715.0,-14.1039236479321,,33.6155800169348,24.5283018867925,11.0,32.8202084293257,0,2,0,74,"없음",32,-17.093142272262,48,20260715,29.8611111111111,12.777457562058,0,0,,,,,0,,,0,0,4345.59732428386,4385.59732428386
20261008,033270,"유나이티드제약",KOSPI,17850.0,-0.67,"제약",1.91,4.879570755,284007333750.0,18750.0,-4.85333333333333,,49.8826291079812,10.5058365758755,11.6,37.1863051814022,0,1,0,76,"없음",27,-9.8989898989899,61,,,,0,0,,,,,0,,,0,0,17781.2027252593,18041.2027252593
20261008,033290,"로젠",KOSDAQ,1573.0,3.42,"항공화물운송과물류",0.92,0.2806212545,88333861473.0,1600.0,-1.625,,34.9803921568627,15.792646172393,9.8,232.185559595762,0,1,0,86,"없음",31,-21.2606303151576,40,20260609,10.5082417582418,26.1136973575265,1,0,,,,,1,1544.0,"저항→지지",0,0,1536.18900749637,1555.18900749637
20261008,033310,"엠투엔",KOSDAQ,1411.0,-1.95,"자동차부품",0.67,0.6934215765,56401135416.0,1513.0,-7.40251156642432,,42.8348909657321,23.5580264072272,15.6,34.9616081101734,0,1,0,53,"없음",33,-23.1064763995609,37,20260825,12.2781065088757,17.2158798386864,0,0,,,,,0,,,0,0,1391.73211664415,1507.73211664415
20261008,033320,"제이씨현시스템",KOSDAQ,3115.0,-0.64,"컴퓨터와주변기기",0.39,4.3086478675,59541455680.0,3240.0,-4.01234567901235,,59.5505617977528,22.4161073825503,7.0,5.28777318557582,0,2,0,59,"없음",47,-32.6839826839827,22,20260806,11.7021276595745,42.7752975284984,0,0,,,,,1,3010.0,"지지 재탈환",0,0,3301.6411123006,3431.6411123006
20261008,033530,"SJG세종",KOSPI,6820.0,0.44,"자동차부품",3.28,2.13866961,184496679180.0,6850.0,0.437956204379562,,53.0927835051546,14.7019867549669,6.8,96.713091589187,0,3,0,97,"없음",42,-3.77622377622378,70,,,,1,0,,,,,0,,,0,0,6588.43825585336,7078.43825585336
20261008,033540,"파라텍",KOSDAQ,2830.0,0.35,"기계",0.13,0.7769085075,29571422780.0,2990.0,-5.35117056856187,,60.0163532297629,39.6511627906977,7.0,22.3010910593937,0,1,0,66,"없음",31,-48.5921889191644,8,20260701,12.9564193168433,4.24075447071397,1,0,,,,,1,2665.0,"지지 재탈환",0,0,2889.84874206431,4464.84874206431
20261008,033560,"블루콤",KOSDAQ,5810.0,2.65,"부동산",3.12,1.1002519125,99351000000.0,5070.0,16.5680473372781,4.73372781065089,8.33333333333334,16.6666666666667,9.6,141.591681000982,5,1,0,60,"없음",51,85.5572998430141,97,20260929,9.82419855222336,3.47454240783707,0,0,20260929,5070.0,5310.0,112.657814140414,1,5070.0,"저항→지지",1,1,5200.13181497269,5200.13181497269
20261008,033640,"네패스",KOSDAQ,33300.0,6.9,"반도체와반도체장비",129.88,74.9499851,767871426600.0,33900.0,-2.3598820058997,,20.9154481881755,53.6585365853659,11.6,188.291908063489,4,3,0,69,"돌파임박",62,77.9569892473118,97,20260917,10.5590062111801,3.56116496356222,0,1,,,,,1,28700.0,"저항→지지",0,0,29774.4905209814,29774.4905209814
20261008,033780,KT&G,KOSPI,177700.0,-1.06,"담배",372.11,384.5060253,18447118031200.0,179700.0,-1.3355592654424,,51.5044247787611,12.6892950391645,9.4,83.7928024101575,5,2,0,80,"수축중",62,14.6830530401035,86,,,,0,0,,,,,1,173200.0,"저항→지지",0,0,171031.299087046,182731.299087046
20261008,033790,"피노",KOSDAQ,11390.0,15.28,"전기제품",729.31,207.566027285,979687534670.0,10470.0,9.55109837631328,9.55109837631328,21.9609261939218,29.2703150912106,10.0,353.216301350834,3,1,0,42,"관망",48,22.6737967914439,89,20261008,17.0408163265306,3.00689274589308,0,0,20261008,10470.0,11470.0,378.997231885904,1,8270.0,"저항→지지",1,1,8784.5451650903,8844.5451650903
20261008,033830,"티비씨",KOSDAQ,1740.0,2.11,"방송과엔터테인먼트",0.22,0.185835975,32898406200.0,1830.0,-4.91803278688525,,16.8079096045198,19.35,3.0,98.307284819949,0,3,0,77,"없음",36,-42.0,13,,,,1,0,,,,,1,1700.0,"저항→지지",0,0,1851.10211682027,1851.10211682027
20261008,033920,"무학",KOSPI,7380.0,1.1,"음료",1.41,1.294573915,210330000000.0,8000.0,-7.875,,35.5191256830601,10.3879849812265,14.4,91.28196128801,0,1,0,76,"없음",25,-13.1919905771496,55,,,,0,0,,,,,0,,,0,0,7458.45271987959,7808.45271987959
20261008,034020,"두산에너빌리티",KOSPI,76800.0,-4.6,"기계",3385.17,2299.21058415,49195096012800.0,84000.0,-8.69047619047619,,56.8337730870712,22.972972972973,10.0,169.481925165803,2,2,0,63,"관망",49,-18.0555555555556,46,20260825,10.5479452054795,2.50213136620795,0,0,,,,,0,,,0,0,86529.882404454,86529.882404454
20261008,034120,SBS,KOSPI,11640.0,-0.43,"방송과엔터테인먼트",0.32,0.64187931,215936410320.0,12380.0,-5.97738287560582,,61.8881118881119,19.1685912240185,12.6,39.0844737032643,0,3,0,93,"없음",45,-23.3706385780118,36,,,,0,0,,,,,0,,,0,0,11923.1627651093,12293.1627651093
20261008,034220,"LG디스플레이",KOSPI,8170.0,-0.97,"디스플레이패널",249.78,250.72983606,4085000000000.0,8710.0,-6.31458094144661,,69.7452229299363,14.1188959660297,4.0,76.8675871737106,0,2,0,79,"관망",44,-27.0125223613596,31,20260529,11.5811373092926,4.51584348741184,0,0,,,,,0,,,0,0,8694.78781817816,10224.7878181782
20261008,034230,"파라다이스",KOSPI,9800.0,-0.1,"호텔,레스토랑,레저",43.86,27.08161449,907767943600.0,10400.0,-5.76923076923077,,76.8025078369906,41.9230769230769,13.0,114.709871985046,0,1,0,65,"없음",30,-40.5700424499697,14,,,,0,0,,,,,1,9740.0,"저항→지지",0,0,9535.33258198479,9835.33258198479
20261008,034310,NICE,KOSPI,11570.0,-1.11,"IT서비스",0.8,3.295745425,425280306490.0,12280.0,-5.45602605863192,,43.2432432432432,16.1594202898551,6.6,16.0991727681211,0,1,0,60,"없음",31,-10.8294930875576,59,,,,0,0,,,,,0,,,0,0,12293.9844671043,13053.9844671043
20261008,034590,"인천도시가스",KOSPI,26100.0,-0.57,"가스유틸리티",0.17,0.2105866,114181079400.0,26900.0,-2.78810408921933,,25.1655629139073,8.03738317757009,6.8,58.2359792468147,2,2,0,80,"없음",43,-2.05992509363296,73,,,,0,0,,,,,0,,,0,0,26112.4576905949,26112.4576905949
20261008,034730,SK,KOSPI,564000.0,-2.76,"석유와가스",1101.25,723.802955,40891524492000.0,628000.0,-10.6687898089172,,70.9312445604874,10.1899827288428,5.4,125.032249750216,4,1,0,58,"관망",53,82.1428571428571,97,20260625,20.5056179775281,2.97741289597818,0,0,,,,,0,,,0,0,564628.773119283,609628.773119283
20261008,034810,"해성산업",KOSDAQ,5900.0,0.51,"종이와목재",0.15,0.568204295,186322896800.0,6190.0,-4.68497576736672,,60.0,15.8518518518519,8.4,8.45890849513798,0,1,0,81,"없음",35,-18.5082872928177,45,20260731,9.73913043478261,7.35160404810193,0,0,,,,,0,,,0,0,5975.96483549267,6355.96483549267
20261008,034830,"한국토지신탁",KOSPI,1122.0,0.36,"부동산",2.03,2.6638892665,283292916060.0,1250.0,-10.64,,54.874651810585,9.47907771135781,13.0,64.4490479784748,1,1,0,68,"없음",30,-27.4204028589993,30,,,,0,0,,,,,0,,,0,0,1192.75911333202,1192.75911333202
20261008,034940,"조아제약",KOSDAQ,2595.0,-2.99,"제약",1.55,1.99687885,16078529175.0,3220.0,-19.4099378881988,,84.4227504244482,31.0533515731874,11.0,35.4238512279097,0,2,0,65,"없음",42,-40.8209806157355,14,20260828,20.9737827715356,38.7140914437466,0,0,,,,,0,,,0,0,2795.06971528891,3480.06971528891
20261008,034950,"한국기업평가",KOSDAQ,103500.0,0.1,"상업서비스와공급품",0.7,0.7422143,469943199000.0,105000.0,-1.42857142857143,,52.4324324324324,6.00571973307912,9.8,61.7170903230533,5,2,0,84,"없음",60,3.2934131736527,78,,,,1,0,,,,,0,,,0,0,102058.436461193,102558.436461193
20261008,035000,"HS애드",KOSPI,6400.0,0.16,"광고",1.71,11.37624921,103728921600.0,6380.0,0.156739811912226,,51.7676767676768,14.7142857142857,7.2,25.5740756018531,0,2,0,78,"없음",32,-21.0135970333745,41,,,,0,0,,,,,1,6350.0,"저항→지지",0,0,6266.23045343044,6676.23045343044
20261008,035080,"그래디언트",KOSDAQ,11610.0,1.04,"인터넷과카탈로그소매",4.87,3.70848083,129731637690.0,12070.0,-4.05965202982602,,29.732868757259,11.9685039370079,4.4,113.056090654001,3,2,0,65,"없음",55,0.0,74,20260810,10.4733131923464,17.715186499995,0,0,,,,,1,11510.0,"지지 재탈환",0,0,11716.6570998529,11826.6570998529
20261008,035150,"백산",KOSPI,10340.0,-0.39,"섬유,의류,신발,호화품",1.61,1.464506825,204432956860.0,10610.0,-2.54476908576814,,40.9917355371901,12.5719769673704,13.0,94.3082549950125,0,1,0,68,"없음",27,-17.5438596491228,47,,,,0,0,,,,,0,,,0,0,10801.810386243,10801.810386243
20261008,035200,"프럼파스트",KOSDAQ,2545.0,0.99,"건축제품",0.43,4.6768752625,23464851645.0,2965.0,-13.9966273187184,,43.7405731523379,28.9772727272727,3.2,18.7298223949989,0,2,0,71,"없음",38,-29.5580110497238,26,,,,0,0,,,,,0,,,0,0,3222.10749718522,3222.10749718522
20261008,035250,"강원랜드",KOSPI,14220.0,-0.77,"호텔,레스토랑,레저",44.41,32.109255895,3042233910000.0,14680.0,-3.13351498637602,,50.1582278481013,4.84196368527236,9.2,108.029374051328,0,1,0,74,"없음",30,-15.2562574493445,51,,,,0,0,,,,,0,,,0,0,14489.047905322,14489.047905322
20261008,035420,NAVER,KOSPI,183500.0,-2.91,"양방향미디어와서비스",1663.63,1291.2048584,27909316711500.0,194700.0,-5.9065228556754,,72.9184549356223,21.247311827957,7.0,99.1904171619395,0,2,0,74,"관망",44,-6.43513789581205,67,20260727,8.43373493975903,2.71300602467216,0,0,,,,,0,,,0,0,205347.719602166,220847.719602166
20261008,035460,"기산텔레콤",KOSDAQ,2495.0,-4.77,"통신장비",4.9,5.0245438225,37226248300.0,2685.0,-7.07635009310987,,15.8095238095238,26.4208242950108,11.8,141.875424221927,2,2,0,58,"없음",45,-2.15686274509804,72,20260916,8.0338266384778,25.7076268776931,0,0,,,,,1,2420.0,"저항→지지",0,0,2515.4621631758,2515.4621631758
20261008,035510,"신세계 I&C",KOSPI,14770.0,-2.31,"IT서비스",10.46,34.279039975,206497893000.0,17700.0,-17.0621468926554,,32.4738675958188,8.1294964028777,6.8,63.9875718626704,0,1,0,54,"없음",26,-20.6486486486486,41,20260908,10.1511879049676,6.93815098812988,0,0,,,,,1,13590.0,"저항→지지",0,0,16328.2929705604,16328.2929705604
20261008,035600,"KG이니시스",KOSDAQ,9740.0,0.72,"IT서비스",1.77,3.1106436,268380187160.0,10710.0,-9.15032679738562,,61.2326043737575,13.8164251207729,15.6,35.5721229764217,0,1,0,82,"없음",29,-3.37636544190665,71,,,,0,0,,,,,0,,,0,0,10062.0602891049,10322.0602891049
20261008,035610,"솔본",KOSDAQ,4965.0,1.74,"건강관리기술",4.63,3.166220545,135772875105.0,5410.0,-8.22550831792976,,33.9950372208437,13.2553606237817,7.0,173.103010094794,5,1,0,59,"없음",50,45.6011730205279,94,,,,0,0,,,,,1,4925.0,"지지 재탈환",0,0,5179.38338668238,5179.38338668238
20261008,035620,"바른손이앤에이",KOSDAQ,655.0,9.35,"방송과엔터테인먼트",1.75,1.142572566,12189496290.0,768.0,-14.7135416666667,,33.2398316970547,29.9242424242424,3.4,155.711597205971,0,2,0,46,"없음",30,-40.9377817853922,14,20260728,11.25,6.0938536561489,0,0,,,,,0,,,0,0,664.279873697202,806.279873697202
20261008,035720,"카카오",KOSPI,32450.0,-1.82,"양방향미디어와서비스",537.32,425.045455625,14375366549500.0,37250.0,-13.0201342281879,,61.0084033613445,22.3160434258142,7.4,84.9836587351761,0,2,0,77,"관망",36,-28.6343612334802,28,,,,0,0,,,,,0,,,0,0,34590.4043756028,39140.4043756028
20261008,035760,"CJ ENM",KOSDAQ,35250.0,0.0,"방송과엔터테인먼트",39.38,29.74306,773002678500.0,39550.0,-10.7458912768647,,18.0165289256198,17.8045515394913,7.6,134.207994740661,0,1,0,59,"없음",27,-34.3866171003717,20,,,,0,0,,,,,1,34950.0,"저항→지지",0,0,36026.1098469421,36026.1098469421
20261008,035810,"이지홀딩스",KOSDAQ,4455.0,-0.67,"식품",3.69,5.4486234525,287419604175.0,4770.0,-7.23270440251572,,32.3045267489712,23.4580384226491,15.4,53.5400789005066,1,1,0,75,"없음",30,-18.956043956044,45,,,,0,0,,,,,0,,,0,0,4522.23451973951,4522.23451973951
20261008,035890,"서희건설",KOSDAQ,2115.0,-1.4,"건설",4.05,5.419973945,439049753640.0,2410.0,-12.8630705394191,,44.421906693712,18.0392156862745,3.8,71.6136505432637,0,2,0,69,"없음",30,-34.375,20,,,,0,0,,,,,0,,,0,0,2338.12040733303,2338.12040733303
20261008,035900,"JYP Ent.",KOSDAQ,39100.0,1.43,"방송과엔터테인먼트",150.29,65.377164875,1389320437200.0,40450.0,-3.33745364647713,,74.0273396424816,22.6987447698745,8.0,159.686106983655,0,1,0,83,"관망",31,-34.9417637271215,20,,,,1,0,,,,,1,38400.0,"저항→지지",0,0,37931.913456698,45331.913456698
20261008,036000,"예림당",KOSDAQ,2850.0,5.95,"출판",0.93,0.4080203825,65647689450.0,3045.0,-7.55336617405583,,14.9193548387097,24.3204577968526,3.0,93.6338369079258,0,2,0,64,"없음",40,-8.30618892508143,63,20260820,8.09352517985611,4.08246366637405,0,0,,,,,1,2720.0,"지지 재탈환",0,0,3193.67558553385,3198.67558553385
20261008,036010,"아비코전자",KOSDAQ,8100.0,-0.12,"전기제품",6.62,7.35955923,107672765400.0,8930.0,-9.63045912653975,,46.2699822380107,28.1068524970964,7.0,63.4927721389363,2,3,0,89,"없음",48,-0.98159509202454,73,20260814,14.7812971342383,6.39771288066125,0,0,,,,,1,7680.0,"저항→지지",0,0,7984.94655624171,7984.94655624171
20261008,036030,"케이티알파",KOSDAQ,4980.0,-1.19,"인터넷과카탈로그소매",1.66,1.6731008075,244115322180.0,5080.0,-1.87007874015748,,12.085308056872,6.90789473684211,11.8,92.7844675219217,2,2,0,74,"없음",43,2.25641025641026,77,,,,0,0,,,,,1,4760.0,"저항→지지",0,0,4836.50507573637,4836.50507573637
20261008,036090,"위지트",KOSDAQ,1382.0,-1.99,"디스플레이장비및부품",1.64,7.7713132815,58804810348.0,1535.0,-10.2931596091205,,62.6538987688098,22.3926380368098,4.2,21.8490568454282,0,2,0,78,"없음",43,-18.5688941454761,45,20260904,8.53269537480064,17.6994596396082,0,0,,,,,1,1369.0,"저항→지지",0,0,1370.60227673624,1465.60227673624
20261008,036120,"서울평가정보",KOSDAQ,1497.0,-2.16,"상업서비스와공급품",2.8,1.0520829445,52612065000.0,1754.0,-14.6522234891676,,35.4471544715447,23.9130434782609,10.0,181.460358897249,0,1,0,71,"없음",22,-25.0375563345018,34,,,,0,0,,,,,0,,,0,0,1647.40826863794,1733.40826863794
20261008,036170,"에이치엠넥스",KOSDAQ,3225.0,0.78,"디스플레이장비및부품",5.89,7.8991215725,197904143850.0,2935.0,9.88074957410562,2.89608177172061,30.2557856272838,26.3698630136986,7.2,60.1267726259681,2,2,0,71,"없음",47,-22.0072551390568,38,20260917,8.54870775347914,3.60695660305504,0,0,20261002,2935.0,3020.0,106.942071185432,1,2935.0,"저항→지지",0,0,2833.24904460687,2833.24904460687
20261008,036190,"금화피에스시",KOSDAQ,33050.0,-1.2,"건설",2.15,1.21996065,198300000000.0,35350.0,-6.50636492220651,,15.3631284916201,14.5118733509235,5.6,92.1292371986404,2,2,0,88,"없음",49,-10.5548037889039,59,,,,0,0,,,,,0,,,0,0,33137.1071539411,35687.1071539411
20261008,036200,"유니셈",KOSDAQ,10870.0,1.4,"반도체와반도체장비",25.67,27.084138565,333320104010.0,9500.0,13.5789473684211,10.1052631578947,44.0651667959659,19.0338164251208,6.6,96.2919699840894,1,3,0,86,"없음",38,24.7398843930636,90,20260929,12.4731182795699,5.59777328561557,0,0,20260929,9500.0,10460.0,502.884229088343,1,9280.0,"저항→지지",0,0,9992.697113272,9992.697113272
20261008,036220,"오상헬스케어",KOSDAQ,6630.0,-2.36,"생명과학도구및서비스",2.4,22.54162921,94871428080.0,7690.0,-12.8738621586476,,20.3870967741935,10.9677419354839,10.0,26.289285072732,0,1,0,36,"없음",22,-20.7100591715976,41,,,,0,0,,,,,0,,,0,0,7432.27988708007,7432.27988708007
20261008,036460,"한국가스공사",KOSPI,35800.0,-1.65,"가스유틸리티",54.86,53.7307121,3304805400000.0,37050.0,-3.64372469635628,,39.0052356020942,9.71128608923885,4.4,99.4340130725984,0,2,0,77,"없음",35,3.93013100436681,78,,,,0,0,,,,,1,35150.0,"지지 재탈환",0,0,35179.1945159981,36229.1945159981
20261008,036480,"대성미생물",KOSDAQ,6050.0,0.33,"제약",0.19,0.225042925,22990000000.0,6330.0,-4.42338072669826,,53.2182103610675,17.2463768115942,11.2,56.6268242752427,0,1,0,80,"없음",31,-20.2898550724638,42,20260703,9.61538461538463,5.34326039365233,0,0,,,,,1,6020.0,"지지 재탈환",0,0,5923.9038650351,6293.9038650351
20261008,036530,"SNT홀딩스",KOSPI,46100.0,3.25,"자동차부품",8.85,5.82737795,751609144600.0,49900.0,-8.81763527054108,,36.6402116402116,18.2994454713494,10.8,159.145776190681,0,2,0,57,"없음",28,-19.7530864197531,43,,,,0,0,,,,,1,45250.0,"지지 재탈환",0,0,46633.3111802089,50833.3111802089
20261008,036540,"SFA반도체",KOSDAQ,11560.0,1.94,"반도체와반도체장비",591.85,829.65988485,1901161102680.0,12370.0,-6.38641875505255,,12.3486682808717,42.3611111111111,11.2,112.31856208657,5,2,0,49,"수축중",64,84.3949044585987,97,20260921,18.020022246941,6.67128111975117,0,0,,,,,1,11160.0,"저항→지지",0,0,11033.0430087504,11033.0430087504
20261008,036560,"KZ정밀",KOSDAQ,11870.0,-0.25,"기계",0.72,0.58032504,186952500000.0,12750.0,-7.84313725490196,,55.1948051948052,13.1598513011152,8.2,88.9711523421498,0,2,0,82,"없음",35,-20.92866756393,41,,,,0,0,,,,,0,,,0,0,11818.5946453761,12888.5946453761
20261008,036570,NC,KOSPI,220500.0,-7.16,"게임엔터테인먼트",449.87,280.49671,4750456851000.0,244500.0,-8.79345603271984,,8.55036855036855,25.410447761194,7.6,213.974517263521,2,3,0,76,"관망",50,4.69483568075117,79,20260602,14.3824027072758,5.37193305122116,0,0,,,,,1,212000.0,"지지 재탈환",0,0,220243.949685226,243743.949685226
20261008,036580,"팜스코",KOSPI,2470.0,-0.2,"식품",0.94,0.7535741175,90718019210.0,2890.0,-15.2249134948097,,55.7636887608069,26.1290322580645,12.2,83.9299256093003,1,1,0,64,"없음",31,-20.5834683954619,42,20260708,11.1111111111111,4.97693281841065,0,0,,,,,0,,,0,0,2645.75564365585,2645.75564365585
20261008,036620,"감성코퍼레이션",KOSDAQ,3755.0,-2.09,"섬유,의류,신발,호화품",4.92,7.25513972,337435354720.0,4000.0,-6.375,,64.6302250803859,24.3697478991597,7.6,42.3846973812198,0,2,0,84,"없음",41,-31.4102564102564,24,,,,0,0,,,,,1,3685.0,"지지 재탈환",0,0,3668.07180674357,4428.07180674357
20261008,036630,"세종텔레콤",KOSDAQ,7790.0,0.52,"다각화된통신서비스",0.07,0.78311704,109060000000.0,8870.0,-11.3866967305524,,57.8488372093023,45.3083109919571,12.0,7.51119230377206,0,2,0,68,"없음",45,-27.2222222222222,30,20260909,13.4471718249733,3.3984926543322,0,0,,,,,0,,,0,0,9463.62654354528,9463.62654354528
20261008,036640,HRS,KOSDAQ,5090.0,0.59,"화학",2.37,1.4373365425,83245932000.0,4980.0,1.80722891566265,0.602409638554217,38.8026607538803,12.5766871165644,15.2,129.756697186896,2,3,0,89,"없음",48,2.01207243460765,77,,,,0,0,20261006,4980.0,5010.0,214.90177937462,1,4980.0,"저항→지지",0,0,4884.09528262497,4884.09528262497
20261008,036670,"삼양케이씨아이",KOSDAQ,5020.0,-0.79,"화학",0.71,0.4236433,54016204000.0,5180.0,-3.08880308880309,,48.1973434535104,4.97131931166348,5.0,158.976373383565,0,2,0,81,"없음",30,-15.2027027027027,52,,,,0,0,,,,,0,,,0,0,4998.91330518851,5088.91330518851
20261008,036710,"심텍홀딩스",KOSDAQ,5090.0,0.2,"반도체와반도체장비",9.67,16.0939962275,268893267860.0,5400.0,-5.74074074074074,,35.5377906976744,22.1276595744681,7.8,52.3986877559357,5,3,1,85,"없음",63,115.221987315011,98,20260810,20.5479452054794,7.64975034344124,0,0,,,,,1,4780.0,"저항→지지",0,0,4748.56699037715,4748.56699037715
20261008,036800,"나이스정보통신",KOSDAQ,8060.0,-1.47,"상업서비스와공급품",2.97,10.652053595,366730000000.0,8750.0,-8.34285714285714,,20.5882352941177,12.7791563275434,4.8,26.4988318929068,5,2,0,56,"없음",57,65.360824742268,96,20261002,8.16326530612246,3.25031426232805,0,0,,,,,1,7650.0,"저항→지지",0,0,7982.61535966599,7982.61535966599
20261008,036810,"에프에스티",KOSDAQ,33800.0,-2.03,"반도체와반도체장비",32.27,42.503508675,731762868200.0,36650.0,-8.18553888130969,,27.7270284793122,24.7404844290657,7.0,62.729945847384,2,2,0,65,"관망",45,-6.65742024965326,66,20261001,11.0935023771791,2.60399383209557,0,0,,,,,1,26850.0,"저항→지지",0,0,32621.8915530945,32621.8915530945
20261008,036830,"솔브레인홀딩스",KOSDAQ,49900.0,5.83,"전기제품",69.31,31.778228625,1023148651900.0,45800.0,8.95196506550218,6.87772925764192,23.956043956044,21.3740458015267,10.2,207.766670567242,3,1,0,48,"관망",46,5.9447983014862,80,20261002,10.9977324263039,4.51004365529573,0,0,20261002,45800.0,48950.0,410.934890592215,1,44100.0,"저항→지지",1,1,44322.4242246305,44322.4242246305
20261008,036890,"진성티이씨",KOSDAQ,10630.0,-5.34,"기계",12.7,7.509146085,234206782490.0,13480.0,-20.9940652818991,,66.8666666666667,29.177897574124,7.6,175.365475748051,1,1,0,70,"없음",27,-31.2903225806452,24,,,,0,0,,,,,0,,,0,0,12469.0664903243,13829.0664903243
20261008,036930,"주성엔지니어링",KOSDAQ,263500.0,6.46,"반도체와반도체장비",10009.48,3953.8417876,12247775383500.0,239500.0,11.2734864300626,18.1628392484342,35.2177050757758,56.3963963963964,11.2,253.043371378989,5,2,0,54,"돌파완료",70,338.322368421053,99,20261006,18.1628392484342,2.57563690838257,0,0,20261006,239500.0,283000.0,256.846862002286,1,214000.0,"저항→지지",0,0,244621.271556426,244621.271556426
20261008,037030,"파워넷",KOSDAQ,3840.0,-2.78,"전기제품",9.25,16.402751495,97969889280.0,4250.0,-9.76470588235294,,35.7388316151203,26.360338573156,7.2,67.448190318556,2,3,0,75,"없음",45,-26.3915547024952,31,20261002,10.6666666666667,3.4345960657724,0,0,,,,,1,3815.0,"저항→지지",0,0,3730.67180502063,3730.67180502063
20261008,037070,"파세코",KOSDAQ,6890.0,1.17,"가정용기기와용품",5.82,3.728058145,137800000000.0,6510.0,5.83717357910906,1.0752688172043,85.3439153439153,37.3044524669073,8.8,13.3066274232921,0,2,0,85,"없음",47,-17.9761904761905,47,20260715,8.68385345997287,2.5334670174369,0,0,20260928,6510.0,6580.0,4.84096673549497,1,6510.0,"저항→지지",1,0,6212.46419593687,8482.46419593687
20261008,037230,"한국팩키지",KOSDAQ,1364.0,2.56,"포장재",0.3,0.8740110605,40647646028.0,1496.0,-8.8903743315508,,31.3584679832436,18.3544303797468,3.2,30.9410214965947,0,2,0,62,"없음",40,-49.7974217311234,7,,,,0,0,,,,,1,1315.0,"지지 재탈환",0,0,1426.43251636359,1522.43251636359
20261008,037270,"YG PLUS",KOSPI,3065.0,-2.85,"방송과엔터테인먼트",3.35,3.16264895,195127432150.0,3180.0,-3.14465408805031,,60.2102102102102,18.1446111869031,7.6,63.6414403987676,0,1,0,81,"없음",31,-37.9657603222558,17,,,,0,0,,,,,0,,,0,0,3060.26063521234,3425.26063521234
20261008,037350,"성도이엔지",KOSDAQ,8370.0,0.0,"건설",10.95,10.64205034,127307700000.0,7990.0,4.75594493116396,4.50563204005006,69.3877551020408,14.9812734082397,3.8,97.5775535525778,2,2,0,77,"없음",46,-8.02197802197802,64,20261001,8.02069857697283,3.00676478873033,0,0,20261001,7990.0,8350.0,236.902339952277,1,7990.0,"저항→지지",0,0,7920.40117652214,7990.40117652214
20261008,037370,EG,KOSDAQ,4290.0,-0.92,"비철금속",0.31,0.839197865,37001129880.0,4700.0,-8.72340425531915,,10.0327153762268,20.8139534883721,7.6,37.6030207642194,0,2,0,67,"없음",45,-14.8809523809524,52,20260914,8.87417218543047,4.81649060484248,0,0,,,,,1,3985.0,"저항→지지",0,0,4156.87682336072,4156.87682336072
20261008,037400,"우리엔터프라이즈",KOSDAQ,3465.0,3.9,"디스플레이장비및부품",1.44,0.55249232,18172778085.0,4010.0,-13.5910224438903,,63.0193905817175,21.2927756653992,7.4,179.143064965002,0,2,0,60,"없음",36,-28.0373831775701,29,20260907,23.4177215189873,13.640483990203,0,0,,,,,0,,,0,0,3761.34464938346,3761.34464938346
20261008,037440,"희림",KOSDAQ,4055.0,-0.25,"건설",2.04,5.5630319825,56455636125.0,4350.0,-7.35632183908046,,64.2036124794745,17.4406604747162,5.6,8.91135011835314,1,3,0,91,"없음",53,-0.861008610086101,73,20260826,9.52380952380953,42.2743625642255,0,0,,,,,0,,,0,0,4056.96432455301,4536.96432455301
20261008,037460,"삼지전자",KOSDAQ,31000.0,-0.8,"통신장비",7.73,13.8495456,505874182000.0,33600.0,-7.29166666666667,,62.2560975609756,28.2853566958698,7.2,37.1726136253914,2,2,0,86,"없음",49,12.8623188405797,85,,,,0,0,,,,,1,30150.0,"지지 재탈환",0,0,30565.3682129026,36915.3682129026
20261008,037560,"LG헬로비전",KOSPI,1530.0,-1.92,"방송과엔터테인먼트",0.9,1.433810596,118493703450.0,1635.0,-6.60550458715596,,39.1782831988261,16.1073825503356,7.4,46.4404861932317,0,2,0,75,"없음",40,-30.9049773755656,25,20260602,10.8391608391608,65.7846367774143,0,0,,,,,0,,,0,0,1547.04220613235,1670.04220613235
20261008,037710,"광주신세계",KOSPI,33600.0,-0.15,"백화점과일반상점",4.57,5.607295475,256272979200.0,44100.0,-23.9229024943311,,93.7109537692628,44.7986577181208,13.6,24.2333560425681,2,2,0,57,"없음",52,-4.55192034139403,69,20260626,29.97542997543,21.9306096922841,0,0,,,,,0,,,0,0,33952.4070363932,43152.4070363932
20261008,037760,"쎄니트",KOSDAQ,2550.0,2.0,"철강",1.29,1.0205777425,86273948550.0,2540.0,0.393700787401575,,2.4793388429752,9.63114754098361,6.4,174.760472144299,5,2,0,73,"없음",57,18.0555555555556,88,,,,1,0,,,,,1,2485.0,"저항→지지",0,0,2499.81860855708,2499.81860855708
20261008,037950,"엘컴텍",KOSDAQ,2640.0,-2.76,"전자장비와기기",0.45,0.6214105875,44588287920.0,3100.0,-14.3548387096774,,10.1024890190337,30.1675977653631,8.2,40.6623726342989,0,2,0,51,"없음",36,-31.3776169552856,24,,,,0,0,,,,,0,,,0,0,2753.48556150696,3193.48556150696
20261008,038010,"제일테크노스",KOSDAQ,5600.0,1.82,"조선",0.16,0.6403605,50400000000.0,5800.0,-5.3448275862069,,36.6869918699187,22.0713073005093,11.6,22.9547360818704,1,3,0,85,"없음",39,-10.1472995090016,60,,,,0,0,,,,,1,5450.0,"저항→지지",0,0,5569.69565061711,5569.69565061711
20261008,038070,"서린바이오",KOSDAQ,4065.0,-1.22,"생물공학",0.26,0.497789145,37807247940.0,4955.0,-17.9616548940464,,24.7962747380675,28.3427495291902,6.4,27.237976055541,0,2,0,54,"없음",38,-33.3606557377049,21,,,,0,0,,,,,1,3955.0,"지지 재탈환",0,0,4585.5506616468,4825.5506616468
20261008,038110,"에코플라스틱",KOSDAQ,2045.0,0.49,"자동차부품",1.7,2.853825801,84191361650.0,2095.0,-2.62529832935561,,56.2559241706161,27.7092511013216,10.0,49.5014927161278,0,1,0,70,"없음",31,-48.6792452830189,8,,,,0,0,,,,,0,,,0,0,2044.86773920449,2114.86773920449
20261008,038290,"마크로젠",KOSDAQ,12230.0,-1.92,"생명과학도구및서비스",2.42,1.773216495,132590322000.0,12930.0,-5.41376643464811,,40.4102564102564,20.6349206349206,6.4,73.4284154577179,0,2,0,90,"없음",35,-22.5459151361621,38,,,,0,0,,,,,1,12080.0,"지지 재탈환",0,0,12045.904918399,13605.904918399
20261008,038390,"레드캡투어",KOSDAQ,9910.0,-0.1,"도로와철도운송",0.42,0.795688545,165703346020.0,10490.0,-5.52907530981888,,35.2517985611511,22.8130360205832,21.0,35.4461059423004,0,1,0,64,"없음",31,-1.9782393669634,73,,,,0,0,,,,,0,,,0,0,10083.2545536637,10083.2545536637
20261008,038460,"바이오스마트",KOSDAQ,2865.0,-0.17,"전기장비",2.71,2.9825231825,72411562830.0,2960.0,-3.20945945945946,,35.117773019272,18.7919463087248,7.4,82.6890374526677,1,2,0,83,"없음",40,-28.4644194756554,28,,,,0,0,,,,,1,2730.0,"저항→지지",0,0,2732.66119218314,2752.66119218314
20261008,038540,"상상인",KOSDAQ,1967.0,0.46,"기타금융",0.17,0.818959538,108830791671.0,2060.0,-4.51456310679612,,24.1610738255033,28.8801571709234,8.2,7.25523317919909,2,3,0,90,"없음",60,-6.99763593380615,66,20260806,11.0294117647059,39.7460267526965,0,0,,,,,1,1918.0,"지지 재탈환",0,0,1907.84493730087,2357.84493730087
20261008,038620,"위즈코프",KOSDAQ,2195.0,3.54,"운송인프라",0.06,0.558785171,33245235135.0,2250.0,-2.44444444444444,,25.6180957390847,18.7409200968523,9.8,10.4085785162798,0,3,0,86,"없음",34,-8.92116182572614,62,,,,1,0,,,,,1,1959.0,"저항→지지",0,0,2062.29160611962,2062.29160611962
20261008,038680,"에스넷",KOSDAQ,3880.0,-0.51,"IT서비스",3.63,2.645610495,77261050960.0,4120.0,-5.46116504854369,,44.4444444444444,28.3671036948748,10.6,60.5342598068358,4,1,0,62,"없음",55,10.3399433427762,84,20260819,13.8297872340426,8.85111935551403,0,0,,,,,1,3610.0,"지지 재탈환",0,0,3730.66127155061,4135.66127155061
20261008,038870,"에코심플렉스",KOSDAQ,2200.0,4.27,"에너지장비및서비스",0.26,1.1705590315,30832887800.0,2285.0,-3.7199124726477,,39.7903372835005,13.1674442716433,7.4,36.7504693374377,0,2,0,71,"없음",35,-28.5714285714286,28,20260709,29.9760191846523,46.8871870127488,1,0,,,,,1,1940.0,"저항→지지",0,0,1949.27748437416,1949.27748437416
20261008,038880,"아이에이",KOSDAQ,3565.0,-1.79,"자동차부품",0.36,0.57085094,26788917995.0,4100.0,-12.8048780487805,,61.480686695279,40.2094240837696,7.0,42.5480495123143,0,2,0,57,"없음",35,-45.4198473282443,10,20260814,16.5986394557823,6.11126126355834,0,0,,,,,1,3395.0,"저항→지지",0,0,3514.97722219986,4189.97722219986
20261008,038950,"파인디지털",KOSDAQ,2810.0,-1.06,"전자제품",0.03,0.07638198,28692249650.0,3260.0,-13.8036809815951,,20.9267563527653,16.4869029275809,4.0,36.0698566620378,1,2,0,54,"없음",30,-13.5384615384615,54,,,,0,0,,,,,0,,,0,0,2987.70662375115,2987.70662375115
20261008,039010,"현대에이치티",KOSDAQ,8330.0,1.96,"통신장비",3.32,2.842798775,71846250000.0,8810.0,-7.03745743473326,,23.0046948356808,17.1021377672209,8.0,78.1131391866787,0,3,0,80,"없음",36,-2.2673031026253,72,,,,0,0,,,,,1,7770.0,"저항→지지",0,0,7865.01855682316,7865.01855682316
20261008,039020,"이건홀딩스",KOSDAQ,2600.0,-0.19,"건축자재",2.08,2.519162685,58720243400.0,2920.0,-10.958904109589,,28.7109375,34.1891891891892,5.8,65.685858972556,0,2,0,71,"없음",32,-15.8576051779935,50,20260818,8.17843866171004,3.45087895313198,0,0,,,,,1,2520.0,"지지 재탈환",0,0,2665.81885965734,3445.81885965734
20261008,039030,"이오테크닉스",KOSDAQ,520000.0,0.39,"반도체와반도체장비",1037.79,584.75704325,6406166000000.0,564000.0,-7.80141843971631,,40.1476014760148,16.7037861915368,6.8,161.887732294527,4,1,0,58,"관망",53,30.8176100628931,92,20260612,21.4285714285714,4.92000723450331,0,0,,,,,1,494500.0,"저항→지지",0,0,503289.935556501,503289.935556501
20261008,039130,"하나투어",KOSPI,29700.0,-1.49,"호텔,레스토랑,레저",6.02,9.029285875,460050980400.0,35950.0,-17.2461752433936,,62.2406639004149,9.34150076569678,7.6,72.5205815379226,0,1,0,52,"없음",26,-27.3504273504274,30,,,,0,0,,,,,0,,,0,0,34098.580976065,34098.580976065
20261008,039200,"오스코텍",KOSDAQ,37800.0,-4.79,"제약",45.07,39.292657225,1446159052800.0,37700.0,-0.13262599469496,3.71352785145889,35.1116625310174,16.375,6.4,83.4541879091555,0,3,0,82,"관망",39,-22.8483606557377,37,,,,0,0,20261006,37700.0,39100.0,127.263124307899,1,37550.0,"저항→지지",0,0,36863.0398265934,36863.0398265934
20261008,039240,"경남스틸",KOSDAQ,1958.0,-0.25,"철강",0.25,0.924071601,52826064632.0,2125.0,-8.14117647058823,,40.6455862977602,23.5555555555556,10.0,23.5963543197219,0,1,0,87,"없음",25,-27.1641791044776,30,,,,0,0,,,,,0,,,0,0,1990.85069565788,1990.85069565788
20261008,039290,"인포뱅크",KOSDAQ,3930.0,-5.3,"IT서비스",0.35,0.277125765,34167333540.0,4230.0,-7.21040189125296,,33.1418383518225,16.0511363636364,9.8,120.881572135138,0,1,0,68,"없음",25,-11.4994363021421,58,,,,0,0,,,,,0,,,0,0,3830.6736040821,3830.6736040821
20261008,039310,"세중",KOSDAQ,1209.0,0.83,"소프트웨어",0.12,0.401825725,21909095403.0,1499.0,-20.0133422281521,,25.0125313283208,26.7269205939316,4.4,9.06176046627683,1,1,0,50,"없음",35,-31.0523289246693,25,20260812,10.3817816476892,3.3795721570965,0,0,,,,,0,,,0,0,1289.17177675395,1585.17177675395
20261008,039340,"한국경제TV",KOSDAQ,4815.0,0.0,"방송과엔터테인먼트",0.05,0.36971306,105930000000.0,5390.0,-10.6679035250464,,37.2395833333333,5.2415210688592,11.4,10.1180375137035,0,1,0,61,"없음",29,-3.11871227364185,71,,,,0,0,,,,,0,,,0,0,5186.28438673339,5186.28438673339
20261008,039420,"케이엘넷",KOSDAQ,2600.0,-1.89,"IT서비스",0.35,0.3854444875,59662184400.0,2830.0,-8.30388692579505,,26.2237762237762,11.9250425894378,7.6,48.9983506742832,0,1,0,75,"없음",29,-5.80762250453721,68,,,,0,0,,,,,0,,,0,0,2681.50620286905,2786.50620286905
20261008,039440,"에스티아이",KOSDAQ,25250.0,4.12,"반도체와반도체장비",40.95,26.388636295,391552936750.0,21650.0,16.3972286374134,5.08083140877598,48.8973384030418,27.3705179282869,7.6,156.178763354062,0,2,0,58,"없음",32,-11.5789473684211,58,20261001,11.6379310344828,5.92835981834136,0,0,20260929,21650.0,22750.0,309.010320311763,1,21650.0,"저항→지지",0,0,23633.0736108238,23633.0736108238
20261008,039490,"키움증권",KOSPI,242500.0,-1.82,"증권",249.12,177.8446695,6360366630000.0,279500.0,-13.4168157423971,,71.5883668903803,32.8671328671329,11.6,114.925487601183,0,1,0,71,"관망",26,-40.0990099009901,14,,,,0,0,,,,,0,,,0,0,255943.400320318,305443.400320318
20261008,039560,"다산네트웍스",KOSDAQ,2825.0,-2.08,"통신장비",8.05,10.6961533825,121159922100.0,3120.0,-9.93589743589744,,0.0,28.3088235294118,13.4,126.184114228389,1,1,0,65,"없음",34,-42.3589743589744,12,20261002,16.247582205029,16.1482462740327,0,0,,,,,1,2720.0,"저항→지지",0,0,2814.62373482507,2814.62373482507
20261008,039570,"HDC랩스",KOSPI,7390.0,-0.27,"건설",0.33,0.44987672,191826671390.0,7840.0,-5.10204081632653,,42.4050632911392,16.4542294322132,22.0,44.2198541044971,0,3,0,91,"없음",45,-7.92079207920792,64,,,,0,0,,,,,0,,,0,0,7466.16792609513,7556.16792609513
20261008,039610,"화성밸브",KOSDAQ,6550.0,-0.15,"기계",7.02,21.447041505,68188120000.0,7550.0,-13.2450331125828,,17.1730515191546,23.5188509874327,10.0,51.7744219767311,0,2,0,50,"없음",30,-17.6100628930818,47,20260930,16.4744645799012,8.18108693944307,0,0,,,,,1,6530.0,"저항→지지",0,0,6639.83838728686,6639.83838728686
20261008,039740,"한국정보공학",KOSDAQ,3135.0,7.36,"판매업체",0.2,0.2757958675,25137674595.0,3780.0,-17.989417989418,,23.3494363929147,17.7489177489178,7.2,37.6335672256875,2,1,0,54,"없음",36,-18.6351706036745,45,,,,1,0,,,,,1,3005.0,"지지 재탈환",0,0,3421.87241338762,3421.87241338762
20261008,039830,"오로라",KOSDAQ,14990.0,-0.73,"레저용장비와제품",2.79,7.54685349,161335721100.0,17240.0,-12.5870069605568,,59.2280905397563,45.2,8.4,18.1615295722956,2,2,0,75,"없음",52,58.4647739221872,95,20260921,8.34976988823142,2.52519841213,0,0,,,,,0,,,0,0,15032.5163747021,22792.5163747021
20261008,039840,"디오",KOSDAQ,9700.0,-2.02,"건강관리장비와용품",3.38,5.88467352,130133531600.0,10690.0,-9.822263797942,,39.697950377562,30.7458143074581,7.4,89.2500971773177,0,2,0,45,"없음",28,-39.6745932415519,15,,,,0,0,,,,,0,,,0,0,10420.5335847838,12290.5335847838
20261008,039860,"나노엔텍",KOSDAQ,4505.0,-1.85,"생명과학도구및서비스",6.82,13.294836215,171609203765.0,4925.0,-9.03553299492386,,55.7678177810433,38.5576923076923,10.2,43.33023840478,1,3,0,77,"없음",40,-11.2871287128713,58,20260722,29.8998569384835,5.41501399469256,0,0,,,,,1,4280.0,"저항→지지",0,0,4458.76876230196,4733.76876230196
20261008,039980,"폴라리스AI",KOSDAQ,4970.0,-2.17,"IT서비스",2.28,3.9156769125,71474633580.0,5430.0,-8.56353591160221,,75.9985606333213,25.15625,6.0,4.1206197175078,0,3,0,84,"없음",48,-33.2212508406187,22,20260807,9.47546531302876,5.16976529292183,0,0,,,,,0,,,0,0,4780.75328347638,6390.75328347638
20261008,040160,"누리플렉스",KOSDAQ,6340.0,3.09,"IT서비스",0.28,1.03387527,75340445340.0,7900.0,-20.5063291139241,,23.8205723124517,23.9304812834225,3.2,15.694653890336,2,2,0,58,"없음",52,-36.8209255533199,17,20260818,13.1531531531532,2.79027346191525,0,0,,,,,0,,,0,0,6542.95988544547,6542.95988544547
20261008,040300,YTN,KOSDAQ,2265.0,0.22,"방송과엔터테인먼트",1.29,16.4087158355,107988359700.0,3160.0,-28.6392405063291,,24.1955445544554,7.26840855106888,8.4,19.6709644660186,0,1,0,49,"없음",30,-28.5261489698891,28,20260915,18.961625282167,5.14457437667338,0,0,,,,,1,2080.0,"저항→지지",0,0,2895.99979477354,2895.99979477354
20261008,040350,"크레오에스지",KOSDAQ,3230.0,-6.38,"IT서비스",1.21,3.947642225,64135513080.0,4550.0,-28.021978021978,,72.7625298329356,61.3414634146341,6.4,33.7723939757653,2,2,0,50,"없음",42,-2.96296296296296,71,20260608,26.4705882352941,3.81151239432808,0,0,,,,,0,,,0,0,3692.52527291203,7327.52527291203
20261008,040420,"정상제이엘에스",KOSDAQ,5830.0,-0.17,"교육서비스",1.25,0.661571415,91400128160.0,5990.0,-2.83806343906511,,41.1042944785276,9.78792822185971,21.6,152.637085516571,1,3,0,87,"없음",45,0.344827586206897,75,,,,0,0,,,,,0,,,0,0,5853.84844189383,5853.84844189383
20261008,040610,SG&G,KOSDAQ,3195.0,-0.93,"자동차부품",0.3,0.588037455,54454295610.0,3315.0,-3.77073906485671,,51.2607626076261,7.75193798449612,3.8,33.6174858078556,0,2,0,84,"없음",41,-20.25,42,,,,0,0,,,,,0,,,0,0,3087.32380033201,3147.32380033201
20261008,040910,"아이씨디",KOSDAQ,4200.0,0.12,"디스플레이장비및부품",0.3,0.345486985,76331955000.0,4895.0,-14.1981613891726,,21.7194570135747,14.3377885783718,10.0,66.2641182844966,2,1,0,50,"없음",32,-17.96875,47,,,,0,0,,,,,1,4075.0,"지지 재탈환",0,0,4419.65048702173,4419.65048702173
20261008,041020,"폴라리스오피스",KOSDAQ,3070.0,-2.23,"자동차부품",2.86,4.4359167175,152529244510.0,3245.0,-5.54699537750385,,47.1295060080107,13.1578947368421,8.2,29.998080153898,0,3,0,91,"없음",49,-26.3221153846154,32,20260723,14.6840148698885,9.25470705091773,0,0,,,,,1,3060.0,"저항→지지",0,0,2986.78488198031,2986.78488198031
20261008,041190,"우리기술투자",KOSDAQ,5900.0,-2.96,"창업투자",56.57,186.84244711,470820000000.0,6600.0,-10.6060606060606,,42.6906779661017,24.3323442136499,4.2,23.1060407640496,0,2,0,66,"관망",40,-4.83870967741935,69,20260825,15.8432708688245,18.1649055761908,0,0,,,,,1,5750.0,"저항→지지",0,0,5810.11871212985,6400.11871212985
20261008,041440,"현대에버다임",KOSDAQ,6200.0,-2.05,"기계",3.54,3.716272225,110618614400.0,7000.0,-10.7142857142857,,53.3222591362126,21.4397496087637,10.2,64.4297740461545,0,1,0,90,"없음",29,-24.7894103489771,34,,,,0,0,,,,,0,,,0,0,6498.22825103275,6788.22825103275
20261008,041460,"한국전자인증",KOSDAQ,3355.0,-0.3,"IT서비스",0.93,1.63158885,61833015695.0,3800.0,-11.8421052631579,,48.1666666666667,16.4804469273743,11.2,59.7934295401865,0,1,0,72,"없음",29,-12.987012987013,55,20260624,9.17573872472783,2.8976625050989,0,0,,,,,0,,,0,0,3553.24940258179,3553.24940258179
20261008,041510,"에스엠",KOSDAQ,77800.0,-1.52,"방송과엔터테인먼트",46.01,102.42804275,1781206882000.0,91000.0,-14.7252747252747,,31.9949811794228,8.5750315258512,5.4,53.8865300487866,0,1,0,47,"관망",29,-9.13348946135831,62,20260611,21.1459754433833,4.40309505508583,0,0,,,,,1,77100.0,"저항→지지",0,0,82815.132612911,82815.132612911
20261008,041520,"이엘씨",KOSDAQ,12890.0,1.26,"반도체와반도체장비",1.13,2.10871026,157112729700.0,12800.0,0.703125,0.703125,42.2680412371134,42.2776911076443,18.4,32.6077217395425,5,1,0,53,"없음",58,49.5359628770302,94,20260814,11.2663755458515,7.46528118274873,1,0,20261008,12800.0,12890.0,32.4441850972626,1,12800.0,"저항→지지",0,0,12051.6540999259,12301.6540999259
20261008,041650,"상신브레이크",KOSPI,2140.0,-0.93,"자동차부품",0.2,0.15636264,45948903000.0,2250.0,-4.88888888888889,,37.1894960965223,12.8834355828221,3.0,79.8723940190629,0,2,0,90,"없음",43,-16.40625,49,,,,0,0,,,,,0,,,0,0,2303.11642280222,2303.11642280222
20261008,041830,"인바디",KOSDAQ,51300.0,-3.39,"건강관리장비와용품",35.32,40.42287715,691569246600.0,63400.0,-18.9274447949527,,58.1993569131833,31.0204081632653,8.2,63.8902141568385,4,2,0,56,"수축중",57,80.9859154929577,97,20260806,23.4567901234568,6.85571277977908,0,0,,,,,0,,,0,0,56077.4805900738,66677.4805900738
20261008,041910,"폴라리스AI파마",KOSDAQ,5870.0,-1.18,"제약",2.65,1.709169275,77973264500.0,5700.0,2.98245614035088,3.50877192982456,53.671461014383,19.5826645264847,6.0,62.6607646587407,0,2,0,90,"없음",49,-14.6802325581395,52,20260723,8.72093023255813,6.16852574959328,0,0,20261007,5700.0,5900.0,111.341998311952,1,5700.0,"저항→지지",0,0,5543.21590248309,5823.21590248309
20261008,041920,"메디아나",KOSDAQ,9990.0,-3.66,"건강관리장비와용품",5.9,6.7004727,185796247770.0,10650.0,-6.19718309859155,,59.1283863368669,60.0121359223301,15.0,74.6470143095626,1,2,0,58,"없음",35,-49.4688922610015,7,,,,0,0,,,,,1,8900.0,"저항→지지",0,0,9553.8823599472,9553.8823599472
20261008,041930,"SY동아",KOSDAQ,4965.0,0.0,"자동차부품",0.52,3.141367995,75468000000.0,5150.0,-3.59223300970874,,58.078141499472,13.8412017167382,10.2,4.95358929906063,0,1,0,50,"없음",31,-15.989847715736,50,,,,0,0,,,,,0,,,0,0,5860.74777330985,5860.74777330985
20261008,041960,"코미팜",KOSDAQ,11320.0,2.91,"제약",36.16,26.076369265,844678035320.0,10690.0,5.98690364826941,2.52572497661366,21.0645526613817,11.7988394584139,3.8,117.170319866316,5,2,0,73,"없음",62,38.3394383394383,93,20260807,9.04325032765401,3.31894156054601,0,0,20261007,10690.0,10960.0,279.682173147258,1,10690.0,"저항→지지",0,0,10339.8820979999,10339.8820979999
20261008,042000,"카페24",KOSDAQ,22250.0,-1.33,"IT서비스",53.15,61.91695725,537964260250.0,24250.0,-7.62886597938144,,0.0,19.4910665944775,9.8,151.17580212516,0,2,0,61,"관망",35,-13.3462282398453,54,20261006,11.4634146341464,3.88379430165959,0,0,,,,,1,19560.0,"저항→지지",0,0,21460.6463783667,21460.6463783667
20261008,042040,"케이피엠테크",KOSDAQ,5600.0,10.24,"화학",1.02,0.3656059625,48557549600.0,5430.0,2.39410681399632,2.39410681399632,68.3193583667517,32.8571428571429,7.8,88.6185845039853,0,1,0,65,"없음",33,-56.6201139112117,4,20260917,10.1910828025478,5.32249115322491,1,0,20261008,5430.0,5560.0,87.3930016376511,1,4835.0,"저항→지지",1,0,4804.45519385806,5674.45519385806
20261008,042110,"에스씨디",KOSDAQ,1059.0,-2.04,"전기제품",2.4,1.6409498555,51181008276.0,1048.0,1.04961832061069,2.48091603053435,78.3175888439046,22.4522292993631,8.8,63.8249129537247,0,3,0,96,"없음",52,-26.0990928122819,32,20260713,13.1340579710145,29.9082471156057,0,0,20261007,1048.0,1074.0,60.2199626645532,1,1020.0,"저항→지지",0,0,998.489671868488,1395.48967186849
20261008,042370,"비츠로테크",KOSDAQ,10520.0,-1.87,"전기제품",49.8,175.709059495,275624263000.0,11970.0,-11.5288220551378,,0.0,22.210953346856,7.8,67.3856858897737,2,1,0,59,"관망",41,-5.44642857142857,68,20260917,29.2655367231638,70.1452230320287,0,0,,,,,1,8910.0,"저항→지지",0,0,10641.7562543847,10641.7562543847
20261008,042420,"네오위즈홀딩스",KOSDAQ,20450.0,-3.31,"게임엔터테인먼트",2.2,1.940600875,166509687350.0,25000.0,-18.0,,5.22300469483567,14.7368421052632,9.6,126.313441210338,0,1,0,63,"없음",22,-8.88888888888889,63,,,,0,0,,,,,0,,,0,0,23158.6441431736,23158.6441431736
20261008,042500,"링네트",KOSDAQ,4340.0,-0.23,"IT서비스",4.05,3.08889292,96743564960.0,4560.0,-4.82456140350877,,14.7843942505133,10.1307189542484,5.2,86.160062866022,2,1,0,68,"없음",37,11.1395646606914,84,,,,0,0,,,,,1,4205.0,"지지 재탈환",0,0,4262.97253334675,4292.97253334675
20261008,042510,"라온시큐어",KOSDAQ,15210.0,-8.98,"소프트웨어",396.88,375.06962052,168919643880.0,12400.0,23.4677419354839,19.9193548387097,4.27083333333332,15.158371040724,7.6,210.20707410105,4,1,0,33,"돌파완료",49,79.0643274853801,97,20261007,9.95292535305985,10.9007100924552,0,0,20261006,12400.0,14870.0,842.206115421348,1,12400.0,"저항→지지",0,0,15305.9125088084,15305.9125088084
20261008,042520,"한스바이오메드",KOSDAQ,20500.0,-9.29,"건강관리장비와용품",29.23,23.15497512,292358023500.0,23750.0,-13.6842105263158,,54.5945945945946,32.4,7.6,111.508395052826,0,1,0,57,"없음",26,-44.4444444444444,11,20260707,14.5739910313901,2.68858496516289,0,0,,,,,1,18710.0,"지지 재탈환",0,0,20584.9610845171,22184.9610845171
20261008,042600,"새로닉스",KOSDAQ,11990.0,0.93,"가정용기기와용품",2.54,2.523087035,148958652260.0,12340.0,-2.83630470016207,,24.1256245538901,23.6861051115911,5.0,104.810163098405,1,1,0,47,"없음",36,-32.2598870056497,23,20261006,10.4300091491308,4.10616679427099,1,0,,,,,1,11360.0,"지지 재탈환",0,0,11082.4771965253,12192.4771965253
20261008,042660,"한화오션",KOSPI,71700.0,-3.24,"조선",640.73,555.67025965,21969840349800.0,90900.0,-21.012101210121,,80.1517067003793,22.1615720524017,10.0,100.615584525464,0,1,0,82,"관망",26,-39.815590947192,15,,,,0,0,,,,,0,,,0,0,83834.82887128,92334.82887128
20261008,042700,"한미반도체",KOSPI,265000.0,0.19,"반도체와반도체장비",2708.86,1674.1307365,25257733000000.0,281500.0,-6.57193605683837,,57.5887075887076,45.8545454545455,11.0,151.03369857837,2,1,0,56,"관망",45,2.734375,78,20260612,24.0549828178694,4.65749639164522,0,0,,,,,1,246500.0,"저항→지지",0,0,252424.188279457,252424.188279457
20261008,042940,"상지건설",KOSDAQ,5320.0,-1.12,"건설",1.07,1.563890754,36328747840.0,5940.0,-10.7744107744108,,70.5700428762213,27.1942446043165,7.6,28.0412082753118,0,2,0,74,"없음",45,-30.7461126355678,25,20260701,29.9198429576313,4.68992303924941,0,0,,,,,0,,,0,0,5278.25920382473,6269.25920382473
20261008,043150,"바텍",KOSDAQ,17100.0,-1.84,"건강관리장비와용품",7.19,4.069976445,254007777600.0,18000.0,-5.0,,67.7055702917772,26.752688172043,7.6,97.4917933814429,1,2,0,89,"없음",46,-20.8333333333333,41,20260811,12.2087132725431,9.62194028599256,0,0,,,,,0,,,0,0,17614.9893584062,22264.9893584062
20261008,043200,"파루",KOSDAQ,1238.0,-2.52,"에너지장비및서비스",0.57,1.173168373,25876870366.0,1273.0,-1.1783189316575,,75.3059755219582,23.4234234234234,4.4,11.3669151078053,0,2,0,90,"없음",47,-33.0851063829787,22,20260828,10.8189331329827,31.9002519612252,0,0,,,,,1,1204.0,"저항→지지",0,0,1145.65484290736,1555.65484290736
20261008,043260,"성호전자",KOSDAQ,32250.0,-1.23,"전기제품",828.73,1341.27681957,2433322098000.0,28700.0,12.3693379790941,9.40766550522648,21.4788732394366,37.5,6.8,83.9707864850461,2,2,0,58,"관망",44,-26.7045454545455,31,20260918,18.9189189189189,9.18191245193023,0,0,20261002,28700.0,31400.0,339.92775533121,1,28700.0,"저항→지지",0,0,30977.5741284898,30977.5741284898
20261008,043340,"에쎈테크",KOSDAQ,614.0,4.42,"기계",0.12,0.458485482,29165000000.0,973.0,-36.896197327852,,38.1720430107527,43.3234421364985,8.2,23.400590763284,1,1,0,41,"없음",31,-41.5238095238095,13,20260805,15.421686746988,2.62140317781274,0,0,,,,,0,,,0,0,867.790462614418,905.790462614418
20261008,043360,"디지아이",KOSDAQ,2250.0,-2.17,"컴퓨터와주변기기",0.11,0.411583495,20250000000.0,2495.0,-9.81963927855711,,49.6900826446281,41.838134430727,4.4,16.4931652048791,2,2,0,57,"없음",55,-11.0671936758893,58,20260902,29.8876404494382,34.5808829816544,0,0,,,,,0,,,0,0,2373.69735952009,3223.69735952009
20261008,043370,"피에이치에이",KOSDAQ,11210.0,1.36,"자동차부품",1.06,1.65448032,235410000000.0,11450.0,-2.44541484716157,,40.0471142520613,8.54184641932701,6.8,58.9109410250922,0,1,0,73,"없음",27,-7.6095947063689,65,,,,0,0,,,,,0,,,0,0,10883.4807775254,10883.4807775254
20261008,043590,"웰킵스하이텍",KOSDAQ,1850.0,13.85,"전기제품",2.86,0.543237152,25101504850.0,1768.0,6.50452488687783,1.80995475113122,30.9459459459459,50.1329787234042,17.8,346.108765092914,3,1,0,36,"없음",46,41.5789473684211,94,20261007,9.15706488781078,2.85916499339737,0,0,20261007,1768.0,1800.0,138.59884575132,1,1524.0,"저항→지지",0,0,1640.35694313129,1640.35694313129
20261008,043650,"국순당",KOSDAQ,3505.0,0.29,"음료",0.39,6.5714956525,62593355520.0,4495.0,-22.8031145717464,,81.1184606133494,37.573385518591,14.2,12.3284542314144,0,1,0,57,"없음",30,-14.8466257668712,52,20260623,20.8516886930984,47.9358790022656,0,0,,,,,0,,,0,0,4204.35344095957,4204.35344095957
20261008,043710,"코스리거글로벌",KOSDAQ,3035.0,-1.14,"건강관리업체및서비스",0.24,0.3941712575,52543443570.0,3910.0,-22.3785166240409,,13.9191290824261,41.8292682926829,3.0,74.4977705326749,0,2,0,44,"없음",25,-29.088785046729,27,,,,0,0,,,,,1,2920.0,"지지 재탈환",0,0,3389.59266401557,3389.59266401557
20261008,043910,"자연과환경",KOSDAQ,3170.0,-1.25,"상업서비스와공급품",7.16,1.72166159,35945089650.0,4305.0,-25.7839721254355,,52.9661016949153,17.887323943662,8.2,204.482557822585,0,1,0,52,"없음",26,-33.1589958158996,22,20260826,11.6138763197587,50.693920644025,0,0,,,,,0,,,0,0,3579.98678701822,3899.98678701822
20261008,044340,"위닉스",KOSDAQ,2705.0,-0.73,"가정용기기와용품",0.98,1.9894058075,48347614625.0,2950.0,-7.6271186440678,,85.528626624517,60.0,8.6,2.74069033882846,0,2,0,78,"없음",45,-42.9319371727749,12,20260727,10.0917431192661,8.12864086705497,0,0,,,,,0,,,0,0,2938.22851364226,6148.22851364226
20261008,044450,"KSS해운",KOSPI,12390.0,1.31,"해운사",6.1,18.287204945,279735534750.0,12750.0,-2.74509803921569,,0.0,9.25925925925926,7.0,60.2656465271741,4,1,0,61,"없음",51,11.7117117117117,85,20260922,15.5155155155155,17.9417343011152,1,0,,,,,1,10580.0,"저항→지지",0,0,11846.8113586333,11846.8113586333
20261008,044480,"빌리언스",KOSDAQ,3215.0,2.23,"방송과엔터테인먼트",0.18,1.3233544375,21380338345.0,5330.0,-39.6810506566604,,37.9310344827586,66.1610268378063,18.0,31.4631963257773,0,1,0,40,"없음",26,-61.2650602409639,3,,,,0,0,,,,,0,,,0,0,4643.72586040697,4643.72586040697
20261008,044490,"태웅",KOSDAQ,35750.0,-2.72,"에너지장비및서비스",32.34,90.60789355,715263870750.0,39650.0,-9.96216897856242,,45.2609158679446,21.6316440049444,4.6,36.7575336680332,2,2,0,75,"관망",50,-19.5039458850056,44,20260902,11.6941529235382,6.90784211727755,0,0,,,,,0,,,0,0,36982.700792471,36982.700792471
20261008,044780,"에이치케이",KOSDAQ,1318.0,0.53,"기계",0.34,0.515623422,24390627266.0,1645.0,-20.8510638297872,,20.6136900078678,18.7100893997446,4.4,52.9753442042199,1,1,0,39,"없음",31,-9.64607911172797,61,,,,0,0,,,,,0,,,0,0,1518.36240962088,1518.36240962088
20261008,044820,"코스맥스비티아이",KOSPI,24750.0,-1.98,"건강관리업체및서비스",7.86,7.626578325,237697044750.0,26450.0,-6.80529300567108,,19.1452991452991,26.5866209262436,7.2,72.7139694248368,5,2,0,73,"없음",65,52.2544780728845,95,20260812,9.375,6.17437207276191,0,0,,,,,1,24500.0,"지지 재탈환",0,0,23176.6308801852,25876.6308801852
20261008,044960,"이글벳",KOSDAQ,3190.0,0.0,"제약",1.5,1.11920113,40327606770.0,3155.0,1.10935023771791,1.10935023771791,45.6359102244389,10.4761904761905,12.6,160.984200295725,0,1,0,76,"없음",29,-14.9333333333333,52,,,,1,0,20261007,3155.0,3190.0,1665.92033927985,1,3155.0,"저항→지지",0,0,3226.05519209836,3226.05519209836
20261008,044990,"에이치엔에스하이텍",KOSDAQ,11930.0,0.93,"전자장비와기기",0.27,1.26329374,91687120250.0,11610.0,1.46425495262705,0.775193798449612,20.6868356500409,31.6170555108608,12.4,18.5431324674574,0,2,0,72,"없음",39,-21.5712383488682,39,20260730,11.1713665943601,3.75843918223747,0,0,20261002,11610.0,11700.0,91.7317717432321,1,11610.0,"저항→지지",0,0,10979.9819457815,12279.9819457815
20261008,045060,"오공",KOSDAQ,2095.0,-0.48,"화학",0.34,0.453986525,35493435530.0,2215.0,-5.4176072234763,,12.448132780083,10.3982300884956,6.8,60.4732532824801,0,1,0,66,"없음",27,-6.47321428571429,66,,,,0,0,,,,,1,2080.0,"지지 재탈환",0,0,2076.527543383,2121.527543383
20261008,045100,"한양이엔지",KOSDAQ,33200.0,-1.19,"반도체와반도체장비",18.79,25.64962085,581000000000.0,35650.0,-7.15287517531557,,63.1528046421663,21.3953488372093,9.8,67.0891037213771,4,3,0,80,"없음",55,12.5850340136054,85,20261001,9.10493827160495,4.80904100264182,0,0,,,,,1,32650.0,"저항→지지",0,0,32612.5088937903,32662.5088937903
20261008,045300,"성우테크론",KOSDAQ,3235.0,5.89,"반도체와반도체장비",5.01,0.8757678875,34119583820.0,2780.0,16.0071942446043,1.61870503597122,17.2494172494173,29.2947558770344,13.2,529.485343546621,2,3,0,80,"없음",39,9.88074957410562,83,,,,0,0,20261001,2780.0,2825.0,135.753121932172,1,2780.0,"저항→지지",1,1,2853.24781247281,2853.24781247281
20261008,045340,"토탈소프트",KOSDAQ,6770.0,0.45,"운송인프라",1.6,1.06234969,57937930800.0,6910.0,-2.31548480463097,,45.017793594306,24.5945945945946,15.4,104.146558894859,0,3,0,89,"없음",40,1.04790419161677,76,,,,0,0,,,,,1,6700.0,"지지 재탈환",0,0,6543.18903505433,6543.18903505433
20261008,045390,"대아티아이",KOSDAQ,2975.0,-1.33,"도로와철도운송",10.78,24.9327535775,209658296575.0,3200.0,-7.03125,,55.3260869565217,23.8482384823848,6.6,22.0736087144057,0,1,0,42,"없음",33,-24.203821656051,35,20260901,15.2845528455285,2.81849458952527,0,0,,,,,1,2915.0,"지지 재탈환",0,0,3460.05881622233,3660.05881622233
20261008,045510,"정원엔시스",KOSDAQ,1264.0,1.61,"IT서비스",1.52,0.932968425,39790665648.0,1500.0,-15.0,,0.0,14.512093411176,7.2,108.203957615363,5,1,0,49,"없음",51,25.492125984252,90,20260929,12.6629422718808,17.600656476665,0,0,,,,,1,1159.0,"저항→지지",0,0,1297.74499157379,1297.74499157379
20261008,045520,"크린앤사이언스",KOSDAQ,3200.0,-1.69,"화학",0.33,1.485060135,20800000000.0,3590.0,-10.8635097493036,,70.9821428571429,27.1103896103896,7.2,15.9625439174646,1,3,0,87,"없음",53,-1.68970814132104,73,20260909,8.33333333333333,3.06096772603804,0,0,,,,,1,2580.0,"저항→지지",0,0,3232.51650708282,3232.51650708282
20261008,045660,"에이텍",KOSDAQ,8700.0,0.58,"컴퓨터와주변기기",0.54,0.92126092,71862000000.0,9200.0,-5.43478260869565,,24.9592169657423,17.6470588235294,5.2,31.5964662640849,0,2,0,70,"없음",41,-5.94594594594595,67,,,,0,0,,,,,1,8520.0,"지지 재탈환",0,0,8756.2217938668,9356.2217938668
20261008,045970,"코아시아",KOSDAQ,3855.0,3.21,"핸드셋",3.46,2.1230331525,101443846980.0,4000.0,-3.625,,37.9704720316074,26.7833109017497,6.0,94.5168987600123,0,3,0,89,"없음",39,-18.6708860759494,45,,,,1,0,,,,,1,3750.0,"저항→지지",0,0,3528.80593536994,3528.80593536994
20261008,046120,"오르비텍",KOSDAQ,4930.0,-4.83,"에너지장비및서비스",14.7,90.57021433,166907284690.0,6520.0,-24.079754601227,,34.4059405940594,26.4595103578154,7.0,38.4375427271517,2,1,0,50,"관망",36,-56.5026362038664,4,20260908,29.8283261802575,30.1040394705651,0,0,,,,,0,,,0,0,5680.85855642009,5680.85855642009
20261008,046210,"HLB파나진",KOSDAQ,1774.0,29.96,"생명과학도구및서비스",112.92,12.0246105755,80766601040.0,1600.0,10.875,10.875,14.9119373776908,11.3934426229508,4.8,1722.41309977592,1,1,0,46,"없음",28,-22.8695652173913,37,20261008,31.0192023633678,14.477361726833,1,0,20261008,1600.0,1774.0,2387.20493038922,1,1200.0,"저항→지지",1,1,1352.32867491461,1367.32867491461
20261008,046310,"백금T&A",KOSDAQ,2365.0,0.21,"통신장비",0.18,0.4262419225,38830085965.0,2425.0,-2.47422680412371,,44.7674418604651,25.987525987526,11.0,24.3645246858894,0,2,0,85,"없음",41,-17.1628721541156,48,,,,1,0,,,,,1,2340.0,"저항→지지",0,0,2290.51516669993,2295.51516669993
20261008,046390,"삼화네트웍스",KOSDAQ,2130.0,-0.23,"방송과엔터테인먼트",0.2,0.2074505245,36783338490.0,2220.0,-4.05405405405405,,28.7013459439796,13.3928571428571,6.0,42.4971256712609,0,2,0,69,"없음",47,-14.8681055155875,52,20260824,8.68486352357321,3.39012351231469,0,0,,,,,1,2040.0,"지지 재탈환",0,0,1979.25705181474,1979.25705181474
20261008,046440,"KG파이낸셜",KOSDAQ,4015.0,-0.12,"IT서비스",1.14,1.6884370025,145545299790.0,4265.0,-5.74443141852286,,57.0469798657718,13.0434782608696,8.4,33.2515617435996,0,2,0,87,"없음",43,-16.597510373444,49,,,,0,0,,,,,0,,,0,0,4069.10042718143,4309.10042718143
20261008,046890,"서울반도체",KOSDAQ,10390.0,-0.1,"디스플레이장비및부품",17.98,27.92784988,605793106000.0,11090.0,-6.22182146077547,,41.9680403700589,15.2542372881356,7.0,64.3224795601176,2,1,0,54,"없음",37,15.8129175946548,87,,,,0,0,,,,,1,10070.0,"저항→지지",0,0,10526.9972426669,10526.9972426669
20261008,046940,"우원개발",KOSDAQ,2810.0,2.37,"건설",49.77,4.13787772,50788923500.0,3125.0,-10.72,,77.7777777777778,48.7551867219917,12.6,1191.88388041526,0,2,0,68,"없음",35,-34.8130841121495,20,20260702,15.8295281582953,48.9534402124398,1,0,,,,,1,2755.0,"지지 재탈환",0,0,2660.02879407407,2960.02879407407
20261008,047040,"대우건설",KOSPI,16670.0,-3.86,"건설",594.48,1457.920765505,6849830325460.0,19700.0,-15.6852791878173,,45.1043989458747,27.3576309794989,5.4,51.6727079385459,2,2,0,65,"관망",46,1.03406326034063,76,20260908,8.4736556219446,3.98867793194015,0,0,,,,,0,,,0,0,18767.671055162,19417.671055162
20261008,047050,"포스코인터내셔널",KOSPI,56900.0,-0.52,"무역회사와판매업체",300.44,308.1959497,10010006637200.0,58700.0,-3.23679727427598,,23.3615221987315,17.9930795847751,10.0,39.3626345380867,2,1,0,82,"관망",50,-28.5534591194969,28,20260616,9.01502504173624,3.26482108614949,0,0,,,,,1,56700.0,"저항→지지",0,0,53910.0356045707,53910.0356045707
20261008,047080,"한빛소프트",KOSDAQ,1074.0,-0.83,"게임엔터테인먼트",0.28,0.4925470365,26659216788.0,1150.0,-5.82608695652174,,25.3833049403748,14.0336134453782,3.0,28.1708935121348,0,2,0,57,"없음",45,-18.6936936936937,45,20260901,11.144578313253,5.08166420022227,1,0,,,,,1,979.0,"저항→지지",0,0,1059.1498139152,1059.1498139152
20261008,047310,"파워로직스",KOSDAQ,3390.0,4.15,"핸드셋",11.69,3.49516663,124110459450.0,3220.0,5.59006211180124,1.5527950310559,47.8374836173001,15.6297420333839,7.0,295.851736930696,0,3,0,90,"없음",36,-23.2505643340858,37,,,,1,0,20261002,3220.0,3270.0,122.397214427083,1,3220.0,"저항→지지",0,0,3112.20583631832,3112.20583631832
20261008,047560,"이스트소프트",KOSDAQ,7710.0,-3.75,"소프트웨어",2.0,3.033698905,90616262220.0,8750.0,-11.3142857142857,,31.7800559179869,27.7439024390244,8.6,61.335083777935,0,1,0,71,"없음",25,-40.0772200772201,14,,,,0,0,,,,,0,,,0,0,7684.28032028331,8774.28032028331
20261008,047770,"코데즈컴바인",KOSDAQ,3495.0,0.14,"섬유,의류,신발,호화품",8.83,34.6415707325,132259893990.0,3730.0,-6.30026809651475,,47.2742066720911,25.9036144578313,6.6,11.3505485228744,2,2,0,68,"관망",57,-17.9577464788732,47,20260901,12.5356125356125,6.1468282928406,0,0,,,,,1,3415.0,"지지 재탈환",0,0,3853.73523287459,3903.73523287459
20261008,047810,"한국항공우주",KOSPI,120900.0,-0.74,"우주항공과국방",460.87,329.9176638,11784740436300.0,134300.0,-9.45644080416977,,63.516609392898,24.8580441640379,8.0,106.185637070936,2,3,0,94,"관망",52,-33.9847991313789,21,,,,0,0,,,,,0,,,0,0,122498.062026334,152898.062026334
20261008,047820,"초록뱀미디어",KOSDAQ,3150.0,-0.94,"방송과엔터테인먼트",0.62,0.4240622825,77029879500.0,3450.0,-7.68115942028986,,41.9786096256685,18.0740740740741,10.0,137.538730480678,0,3,0,90,"없음",34,-27.6958002270148,29,,,,0,0,,,,,0,,,0,0,3146.78256408015,3191.78256408015
20261008,047920,"HLB제약",KOSDAQ,13110.0,4.3,"제약",892.26,176.881648545,571093729680.0,13100.0,-0.305343511450382,,2.84941659572337,28.5385500575374,4.8,924.030359906476,1,2,0,44,"관망",34,-11.5835082255771,57,20261006,29.5816733067729,5.43609593138608,0,0,,,,,1,7980.0,"저항→지지",0,0,11465.2355319891,11465.2355319891
20261008,048410,"현대바이오",KOSDAQ,6880.0,-5.62,"화장품",74.27,111.72760202,663958335360.0,7360.0,-6.52173913043478,,37.8238341968912,30.6954436450839,7.2,88.6180142896833,2,2,0,52,"관망",50,-47.8787878787879,9,20260909,13.8977635782748,12.0194521587571,0,0,,,,,1,6310.0,"지지 재탈환",0,0,6724.32594230605,7334.32594230605
20261008,048430,"유라테크",KOSDAQ,5810.0,0.0,"자동차부품",0.62,7.98825438,66931200000.0,7240.0,-19.7513812154696,,32.0819112627986,29.6296296296296,18.2,13.844200198296,0,1,0,56,"없음",26,-20.4109589041096,42,,,,0,0,,,,,0,,,0,0,6699.42005420723,6789.42005420723
20261008,048470,"대동스틸",KOSDAQ,2765.0,-1.95,"철강",0.32,1.14542851,26682250000.0,3315.0,-16.1387631975867,,6.02006688963211,16.1812297734628,7.8,29.5345551940543,0,1,0,41,"없음",22,-14.9847094801223,52,,,,0,0,,,,,0,,,0,0,2959.7293324364,2959.7293324364
20261008,048530,"인트론바이오",KOSDAQ,2840.0,-1.56,"생명과학도구및서비스",2.67,2.0063463525,87732592720.0,3100.0,-6.12903225806452,,24.3862520458265,17.7330895795247,11.6,123.363517408856,0,1,0,64,"없음",27,-21.6689098250336,39,,,,1,0,,,,,1,2885.0,"저항→지지",0,0,2768.74823783292,2768.74823783292
20261008,048550,"SM C&C",KOSDAQ,889.0,-7.59,"광고",21.19,4.7437436855,85979297180.0,1230.0,-27.1544715447154,,47.7148846960168,52.2676991150443,8.0,337.440747580251,1,2,0,45,"없음",37,-17.722681359045,47,20260804,10.8847867600255,3.12329506824136,0,0,,,,,0,,,0,0,1042.65082681509,1620.65082681509
20261008,048770,"TPC로보틱스",KOSDAQ,3990.0,-0.5,"기계",4.4,48.617094845,62634984090.0,4895.0,-19.1011235955056,,53.1621790857858,29.520295202952,3.4,14.0901318812537,3,2,0,58,"수축중",57,33.109243697479,92,20260907,10.3404791929382,26.8263681468978,0,0,,,,,1,2985.0,"저항→지지",0,0,4741.55690543125,4741.55690543125
20261008,048830,"엔피케이",KOSDAQ,1025.0,-0.58,"화학",1.44,1.1062083425,19192021075.0,1218.0,-15.7635467980296,,3.43137254901961,17.1681415929204,10.8,204.573696555033,4,1,0,66,"없음",46,1.18343195266272,76,20260702,11.7084826762246,4.42263195981575,0,0,,,,,1,1019.0,"지지 재탈환",0,0,1099.58602338752,1099.58602338752
20261008,048870,"시너지이노베이션",KOSDAQ,1600.0,-0.31,"건강관리장비와용품",2.09,3.443484043,140971140800.0,1648.0,-2.60922330097087,,34.2254663422547,18.0473372781065,11.0,44.5667602462848,0,1,0,73,"없음",27,-20.5445544554455,42,,,,0,0,,,,,1,1499.0,"지지 재탈환",0,0,1526.2711867376,1603.2711867376
20261008,048910,"대원미디어",KOSDAQ,8250.0,11.94,"방송과엔터테인먼트",39.88,5.73531415,103776304500.0,7330.0,12.1418826739427,1.63710777626194,0.0,21.406411582213,9.8,884.182185626477,2,1,0,66,"없음",39,12.7572016460905,85,20261008,10.3355704697987,9.21599750583424,0,0,20261007,7330.0,7450.0,106.254340915466,1,7330.0,"저항→지지",1,1,7039.05654332441,7039.05654332441
20261008,049070,"인탑스",KOSDAQ,18700.0,-0.21,"핸드셋",10.94,11.642218735,294381010000.0,19440.0,-4.11522633744856,,64.8139425341498,21.608040201005,9.8,81.0070813439581,2,2,0,62,"없음",47,14.1457440293938,86,20260907,8.74224478285393,11.4586227897742,0,0,,,,,1,18130.0,"저항→지지",0,0,19604.3157322778,19604.3157322778
20261008,049080,"기가레인",KOSDAQ,9000.0,-5.06,"통신장비",13.24,76.66537082,76395006000.0,11970.0,-24.9791144527987,,59.6208215533012,38.950988822012,8.4,19.7186750859265,2,2,0,67,"관망",52,-56.0880195599022,4,20260916,28.6885245901639,5.1145977941373,0,0,,,,,0,,,0,0,10146.9673919423,13126.9673919423
20261008,049120,"파인디앤씨",KOSDAQ,2900.0,0.0,"디스플레이장비및부품",0.07,0.220625975,36796998000.0,3665.0,-20.8731241473397,,23.2927970065482,23.0252100840336,6.8,7.15016336137124,1,1,0,46,"없음",35,-13.4328358208955,54,20260827,9.93031358885017,4.58491445248952,0,0,,,,,0,,,0,0,3387.44901865637,3387.44901865637
20261008,049430,"코메론",KOSDAQ,22900.0,4.57,"기계",12.32,7.21500595,207199200000.0,24250.0,-5.56701030927835,,5.0078247261346,12.3595505617978,6.8,170.941129624748,5,3,0,79,"없음",61,6.75990675990676,81,,,,0,1,,,,,1,21000.0,"저항→지지",0,0,22119.4928728704,22119.4928728704
20261008,049470,"비트플래닛",KOSDAQ,2560.0,-1.92,"소프트웨어",0.65,9.4294760075,60274941440.0,3580.0,-28.4916201117318,,28.4486052732136,25.35,7.8,9.48502682401392,0,1,0,42,"없음",26,-22.1884498480243,38,20260922,11.2522686025408,19.0210758553118,0,0,,,,,1,2530.0,"저항→지지",0,0,3079.15230173862,3079.15230173862
20261008,049480,"오픈베이스",KOSDAQ,1976.0,-0.45,"컴퓨터와주변기기",3.86,4.81467617,62090628808.0,2090.0,-5.74162679425837,,55.3563807084934,35.9578947368421,12.2,107.938733204395,0,1,0,74,"없음",31,-6.41330166270784,67,20260709,13.1578947368421,19.9485215193541,0,0,,,,,1,1900.0,"저항→지지",0,0,1925.67985076945,1925.67985076945
20261008,049520,"유아이엘",KOSDAQ,3685.0,-0.67,"핸드셋",2.09,1.3982091025,113655073125.0,4005.0,-7.99001248439451,,47.5728155339806,12.8947368421053,9.8,86.5623637619965,2,3,0,86,"없음",48,-5.51282051282051,68,,,,0,0,,,,,0,,,0,0,3756.13065527695,3826.13065527695
20261008,049550,"잉크테크",KOSDAQ,3405.0,-1.59,"컴퓨터와주변기기",0.37,0.2280936275,66759373185.0,3645.0,-5.21262002743484,,6.99604743083004,10.0308641975309,11.0,43.7685391602336,4,2,0,77,"없음",63,7.13178294573643,81,,,,0,0,,,,,1,3430.0,"지지 재탈환",0,0,3510.58404081774,3510.58404081774
20261008,049630,"재영솔루텍",KOSDAQ,6940.0,-1.56,"핸드셋",11.11,13.715726945,162154064660.0,7490.0,-6.67556742323097,,59.417652411283,35.5599214145383,6.8,40.466658981639,0,3,0,89,"없음",50,-48.8848263254113,8,20260814,29.9280575539568,15.7577236166024,0,0,,,,,0,,,0,0,6649.17129597814,9339.17129597814
20261008,049720,"고려신용정보",KOSDAQ,9200.0,1.21,"상업서비스와공급품",1.47,1.574259765,131560000000.0,9340.0,-2.35546038543897,,72.2550177095632,6.25,7.0,14.4638093206287,0,3,0,93,"없음",46,-10.0591715976331,60,,,,0,0,,,,,1,9070.0,"지지 재탈환",0,0,9276.87354236687,11566.8735423669
20261008,049800,"우진플라임",KOSPI,2020.0,1.97,"기계",0.43,0.5064548995,40400000000.0,2400.0,-16.25,,33.0352941176471,14.1304347826087,10.2,100.131330734567,0,1,0,47,"없음",22,-21.6374269005848,39,,,,0,0,,,,,1,1971.0,"저항→지지",0,0,2179.68884319169,2179.68884319169
20261008,049830,"승일",KOSDAQ,6480.0,0.47,"포장재",0.03,0.05090452,39736085760.0,6570.0,-1.36986301369863,3.34855403348554,27.8481012658228,10.8469539375929,12.8,32.9405059259383,0,1,0,87,"없음",27,-11.8367346938776,57,,,,0,0,20261007,6570.0,6790.0,12.4110000653211,0,,,0,0,6295.2312955961,6295.2312955961
20261008,049950,"미래컴퍼니",KOSDAQ,11270.0,1.71,"디스플레이장비및부품",2.13,1.936920405,99377552680.0,11080.0,0.631768953068592,0.631768953068592,50.6434519303558,26.1710037174721,7.2,68.1482891883979,0,2,0,86,"없음",41,-15.530303030303,51,20260813,13.2692307692308,19.7441141382417,0,0,20261008,11080.0,11150.0,68.4758099608371,1,11080.0,"저항→지지",0,0,10702.0431236928,12352.0431236928
20261008,049960,"쎌바이오텍",KOSDAQ,15220.0,0.0,"생물공학",0.68,1.12157348,143068000000.0,15710.0,-0.763844684914067,,42.5837320574163,14.0995260663507,8.0,42.6687209480608,4,2,0,77,"없음",55,10.0988700564972,83,,,,1,0,,,,,1,15030.0,"지지 재탈환",0,0,15367.5064509133,15847.5064509133
20261008,050120,"ES큐브",KOSDAQ,3315.0,0.45,"레저용장비와제품",0.04,0.190130575,44964945090.0,3460.0,-4.1907514450867,,22.9344729344729,20.6666666666667,6.4,6.97066837434545,5,1,0,62,"없음",60,34.2105263157895,92,20260615,17.6470588235294,22.3643218573271,0,0,,,,,1,3305.0,"저항→지지",0,0,3097.20837746257,3347.20837746257
20261008,050760,"에스폴리텍",KOSDAQ,1208.0,-0.08,"화학",0.38,0.798894398,19732291024.0,1247.0,-2.24538893344026,,77.8151774785802,45.3734671125975,13.0,19.1415555901843,0,1,0,71,"없음",35,-16.7918088737201,49,20260706,13.9568345323741,2.53795676582411,1,0,,,,,1,1200.0,"저항→지지",0,0,1201.40363820043,1201.40363820043
20261008,050860,"아세아텍",KOSDAQ,1704.0,0.0,"기계",0.05,0.1913364195,38340000000.0,1831.0,-6.93610049153468,,9.86277873070327,10.1092896174863,5.0,14.7072545010943,1,1,0,77,"없음",32,-14.8,52,,,,0,0,,,,,1,1664.0,"저항→지지",0,0,1705.37048354039,1705.37048354039
20261008,050890,"쏠리드",KOSDAQ,9800.0,-2.97,"통신장비",69.96,161.957382415,595414033200.0,11050.0,-11.2217194570136,,21.9808861859253,23.6549165120594,7.2,64.8288440184905,2,3,0,79,"관망",44,-34.9037823490378,20,,,,0,0,,,,,1,8880.0,"저항→지지",0,0,9842.70313848009,9842.70313848009
20261008,050960,"수산아이앤티",KOSDAQ,8770.0,-1.46,"소프트웨어",0.08,0.240592665,59206270000.0,9210.0,-4.77741585233442,,26.9662921348315,11.8214716525935,9.8,30.3507376689984,1,1,0,76,"없음",32,1.50462962962963,76,,,,0,0,,,,,0,,,0,0,8544.73746417455,8544.73746417455
20261008,051160,"지어소프트",KOSDAQ,14220.0,3.19,"판매업체",29.01,49.109351435,191723254560.0,13400.0,5.97014925373134,2.76119402985075,0.0,25.2577319587629,8.0,71.4711014461456,5,1,0,66,"돌파완료",56,76.3975155279503,97,20260917,17.5,54.2691985959006,0,0,20261006,13400.0,13770.0,66.4306414839382,1,13400.0,"저항→지지",0,0,12611.1316883364,12611.1316883364
20261008,051360,"토비스",KOSDAQ,11660.0,-0.17,"디스플레이장비및부품",0.84,1.37422248,109144735920.0,12680.0,-8.04416403785489,,64.6735395189003,19.8518518518519,7.2,11.9812213772753,5,1,0,84,"없음",54,22.8273464658169,90,,,,0,0,,,,,1,11480.0,"저항→지지",0,0,11830.7525318542,12650.7525318542
20261008,051370,"인터플렉스",KOSDAQ,7150.0,0.42,"전자장비와기기",11.46,18.77137848,166791424800.0,7620.0,-6.16797900262467,,17.0977011494253,24.4979919678715,7.2,102.877113798992,0,2,0,66,"없음",35,-42.6623897353649,12,20260922,14.1494435612083,35.0063216060784,0,0,,,,,1,6530.0,"저항→지지",0,0,7028.96882880859,7028.96882880859
20261008,051380,"피씨디렉트",KOSDAQ,1510.0,0.47,"컴퓨터와주변기기",0.14,0.2228519835,23163508720.0,1580.0,-4.43037974683544,,56.4808596373405,22.7560718057022,8.2,26.8255363667053,0,2,0,81,"없음",43,-28.2660332541568,28,,,,0,0,,,,,0,,,0,0,1541.38916668546,1784.38916668546
20261008,051390,YW,KOSDAQ,3980.0,-1.12,"판매업체",0.02,0.1767203625,45194364640.0,4270.0,-6.79156908665105,,1.97044334975369,14.2857142857143,12.8,11.6587195245189,2,1,0,53,"없음",37,-3.28068043742406,71,,,,0,0,,,,,0,,,0,0,4101.43426791213,4101.43426791213
20261008,051490,"나라엠앤디",KOSDAQ,2675.0,0.56,"기계",0.3,0.4834521275,37985000000.0,2850.0,-5.96491228070175,,25.7088846880907,29.3948126801153,3.0,22.0062033571567,0,2,0,66,"없음",43,-23.0989956958393,37,,,,0,0,,,,,1,2510.0,"지지 재탈환",0,0,3187.3490921954,3187.3490921954
20261008,051500,"CJ프레시웨이",KOSDAQ,21900.0,0.23,"식품과기본식료품소매",1.72,1.333216225,259987733400.0,24500.0,-10.6122448979592,,59.6577017114914,9.09090909090909,9.8,108.551131787517,0,1,0,58,"없음",25,-25.7627118644068,33,,,,0,0,,,,,0,,,0,0,23099.2114385081,23499.2114385081
20261008,051600,"한전KPS",KOSPI,43700.0,-1.58,"전기유틸리티",48.71,67.103181725,1966500000000.0,49700.0,-11.9718309859155,,39.3135725429017,14.5383104125737,5.6,91.0155265102377,0,2,0,78,"없음",37,-21.028880866426,41,20260612,29.6146044624746,2.54465085094633,0,0,,,,,0,,,0,0,46439.1027089952,47639.1027089952
20261008,051630,"진양화학",KOSPI,1644.0,-4.42,"화학",4.12,11.8887477555,34852800000.0,1949.0,-14.3150333504361,,0.0,52.4324324324324,10.4,55.4285969334598,0,1,0,42,"없음",26,-23.0414746543779,37,20261007,19.3205944798301,3.40933248726208,0,0,,,,,1,1505.0,"지지 재탈환",0,0,1708.83203405995,1708.83203405995
20261008,051780,"큐로홀딩스",KOSDAQ,2455.0,1.87,"식품",0.36,0.8168852225,18658058920.0,2570.0,-5.44747081712062,,19.9757869249395,36.6666666666667,11.0,55.5767567199349,0,1,0,27,"없음",31,-31.2588401697313,24,20260930,11.7505995203837,2.65048942252285,0,0,,,,,1,2320.0,"지지 재탈환",0,0,2421.71046572259,2726.71046572259
20261008,051900,"LG생활건강",KOSPI,267000.0,-1.48,"화장품",159.74,186.68435175,3998464641000.0,312000.0,-14.7435897435897,,45.5017301038062,22.2056631892697,8.0,65.7840430703195,3,1,0,52,"관망",45,8.57142857142857,82,20260806,10.7692307692308,3.1929767681059,0,0,,,,,0,,,0,0,287283.978177841,310783.978177841
20261008,051910,"LG화학",KOSPI,282500.0,1.99,"화학",1507.59,568.5031245,19942336332500.0,298000.0,-5.53691275167785,,46.9055374592834,17.9487179487179,10.2,276.788047607093,0,3,0,73,"관망",38,-6.78807947019868,66,,,,0,0,,,,,1,264000.0,"저항→지지",0,0,270477.855793595,272477.855793595
20261008,052020,"에스티큐브",KOSDAQ,7550.0,-2.33,"판매업체",8.65,12.33272049,513273847050.0,8220.0,-8.15085158150852,,38.3186705767351,18.0232558139535,3.2,72.1292095640442,2,2,0,70,"없음",40,-53.1928084314941,5,,,,0,0,,,,,0,,,0,0,7591.50781891413,8561.50781891413
20261008,052220,iMBC,KOSDAQ,1613.0,-1.65,"방송과엔터테인먼트",0.29,9.3690207685,37099000000.0,2260.0,-28.8053097345133,,44.8620361560419,14.9462365591398,6.8,9.07400488279932,0,1,0,52,"없음",26,-44.7079037800687,10,,,,0,0,,,,,0,,,0,0,2065.79801913887,2065.79801913887
20261008,052260,"현대바이오랜드",KOSDAQ,4760.0,-4.51,"화장품",41.08,107.5050397125,142800000000.0,6240.0,-23.3173076923077,,0.0,12.9411764705882,6.0,100.175646553172,3,2,0,64,"수축중",47,17.4233128834356,88,20260929,25.0275633958104,40.4028421726178,0,0,,,,,1,4135.0,"저항→지지",0,0,5629.28310986976,5629.28310986976
20261008,052300,"오션인더블유",KOSDAQ,1566.0,-0.06,"건축제품",0.41,3.652259494,25438304448.0,1770.0,-11.4689265536723,,0.0,13.5185185185185,5.2,15.5864834015941,1,1,0,45,"없음",34,12.8149748020158,85,20260918,18.4931506849315,18.4019052085563,0,0,,,,,1,1530.0,"저항→지지",0,0,1712.7341901857,1712.7341901857
20261008,052330,"코텍",KOSDAQ,10400.0,-0.57,"디스플레이패널",0.54,1.4547896,184720525600.0,10990.0,-3.91264786169245,,40.499306518724,29.5862068965517,20.4,25.5043406000813,3,1,0,79,"없음",46,4.34782608695652,79,,,,0,0,,,,,0,,,0,0,11242.729015999,12352.729015999
20261008,052400,"코나아이",KOSDAQ,35850.0,-0.28,"IT서비스",22.42,23.620014,522093982350.0,39050.0,-8.19462227912932,,61.5550755939525,23.0769230769231,7.6,104.846020279567,0,2,0,58,"없음",33,-34.8181818181818,20,,,,0,0,,,,,1,35500.0,"지지 재탈환",0,0,37830.2845695942,40530.2845695942
20261008,052420,"오성첨단소재",KOSDAQ,9470.0,-2.37,"디스플레이장비및부품",1.89,2.19394368,92256825230.0,10390.0,-7.69971126082772,,49.6350364963504,16.6988416988417,4.0,58.36695811374,0,2,0,82,"없음",45,-26.0601387818042,32,20260831,8.26612903225807,6.8814278664254,0,0,,,,,0,,,0,0,9581.27111917328,10241.2711191733
20261008,052460,"아이크래프트",KOSDAQ,5750.0,-3.85,"IT서비스",8.31,12.40747943,83995632000.0,6720.0,-14.5833333333333,,63.7645616186389,48.780487804878,6.4,21.4488988858886,4,2,0,47,"없음",62,65.1798561151079,96,20260803,12.3376623376623,2.5730405821797,0,0,,,,,1,5050.0,"지지 재탈환",0,0,5571.75814304783,7461.75814304783
20261008,052600,"한네트",KOSDAQ,2860.0,1.6,"IT서비스",0.3,0.229674455,33072182000.0,3075.0,-7.31707317073171,,37.9828326180258,15.3262518968134,10.2,73.5393588282794,0,2,0,77,"없음",39,-19.605077574048,43,,,,0,0,,,,,0,,,0,0,2868.55240416914,3088.55240416914
20261008,052690,"한전기술",KOSPI,121100.0,-5.24,"전기유틸리티",653.34,1007.30803595,4628442000000.0,154100.0,-21.7391304347826,,40.0443704936217,23.8552437223043,5.6,124.158542367997,2,2,0,48,"관망",44,-22.7912932138284,37,20260908,16.5985282093214,5.92220249602849,0,0,,,,,0,,,0,0,136128.299314523,136128.299314523
20261008,052710,"아모텍",KOSDAQ,21900.0,0.46,"핸드셋",96.67,213.45462456,409109520000.0,23450.0,-6.18336886993603,,42.370316011558,72.6985992145706,15.0,60.4229845743921,3,1,0,49,"관망",49,64.9670065986803,96,20260922,13.2748538011696,3.19997203279043,0,0,,,,,1,19800.0,"저항→지지",0,0,20074.5804053166,20074.5804053166
20261008,052790,"액토즈소프트",KOSDAQ,4570.0,-2.66,"게임엔터테인먼트",2.2,4.49994816,49925179790.0,5150.0,-11.0679611650485,,10.5922551252847,14.4329896907216,7.6,97.2642942100158,0,3,0,78,"없음",35,-13.421550094518,54,20260928,24.25,95.5477975231379,0,0,,,,,1,4310.0,"저항→지지",0,0,4698.30556531081,4698.30556531081
20261008,052860,"아이앤씨",KOSDAQ,7850.0,4.39,"반도체와반도체장비",4.09,5.68562441,140254803900.0,8220.0,-5.96107055961071,,7.62155059132719,32.8723404255319,11.6,79.1397544183406,5,2,0,49,"없음",60,68.4095860566449,96,20260928,10.3092783505155,3.13774225523505,1,0,,,,,1,7120.0,"저항→지지",0,0,7225.73372956578,7225.73372956578
20261008,052900,"KX하이텍",KOSDAQ,1259.0,2.11,"반도체와반도체장비",9.3,8.4489289845,96525125310.0,1015.0,23.1527093596059,2.5615763546798,41.5223097112861,29.5506473724296,6.8,76.6966899880849,3,2,0,82,"없음",40,18.2592242194891,88,,,,0,0,20260917,1015.0,1041.0,56.4586570518714,1,1015.0,"저항→지지",0,0,1147.57029925654,1165.57029925654
20261008,053030,"바이넥스",KOSDAQ,6390.0,-1.84,"제약",2.82,3.698975135,208851961320.0,7530.0,-15.2722443559097,,53.5976505139501,20.6349206349206,9.8,54.5584431580244,0,2,0,72,"없음",30,-42.8827215756491,12,,,,0,0,,,,,1,6330.0,"지지 재탈환",0,0,6352.29675079177,7152.29675079177
20261008,053050,"지에스이",KOSDAQ,1919.0,1.64,"가스유틸리티",2.61,7.257393428,57546198643.0,2335.0,-17.3875802997859,,59.4110854503464,30.6372549019608,10.0,66.7671020641927,0,1,0,61,"없음",26,-30.2350813743219,26,,,,1,0,,,,,1,1886.0,"저항→지지",0,0,2188.18686942169,2188.18686942169
20261008,053060,"세동",KOSDAQ,1245.0,1.22,"자동차부품",0.58,0.3536067935,21983486655.0,1450.0,-14.1379310344828,,23.8095238095238,19.3989071038251,7.0,104.79981971839,0,1,0,48,"없음",22,4.09698996655518,79,,,,1,0,,,,,1,1233.0,"지지 재탈환",0,0,1368.34286768571,1387.34286768571
20261008,053080,"케이엔솔",KOSDAQ,9270.0,-0.54,"기계",2.92,3.75830241,120508210890.0,9450.0,-2.22222222222222,2.01058201058201,55.0637156270959,47.3641524736415,15.6,39.6292772854087,0,2,0,48,"없음",35,-10.2912621359223,60,,,,0,0,20261002,9450.0,9640.0,114.076347457696,1,9200.0,"저항→지지",0,0,8729.83564575499,10399.835645755
20261008,053160,"프리엠스",KOSDAQ,9030.0,5.0,"기계",0.52,0.83731464,54180000000.0,11180.0,-23.7030411449016,,3.20762895535327,21.6300940438871,10.6,71.6387741149193,3,1,0,46,"없음",41,6.8922305764411,81,20260616,14.7826086956522,13.5870119737118,0,0,,,,,0,,,0,0,9934.92630872884,9934.92630872884
20261008,053210,"스카이라이프",KOSPI,4055.0,0.12,"방송과엔터테인먼트",0.49,1.01846116,192705582525.0,5220.0,-22.3180076628352,,53.1177829099307,7.15137067938021,10.4,39.8571698027304,0,1,0,49,"없음",22,-13.2620320855615,54,,,,0,0,,,,,1,4010.0,"지지 재탈환",0,0,5007.22774490554,5007.22774490554
20261008,053260,"금강철강",KOSDAQ,6680.0,-2.91,"철강",11.1,271.80388919,125049600000.0,9460.0,-29.5983086680761,,28.9763254418139,28.4090909090909,7.6,8.16412965453129,4,2,0,45,"수축중",52,55.0640279394645,95,20260930,23.7878787878788,2.61964254132068,0,0,,,,,1,5900.0,"저항→지지",0,0,7919.96134748203,7919.96134748203
20261008,053270,"구영테크",KOSDAQ,1936.0,0.41,"자동차부품",0.84,0.6287071625,53066544080.0,2100.0,-7.90476190476191,,27.3029045643154,14.0405616224649,9.8,85.4081933195256,0,1,0,80,"없음",25,-12.8828828828829,55,,,,0,0,,,,,0,,,0,0,1971.82353476213,1971.82353476213
20261008,053280,"예스24",KOSDAQ,2825.0,0.71,"인터넷과카탈로그소매",0.34,1.624033515,70625000000.0,3000.0,-5.33333333333333,,39.0756302521008,18.5567010309278,11.0,42.6828056048478,0,1,0,54,"없음",27,-16.4705882352941,49,,,,0,0,,,,,1,2815.0,"지지 재탈환",0,0,2949.81208199679,3179.81208199679
20261008,053290,"NE능률",KOSDAQ,1519.0,2.98,"교육서비스",0.25,0.15922641,25103460333.0,1698.0,-10.5418138987044,,28.4251968503937,27.536231884058,10.0,67.9738102231105,0,1,0,73,"없음",33,-34.6666666666667,20,20260715,14.1587301587301,2.63745904005032,0,0,,,,,1,1511.0,"지지 재탈환",0,0,1547.34148159051,1682.34148159051
20261008,053300,"한국정보인증",KOSDAQ,5310.0,-1.3,"IT서비스",9.39,32.61857649,210090925260.0,5680.0,-7.04225352112676,,21.9922380336352,34.6020761245675,15.8,61.1607193650787,0,1,0,50,"관망",29,-3.2967032967033,71,20260915,10.1960784313726,65.1852704774302,0,0,,,,,1,5160.0,"저항→지지",0,0,5640.85053442657,5640.85053442657
20261008,053350,"이니텍",KOSDAQ,4935.0,1.75,"소프트웨어",3.2,2.86127927,108673955775.0,4990.0,-1.10220440881764,,29.6296296296296,22.0828105395232,9.4,70.0593403652129,2,1,0,81,"없음",45,59.1935483870968,95,20260701,9.82658959537572,2.79043676834213,0,0,,,,,1,4805.0,"저항→지지",0,0,4472.821803121,4472.821803121
20261008,053450,"세코닉스",KOSDAQ,3310.0,0.91,"전자장비와기기",0.75,0.97949753,48964177930.0,3255.0,1.84331797235023,1.53609831029186,44.6991404011461,21.0884353741497,7.2,49.0686903109831,0,2,0,75,"없음",35,-33.6336336336336,21,,,,1,0,20261001,3255.0,3305.0,189.343544685507,1,3100.0,"저항→지지",0,0,3110.56939258871,3385.56939258871
20261008,053580,"웹케시",KOSDAQ,7100.0,-0.7,"소프트웨어",0.68,0.65882204,91976495600.0,8180.0,-13.5696821515892,,15.8385093167702,15.7971014492754,10.2,41.7121931857026,0,1,0,74,"없음",26,-14.3030303030303,53,,,,0,0,,,,,1,6900.0,"지지 재탈환",0,0,7483.14954820337,7483.14954820337
20261008,053610,"프로텍",KOSDAQ,81000.0,0.37,"반도체와반도체장비",57.2,29.9254843,729000000000.0,87300.0,-6.30011454753723,,43.585237258348,24.7933884297521,7.0,202.480728142305,4,3,0,80,"없음",56,56.1068702290076,95,,,,1,0,,,,,1,65300.0,"저항→지지",0,0,78044.7822712724,78044.7822712724
20261008,053620,"태양",KOSDAQ,6720.0,1.05,"가정용품",3.0,0.499106925,57792000000.0,8210.0,-18.1485992691839,,0.0,5.4093567251462,6.8,586.774970363558,2,1,0,44,"없음",32,-3.58680057388809,70,,,,0,0,,,,,0,,,0,0,7711.49636971427,7711.49636971427
20261008,053690,"한미글로벌",KOSPI,19710.0,-2.91,"건설",15.64,39.763049525,215973310500.0,25100.0,-21.5139442231076,,46.9253535021375,29.4661190965092,10.2,29.7281780774378,2,1,0,61,"없음",40,-32.0689655172414,23,20260827,9.35251798561152,8.75228517922981,0,0,,,,,0,,,0,0,22351.9224448812,22351.9224448812
20261008,053700,"삼보모터스",KOSDAQ,3985.0,1.14,"자동차부품",2.78,3.6368617975,106462291645.0,4070.0,-2.33415233415233,,55.0397877984085,25.0505050505051,7.0,31.2798798219653,0,3,0,96,"없음",50,-29.144385026738,27,20260814,12.0098039215686,19.0311464624332,0,0,,,,,1,3895.0,"지지 재탈환",0,0,3821.39765003039,4651.39765003039
20261008,053800,"안랩",KOSDAQ,75300.0,-3.09,"소프트웨어",113.81,103.16724635,837825901800.0,93100.0,-19.0118152524168,,0.0,14.6218487394958,15.2,200.512257400562,4,3,0,78,"관망",57,26.510067114094,91,20261006,15.0510204081633,8.90784549508521,0,0,,,,,1,69800.0,"저항→지지",0,0,84890.7427014492,84890.7427014492
20261008,053950,"경남제약",KOSDAQ,2010.0,-3.6,"제약",2.13,17.8638496675,39435494490.0,2695.0,-25.417439703154,,54.6818727490996,30.1234567901235,10.0,21.6524036259975,0,1,0,50,"없음",30,-48.2625482625483,8,20260915,9.04761904761904,4.26214248818283,0,0,,,,,1,1922.0,"저항→지지",0,0,2301.08268257989,2301.08268257989
20261008,053980,"오상자이엘",KOSDAQ,2455.0,0.2,"소프트웨어",0.29,0.8261079125,46602732265.0,2450.0,-2.04081632653061,,45.1827242524917,18.5441941074523,6.0,7.75367747284495,0,2,0,92,"없음",43,-21.1822660098522,40,,,,0,0,,,,,0,,,0,0,2379.83767988214,2739.83767988214
20261008,054040,"한국컴퓨터",KOSDAQ,4390.0,-0.57,"디스플레이장비및부품",1.49,0.8911943225,70552963100.0,4635.0,-5.50161812297735,,49.9005964214712,18.1818181818182,7.6,99.8924365282287,1,2,0,91,"없음",42,-12.7490039840637,56,,,,0,0,,,,,0,,,0,0,4426.75206191801,5071.75206191801
20261008,054050,"NH농우바이오",KOSDAQ,7020.0,-1.13,"생물공학",0.77,1.210172285,112534538220.0,7600.0,-7.76315789473684,,47.1976401179941,12.9251700680272,15.8,58.7911010669359,1,1,0,82,"없음",30,-10.4725415070243,59,,,,0,0,,,,,1,7000.0,"저항→지지",0,0,7339.88621192479,7339.88621192479
20261008,054090,"삼진엘앤디",KOSDAQ,1017.0,0.89,"전자장비와기기",0.25,0.745814978,25383538944.0,1197.0,-15.2882205513784,,12.5896414342629,12.4517374517375,7.2,22.8977701696983,4,1,0,49,"없음",46,0.895522388059702,76,,,,0,0,,,,,1,1010.0,"지지 재탈환",0,0,1050.10773197189,1050.10773197189
20261008,054210,"이랜텍",KOSDAQ,7150.0,-0.42,"핸드셋",10.11,7.60986315,180832151500.0,7200.0,-0.972222222222222,0.694444444444444,51.4110429447853,24.802110817942,11.2,132.404746380858,0,3,0,84,"없음",34,-27.979797979798,29,,,,0,0,20261006,7200.0,7250.0,243.973957124062,1,6980.0,"저항→지지",0,0,6620.71922869146,7660.71922869146
20261008,054220,"비츠로시스",KOSDAQ,1680.0,-1.18,"IT서비스",1.01,1.8126705925,21152234880.0,2150.0,-21.7209302325581,,0.0,29.1387559808612,7.0,53.350075730597,0,2,0,59,"없음",42,-35.019305019305,20,20260813,14.6247594611931,7.89946663950023,0,0,,,,,1,1658.0,"저항→지지",0,0,1888.87816940745,1888.87816940745
20261008,054300,"팬스타엔터프라이즈",KOSDAQ,983.0,1.34,"해운사",2.52,2.115211473,57725146435.0,1129.0,-12.9317980513729,,30.5383936451898,19.7123519458545,6.2,100.436022400034,0,2,0,76,"없음",35,-0.707070707070707,74,20260701,18.1699346405229,5.65657561503813,0,0,,,,,1,982.0,"지지 재탈환",0,0,1055.67276956076,1062.67276956076
20261008,054410,"케이피티유",KOSDAQ,2410.0,-3.79,"비철금속",0.57,0.3410333875,13800730040.0,3630.0,-33.6088154269972,,4.55991516436903,36.1185983827493,18.4,218.109482333913,0,1,0,67,"없음",26,-33.3333333333333,22,20261007,13.472485768501,7.39544845704376,0,0,,,,,0,,,0,0,3220.66566306919,3390.66566306919
20261008,054450,"텔레칩스",KOSDAQ,10230.0,0.69,"반도체와반도체장비",4.49,5.694079435,154925503590.0,10650.0,-4.03755868544601,,49.0781387181738,14.6666666666667,7.2,70.8464838839703,0,2,0,76,"없음",30,-12.7241673783091,56,,,,0,0,,,,,1,9650.0,"저항→지지",0,0,9737.27254197247,9737.27254197247
20261008,054540,"삼영엠텍",KOSDAQ,6820.0,-3.54,"조선",7.41,5.54772171,88660000000.0,7470.0,-9.10307898259705,,53.8071065989848,22.2516556291391,7.0,71.0487223354551,0,1,0,91,"없음",33,-35.3333333333333,19,20260724,11.0091743119266,41.5102425741786,0,0,,,,,1,6500.0,"지지 재탈환",0,0,6639.45069672077,7339.45069672077
20261008,054620,APS,KOSDAQ,3980.0,0.25,"반도체와반도체장비",0.55,2.9031031825,73208999580.0,4090.0,-2.44498777506112,,47.4006116207951,17.7272727272727,8.4,28.9622196926844,1,1,0,79,"없음",32,-55.1685393258427,5,,,,0,0,,,,,1,3980.0,"저항→지지",0,0,3694.20712533828,4044.20712533828
20261008,054670,"대한뉴팜",KOSDAQ,5580.0,-0.36,"제약",0.2,0.65782519,80100453600.0,5850.0,-4.27350427350427,,32.8671328671329,10.4240282685512,9.8,25.0836222137589,0,2,0,80,"없음",35,-18.7227866473149,45,,,,0,0,,,,,1,5570.0,"저항→지지",0,0,5470.50428387667,5780.50428387667
20261008,054780,"키이스트",KOSDAQ,2195.0,0.0,"방송과엔터테인먼트",4.05,3.3471728445,43148855635.0,2550.0,-14.9019607843137,,0.0,35.3776630083925,10.6,185.370710069954,0,1,0,53,"없음",26,-14.9019607843137,52,20261002,9.06862745098038,11.6350630322623,0,0,,,,,1,1417.0,"저항→지지",0,0,2250.55950236914,2250.55950236914
20261008,054800,"아이디스홀딩스",KOSDAQ,14400.0,-0.07,"컴퓨터와주변기기",0.32,1.035885465,149007686400.0,15100.0,-4.63576158940397,,19.062832800852,9.97458703939009,7.0,38.1860835236609,2,1,0,74,"없음",37,-10.0,61,,,,0,0,,,,,0,,,0,0,15127.0762088129,15127.0762088129
20261008,054920,"한컴위드",KOSDAQ,4850.0,-7.97,"비철금속",48.34,166.5587714575,136852842850.0,5780.0,-16.6089965397924,,10.2240896358543,18.192627824019,7.6,67.5211041382066,2,1,0,42,"관망",39,-0.618556701030928,74,20261006,11.5768463073852,6.12403646396661,0,0,,,,,1,3835.0,"저항→지지",0,0,5128.25251038648,5128.25251038648
20261008,054930,"유신",KOSDAQ,17690.0,1.32,"건설",0.52,3.295431615,53070000000.0,22000.0,-19.7272727272727,,4.39494280553883,17.5,6.6,17.1516319374898,0,1,0,48,"없음",26,-24.8510638297872,34,,,,0,0,,,,,1,17600.0,"지지 재탈환",0,0,20229.5264268986,20229.5264268986
20261008,054940,"엑사이엔씨",KOSDAQ,3700.0,8.82,"반도체와반도체장비",3.94,2.54520985,24548423300.0,4970.0,-26.5593561368209,,47.3553719008264,39.0291262135922,11.2,54.8723362833191,4,2,0,50,"없음",62,5.18731988472623,79,20260831,30.0,21.6109282947495,0,0,,,,,1,3630.0,"지지 재탈환",0,0,3564.95871646269,4444.95871646269
20261008,054950,"제이브이엠",KOSDAQ,24150.0,-0.82,"건강관리장비와용품",3.83,3.552397675,291970891800.0,24900.0,-2.20883534136546,,56.5359477124183,11.1111111111111,11.8,85.9711423240442,1,2,0,80,"없음",46,1.03734439834025,76,20260730,12.4390243902439,6.18675060291437,1,0,,,,,1,23600.0,"저항→지지",0,0,23394.851369162,24344.851369162
20261008,055490,"테이팩스",KOSPI,17130.0,3.19,"전자장비와기기",5.26,2.683182475,81995314500.0,17700.0,-3.10734463276836,,21.4140040788579,23.3383685800604,9.8,125.916051614609,2,2,0,63,"없음",50,9.09669211195929,83,20260827,17.2464840858623,4.13974186066209,0,0,,,,,1,15500.0,"저항→지지",0,0,15847.739877148,15957.739877148
20261008,055550,"신한지주",KOSPI,100100.0,-3.1,"은행",1221.13,1080.0637329,46991968923900.0,115200.0,-13.1944444444444,,47.5917431192661,11.306765523633,10.0,113.717282005912,3,1,0,80,"관망",41,9.05125408942203,82,,,,0,0,,,,,0,,,0,0,109098.394714941,109098.394714941
20261008,056080,"유진로봇",KOSDAQ,12640.0,3.52,"기계",125.8,59.41708822,483296543040.0,13250.0,-4.07547169811321,,43.1947069943289,30.0382653061224,7.0,263.144538308238,1,2,0,71,"관망",40,-47.5876288659794,9,,,,0,0,,,,,1,12260.0,"저항→지지",0,0,11454.5784730084,13884.5784730084
20261008,056190,SFA,KOSDAQ,31350.0,0.97,"기계",73.49,46.267510575,1125739626000.0,29450.0,6.45161290322581,2.37691001697793,16.9623059866962,21.9907407407407,9.8,171.294406481685,3,3,0,84,"관망",55,16.3265306122449,87,20260915,15.8953722334004,4.99172431437765,0,0,20261001,29450.0,30150.0,215.395536083142,1,29450.0,"저항→지지",0,0,29399.3598928394,29399.3598928394
20261008,056360,"코위버",KOSDAQ,6200.0,-4.02,"통신장비",5.52,13.475116255,60740160000.0,7140.0,-13.1652661064426,,3.15068493150685,25.0381679389313,7.2,69.4564848341437,2,3,0,76,"없음",43,-10.7913669064748,59,20260923,8.50340136054422,3.2913059250872,0,0,,,,,1,5640.0,"저항→지지",0,0,6226.14298546783,6226.14298546783
20261008,056700,"신화인터텍",KOSDAQ,1422.0,0.85,"디스플레이장비및부품",0.3,0.5641384305,41430099402.0,1440.0,-2.15277777777778,,58.5535465924896,16.012084592145,15.2,52.001851007576,0,3,0,87,"없음",45,-21.5041782729805,39,,,,0,0,,,,,0,,,0,0,1385.50094761009,1460.50094761009
20261008,056730,CNT85,KOSDAQ,1273.0,-5.7,"건설",0.18,0.285941485,18868707701.0,1450.0,-12.2068965517241,,7.62463343108504,30.8679706601467,10.0,75.1378316233212,0,1,0,51,"없음",26,-42.004555808656,13,20261007,9.80066445182723,8.01089334086596,0,0,,,,,1,1222.0,"지지 재탈환",0,0,1232.04855660296,1482.04855660296
20261008,057030,"YBM넷",KOSDAQ,2125.0,1.92,"교육서비스",0.28,0.4631868,34664481125.0,2495.0,-15.8316633266533,,0.937646507266771,14.7974413646055,11.6,76.2755694893165,0,1,0,48,"없음",22,-20.4545454545455,42,,,,0,0,,,,,1,2070.0,"지지 재탈환",0,0,2247.97137807197,2247.97137807197
20261008,057680,"티사이언티픽",KOSDAQ,1615.0,0.25,"IT서비스",1.26,1.025543362,25505548035.0,1953.0,-16.1290322580645,,20.0550530869052,29.4117647058824,4.2,72.8794836156735,0,2,0,64,"없음",42,-48.7002818665832,8,20260904,10.7970604861504,8.9725503154562,0,0,,,,,0,,,0,0,1681.51216622914,1931.51216622914
20261008,058110,"멕아이씨에스",KOSDAQ,1640.0,-2.96,"건강관리장비와용품",1.51,1.6921553035,26322869200.0,1579.0,3.73654211526282,0.633312222925903,24.1325536062378,42.5796006475985,10.2,132.057173041315,1,1,0,34,"없음",38,-40.8664259927798,14,20260813,9.7442143727162,2.66815518857661,0,0,20261006,1579.0,1589.0,112.846101876761,1,1529.0,"저항→지지",0,0,1732.24634325481,1732.24634325481
20261008,058400,KNN,KOSDAQ,5880.0,0.0,"방송과엔터테인먼트",0.22,1.38034265,77868675360.0,7680.0,-22.1354166666667,,31.064572425829,28.6752827140549,15.2,18.5679358933819,0,1,0,46,"없음",22,-16.3636363636364,50,,,,0,0,,,,,1,5790.0,"지지 재탈환",0,0,7124.60787744362,7124.60787744362
20261008,058430,"포스코스틸리온",KOSPI,4420.0,-1.12,"비철금속",5.98,10.0024157575,265200000000.0,4960.0,-11.3911290322581,,46.9252601702933,24.9217935349322,10.2,47.672976314585,2,3,0,88,"없음",48,-4.45652173913043,69,20260617,17.2905525846702,32.7038474486041,0,0,,,,,0,,,0,0,4504.43328829683,4674.43328829683
20261008,058470,"리노공업",KOSDAQ,87500.0,2.7,"반도체와반도체장비",1433.81,774.82638515,6668536875000.0,77500.0,13.2903225806452,5.67741935483871,30.6965761511216,32.9192546583851,11.6,223.147725747874,2,1,0,64,"관망",36,-11.4026236125126,58,,,,0,0,20261001,77500.0,81900.0,241.852122130431,1,77500.0,"저항→지지",0,0,80437.7128410404,80437.7128410404
20261008,058610,"에스피지",KOSDAQ,97400.0,-2.5,"전기제품",211.16,344.1689765,2160074864000.0,109700.0,-11.1212397447584,,62.6106194690266,33.4410339256866,7.0,36.9318268382196,1,3,0,81,"관망",57,-9.55473098330241,61,20260915,19.6629213483146,4.41930401606852,0,0,,,,,1,94400.0,"저항→지지",0,0,96655.3293741495,110755.329374149
20261008,058630,"엠게임",KOSDAQ,3970.0,-0.25,"게임엔터테인먼트",0.49,1.784942395,74527118780.0,4210.0,-6.05700712589074,,52.3153942428035,18.7229437229437,7.4,34.8687179352374,0,1,0,46,"없음",27,-20.0202224469161,43,,,,0,0,,,,,1,3950.0,"지지 재탈환",0,0,4578.1155308005,4698.1155308005
20261008,058650,"세아홀딩스",KOSPI,126000.0,-0.24,"철강",0.94,1.05557135,510959736000.0,130200.0,-3.2258064516129,,47.2008781558727,24.3515850144092,15.6,86.1049183311343,1,1,0,77,"없음",32,-19.7452229299363,43,,,,0,0,,,,,0,,,0,0,132144.287011284,132144.287011284
20261008,058730,"다스코",KOSPI,3105.0,-1.11,"건축자재",4.62,12.5499289375,62880134355.0,4340.0,-29.0322580645161,,88.0943466866342,50.8620689655172,12.0,7.99659861021999,2,2,0,61,"없음",52,-13.9664804469274,53,20260902,10.5189340813464,5.22168179235615,0,0,,,,,0,,,0,0,3425.88363913083,4885.88363913083
20261008,058850,KTcs,KOSPI,2185.0,-0.91,"상업서비스와공급품",0.92,2.1977087,90468723250.0,2220.0,-1.35135135135135,,38.6666666666667,25.5474452554745,20.4,46.1822895312504,0,3,0,81,"없음",34,-12.9224652087475,55,,,,0,0,,,,,1,2140.0,"저항→지지",0,0,2147.77093508093,2222.77093508093
20261008,058860,KTis,KOSPI,2615.0,-0.38,"상업서비스와공급품",0.89,8.3143234225,91007230000.0,2930.0,-11.6040955631399,,0.0,5.2734375,6.8,23.2111814900294,1,1,0,39,"없음",30,-4.77941176470588,69,,,,0,0,,,,,1,2565.0,"저항→지지",0,0,2786.12667322052,2786.12667322052
20261008,058970,"엠로",KOSDAQ,15950.0,-2.39,"소프트웨어",2.81,3.28446177,197186564300.0,17500.0,-9.14285714285714,,54.9280767181673,18.7569988801792,6.4,52.1750801580792,0,3,0,96,"없음",48,-40.8921933085502,14,20260828,11.75,7.46900222482417,0,0,,,,,0,,,0,0,15840.8618212972,16990.8618212972
20261008,059090,"미코",KOSDAQ,24550.0,7.44,"반도체와반도체장비",202.38,95.4217387,820381899900.0,24700.0,-0.607287449392713,,23.6122618061309,17.6618163572504,7.2,273.264255469984,5,2,0,71,"수축중",64,85.7034795763994,97,20260922,10.4477611940299,6.09223023094839,1,0,,,,,1,22800.0,"저항→지지",0,0,21891.3832658948,21891.3832658948
20261008,059100,"아이컴포넌트",KOSDAQ,6700.0,3.08,"디스플레이장비및부품",1.44,1.72792816,47374762000.0,7150.0,-6.29370629370629,,6.88753269398431,15.4381084840056,4.6,76.9814632442269,5,3,0,76,"없음",61,27.6190476190476,91,,,,0,0,,,,,1,6560.0,"저항→지지",0,0,6446.82298917136,6486.82298917136
20261008,059120,"아진엑스텍",KOSDAQ,7420.0,-1.07,"반도체와반도체장비",19.31,37.60934577,135860689720.0,8220.0,-9.97566909975669,,64.6842878120411,28.843537414966,9.6,21.8844721561248,3,2,0,56,"수축중",60,12.2913505311077,85,20260903,12.1753246753247,5.42125879506083,0,0,,,,,1,6740.0,"저항→지지",0,0,7252.24063031159,7282.24063031159
20261008,059210,"메타바이오메드",KOSDAQ,3800.0,1.6,"건강관리장비와용품",1.81,2.6631253825,103251491000.0,3860.0,-1.55440414507772,,29.2642140468227,17.0533642691415,6.8,81.6229240912175,0,1,0,81,"없음",27,-7.54257907542579,65,,,,1,0,,,,,1,3680.0,"지지 재탈환",0,0,3629.37148725047,4004.37148725047
20261008,059270,"해성에어로보틱스",KOSDAQ,5150.0,-0.96,"기계",1.46,3.726859755,57501289850.0,5620.0,-8.54092526690392,,51.1949685534591,38.9570552147239,7.0,42.6002100799529,0,1,0,47,"없음",33,-47.8701825557809,9,20260601,13.1301289566237,2.73416352669494,0,0,,,,,0,,,0,0,4948.23673074899,5828.23673074899
20261008,060150,"인선이엔티",KOSDAQ,2995.0,0.5,"상업서비스와공급품",0.61,0.969879875,136463017940.0,3000.0,-0.166666666666667,0.666666666666667,42.8240740740741,17.6651305683564,10.8,39.1637923069816,0,3,0,89,"없음",39,-26.0493827160494,32,,,,0,0,20261006,3000.0,3020.0,31.8903672028954,1,2955.0,"저항→지지",0,0,2906.47116636852,3071.47116636852
20261008,060230,"제이케이시냅스",KOSDAQ,1285.0,-4.39,"전자장비와기기",0.58,2.3767759115,25115605130.0,1480.0,-13.2432432432432,,40.7702984038862,33.6075949367089,8.8,32.4533924532896,0,1,0,51,"없음",26,-47.9107505070994,9,20260909,11.7892976588629,14.971995997005,0,0,,,,,1,1280.0,"저항→지지",0,0,1252.44354859312,1552.44354859312
20261008,060250,"NHN KCP",KOSDAQ,13270.0,-1.85,"IT서비스",14.25,30.90049013,532931307970.0,14050.0,-5.76512455516014,,46.7171717171717,22.0172201722017,4.2,24.649791872297,0,2,0,90,"관망",47,-13.9701104613385,53,20260824,8.39210155148096,3.47016189274281,0,0,,,,,1,13230.0,"지지 재탈환",0,0,14124.4586161634,14794.4586161634
20261008,060260,"뉴보텍",KOSDAQ,865.0,3.59,"건축제품",7.12,0.812762133,11541137940.0,1059.0,-18.3191690273843,,55.114372032801,48.2,8.4,638.843986175856,1,1,0,50,"없음",31,-30.8,25,20260805,11.4529914529915,7.95020314607381,0,0,,,,,1,844.0,"지지 재탈환",0,0,895.402485516579,1336.40248551658
20261008,060280,"큐렉소",KOSDAQ,8590.0,-1.04,"건강관리장비와용품",19.2,16.53367378,354421596100.0,9270.0,-7.5512405609493,,39.0934844192635,26.1950286806883,7.0,103.287050441635,0,2,0,62,"없음",28,-43.7294812869337,11,,,,0,0,,,,,1,8460.0,"저항→지지",0,0,8340.61413033622,9530.61413033622
20261008,060310,3S,KOSDAQ,1243.0,4.63,"기계",2.2,1.268489803,65952386720.0,1278.0,-2.73865414710485,,34.7124824684432,22.5190839694656,6.8,111.820235583881,0,2,0,58,"없음",33,1.2214983713355,76,,,,0,0,,,,,1,1180.0,"저항→지지",0,0,1138.6841567601,1170.6841567601
20261008,060370,"LS마린솔루션",KOSDAQ,32000.0,-5.6,"건설",50.7,49.935984375,1671643328000.0,35200.0,-9.375,,41.1384217335058,28.0952380952381,9.8,126.572680908798,4,2,0,71,"수축중",50,9.24657534246575,83,,,,0,0,,,,,0,,,0,0,32662.971414071,32662.971414071
20261008,060380,"동양에스텍",KOSDAQ,1300.0,0.15,"철강",0.08,0.131962423,25610000000.0,1332.0,-2.4024024024024,,22.8388473852721,8.08005930318755,5.0,37.2727750494888,0,2,0,81,"없음",43,-5.45454545454545,68,,,,0,0,,,,,0,,,0,0,1293.72350034266,1293.72350034266
20261008,060480,"국일신동",KOSDAQ,1140.0,2.06,"비철금속",4.82,3.1452050385,12642600000.0,1650.0,-30.9090909090909,,0.0,27.9551337359793,8.0,229.737302997041,0,1,0,39,"없음",26,-31.5726290516206,24,20261006,28.8214702450408,4.82400104492158,0,0,,,,,1,935.0,"지지 재탈환",0,0,1401.28406659495,1401.28406659495
20261008,060540,"에스에이티",KOSDAQ,1305.0,-1.95,"핸드셋",0.18,0.8908521715,34103478870.0,1470.0,-7.27891156462585,,0.0,18.6008230452675,10.0,23.1453201692293,3,2,0,60,"없음",54,8.26052422557585,82,,,,0,0,,,,,1,1339.0,"저항→지지",0,0,1398.01616214278,1398.01616214278
20261008,060560,"HC홈센타",KOSDAQ,1920.0,-0.72,"건축자재",0.15,0.127950459,48744961920.0,2190.0,-12.3287671232877,,44.7419986936643,31.2065439672802,13.0,90.4321927776085,0,1,0,79,"없음",26,-54.0119760479042,5,20260701,15.8221302998966,3.81395582483426,0,0,,,,,0,,,0,0,1971.66545327148,1971.66545327148
20261008,060570,"드림어스컴퍼니",KOSDAQ,4925.0,-1.4,"방송과엔터테인먼트",0.17,1.3915435175,72990046450.0,6260.0,-21.3258785942492,,23.6102027468934,16.5195460277427,5.8,22.9253709605899,0,1,0,46,"없음",30,-22.2573007103394,38,20260910,28.7779237844941,18.6741597625899,0,0,,,,,1,4535.0,"저항→지지",0,0,5530.09789667698,5530.09789667698
20261008,060590,"씨티씨바이오",KOSDAQ,3030.0,0.33,"제약",1.86,0.961344755,73268490600.0,3135.0,-3.18979266347687,,43.7881873727088,14.3333333333333,9.8,141.826529317445,0,2,0,59,"없음",33,-18.0836707152497,46,,,,0,0,,,,,0,,,0,0,2943.425364041,3213.425364041
20261008,060720,"KH바텍",KOSDAQ,11350.0,-2.41,"핸드셋",6.09,9.45865167,268738966700.0,11820.0,-3.38409475465313,,62.3168178646197,19.7019867549669,6.8,35.2234302305408,0,3,0,94,"없음",45,-11.1284046692607,58,,,,0,0,,,,,1,11240.0,"저항→지지",0,0,10846.7477105803,11106.7477105803
20261008,060850,"영림원소프트랩",KOSDAQ,4300.0,0.82,"소프트웨어",1.52,0.386294295,34963300000.0,4865.0,-11.6135662898253,,32.9133858267717,20.9433962264151,7.0,362.638651416297,0,1,0,57,"없음",25,-27.9731993299832,29,,,,0,0,,,,,0,,,0,0,4572.23573910925,5007.23573910925
20261008,060900,"에이전트AI",KOSDAQ,1711.0,-2.95,"에너지장비및서비스",1.99,3.3085749665,11196417846.0,3900.0,-55.5897435897436,,45.6237879767292,67.6100628930818,9.4,127.569755353676,0,1,0,36,"없음",22,-81.9470502397332,1,,,,0,0,,,,,0,,,0,0,3188.38175260513,4178.38175260513
20261008,060980,"HL홀딩스",KOSPI,37700.0,0.27,"자동차부품",4.29,4.754875025,337654281900.0,40600.0,-6.77339901477833,,45.9119496855346,10.8040201005025,10.0,90.1390430385991,0,2,0,71,"없음",33,-7.79537149817296,64,,,,0,0,,,,,0,,,0,0,38514.8243403628,39764.8243403628
20261008,061040,"알에프텍",KOSDAQ,7240.0,-0.55,"핸드셋",0.28,0.2728345,65509134520.0,7800.0,-7.17948717948718,,8.28651685393258,20.0797872340426,8.4,47.5308281790952,0,1,0,77,"없음",33,-4.83701366982124,69,20260826,11.8181818181818,3.23157844930919,0,0,,,,,0,,,0,0,7007.06608716893,7007.06608716893
20261008,061090,"세나테크놀로지",KOSDAQ,43400.0,-0.69,"통신장비",10.61,6.82652725,237291670000.0,38900.0,,,,50.4,17.2,97.7436265295208,0,0,0,0,"없음",,16.9354838709677,87,20260930,13.3333333333333,3.23233316644017,0,0,,,,,1,38900.0,"저항→지지",0,0,39969.5820722008,44969.5820722008
20261008,061250,"화일약품",KOSDAQ,6490.0,0.78,"제약",0.25,3.628829605,54630120160.0,10190.0,-37.2914622178606,,37.7884615384615,28.6206896551724,13.0,14.4887453626845,0,1,0,39,"없음",30,-34.1237113402062,20,20260915,12.0689655172414,9.19421465774989,0,0,,,,,0,,,0,0,9326.913122899,9326.913122899
20261008,061970,"LB세미콘",KOSDAQ,4670.0,-0.43,"반도체와반도체장비",12.87,15.134934945,327287638020.0,4975.0,-6.83417085427136,,59.8209289311695,41.1251980982567,6.4,39.250691573128,3,2,0,75,"없음",60,23.2712765957447,90,20260818,18.1525241675618,4.21164374813773,0,0,,,,,1,4230.0,"저항→지지",0,0,4353.02832158609,5688.02832158609
20261008,062040,"산일전기",KOSPI,222500.0,-3.89,"전기장비",638.26,610.76929375,6818034125000.0,215000.0,3.25581395348837,5.58139534883721,49.8089171974522,21.2228398180899,7.2,102.67879910814,3,1,0,61,"관망",52,67.5471698113208,96,20260827,13.9061616732617,3.46955672620211,0,0,20261002,215000.0,227000.0,160.038176032987,1,215000.0,"저항→지지",0,0,222037.905836265,222037.905836265
20261008,063080,"컴투스홀딩스",KOSDAQ,12380.0,0.08,"게임엔터테인먼트",0.84,2.518231115,81648476960.0,12780.0,-4.30359937402191,,54.5619335347432,20.284135753749,9.8,27.7505791895917,0,1,0,51,"없음",35,-26.8102932375823,31,20260625,11.9130434782609,3.39068445081157,0,0,,,,,1,11870.0,"지지 재탈환",0,0,11692.1754588731,14722.1754588731
20261008,063160,"종근당바이오",KOSPI,14100.0,-6.44,"제약",11.49,5.45759483,77352064200.0,14000.0,-0.142857142857143,7.14285714285714,0.0,15.7046979865772,3.0,436.732012309807,0,2,0,62,"없음",35,-25.4797441364606,33,20261007,9.56902848794741,67.4537346566531,0,0,20261007,14000.0,15000.0,7125.50329679974,1,13260.0,"지지 재탈환",0,0,14433.4766400088,14433.4766400088
20261008,063170,"서울옥션",KOSDAQ,5540.0,-0.54,"판매업체",0.99,1.252430425,98469439180.0,6480.0,-14.5061728395062,,14.8148148148148,15.3364632237872,4.2,50.7709232556704,0,1,0,52,"없음",26,-20.8571428571429,41,,,,0,0,,,,,0,,,0,0,5877.14543829774,5877.14543829774
20261008,063440,"SM Life Design",KOSDAQ,1086.0,0.18,"방송과엔터테인먼트",0.49,0.817143017,49216829304.0,1106.0,-1.80831826401447,,31.6363636363636,19.4515852613539,10.6,68.5238246709405,0,3,0,80,"없음",43,-28.0318091451292,29,20260917,8.00800800800801,7.90889670964668,0,0,,,,,1,1021.0,"저항→지지",0,0,1058.4317220843,1097.4317220843
20261008,063570,"NICE인프라",KOSDAQ,3300.0,0.76,"상업서비스와공급품",0.2,0.3810555275,112687502400.0,3495.0,-5.5793991416309,,23.342939481268,20.3366058906031,15.2,32.0361990950226,0,1,0,75,"없음",27,-16.9811320754717,48,,,,0,0,,,,,1,3210.0,"지지 재탈환",0,0,3279.74621804982,3324.74621804982
20261008,063760,"이엘피",KOSDAQ,2225.0,3.49,"디스플레이장비및부품",0.61,0.6108127325,20748414250.0,2585.0,-14.1199226305609,,22.9571984435798,23.2209737827715,9.8,121.722895800387,1,1,0,36,"없음",27,-22.5130890052356,38,,,,0,0,,,,,1,2205.0,"지지 재탈환",0,0,2328.55751955542,2413.55751955542
20261008,064240,"홈캐스트",KOSDAQ,1727.0,1.65,"전문소매",0.51,0.628091972,59916971477.0,1954.0,-12.8966223132037,,29.3661650706794,22.6857887874837,10.0,54.3953269962596,0,1,0,51,"없음",22,-13.2959755476312,54,,,,0,0,,,,,0,,,0,0,2125.9918390169,2125.9918390169
20261008,064260,"다날",KOSDAQ,4425.0,-2.32,"IT서비스",20.53,47.0074217775,334731147225.0,4740.0,-6.0126582278481,,52.2727272727273,29.5918367346939,6.2,13.6123887157832,0,2,0,86,"관망",47,-24.1056218057922,36,20260820,9.58019375672767,3.12255018994911,0,0,,,,,0,,,0,0,4655.87767767657,5325.87767767657
20261008,064290,"인텍플러스",KOSDAQ,60600.0,3.59,"반도체와반도체장비",128.71,198.835108325,787701706800.0,62600.0,-3.19488817891374,,19.6045197740113,20.7446808510638,6.4,58.6990026742244,5,2,0,67,"수축중",66,180.555555555556,99,20260818,17.3139158576052,2.65240060953884,1,0,,,,,1,58100.0,"저항→지지",0,0,53343.2340557293,53343.2340557293
20261008,064350,"현대로템",KOSPI,104900.0,-2.78,"2026년 3분기 경영실적 발표",678.36,409.85556605,11449026535700.0,116900.0,-10.3507271171942,,72.9441840647635,40.1156069364162,10.0,158.346361249731,0,1,0,60,"관망",29,-47.9900744416873,9,,,,0,0,,,,,0,,,0,0,119473.018477388,160673.018477388
20261008,064400,"LG씨엔에스",KOSPI,67800.0,-1.88,"IT서비스",485.15,328.9508431,6568867274400.0,75000.0,-9.73333333333333,,58.492975734355,17.6890156918688,10.2,100.361333255869,2,2,0,79,"관망",51,19.8230088495575,89,20260601,26.274165202109,3.80945242236454,0,0,,,,,0,,,0,0,70762.8472707616,77562.8472707616
20261008,064480,"브리지텍",KOSDAQ,2625.0,1.74,"IT서비스",0.83,0.6234828525,31375312500.0,3030.0,-11.8811881188119,,63.8941398865785,21.9015280135823,12.2,114.601841210665,0,2,0,60,"없음",33,-34.718826405868,20,,,,1,0,,,,,1,2575.0,"지지 재탈환",0,0,2655.43525538208,2860.43525538208
20261008,064520,"테크엘",KOSDAQ,1484.0,-1.0,"반도체와반도체장비",0.07,0.0960347395,33168976008.0,1699.0,-12.6545026486168,,37.4772313296903,26.5968586387435,3.0,59.1202038750502,0,2,0,53,"없음",25,-12.603062426384,56,,,,0,0,,,,,0,,,0,0,1713.44811246414,1713.44811246414
20261008,064550,"바이오니아",KOSDAQ,8430.0,-3.1,"생물공학",10.11,44.1507594,217580753130.0,10880.0,-22.5183823529412,,64.1361256544503,26.3736263736264,6.4,21.7001124869326,0,1,0,53,"관망",30,-19.6377502383222,43,20260901,25.1422070534699,14.7920076084222,0,0,,,,,0,,,0,0,9840.26414708047,10140.2641470805
20261008,064760,"티씨케이",KOSDAQ,291500.0,2.28,"반도체와반도체장비",241.45,195.08894075,3258799764000.0,316000.0,-6.9620253164557,,48.3132530120482,47.7099236641221,11.6,110.362563907255,4,2,0,60,"수축중",57,36.4269141531323,93,,,,1,0,,,,,1,288500.0,"저항→지지",0,0,278580.109495435,278580.109495435
20261008,064800,"포니링크",KOSDAQ,2105.0,-1.64,"전문소매",0.44,1.1216764365,53806871195.0,3150.0,-32.5396825396825,,45.5663430420712,21.2107623318386,11.6,25.4136767373382,0,1,0,41,"없음",30,-35.5083459787557,19,20260826,9.44350758853287,3.7672214641065,0,0,,,,,0,,,0,0,2710.48649307018,3100.48649307018
20261008,064820,"케이프",KOSDAQ,7550.0,-4.31,"증권",3.67,2.816343665,232994623250.0,8020.0,-5.48628428927681,,68.9530685920578,23.4920634920635,7.0,75.6083765176745,0,1,0,90,"없음",31,-24.5771144278607,35,,,,0,0,,,,,0,,,0,0,7518.14607709343,9358.14607709343
20261008,064850,"에프앤가이드",KOSDAQ,20550.0,0.49,"IT서비스",4.82,7.353761135,234482322600.0,22550.0,-9.75609756097561,,50.3146119785598,19.1442676906199,8.4,62.6235391147762,2,2,0,78,"없음",38,5.8792924037461,80,,,,0,0,,,,,1,18410.0,"저항→지지",0,0,19712.7899347671,20262.7899347671
20261008,064960,"SNT모티브",KOSPI,26150.0,-1.88,"자동차부품",11.21,15.14935585,694028112800.0,28450.0,-7.73286467486819,,35.1851851851852,12.5226860254083,9.8,61.302061515624,0,2,0,63,"없음",28,-20.2127659574468,42,,,,0,0,,,,,1,25850.0,"지지 재탈환",0,0,26541.0531021734,27091.0531021734
20261008,065060,"지엔코",KOSDAQ,3410.0,0.29,"섬유,의류,신발,호화품",0.07,0.280084915,20427216260.0,3740.0,-8.82352941176471,,29.5302013422819,21.8844984802432,12.6,21.8737315490725,2,1,0,43,"없음",39,18.6086956521739,88,20260715,26.4591439688716,9.39731119897298,1,0,,,,,1,3250.0,"지지 재탈환",0,0,3264.39842284756,3264.39842284756
20261008,065130,"탑엔지니어링",KOSDAQ,3115.0,2.13,"핸드셋",1.63,0.9753461875,49852460000.0,3230.0,-3.71517027863777,,24.7404844290657,26.71875,11.6,151.062725036389,0,3,0,81,"없음",34,3.32225913621263,78,,,,0,0,,,,,1,2920.0,"저항→지지",0,0,2932.45196643942,2932.45196643942
20261008,065150,"대산F&B",KOSDAQ,1266.0,0.4,"식품",0.31,1.058312091,20177811840.0,1500.0,-16.8666666666667,,40.8244153785176,28.5714285714286,5.0,58.2443301454432,0,2,0,50,"없음",25,-56.9257340241796,4,,,,0,0,,,,,0,,,0,0,1315.05995120091,2710.05995120091
20261008,065350,"신성델타테크",KOSDAQ,32300.0,-0.62,"가정용기기와용품",21.76,27.366484,887731520400.0,34300.0,-5.68513119533528,,66.0660660660661,22.3367697594502,9.8,54.1118358265767,0,3,0,90,"없음",43,-39.9814471243043,15,20260629,20.9964412811388,2.96153782199364,0,0,,,,,1,31900.0,"저항→지지",0,0,31296.829603023,31296.829603023
20261008,065370,"위세아이텍",KOSDAQ,3125.0,-1.42,"소프트웨어",0.41,0.1974497075,23074856250.0,3045.0,4.92610837438424,0.985221674876847,39.699863574352,24.5481927710843,8.6,107.171159574804,0,2,0,85,"없음",41,-31.6577540106952,24,20260720,8.19964349376114,4.45958405901035,0,0,20261006,3045.0,3075.0,125.685588181479,1,3045.0,"저항→지지",0,0,2867.99742141637,2977.99742141637
20261008,065440,"이루온",KOSDAQ,1571.0,-1.94,"IT서비스",4.39,10.450254836,42849056420.0,1832.0,-14.3013100436681,,19.8172198172198,21.280487804878,7.2,77.5233437669899,1,1,0,59,"없음",31,-42.7007299270073,12,20261002,15.2313167259786,34.8668813188198,0,0,,,,,1,1545.0,"저항→지지",0,0,1613.92475040631,1613.92475040631
20261008,065450,"빅텍",KOSDAQ,2950.0,-0.34,"우주항공과국방",8.13,28.792382515,87012618850.0,3330.0,-11.2612612612613,,4.47470817120623,22.360248447205,10.0,50.6071120822033,1,2,0,62,"없음",33,-51.7944535073409,6,,,,0,0,,,,,1,2850.0,"저항→지지",0,0,3028.56111530641,3028.56111530641
20261008,065500,"오리엔트정공",KOSDAQ,1000.0,-2.63,"자동차부품",0.75,0.833963545,35742912000.0,1078.0,-5.65862708719852,,43.3115823817292,18.9967105263158,5.4,86.8263841533901,0,2,0,77,"없음",33,-49.15,8,,,,0,0,,,,,1,1012.0,"지지 재탈환",0,0,1081.58908996481,1207.58908996481
20261008,065510,"휴비츠",KOSDAQ,7130.0,-1.52,"건강관리장비와용품",1.42,1.942385975,77559391350.0,6990.0,2.00286123032904,1.57367668097282,34.7394540942928,15.2702702702703,11.6,62.7859818600868,0,3,0,87,"없음",35,-7.28218465539662,65,,,,0,0,20261002,6990.0,7100.0,160.586591917276,1,6990.0,"저항→지지",0,0,6893.68663135126,6893.68663135126
20261008,065530,"와이어블",KOSDAQ,1450.0,-2.03,"무선통신서비스",3.84,10.360867762,69366200550.0,1628.0,-11.1179361179361,,3.12732688011914,15.2029520295203,8.4,75.0400827277317,1,2,0,51,"없음",37,-28.1885856079404,29,20261002,18.3164458300857,45.3339299649935,0,0,,,,,1,1310.0,"저항→지지",0,0,1473.60098116721,1473.60098116721
20261008,065650,"하이퍼코퍼레이션",KOSDAQ,1595.0,8.21,"컴퓨터와주변기기",0.44,0.3083264995,17458849265.0,1744.0,-19.6100917431193,,0.0,30.390583199572,2.2,135.462270271251,0,2,0,38,"없음",30,-64.4342973110096,3,20260901,11.4723926380368,3.86509445341083,0,0,,,,,1,1397.0,"지지 재탈환",0,0,1574.4722442406,2000.4722442406
20261008,065660,"안트로젠",KOSDAQ,15950.0,-1.6,"제약",2.73,3.056576435,159597295000.0,15550.0,1.80064308681672,4.5016077170418,69.1418665125686,22.9840921557872,8.4,59.4042058895145,0,1,0,87,"없음",33,-61.4841849148418,3,20261007,8.26115922718187,5.39711152066285,0,0,20261007,15550.0,16250.0,308.586866977378,1,15040.0,"저항→지지",0,0,15987.4525482079,17707.4525482079
20261008,065680,"우주일렉트로",KOSDAQ,24350.0,2.53,"핸드셋",1.62,4.935212375,220135468850.0,28450.0,-14.7627416520211,,45.9242250287026,41.8856259659969,11.2,36.5248325922809,0,2,0,57,"없음",30,-3.96039603960396,70,20260922,15.2619589977221,10.3844247339612,0,0,,,,,1,21700.0,"지지 재탈환",0,0,24985.9468791397,28185.9468791397
20261008,065690,"파커스",KOSDAQ,1968.0,1.6,"컴퓨터와주변기기",0.33,0.60787563,23644549776.0,1889.0,4.18210693488618,1.48226574907358,40.3141361256545,12.085635359116,10.4,35.0148491970616,5,3,0,89,"없음",77,52.4399690162665,95,20260722,9.00000000000001,4.61914856220045,0,0,20261006,1889.0,1917.0,26.9532102660685,1,1889.0,"저항→지지",1,1,1784.55406463955,1799.55406463955
20261008,065710,"서호전기",KOSDAQ,42900.0,-1.04,"운송인프라",2.89,3.2120932,220935000000.0,46200.0,-6.6017316017316,,48.7654320987654,20.9580838323353,14.0,86.3397296297818,0,3,0,87,"없음",40,2.86054827175209,78,20260625,8.39954597048809,3.31203385714781,0,0,,,,,0,,,0,0,44002.9466777473,44902.9466777473
20261008,065770,CS,KOSDAQ,1145.0,29.97,"통신장비",9.07,2.7615824345,12039748280.0,970.0,18.0412371134021,18.0412371134021,66.1697475650964,57.7222222222222,5.4,266.238439704481,1,2,0,61,"없음",35,-48.3536310329274,8,20261008,29.9659477866061,3.41260880517,1,0,20261008,970.0,1145.0,279.543022363229,1,820.0,"지지 재탈환",0,0,1012.05908028309,1710.05908028309
20261008,065950,"웰크론",KOSDAQ,1208.0,-0.98,"건설",0.56,0.754960602,34103412816.0,1305.0,-7.35632183908046,,49.3195682778039,42.6751592356688,11.0,59.8959658121114,0,1,0,54,"없음",29,-22.0,38,20261007,9.49868073878628,12.3647744188459,0,0,,,,,1,1195.0,"저항→지지",0,0,1207.99767009269,1417.99767009269
20261008,066130,"하츠",KOSDAQ,3470.0,-0.57,"가정용기기와용품",0.11,0.3701358725,44416000000.0,3925.0,-10.4458598726115,,5.73012939001849,15.8854166666667,7.4,16.58587420994,0,1,0,36,"없음",29,-17.7777777777778,47,,,,1,0,,,,,0,,,0,0,3646.20537914915,3646.20537914915
20261008,066310,"큐에스아이",KOSDAQ,8380.0,-2.67,"반도체와반도체장비",4.26,8.54488499,77696183980.0,9570.0,-12.6436781609195,,20.2797202797203,16.2361623616236,7.2,76.3045895895926,2,2,0,70,"없음",35,-21.5759849906191,39,,,,0,0,,,,,1,7750.0,"저항→지지",0,0,8609.75878258912,8609.75878258912
20261008,066360,"체리부로",KOSDAQ,1464.0,0.76,"식품",0.15,0.421255624,35100874248.0,1645.0,-11.9756838905775,,0.0,35.8695652173913,16.0,34.2351056234928,2,1,0,49,"없음",39,-35.5871886120996,19,20260611,8.41248303934872,11.916565843249,0,0,,,,,1,1436.0,"저항→지지",0,0,1461.69184095055,1461.69184095055
20261008,066430,"아이로보틱스",KOSDAQ,2005.0,0.0,"화학",3.87,9.3131814215,78502719380.0,2205.0,-9.34240362811791,,67.5496688741722,19.9588477366255,5.8,12.8897691064611,2,3,0,90,"없음",58,8.22956145100162,82,20260814,13.9269406392694,6.38108952651725,0,0,,,,,0,,,0,0,2069.93870285799,2564.93870285799
20261008,066570,"LG전자",KOSPI,201000.0,-3.37,"전자제품",2058.14,1539.13873955,32739812238000.0,221000.0,-9.04977375565611,5.42986425339367,32.8025477707006,18.4449244060475,6.8,111.706956323804,4,3,0,86,"관망",58,84.7426470588235,97,,,,0,0,20261006,221000.0,233000.0,136.209039136147,0,,,0,0,214162.469200263,214162.469200263
20261008,066590,"스모트로닉",KOSDAQ,2220.0,-2.42,"자동차부품",2.84,1.7377014325,85865020140.0,2830.0,-21.5547703180212,,79.4270833333333,43.3198380566802,10.4,40.6815048899648,0,1,0,57,"없음",30,-14.7792706333973,52,20260721,30.0,20.6595555725374,0,0,,,,,0,,,0,0,2258.01608637165,3478.01608637165
20261008,066620,"국보디자인",KOSDAQ,25200.0,0.4,"건설",1.89,1.03133555,189000000000.0,26250.0,-4.0,,22.3188405797101,12.1495327102804,6.8,135.542547044193,5,2,0,79,"없음",58,17.2093023255814,88,,,,1,0,,,,,1,24700.0,"지지 재탈환",0,0,24597.1817687955,25497.1817687955
20261008,066670,"디티씨",KOSDAQ,3310.0,0.46,"핸드셋",0.58,0.54835818,61870248580.0,3490.0,-5.15759312320917,,1.34615384615385,14.3667296786389,9.8,92.9595573415031,4,1,0,43,"없음",47,31.0891089108911,92,,,,1,0,,,,,1,3275.0,"저항→지지",0,0,3169.88958978847,3169.88958978847
20261008,066700,"테라젠이텍스",KOSDAQ,2280.0,0.66,"제약",0.4,1.1730324275,84707417280.0,2400.0,-5.0,,26.6009852216749,24.1935483870968,9.6,14.601376658922,0,1,0,68,"없음",31,-19.1489361702128,44,,,,0,0,,,,,1,2270.0,"저항→지지",0,0,2187.63360057748,2267.63360057748
20261008,066900,"디에이피",KOSDAQ,1790.0,0.34,"전자장비와기기",0.05,0.1427488135,40712660370.0,1810.0,-1.10497237569061,,47.9722518676628,14.8483235763704,8.2,35.0088313735425,2,2,0,77,"없음",43,24.8256624825662,90,,,,1,0,,,,,1,1775.0,"저항→지지",0,0,1647.70748630001,1732.70748630001
20261008,066910,"손오공",KOSDAQ,1797.0,4.48,"레저용장비와제품",1.29,0.541530745,27649777704.0,2055.0,-12.5547445255474,,74.176619616359,58.9487516425756,10.6,158.928416116077,0,1,0,56,"없음",26,-36.2765957446808,18,20260720,29.9781181619256,45.8060708769779,0,0,,,,,0,,,0,0,1810.44253228942,3560.44253228942
20261008,066970,"엘앤에프",KOSPI,116200.0,-1.19,"전기제품",474.45,584.06505605,4727734580800.0,125000.0,-7.52,,40.2391725921138,29.1327913279133,5.0,79.1340977052692,1,2,0,56,"관망",46,-28.4653465346535,28,20260824,16.3636363636364,2.61664007698812,0,0,,,,,1,111500.0,"지지 재탈환",0,0,113478.84722022,131578.84722022
20261008,066980,"한성크린텍",KOSDAQ,1544.0,-1.4,"건설",3.53,4.5021202465,83022737432.0,1792.0,-14.9553571428571,,74.3089779301478,29.0049751243781,6.6,44.397921844014,2,3,0,92,"없음",48,17.1406610299769,88,20260811,16.5223184543638,3.89320065385895,0,0,,,,,1,1474.0,"지지 재탈환",0,0,1571.96220665833,1789.96220665833
20261008,067000,"조이시티",KOSDAQ,1184.0,-0.42,"게임엔터테인먼트",2.71,7.651799683,82765680064.0,1380.0,-14.4927536231884,,30.1049233252623,16.7987321711569,7.4,56.2683570862444,0,3,0,78,"없음",29,-47.6718403547672,9,,,,0,0,,,,,1,1179.0,"저항→지지",0,0,1256.14156134901,1256.14156134901
20261008,067010,"이씨에스",KOSDAQ,2560.0,0.59,"IT서비스",0.57,1.2664086575,27874560000.0,2590.0,-1.15830115830116,,1.13712374581941,5.95009596928983,2.6,40.6705218113649,4,2,0,74,"없음",60,16.628701594533,87,20260819,11.5023474178404,20.6318259867908,0,0,,,,,1,2555.0,"저항→지지",0,0,2517.54355259994,2517.54355259994
20261008,067080,"대화제약",KOSDAQ,11950.0,-1.48,"제약",7.46,7.166166025,222468967500.0,11680.0,10.1027397260274,3.68150684931507,57.0684523809524,14.4262295081967,4.6,217.858140960729,0,2,0,86,"없음",37,-9.50035186488389,61,20260810,20.6349206349206,4.07676722079951,1,0,20261006,11680.0,12110.0,97.2436257210777,1,11680.0,"저항→지지",1,1,11336.4157455929,11336.4157455929
20261008,067160,SOOP,KOSDAQ,37550.0,3.16,"양방향미디어와서비스",18.42,12.168768675,420124119600.0,37650.0,-0.664010624169987,,62.2721749696233,20.6629834254144,7.6,105.150784928395,0,3,0,96,"없음",39,-36.2862010221465,18,,,,1,0,,,,,0,,,0,0,37263.3544028976,47563.3544028976
20261008,067170,"오텍",KOSDAQ,2610.0,-2.25,"기계",9.44,12.1610689475,71689097070.0,3065.0,-14.5187601957586,,48.4780994803266,46.031746031746,12.4,80.3213578205628,3,2,0,49,"없음",45,47.0258136924804,94,20261002,8.31758034026464,8.16578672330013,0,0,,,,,1,2470.0,"지지 재탈환",0,0,2577.50567522216,2662.50567522216
20261008,067280,"멀티캠퍼스",KOSDAQ,26100.0,-0.19,"교육서비스",1.47,2.530176225,154688931900.0,26700.0,-2.24719101123596,,10.0,16.1793372319688,15.4,89.9938452118618,1,1,0,60,"없음",36,-4.22018348623853,70,20260922,9.28725701943844,19.8180627139803,0,0,,,,,1,23950.0,"저항→지지",0,0,25350.2200288306,25350.2200288306
20261008,067290,"JW신약",KOSDAQ,2735.0,-4.37,"제약",50.5,439.1301633375,153261476705.0,4335.0,-36.7935409457901,,60.4070821134811,36.8869936034115,10.6,12.8354338356632,4,2,0,61,"수축중",65,46.6024612092028,94,20260908,8.65921787709498,4.06785806764442,0,0,,,,,1,2400.0,"저항→지지",0,0,3763.24621294263,3763.24621294263
20261008,067310,"하나마이크론",KOSDAQ,50800.0,0.2,"반도체와반도체장비",679.11,892.36259765,3377736145200.0,54500.0,-6.78899082568807,,41.3192071086808,25.0288350634371,6.8,76.0440766576988,4,2,0,70,"수축중",59,77.3123909249564,97,20260921,17.1206225680934,4.77388880128897,0,0,,,,,1,47850.0,"저항→지지",0,0,48506.5740066019,48506.5740066019
20261008,067370,"선바이오",KOSDAQ,5480.0,-0.72,"생물공학",0.12,0.449493935,66931848680.0,5880.0,-5.95238095238095,,50.1408450704225,22.6277372262774,3.0,19.7067254214084,1,2,0,84,"없음",45,9.28853754940712,83,20260618,29.8769771528998,55.122264890235,0,0,,,,,1,5490.0,"지지 재탈환",0,0,6259.76621680421,6259.76621680421
20261008,067390,"아스트",KOSDAQ,5640.0,0.89,"우주항공과국방",2.3,4.95240671,237532869480.0,6640.0,-15.210843373494,,29.4416243654822,20.675944333996,10.0,62.9156986728151,1,3,0,84,"없음",40,-20.7042253521127,41,20260911,8.06174957118353,4.99897638021257,0,0,,,,,1,5520.0,"저항→지지",0,0,6058.50124034034,6058.50124034034
20261008,067570,"엔브이에이치코리아",KOSDAQ,1646.0,-0.48,"자동차부품",0.18,0.856509427,69411820000.0,2115.0,-21.7494089834515,,1.58543746330006,12.177729018102,7.4,11.9434901802147,0,1,0,50,"없음",26,-23.2018561484919,37,,,,0,0,,,,,1,1650.0,"지지 재탈환",0,0,1952.76258415436,1952.76258415436
20261008,067630,"HLB생명과학",KOSDAQ,4520.0,8.0,"건강관리장비와용품",29.84,44.11566114,551065102160.0,4645.0,-2.69106566200215,,0.0,27.3946360153257,10.0,108.524397247981,2,2,0,54,"관망",37,18.1699346405229,88,20261006,25.034965034965,7.80881829605063,0,0,,,,,1,4390.0,"저항→지지",0,0,3969.31684843896,3969.31684843896
20261008,067730,"로지시스",KOSDAQ,2165.0,0.46,"IT서비스",0.2,0.1912832025,20944041130.0,2340.0,-8.33333333333333,,43.4326710816777,13.9072847682119,10.2,64.0711846106078,0,2,0,78,"없음",33,-14.3712574850299,53,,,,0,0,,,,,0,,,0,0,2190.40390201807,2190.40390201807
20261008,067830,"세이브존I&C",KOSPI,2360.0,0.0,"백화점과일반상점",0.84,0.592650445,96856512200.0,2445.0,-3.47648261758691,,19.7718631178707,11.8811881188119,6.8,103.348215869357,0,1,0,63,"없음",27,-21.4642262895175,39,,,,0,0,,,,,1,2325.0,"저항→지지",0,0,2355.42937064118,2370.42937064118
20261008,067900,"와이엔텍",KOSDAQ,5880.0,0.34,"해운사",0.52,0.99295503,107013994920.0,6110.0,-5.07364975450082,,67.0623145400593,25.5555555555556,13.8,41.1845083813931,0,3,0,93,"없음",49,-12.781954887218,55,20260624,13.109243697479,11.2081981854933,0,0,,,,,0,,,0,0,5830.60021694959,5960.60021694959
20261008,067920,"이글루",KOSDAQ,6080.0,-4.4,"IT서비스",6.97,11.14484165,66856403520.0,7070.0,-14.002828854314,,0.0,28.4603421461897,18.2,119.072718803045,3,1,0,42,"없음",41,1.33333333333333,76,20261006,12.5636672325976,20.610918057826,0,0,,,,,1,6000.0,"저항→지지",0,0,6451.07431314636,6451.07431314636
20261008,067990,"도이치모터스",KOSDAQ,4070.0,1.37,"자동차",1.54,1.8402593125,118768908500.0,3775.0,6.62251655629139,0.662251655629139,65.92082616179,20.2733485193622,15.4,46.1074297604766,0,1,0,59,"없음",31,-7.57749712973594,65,20260629,12.8378378378378,3.1344025341998,0,0,20260922,3775.0,3800.0,31.8301841615472,1,3825.0,"저항→지지",0,0,3855.14480247442,3875.14480247442
20261008,068050,"팬엔터테인먼트",KOSDAQ,1024.0,0.2,"방송과엔터테인먼트",0.69,0.3365102495,28358733824.0,1547.0,-33.8720103425986,,23.3952702702703,20.6060606060606,15.2,178.947379178965,0,1,0,43,"없음",22,-35.0476190476191,20,,,,0,0,,,,,0,,,0,0,1409.0099631176,1409.0099631176
20261008,068100,"케이웨더",KOSDAQ,2320.0,-1.69,"IT서비스",0.17,0.15476537,27671883520.0,2450.0,-5.30612244897959,,53.6357571714476,17.102615694165,10.2,78.4678996882477,0,3,0,95,"없음",45,-11.4503816793893,58,,,,0,0,,,,,0,,,0,0,2242.46146665376,2277.46146665376
20261008,068270,"셀트리온",KOSPI,179900.0,-1.96,"제약",810.18,693.40284715,41847829962400.0,186800.0,-4.17558886509636,,63.0526315789474,13.5643564356436,6.4,87.3055936418933,1,2,0,89,"관망",46,-4.52671385216042,69,,,,0,0,,,,,0,,,0,0,180423.875035978,202423.875035978
20261008,068290,"삼성출판사",KOSPI,6200.0,-0.48,"출판",0.2,0.495824035,62000000000.0,6530.0,-5.20673813169985,,52.3012552301255,21.090387374462,10.6,43.2148112103623,0,1,0,73,"없음",31,-29.6590909090909,26,20260602,30.0,5.54354860583006,0,0,,,,,1,6150.0,"지지 재탈환",0,0,6047.035074822,6617.035074822
20261008,068330,"일신바이오",KOSDAQ,1031.0,0.98,"생명과학도구및서비스",0.34,0.454618597,45586840340.0,1149.0,-10.3568320278503,,20.3517587939698,27.1404109589041,14.6,33.6536902543272,0,1,0,59,"없음",29,-26.9503546099291,31,,,,0,0,,,,,0,,,0,0,1060.75520525835,1060.75520525835
20261008,068760,"셀트리온제약",KOSDAQ,38950.0,-2.87,"제약",19.84,32.581169975,1729470831400.0,39900.0,-2.38095238095238,,50.0802568218298,19.5744680851064,7.6,62.1355319702292,0,3,0,90,"관망",36,-29.3103448275862,27,,,,0,0,,,,,1,38400.0,"지지 재탈환",0,0,38612.2029877292,44362.2029877292
20261008,068790,DMS,KOSDAQ,8200.0,-0.36,"디스플레이장비및부품",2.95,4.14918704,181909816800.0,8160.0,0.735294117647059,0.612745098039216,42.3747276688453,17.9948586118252,6.4,42.0807922381346,2,2,0,83,"없음",49,10.9311740890688,84,20260721,11.5032679738562,4.38020789187362,0,0,20261006,8160.0,8210.0,170.828002264167,1,8160.0,"저항→지지",0,0,7589.7136109523,8009.7136109523
20261008,068930,"디지털대성",KOSDAQ,9260.0,0.65,"교육서비스",3.43,9.050589235,256273666920.0,10000.0,-7.5,,0.0,8.92018779342723,7.8,64.7374575088703,5,3,0,86,"없음",60,15.625,87,20260730,9.64539007092198,5.01693629013176,0,0,,,,,1,8700.0,"저항→지지",0,0,9297.9307692672,9297.9307692672
20261008,069080,"웹젠",KOSDAQ,12040.0,-0.58,"게임엔터테인먼트",19.34,10.09346908,372837563000.0,11720.0,2.38907849829352,2.21843003412969,52.2522522522522,18.1464174454829,8.0,173.36861192846,0,2,0,83,"없음",32,-1.23456790123457,73,,,,0,0,20261006,11720.0,11980.0,116.122080805419,1,11770.0,"저항→지지",0,0,11462.8386300407,12042.8386300407
20261008,069140,"누리플랜",KOSDAQ,1712.0,-2.23,"건설",0.18,0.398707371,25844016448.0,1810.0,-5.41436464088398,,25.5705635770843,13.3854166666667,4.2,30.2700134592193,0,3,0,91,"없음",50,-14.2284569138277,53,20260602,10.1413644744929,3.14833614588822,0,0,,,,,0,,,0,0,1967.69459215654,1967.69459215654
20261008,069260,"TKG휴켐스",KOSPI,15800.0,-0.25,"화학",8.28,8.34315272,645881690400.0,18390.0,-14.6275149537792,,35.3798126951093,6.17807389460933,6.8,95.5392275823814,0,1,0,45,"없음",22,-9.45790080738178,61,,,,0,0,,,,,0,,,0,0,17551.8385521612,17551.8385521612
20261008,069330,"유아이디",KOSDAQ,1160.0,-2.77,"디스플레이장비및부품",0.14,0.4012433515,19664985840.0,1310.0,-11.4503816793893,,38.7652947719688,19.1709844559585,8.0,12.9138436921105,4,1,0,70,"없음",53,10.792741165234,84,20260723,9.25925925925926,10.3353513580439,0,0,,,,,0,,,0,0,1147.5540327964,1175.5540327964
20261008,069410,"엔텔스",KOSDAQ,2540.0,-0.59,"IT서비스",0.29,0.3710215575,26021852960.0,2790.0,-10.3942652329749,,48.1159420289855,23.7435008665511,10.2,64.7201180476834,0,2,0,74,"없음",30,-45.1152579582876,10,,,,0,0,,,,,0,,,0,0,2511.64459782639,2961.64459782639
20261008,069510,"에스텍",KOSDAQ,13460.0,-0.37,"전자장비와기기",0.47,0.53730113,146848600000.0,14100.0,-4.53900709219858,,0.0,6.47803425167535,4.0,55.2930387767709,1,2,0,65,"없음",40,-8.99256254225828,62,,,,0,0,,,,,1,13100.0,"저항→지지",0,0,13248.9901736264,13248.9901736264
20261008,069620,"대웅제약",KOSPI,108500.0,-1.72,"제약",28.25,17.1927124,1257143387500.0,128900.0,-15.7486423584174,,68.4586466165414,21.0684725357412,9.8,104.227303117531,0,1,0,55,"없음",22,-31.7410433689503,24,,,,0,0,,,,,1,107500.0,"지지 재탈환",0,0,110052.968004501,125752.968004501
20261008,069640,"한세엠케이",KOSPI,1339.0,-5.64,"섬유,의류,신발,호화품",0.07,0.5082375275,29103809059.0,1719.0,-21.2914485165794,,5.57700557700557,16.6110740493662,8.0,37.5317755495981,3,1,0,40,"없음",41,11.8181818181818,85,20260804,14.9593495934959,3.69558910276418,0,0,,,,,0,,,0,0,1457.77658636295,1457.77658636295
20261008,069730,"DSR제강",KOSPI,5490.0,1.48,"철강",0.28,1.33245561,79056000000.0,5980.0,-10.2006688963211,,24.7422680412371,19.327731092437,10.0,17.2144193883324,4,3,0,85,"없음",54,14.2553191489362,86,,,,0,0,,,,,1,5320.0,"지지 재탈환",0,0,5484.3585884814,5654.3585884814
20261008,069920,"엑시온그룹",KOSDAQ,1346.0,-3.79,"건설",4.85,4.5363966215,32464467428.0,1540.0,-12.5974025974026,,43.9678284182306,35.419734904271,6.6,54.1239064375547,0,2,0,60,"없음",35,-58.9258468111077,4,20261002,29.9614643545279,5.29120121996403,0,0,,,,,1,1280.0,"저항→지지",0,0,1186.20900743071,1329.20900743071
20261008,069960,"현대백화점",KOSPI,85800.0,-1.15,"백화점과일반상점",51.52,104.0188162,1850269449600.0,101900.0,-16.0942100098135,,78.2749077490775,61.6216216216216,15.0,41.6228111489258,2,1,0,68,"관망",43,11.9109947643979,85,20260604,14.7783251231527,3.51989370274878,0,0,,,,,0,,,0,0,93634.3176579314,151334.317657931
20261008,070300,"퀀텀레일",KOSDAQ,619.0,-6.35,"핸드셋",15.45,16.7157017725,21989807251.0,1673.0,-63.0603705917513,,38.9238694905552,71.5508021390374,8.0,209.224362668895,1,1,0,27,"없음",31,-68.1443298969072,2,20261007,9.81697171381031,5.79547263687013,0,0,,,,,0,,,0,0,1360.65226349008,1872.65226349008
20261008,070590,"인티큐브",KOSDAQ,2140.0,0.47,"IT서비스",0.16,0.46245368,29702174940.0,2210.0,-3.16742081447964,,8.0,9.1324200913242,3.8,36.7450937031412,3,1,0,65,"없음",42,10.6514994829369,84,,,,0,0,,,,,1,1979.0,"저항→지지",0,0,2014.02613950875,2014.02613950875
20261008,070960,"모나용평",KOSPI,1923.0,0.26,"호텔,레스토랑,레저",4.5,1.0490878415,92560399359.0,2150.0,-11.6744186046512,,23.6224028906956,34.4905660377358,6.8,379.680891402143,0,3,0,83,"없음",34,-35.1877133105802,19,,,,0,0,,,,,0,,,0,0,1964.36660053915,2414.36660053915
20261008,071050,"한국금융지주",KOSPI,169100.0,-3.04,"증권",387.02,293.9829225,9423265247200.0,184100.0,-8.20206409560022,,73.4111543450065,14.54637607704,5.4,118.53010236994,2,1,0,59,"관망",39,-20.8430913348946,41,,,,0,0,,,,,0,,,0,0,180431.644908219,221031.644908219
20261008,071090,"하이스틸",KOSPI,3385.0,-2.03,"철강",6.48,62.3425091825,68348129335.0,4270.0,-19.7892271662763,,4.43181818181819,15.3532608695652,3.4,22.1060110339023,0,2,0,50,"없음",30,-4.32960893854749,70,20260930,23.4756097560976,8.64629377595965,0,0,,,,,1,3190.0,"저항→지지",0,0,3770.39025392264,3770.39025392264
20261008,071200,"인피니트헬스케어",KOSDAQ,10480.0,-8.31,"건강관리기술",10.39,24.75663697,255674879840.0,14080.0,-23.1534090909091,,28.7087912087912,22.9508196721311,7.6,74.5274614296588,5,1,0,51,"없음",55,80.3333333333333,97,20260915,13.1741821396994,24.0932265811115,0,0,,,,,1,9940.0,"저항→지지",0,0,12529.9664770951,12529.9664770951
20261008,071280,"로체시스템즈",KOSDAQ,9100.0,0.0,"반도체와반도체장비",9.31,11.737552865,139199087300.0,7650.0,18.562091503268,3.92156862745098,28.0606717226436,26.2177650429799,9.8,60.3672363189345,1,1,0,63,"없음",31,21.2566844919786,89,20260923,9.35350756533699,4.82635470818504,0,0,20260923,7650.0,7950.0,406.930780468888,1,7650.0,"저항→지지",0,0,8378.98328424761,8378.98328424761
20261008,071320,"지역난방공사",KOSPI,77100.0,-2.41,"복합유틸리티",11.13,9.7783418,892721162400.0,80400.0,-4.1044776119403,,48.3402489626556,10.3857566765579,9.8,89.4115801112558,0,3,0,93,"없음",40,5.61643835616438,80,20260810,11.6279069767442,3.29876579274082,0,0,,,,,1,75700.0,"저항→지지",0,0,76380.7277714608,76380.7277714608
20261008,071670,"에이테크솔루션",KOSDAQ,5310.0,-3.45,"기계",0.82,0.8219011725,53100000000.0,5600.0,-5.17857142857143,,70.4967766401214,17.6991150442478,7.0,92.5411246133375,0,1,0,67,"없음",31,-35.7142857142857,19,20260624,9.47075208913648,5.99951196362926,0,0,,,,,1,5140.0,"저항→지지",0,0,5022.76632539287,5072.76632539287
20261008,071840,"롯데하이마트",KOSPI,5880.0,-0.51,"전문소매",0.41,0.67353603,138813346560.0,6200.0,-4.03225806451613,,5.97826086956521,12.5188536953243,9.8,54.5299582615431,0,1,0,54,"없음",27,-22.9274611398964,37,,,,0,0,,,,,0,,,0,0,6258.90232399618,6258.90232399618
20261008,071850,"캐스텍코리아",KOSDAQ,1210.0,-0.66,"자동차부품",0.14,0.0950156485,29355734980.0,1360.0,-11.0294117647059,,13.8686131386861,17.425320056899,8.2,194.813871990432,0,1,0,47,"없음",25,-20.3423304805793,42,,,,0,0,,,,,0,,,0,0,1241.98264328104,1363.98264328104
20261008,071970,"HD현대마린엔진",KOSPI,42800.0,-4.89,"조선",110.62,93.06731755,1451839986000.0,52500.0,-18.4761904761905,,71.2204922149674,31.1488673139159,7.2,129.237730541308,0,3,0,78,"없음",40,-38.8571428571429,16,20260701,17.4061433447099,2.53802364454642,0,0,,,,,0,,,0,0,48354.1112108026,64254.1112108026
20261008,072020,"중앙백신",KOSDAQ,9160.0,-0.54,"제약",0.71,0.656618505,84792113960.0,9710.0,-5.25231719876416,,23.4883720930233,12.5638406537283,12.6,94.9377092873106,0,1,0,78,"없음",27,1.88261351052049,77,,,,0,0,,,,,0,,,0,0,9318.53030282117,9318.53030282117
20261008,072130,"유엔젤",KOSPI,4660.0,-0.85,"IT서비스",0.81,1.2441006225,59160815640.0,6070.0,-23.0642504118616,,13.4883720930233,8.79446640316206,8.0,60.9022326746281,1,1,0,49,"없음",27,-9.32038834951456,62,,,,0,0,,,,,0,,,0,0,5611.39125710552,5611.39125710552
20261008,072470,"우리산업홀딩스",KOSDAQ,2355.0,-0.63,"자동차부품",0.09,0.15137381,44479688055.0,2440.0,-3.48360655737705,,42.3799582463466,18.5454545454545,7.4,38.3954992839425,0,3,0,90,"없음",45,-31.140350877193,24,,,,0,0,,,,,1,2330.0,"지지 재탈환",0,0,2344.05057791585,2519.05057791585
20261008,072710,"농심홀딩스",KOSPI,88600.0,-0.23,"식품",1.37,1.4015481,410908194000.0,95500.0,-7.64397905759162,,8.40336134453782,8.15217391304348,11.6,46.5054256329905,1,2,0,78,"없음",45,-2.97029702970297,71,,,,0,0,,,,,0,,,0,0,90371.2421706373,90471.2421706373
20261008,072870,"메가스터디",KOSDAQ,13150.0,-0.15,"교육서비스",1.33,1.93906081,156760610850.0,13500.0,-2.51851851851852,,14.0035906642729,9.21052631578947,12.6,55.3031150984984,4,3,1,90,"없음",59,8.40197693574959,82,,,,0,0,,,,,0,,,0,0,13007.2645404373,13057.2645404373
20261008,072950,"빛샘전자",KOSDAQ,15980.0,-1.6,"전자장비와기기",125.64,664.42208306,128680707800.0,18210.0,-11.7517847336628,,3.7269244165796,28.3542039355993,7.2,36.3344623021625,4,1,0,43,"관망",53,129.571428571429,98,20260930,8.3453237410072,3.1471015521232,0,0,,,,,1,15900.0,"저항→지지",0,0,15376.8798829075,15376.8798829075
20261008,072990,"에이치시티",KOSDAQ,3170.0,1.28,"전자장비와기기",0.86,2.825445915,45959313020.0,3730.0,-15.0134048257373,,33.1484049930652,19.7786998616874,8.6,56.652629077503,0,1,0,50,"없음",26,-26.1932479627474,32,,,,0,0,,,,,1,3105.0,"저항→지지",0,0,3424.65899939093,3424.65899939093
20261008,073010,"케이에스피",KOSDAQ,3050.0,-0.65,"조선",4.3,23.7987569225,122583312500.0,3820.0,-20.8115183246073,,37.124183006536,20.2985074626866,7.0,39.4939283753318,0,1,0,59,"없음",30,-8.19423368740516,64,20260910,20.0716845878136,53.0982499908125,0,0,,,,,0,,,0,0,3459.92178127701,3459.92178127701
20261008,073110,"엘엠에스",KOSDAQ,5170.0,0.19,"디스플레이장비및부품",0.24,0.124211145,45991053350.0,5400.0,-4.25925925925926,,55.9817351598173,38.75,13.4,156.786084736296,1,3,0,82,"없음",41,1.17416829745597,76,,,,0,0,,,,,1,5040.0,"저항→지지",0,0,5037.82402626867,5037.82402626867
20261008,073240,"금호타이어",KOSPI,6700.0,0.6,"자동차부품",79.87,93.890813725,1924643922900.0,7010.0,-5.27817403708987,,73.0424620179197,26.7796610169492,7.0,28.2549874537749,3,1,0,59,"없음",53,10.6666666666667,84,20260710,30.0,3.56998278939774,0,0,,,,,0,,,0,0,7127.89395879268,8107.89395879268
20261008,073490,"LIG아큐버",KOSDAQ,33700.0,0.75,"통신장비",12.79,17.3251312,256249610200.0,35850.0,-7.81032078103208,,45.280612244898,16.4652567975831,6.4,73.4202112172885,2,3,0,84,"없음",45,-20.5528846153846,42,20260715,20.5020920502092,3.025669226075,0,0,,,,,1,32900.0,"저항→지지",0,0,32457.8835130909,32457.8835130909
20261008,073540,"에프알텍",KOSDAQ,2750.0,-0.18,"통신장비",0.73,0.912323855,31350000000.0,2790.0,-1.61290322580645,,16.374269005848,23.8178633975482,6.4,60.156811116608,2,2,0,67,"없음",45,-2.65957446808511,72,,,,0,0,,,,,1,2390.0,"저항→지지",0,0,2557.56455021154,2557.56455021154
20261008,073560,"우리손에프앤지",KOSDAQ,1506.0,-0.07,"식품",0.51,0.8443084565,104271890358.0,1659.0,-9.46353224834237,,48.8169364881694,13.3757961783439,11.0,36.8658368624158,1,1,0,73,"없음",30,-6.00750938673342,67,,,,0,0,,,,,0,,,0,0,1593.98537653332,1593.98537653332
20261008,073570,"리튬포어스",KOSDAQ,2785.0,3.53,"핸드셋",3.73,2.374887417,33523958480.0,3240.0,-14.0432098765432,,0.0,57.7380952380952,17.8,177.093765462909,0,2,0,49,"없음",30,0.505232767953807,75,20261002,18.1996086105675,11.9027130749755,0,0,,,,,1,1860.0,"저항→지지",0,0,2827.01139995004,2827.01139995004
20261008,074430,"아미노로직스",KOSDAQ,1045.0,0.48,"제약",0.27,1.2448297755,93362381640.0,1087.0,-3.86384544618215,,25.1968503937008,24.9056603773585,6.4,19.10180860591,1,2,0,79,"없음",46,-25.1968503937008,34,,,,0,0,,,,,0,,,0,0,1085.45493136988,1216.45493136988
20261008,074600,"원익QnC",KOSDAQ,32500.0,2.85,"반도체와반도체장비",83.93,57.592373925,854360000000.0,32700.0,-0.764525993883792,0.611620795107034,63.1627906976744,40.2092675635277,11.6,112.185732024896,3,2,0,50,"수축중",55,6.74342105263158,81,20260612,16.4364640883978,4.11896546540305,0,0,20261006,32700.0,32900.0,83.863251739285,1,27450.0,"저항→지지",0,0,29932.6157251031,29932.6157251031
20261008,075130,"플랜티넷",KOSDAQ,2105.0,-1.17,"소프트웨어",0.61,0.56235805,33937483600.0,2245.0,-6.23608017817372,,19.3776520509194,12.3348017621145,7.4,95.0644437544577,0,1,0,65,"없음",27,-2.09302325581395,73,,,,0,0,,,,,0,,,0,0,2131.72554942574,2131.72554942574
20261008,075180,"새론오토모티브",KOSPI,2930.0,1.38,"자동차부품",0.16,0.6731613675,56256000000.0,3220.0,-9.00621118012422,,30.4961505560308,12.046204620462,12.8,27.1399812603787,0,2,0,62,"없음",39,-3.45963756177924,71,,,,0,0,,,,,0,,,0,0,3002.84880982731,3002.84880982731
20261008,075580,"세진중공업",KOSPI,9320.0,-4.99,"조선",12.28,10.72560322,529836929920.0,10080.0,-7.63888888888889,,74.3637492240844,23.7899917965546,6.8,94.8731947170699,0,3,0,78,"없음",34,-41.4465408805032,13,,,,0,0,,,,,0,,,0,0,9753.02045045494,12943.0204504549
20261008,075970,"동국알앤에스",KOSDAQ,1680.0,0.42,"비철금속",1.07,0.345489641,30912000000.0,1750.0,-4.22857142857143,,13.9261744966443,21.395881006865,10.8,340.879093274066,0,1,0,63,"없음",27,-21.3145539906103,40,,,,1,0,,,,,1,1640.0,"저항→지지",0,0,1643.4428569139,1643.4428569139
20261008,076080,"웰크론한텍",KOSDAQ,1012.0,-0.1,"건설",0.16,0.3235340285,22865285872.0,1254.0,-19.2185007974482,,8.6607858861267,27.9866332497911,8.6,19.5224357208072,0,1,0,54,"없음",26,-18.1083265966047,46,,,,0,0,,,,,0,,,0,0,1104.99113705024,1104.99113705024
20261008,076610,"해성옵틱스",KOSDAQ,1115.0,-3.04,"핸드셋",6.18,9.1888608395,67919144565.0,1195.0,-7.53138075313808,,64.8453194053837,33.0,10.0,38.2775019941844,2,1,0,66,"없음",43,-20.9585121602289,41,20260810,29.9338999055713,4.82915376249565,0,0,,,,,0,,,0,0,1200.7405599356,1556.7405599356
20261008,077360,"덕산하이메탈",KOSDAQ,14180.0,2.9,"반도체와반도체장비",106.14,117.969697495,644296688360.0,14940.0,-5.02008032128514,,31.6816816816817,23.3304423243712,7.2,90.0146245582395,3,3,0,76,"관망",53,36.0498561840844,93,,,,1,0,,,,,1,10840.0,"저항→지지",0,0,13064.2070103633,13064.2070103633
20261008,077500,"유니퀘스트",KOSPI,9990.0,2.25,"반도체와반도체장비",24.53,31.427768855,215785018980.0,10850.0,-8.20276497695852,,4.39158279963403,28.3831282952548,10.2,94.0286807322988,5,2,0,53,"없음",57,70.2564102564102,96,20260923,8.66983372921615,3.89181030579286,1,0,,,,,1,7960.0,"저항→지지",0,0,9583.99426890788,9583.99426890788
20261008,077970,"STX엔진",KOSPI,20750.0,-6.11,"조선",41.7,33.2638112,833072307250.0,24650.0,-15.6186612576065,,60.2401601067378,33.387358184765,7.8,124.586161514168,0,1,0,68,"없음",25,-34.6938775510204,20,,,,0,0,,,,,0,,,0,0,23062.12131426,28012.12131426
20261008,078000,"텔코웨어",KOSPI,13640.0,0.81,"소프트웨어",0.09,0.2568237,126034650280.0,14000.0,-2.85714285714286,,31.1475409836066,13.9792899408284,12.2,24.8068537697737,0,1,0,75,"없음",31,-19.0957763236169,44,,,,0,0,,,,,1,13360.0,"저항→지지",0,0,13171.5783164519,13171.5783164519
20261008,078020,"LS증권",KOSDAQ,6330.0,-2.16,"증권",1.86,2.37080658,351195932700.0,6750.0,-6.07407407407407,,54.6822742474916,19.4484760522496,11.6,51.5821677738911,2,3,0,95,"없음",55,-5.37313432835821,68,,,,0,0,,,,,0,,,0,0,6321.03767035178,6711.03767035178
20261008,078070,"유비쿼스홀딩스",KOSDAQ,9160.0,-0.87,"통신장비",2.13,1.81471261,156259001880.0,9440.0,-2.86016949152542,,22.7647431832593,18.8275084554679,9.8,95.7585550707044,1,3,0,79,"없음",41,-40.6856403622251,14,,,,0,0,,,,,1,8290.0,"지지 재탈환",0,0,8576.57777888509,9056.57777888509
20261008,078130,"에스엠국일",KOSDAQ,3780.0,-0.53,"종이와목재",3.01,3.0103243,426159418860.0,4380.0,-14.8401826484018,,26.2702702702703,26.1401557285873,10.8,96.5526180878269,2,1,0,44,"없음",32,17.6656151419558,88,,,,0,0,,,,,1,3595.0,"저항→지지",0,0,3991.32679333468,4106.32679333468
20261008,078140,"대봉엘에스",KOSDAQ,7800.0,2.36,"제약",1.88,2.25252665,86475316200.0,8970.0,-14.9386845039019,,24.7226624405705,18.0790960451977,7.4,98.4565116288314,0,1,0,44,"없음",26,-21.340206185567,40,20260928,8.86766712141882,25.1908818153602,0,0,,,,,1,7590.0,"저항→지지",0,0,8360.2172799903,8360.2172799903
20261008,078150,"HB테크놀러지",KOSDAQ,2410.0,3.43,"디스플레이장비및부품",85.0,44.45531465,228761533180.0,2280.0,4.3859649122807,1.97368421052632,24.5759517527328,19.3621867881549,7.2,311.258690567561,2,1,0,58,"관망",41,14.6987951807229,87,,,,0,0,20261001,2280.0,2325.0,223.428442867152,1,2130.0,"저항→지지",0,0,2212.72202764998,2212.72202764998
20261008,078160,"메디포스트",KOSDAQ,9620.0,-3.7,"생물공학",5.57,4.30943971,377148280860.0,9400.0,2.4468085106383,3.08510638297872,57.577955039884,23.0188679245283,7.6,94.8411042975133,0,3,0,93,"없음",42,-51.1167512690355,6,20260804,17.5208581644815,2.61554135854934,0,0,20261002,9400.0,9690.0,121.809201851247,1,9400.0,"저항→지지",0,0,9669.402094647,9669.402094647
20261008,078340,"컴투스",KOSDAQ,35800.0,-2.98,"게임엔터테인먼트",27.59,35.58441585,432869005400.0,38450.0,-6.89206762028609,,49.0272373540856,25.4878048780488,5.4,61.017551748449,4,2,0,84,"수축중",60,8.32072617246596,82,20260826,8.80000000000001,4.39861835891238,0,0,,,,,0,,,0,0,34997.7359579665,37547.7359579665
20261008,078350,"한양디지텍",KOSDAQ,38950.0,7.01,"반도체와반도체장비",123.95,147.90484636,593768678900.0,29600.0,31.5878378378378,7.93918918918919,0.0,25.6331877729258,5.4,110.462479903786,4,2,0,57,"돌파완료",45,37.1478873239437,93,20260921,13.9676113360324,4.07475367354053,0,0,20260930,29600.0,31950.0,250.370349180532,1,29600.0,"저항→지지",1,1,33207.0117516555,33207.0117516555
20261008,078520,"에이블씨엔씨",KOSPI,11630.0,-2.1,"화장품",7.26,8.74610718,290324644380.0,11100.0,4.14414414414414,6.21621621621622,43.8443208895949,25.2479023646072,5.0,55.5272923914174,2,2,0,87,"없음",53,-1.36518771331058,73,,,,0,0,20261007,11100.0,11790.0,135.604274231015,1,11100.0,"저항→지지",0,0,10812.9998263721,12752.9998263721
20261008,078590,"휴림에이텍",KOSDAQ,2685.0,-2.01,"자동차부품",1.05,1.7407658775,26818668735.0,2890.0,-7.26643598615917,,79.5173392820929,30.5518169582773,5.8,11.3485652226662,0,2,0,66,"없음",45,-67.2050905531082,2,20260825,14.6853146853147,5.59860586294088,0,0,,,,,0,,,0,0,2797.91676018064,3932.91676018064
20261008,078600,"대주전자재료",KOSDAQ,115500.0,3.13,"전자장비와기기",368.33,161.64083505,1813827939000.0,97700.0,18.2190378710338,11.2589559877175,43.010752688172,27.2167487684729,10.2,194.748186313733,3,2,0,58,"수축중",49,-2.11864406779661,72,20261002,11.4871794871795,5.01068247438894,0,0,20261002,97700.0,108700.0,385.122437169007,1,88100.0,"저항→지지",1,1,103522.029954057,103522.029954057
20261008,078860,"아이오케이이엔엠",KOSDAQ,2975.0,1.54,"방송과엔터테인먼트",0.31,2.0634766675,18377134300.0,3295.0,-9.71168437025797,,26.3003663003663,19.8979591836735,6.0,29.5783572113708,0,1,0,36,"없음",29,-45.8401602038959,10,20260922,13.5593220338983,7.08595785106636,1,0,,,,,1,2795.0,"저항→지지",0,0,3003.11359009048,3003.11359009048
20261008,078890,"가온그룹",KOSDAQ,4475.0,-1.43,"전자제품",1.65,2.65269421,82451619925.0,4770.0,-5.24109014675052,,50.5914467697907,19.1836734693878,7.0,49.896994232635,0,3,0,78,"없음",39,-21.5277777777778,39,,,,0,0,,,,,1,4475.0,"저항→지지",0,0,4329.74763059459,4429.74763059459
20261008,078930,GS,KOSPI,104500.0,-4.91,"석유와가스",458.51,448.4634238,9707579227500.0,117400.0,-10.732538330494,,36.671686746988,30.3607214428858,10.0,90.0804790273992,4,1,0,63,"관망",53,66.8789808917197,96,20260723,11.1638954869359,2.52843009785604,0,0,,,,,0,,,0,0,117155.792702432,119455.792702432
20261008,079000,"와토스코리아",KOSDAQ,3575.0,0.85,"건축제품",0.1,0.38941721,25740000000.0,4300.0,-16.3953488372093,,75.7800891530461,22.7122381477398,7.4,14.2621791910072,0,1,0,56,"없음",30,-50.3453038674033,7,20260624,29.8429319371728,4.99655258335462,0,0,,,,,1,3575.0,"지지 재탈환",0,0,3919.47394892445,4429.47394892445
20261008,079160,"CJ CGV",KOSPI,5030.0,0.0,"방송과엔터테인먼트",6.19,17.789240575,832881468910.0,5980.0,-15.3846153846154,,30.1768990634755,15.3713298791019,7.4,21.9378138629116,1,1,0,55,"없음",35,7.88912579957356,82,20260730,13.8364779874214,4.9700215511023,0,0,,,,,1,5020.0,"지지 재탈환",0,0,5493.00178963252,5493.00178963252
20261008,079170,"한창산업",KOSDAQ,5550.0,-0.89,"비철금속",0.05,0.408428615,28860000000.0,6140.0,-8.30618892508143,2.60586319218241,11.138014527845,10.2296450939457,10.2,8.8551561632834,0,1,0,46,"없음",33,-12.03125,57,20260803,8.53391684901532,4.01840836441919,0,0,20260918,6140.0,6300.0,98.0538972533131,1,5540.0,"지지 재탈환",0,0,5826.13488306592,5826.13488306592
20261008,079190,"케스피온",KOSDAQ,1710.0,-0.81,"핸드셋",2.26,2.2386071585,34784077860.0,1800.0,-5.0,,18.519705222685,46.4394710071211,6.8,38.61448984832,1,2,0,51,"없음",52,16.010854816825,87,20261006,16.8946648426813,3.52230511140061,0,0,,,,,1,1459.0,"저항→지지",0,0,1457.89270761701,1608.89270761701
20261008,079370,"제우스",KOSDAQ,14080.0,0.07,"반도체와반도체장비",44.77,66.40746399,436719219200.0,14910.0,-5.49966465459423,,2.44716351501668,41.7699115044248,13.4,97.9069766885216,1,1,0,50,"관망",39,-3.62517099863201,70,20261001,10.2839600920952,4.29532242418141,0,0,,,,,1,11190.0,"저항→지지",0,0,13272.8454572513,13272.8454572513
20261008,079430,"현대리바트",KOSPI,5580.0,0.18,"가구",0.49,0.70567973,112237247160.0,5820.0,-4.46735395189003,,20.7920792079208,15.8415841584158,12.4,40.1291749024947,0,2,0,88,"없음",43,-17.5074183976261,47,,,,0,0,,,,,0,,,0,0,5842.59398412343,5842.59398412343
20261008,079550,"LIG디펜스앤에어로스페이스",KOSPI,618000.0,-6.22,"우주항공과국방",1535.45,662.645228,13596000000000.0,773000.0,-19.9223803363519,,49.6045694200351,28.3042394014963,10.0,214.590499093878,2,1,0,71,"관망",40,-21.0459183673469,41,20260616,18.5798816568047,4.43589910476818,0,0,,,,,0,,,0,0,687473.538126738,746473.538126738
20261008,079810,"APS이노베이션",KOSDAQ,3700.0,0.0,"전기제품",2.5,2.1739026675,79653947800.0,3850.0,-3.76623376623377,,23.914373088685,14.8404993065187,7.0,80.408571591514,0,2,0,78,"없음",37,-12.4113475177305,56,,,,0,0,,,,,0,,,0,0,3825.51500374563,3825.51500374563
20261008,079900,"전진건설로봇",KOSPI,37800.0,-3.2,"기계",10.28,27.84975035,551598201000.0,43150.0,-11.9351100811124,,58.6322869955157,16.4383561643836,5.6,27.5685946965801,0,3,0,90,"없음",48,-29.2364990689013,27,20260903,11.7804551539491,8.54024763343694,0,0,,,,,0,,,0,0,40844.6579788573,40844.6579788573
20261008,079940,"가비아",KOSDAQ,38700.0,-0.77,"IT서비스",4.38,38.89468035,519380470800.0,42450.0,-8.12720848056537,,19.3548387096774,25.2609603340292,10.2,19.9053374189712,4,1,0,47,"관망",49,46.0674157303371,94,,,,0,0,,,,,1,38050.0,"지지 재탈환",0,0,40077.1060910243,44627.1060910243
20261008,079960,"동양이엔피",KOSDAQ,16420.0,-0.97,"전기제품",4.67,4.02057835,123998224360.0,21350.0,-23.0913348946136,,53.387703889586,23.5799522673031,9.8,100.711551315119,0,1,0,39,"없음",22,-38.0377358490566,16,,,,0,0,,,,,0,,,0,0,17158.4915140165,20118.4915140165
20261008,079980,"휴비스",KOSPI,1929.0,-0.05,"섬유,의류,신발,호화품",0.64,0.568154312,66550500000.0,2000.0,-3.05,,47.9130931961121,16.6666666666667,10.0,45.276113126897,0,3,0,94,"없음",46,-46.5103448275862,9,,,,1,0,,,,,0,,,0,0,1903.63673210316,2008.63673210316
20261008,080010,"이상네트웍스",KOSDAQ,7300.0,-1.35,"다각화된소비자서비스",0.06,0.19645936,71796018300.0,7600.0,-3.94736842105263,,20.5949656750572,12.760736196319,8.2,18.4547961640686,4,1,0,56,"없음",51,13.7071651090343,86,,,,0,0,,,,,1,7200.0,"지지 재탈환",0,0,7085.92682374546,7685.92682374546
20261008,080160,"모두투어",KOSDAQ,7940.0,-0.38,"호텔,레스토랑,레저",2.94,11.431702565,150066000000.0,11180.0,-29.0697674418605,,31.7220543806647,26.0576923076923,18.2,49.1236348821271,0,1,0,73,"없음",22,-28.3649503161698,28,,,,0,0,,,,,0,,,0,0,10476.7366971371,10476.7366971371
20261008,080220,"제주반도체",KOSDAQ,86100.0,1.65,"반도체와반도체장비",1019.23,1184.85110165,2965527921300.0,95500.0,-9.42408376963351,,56.4413633737724,28.9029535864979,7.6,71.8271642382129,4,2,0,64,"수축중",56,123.514211886305,98,20261001,13.8853503184713,3.59424971354492,1,0,,,,,1,80100.0,"저항→지지",0,0,83087.4827611447,83087.4827611447
20261008,080420,"모다이노칩",KOSDAQ,1599.0,0.25,"전문소매",0.06,0.0399693135,127474873578.0,1665.0,-3.96396396396396,,34.6938775510204,17.741935483871,8.2,71.243398943831,0,3,0,86,"없음",49,-18.6259541984733,45,20260805,12.1174266083698,3.86678186037845,0,0,,,,,0,,,0,0,1663.76413609952,1715.76413609952
20261008,080470,"성창오토텍",KOSDAQ,2835.0,4.81,"자동차부품",0.08,0.20171165,20695500000.0,3690.0,-23.3062330623306,,22.0265780730897,15.7051282051282,7.0,36.3922119140625,0,1,0,46,"없음",22,-26.1096605744125,32,,,,1,0,,,,,1,2765.0,"지지 재탈환",0,0,3376.83165119074,3376.83165119074
20261008,080520,"오디텍",KOSDAQ,2830.0,0.18,"반도체와반도체장비",0.24,0.27726989,32042440110.0,3035.0,-5.93080724876442,,25.2293577981651,15.9375,7.4,80.0296179677545,1,1,0,67,"없음",32,-26.2273901808786,32,,,,0,0,,,,,0,,,0,0,2719.81568682467,2874.81568682467
20261008,080530,"코디",KOSDAQ,2400.0,-0.83,"화장품",0.26,0.1999859,26572041600.0,3240.0,-25.9259259259259,,13.5854341736695,22.4137931034483,7.4,74.0190957428124,0,1,0,49,"없음",26,-39.6984924623116,15,20260811,12.3404255319149,7.90667945030361,0,0,,,,,0,,,0,0,2841.77091997409,2841.77091997409
20261008,080580,"오킨스전자",KOSDAQ,27650.0,-1.78,"반도체와반도체장비",82.13,113.346609015,583164905750.0,29500.0,-6.44067796610169,,0.0,18.5714285714286,6.8,76.388846067585,5,2,0,56,"수축중",62,40.5295315682281,93,20261002,12.984496124031,3.70058381709086,0,0,,,,,1,26550.0,"저항→지지",0,0,25676.4608762104,25676.4608762104
20261008,081000,"일진다이아",KOSPI,9200.0,-3.66,"비철금속",0.87,2.25217925,130667370000.0,9840.0,-5.58943089430894,,39.093137254902,13.3268482490272,3.6,30.209292326122,0,2,0,89,"없음",47,-26.0938743038982,32,20260812,15.938864628821,9.35195337097834,0,0,,,,,0,,,0,0,9509.52605361686,10229.5260536169
20261008,081150,"티플랙스",KOSDAQ,2570.0,-1.53,"비철금속",5.63,1.6632632425,62369793140.0,2700.0,-5.0,,35.589519650655,21.280276816609,11.6,306.926372459076,1,1,0,79,"없음",32,-23.8872403560831,36,,,,0,0,,,,,0,,,0,0,2533.30938418503,2638.30938418503
20261008,081180,"쎄크",KOSDAQ,6100.0,-6.44,"전자장비와기기",9.84,8.796270655,53835763500.0,7450.0,-18.6577181208054,,1.14816839803171,24.1961414790997,7.2,182.850094582533,0,2,0,56,"없음",30,-46.8421052631579,9,20260916,9.40499040307101,16.8497732510227,0,0,,,,,1,5970.0,"저항→지지",0,0,6343.53335684666,6343.53335684666
20261008,081580,"성우전자",KOSDAQ,2400.0,0.0,"핸드셋",0.82,1.1411251125,37219543200.0,2725.0,-13.0275229357798,,1.8773466833542,34.0659340659341,18.8,85.9586255413635,2,1,0,60,"없음",32,-20.3361344537815,42,,,,0,0,,,,,0,,,0,0,2482.70685313027,2482.70685313027
20261008,081660,"미스토홀딩스",KOSPI,38400.0,-2.04,"섬유,의류,신발,호화품",50.19,50.501855075,2038726656000.0,41450.0,-7.72014475271411,,63.1951466127401,21.3149522799576,8.0,109.730264747893,0,1,0,68,"없음",31,-6.93430656934307,66,20260611,8.79801734820322,4.81782435782264,0,0,,,,,0,,,0,0,39138.6229559178,45588.6229559178
20261008,082210,"옵트론텍",KOSDAQ,1834.0,0.99,"전자장비와기기",0.69,0.9070433715,64122747220.0,2100.0,-13.3809523809524,,34.1356673960613,26.2037037037037,8.4,45.4665447592133,1,1,0,63,"없음",35,-3.80750925436277,70,20260706,16.2483487450462,3.1628874425291,0,0,,,,,1,1796.0,"저항→지지",0,0,1946.39599115098,2071.39599115098
20261008,082270,"젬백스",KOSDAQ,10680.0,-3.7,"반도체와반도체장비",11.34,11.812504785,485732669160.0,11730.0,-9.12190963341858,,54.5745361484325,24.904214559387,7.8,63.7049004791433,0,3,0,93,"없음",36,-64.3478260869565,3,,,,0,0,,,,,1,10250.0,"지지 재탈환",0,0,10426.8966170938,11746.8966170938
20261008,082740,"한화엔진",KOSPI,41200.0,-9.05,"조선",639.97,411.7145884,3438022250400.0,50300.0,-18.1908548707753,,52.4513096037609,31.1538461538462,10.0,201.561806028686,2,1,0,60,"관망",40,-5.07497116493656,68,20260917,11.8503118503118,3.32685535399301,0,0,,,,,0,,,0,0,48053.7184300213,48053.7184300213
20261008,082800,"비보존 제약",KOSDAQ,2985.0,-1.49,"제약",2.96,4.4212920825,181248203010.0,3540.0,-14.9717514124294,,59.8290598290598,35.2112676056338,12.6,23.6083050223494,0,2,0,62,"없음",42,-2.27272727272727,72,20260819,18.3600713012478,41.2460302185761,0,0,,,,,1,3000.0,"저항→지지",0,0,2896.53071852404,3271.53071852404
20261008,082850,"우리바이오",KOSDAQ,4580.0,0.11,"디스플레이장비및부품",1.44,4.8114443475,44386222700.0,7090.0,-34.8377997179126,,68.589298123697,50.5555555555556,12.6,62.5986453384134,0,2,0,46,"없음",42,-49.0909090909091,8,20260907,29.9888517279822,21.486558647018,0,0,,,,,1,4485.0,"지지 재탈환",0,0,6587.71161218339,6587.71161218339
20261008,082920,"비츠로셀",KOSDAQ,28100.0,-4.91,"전기제품",84.66,82.833934625,1268419303700.0,30400.0,-7.89473684210526,,53.217011995638,30.098452883263,6.4,80.2421525745549,2,2,0,71,"관망",47,-27.6485788113695,29,,,,0,0,,,,,0,,,0,0,26464.3543128217,32164.3543128217
20261008,083310,"엘오티베큠",KOSDAQ,13160.0,2.41,"반도체와반도체장비",25.4,12.05192242,234380034280.0,11240.0,16.7259786476868,6.13879003558719,21.8337218337218,20.1834862385321,6.8,208.966252025469,1,2,0,64,"없음",35,9.42452043369475,83,20260818,13.3918770581778,6.01233331845343,0,0,20261001,11240.0,11930.0,281.368887289918,1,11240.0,"저항→지지",0,0,12117.6206316654,12117.6206316654
20261008,083420,"그린케미칼",KOSPI,4730.0,0.11,"화학",1.0,0.76048361,113520000000.0,4890.0,-3.06748466257669,,49.3333333333333,17.831541218638,7.0,31.6110184870974,0,3,0,98,"없음",46,-15.6583629893238,51,,,,0,0,,,,,1,4710.0,"지지 재탈환",0,0,4588.86535931122,5278.86535931122
20261008,083450,GST,KOSDAQ,57500.0,2.31,"반도체와반도체장비",131.67,75.02624245,1059725000000.0,47800.0,20.0836820083682,1.04602510460251,46.3487332339791,23.5955056179775,7.6,159.308767985605,5,3,0,78,"돌파완료",69,124.657534246575,98,20260929,8.97959183673469,2.70254068496478,0,0,20260921,47800.0,48300.0,83.4737506463784,1,47800.0,"저항→지지",1,1,51015.2884011944,51015.2884011944
20261008,083470,"이엠앤아이",KOSDAQ,978.0,-1.61,"디스플레이장비및부품",8.2,1.0756607725,20870841762.0,923.0,5.63380281690141,0.975081256771398,49.6218731820826,21.6666666666667,8.4,385.176972286208,3,2,0,62,"없음",50,-9.72222222222222,61,,,,0,0,20261006,923.0,932.0,41.9379522011113,1,920.0,"저항→지지",0,0,854.65283775332,958.65283775332
20261008,083500,"에프엔에스테크",KOSDAQ,17110.0,15.84,"디스플레이장비및부품",107.43,13.4373374,142122110470.0,11800.0,44.3220338983051,3.64406779661017,41.0465674507921,23.4227701232777,7.6,765.322316782503,2,3,0,81,"없음",37,11.0169491525424,84,20261008,15.1453684922245,10.0105774334379,0,0,20260923,11800.0,12230.0,106.716277673443,1,11800.0,"저항→지지",1,1,13448.9342629163,13448.9342629163
20261008,083550,"케이엠",KOSDAQ,3250.0,-1.07,"섬유,의류,신발,호화품",1.31,0.48381402,44057536250.0,3500.0,-6.42857142857143,,19.1666666666667,19.1335740072202,10.2,230.03724844817,2,2,0,74,"없음",43,-11.7250673854447,57,,,,0,0,,,,,0,,,0,0,3206.71478774156,3206.71478774156
20261008,083640,"인콘",KOSDAQ,5390.0,3.45,"전자장비와기기",0.14,0.375675475,24749090520.0,6300.0,-14.4444444444444,,48.5789980732177,30.5477920626048,7.4,26.4320798711549,0,2,0,61,"없음",40,-46.5489884966283,9,20260812,8.53556485355649,6.22877777352995,0,0,,,,,0,,,0,0,5796.42713145446,6602.42713145446
20261008,083650,"비에이치아이",KOSDAQ,53500.0,-6.47,"에너지장비및서비스",181.58,243.3675697,1655524062500.0,62400.0,-14.4230769230769,,44.3657437218287,30.1369863013699,10.2,87.4087313163488,2,1,0,56,"관망",40,-41.4473684210526,13,20260907,12.8333333333333,3.49973314282442,0,0,,,,,0,,,0,0,63045.8354018279,63045.8354018279
20261008,083660,"CSA 코스믹",KOSDAQ,1388.0,-2.39,"화장품",0.2,0.562672227,24184732692.0,1920.0,-27.7083333333333,,51.8811406661874,45.2798663324979,12.8,15.6307943902986,0,2,0,57,"없음",42,-33.3973128598848,21,20260826,30.0,11.3307707092062,0,0,,,,,0,,,0,0,1644.39907521601,2124.39907521601
20261008,083790,"CG인바이츠",KOSDAQ,930.0,2.31,"생명과학도구및서비스",1.04,1.410274918,71511589260.0,1015.0,-8.47290640394089,,40.9733124018838,33.2399626517274,8.0,68.3758137230675,0,3,0,84,"없음",46,-36.5870307167236,18,20260820,11.0381077529566,3.5443303847897,0,0,,,,,1,920.0,"지지 재탈환",0,0,891.056783069894,947.056783069894
20261008,083930,"아바코",KOSDAQ,13030.0,2.76,"전기제품",7.29,3.96091816,191244554470.0,12000.0,8.25,0.833333333333333,47.75956284153,15.0978564771668,9.8,141.180541768827,0,2,0,80,"없음",28,1.01088646967341,76,,,,1,0,20260923,12000.0,12100.0,48.3796962404044,1,12000.0,"저항→지지",1,1,12039.67669734,12039.67669734
20261008,084010,"대한제강",KOSPI,8720.0,-2.46,"철강",12.24,18.07312712,299720317120.0,10120.0,-13.6363636363636,,0.0,15.5932203389831,7.2,146.98263411056,0,2,0,52,"없음",30,-12.9482071713147,55,20261001,12.6582278481013,116.57804359789,0,0,,,,,1,8580.0,"저항→지지",0,0,9224.69583325362,9224.69583325362
20261008,084110,"휴온스글로벌",KOSDAQ,23100.0,-3.55,"제약",5.87,6.88714265,292441657200.0,30900.0,-25.4045307443366,,63.448275862069,31.1643835616438,11.0,59.1832953817941,0,1,0,47,"없음",26,-58.9126559714795,4,,,,0,0,,,,,1,22750.0,"저항→지지",0,0,21772.7851717921,28622.7851717921
20261008,084370,"유진테크",KOSDAQ,173300.0,2.54,"반도체와반도체장비",335.15,289.8783362,3971350078600.0,186200.0,-7.14285714285714,,53.7304629902684,51.8186905428092,11.6,112.462042169133,3,1,0,54,"관망",48,37.7689243027888,93,20260611,15.1065203357005,2.59751437188422,1,0,,,,,1,156300.0,"저항→지지",0,0,163504.396200439,163504.396200439
20261008,084690,"대상홀딩스",KOSPI,7800.0,-0.76,"식품",0.87,2.047134695,282457796400.0,8430.0,-7.23606168446026,,58.5895117540687,17.5796178343949,10.0,46.5118237116714,0,1,0,86,"없음",29,-11.3378684807256,58,,,,0,0,,,,,0,,,0,0,8022.55928539289,8022.55928539289
20261008,084730,"팅크웨어",KOSDAQ,6960.0,-0.71,"전자제품",0.82,1.00255164,77321591040.0,7020.0,0.142450142450142,,36.8705035971223,30.0245098039216,4.4,14.8956003253112,0,2,0,87,"없음",45,-12.453300124533,56,,,,1,0,,,,,1,6910.0,"저항→지지",1,0,6446.78596407434,7586.78596407434
20261008,084850,"아이티엠반도체",KOSDAQ,7690.0,-0.9,"전자장비와기기",0.95,1.307613225,174431762460.0,8200.0,-6.34146341463415,,70.2917771883289,21.1217183770883,10.2,50.2653993732349,1,1,0,67,"없음",36,-28.2242990654206,29,,,,0,0,,,,,0,,,0,0,8025.53991540038,8325.53991540038
20261008,084870,"TBH글로벌",KOSPI,2255.0,2.27,"섬유,의류,신발,호화품",0.08,0.704150505,46133367280.0,2410.0,-6.43153526970954,,14.622641509434,18.3294663573086,11.0,6.80748751206247,5,2,0,66,"없음",72,5.12820512820513,79,20260821,11.6822429906542,4.34528245497773,1,0,,,,,0,,,0,0,2150.16513298168,2190.16513298168
20261008,084990,"헬릭스미스",KOSDAQ,4430.0,12.29,"생물공학",193.57,17.56945525,204191090710.0,4170.0,4.91606714628297,4.91606714628297,6.80628272251309,25.1315789473684,7.6,1646.77514588476,0,3,0,79,"없음",34,-48.7104337631887,8,20261008,11.6071428571429,18.0594075433592,0,0,20261008,4170.0,4375.0,2405.8401455058,1,3230.0,"저항→지지",1,1,3617.48388901787,3617.48388901787
20261008,085310,"엔케이",KOSPI,8780.0,-0.34,"조선",1.22,0.94735772,65130689720.0,9990.0,-10.4104104104104,,35.3159851301115,24.5785270629991,3.0,91.2128444903957,0,2,0,68,"없음",33,-15.8043273753528,51,,,,0,0,,,,,1,8900.0,"지지 재탈환",0,0,10247.8961943945,10247.8961943945
20261008,085620,"미래에셋생명",KOSPI,20300.0,-10.38,"생명보험",53.57,27.64881859,2744154000000.0,31000.0,-34.3548387096774,,58.2955118507312,65.3887399463807,15.0,104.373121960973,4,2,0,51,"없음",59,20.986920332937,89,20261007,11.3022113022113,5.2333040644366,0,0,,,,,1,19060.0,"지지 재탈환",0,0,20330.307065696,27930.307065696
20261008,085660,"차바이오텍",KOSDAQ,8190.0,-4.32,"건강관리업체및서비스",13.48,15.33319183,761447608740.0,8890.0,-8.43644544431946,,53.6633663366337,23.728813559322,7.6,58.5385103696255,0,2,0,79,"없음",39,-54.3466068424004,5,,,,0,0,,,,,1,7870.0,"지지 재탈환",0,0,8103.75032602305,9243.75032602305
20261008,085670,"뉴프렉스",KOSDAQ,3870.0,2.93,"전자장비와기기",11.4,11.991450855,94817945070.0,3690.0,4.47154471544715,1.49051490514905,7.67326732673266,36.4275668073136,10.6,144.53332549435,0,1,0,53,"없음",33,-27.9439252336449,29,20261002,8.39363241678726,4.56551629469765,0,0,20261002,3690.0,3745.0,480.61592254857,1,3690.0,"저항→지지",0,0,3551.1526092707,3551.1526092707
20261008,085810,"알티캐스트",KOSDAQ,1433.0,2.87,"건설",0.2,0.288677335,20258253649.0,1665.0,-13.9339339339339,,16.8848758465011,39.9367755532139,6.8,93.9165940997812,0,1,0,29,"없음",26,-44.9904030710173,10,20260706,8.31586303284417,2.8298516203455,0,0,,,,,1,1398.0,"지지 재탈환",0,0,1415.32269965349,1648.32269965349
20261008,085910,"네오티스",KOSDAQ,20500.0,6.77,"자동차부품",55.24,39.021506105,282793769000.0,21150.0,-3.07328605200946,,40.3448767279464,45.9307359307359,7.4,143.865239313333,2,2,0,60,"관망",47,-7.02947845804989,65,20261006,16.5501165501166,2.81349373638009,0,0,,,,,1,18370.0,"저항→지지",0,0,18095.9496906687,20045.9496906687
20261008,086040,"바이오톡스텍",KOSDAQ,2285.0,0.0,"생명과학도구및서비스",0.05,0.1671464225,36464594395.0,2340.0,-6.83760683760684,,41.2897016361886,15.3398058252427,4.8,18.2270788781663,0,3,0,87,"없음",39,-28.5245901639344,28,,,,0,0,,,,,0,,,0,0,2230.86736040223,2385.86736040223
20261008,086060,"진바이오텍",KOSDAQ,4950.0,0.0,"제약",1.1,0.6329914725,42622405650.0,5050.0,-2.07920792079208,,2.59562841530055,16.3498098859316,10.2,130.489757676917,5,1,0,73,"없음",56,3.23590814196242,78,20260714,9.68443960826986,3.36472003074834,0,0,,,,,1,4750.0,"저항→지지",0,0,4627.33180353768,4827.33180353768
20261008,086280,"현대글로비스",KOSPI,183700.0,-2.29,"항공화물운송과물류",400.11,292.4923366,13777500000000.0,204500.0,-10.4156479217604,,53.2065217391304,15.4883720930233,10.0,141.485162737838,1,2,0,83,"관망",40,-13.3806146572104,54,,,,0,0,,,,,0,,,0,0,200309.375795639,200309.375795639
20261008,086390,"유니테스트",KOSDAQ,14370.0,-1.51,"반도체와반도체장비",23.46,28.56122203,303697390620.0,15760.0,-8.69289340101523,,31.33294864397,44.6280991735537,10.2,74.9891323049442,0,2,0,61,"없음",28,-6.07049608355091,67,,,,0,0,,,,,1,13450.0,"저항→지지",0,0,14090.6490564404,14090.6490564404
20261008,086450,"동국제약",KOSDAQ,22450.0,-1.1,"제약",68.79,92.20220121,1015422929000.0,22400.0,-0.446428571428571,2.23214285714286,22.3512336719884,21.2053571428571,7.4,67.069782381894,3,2,0,48,"수축중",52,-19.9281867145422,43,20260828,15.343347639485,3.34621662716336,0,0,20261007,22400.0,22900.0,142.181276998298,0,,,0,0,21274.923425769,21274.923425769
20261008,086520,"에코프로",KOSDAQ,91700.0,-0.22,"화학",858.81,559.73083715,12450673138400.0,96700.0,-6.10134436401241,,63.0952380952381,25.2358490566038,10.2,119.552771061041,0,2,0,62,"관망",37,-36.2359550561798,18,,,,0,0,,,,,1,83000.0,"저항→지지",0,0,87038.8149625863,87038.8149625863
20261008,086670,"비엠티",KOSDAQ,19000.0,0.53,"기계",7.13,9.624837535,188591815000.0,19740.0,-3.74873353596758,,21.6891891891892,20.8891269416176,7.6,62.5531121377683,5,3,0,90,"없음",65,32.4965132496513,92,20260810,9.55569080949483,20.7098437019697,0,0,,,,,1,17500.0,"저항→지지",0,0,18166.8867983819,18166.8867983819
20261008,086710,"선진뷰티사이언스",KOSDAQ,7060.0,0.0,"화장품",0.69,0.40782309,86155156800.0,7470.0,-4.95314591700134,,52.7088036117382,19.9516324062878,5.0,52.2482743596674,0,2,0,79,"없음",47,-25.2631578947368,34,20260701,9.98487140695916,3.48027980354219,1,0,,,,,1,6800.0,"지지 재탈환",0,0,6817.8726872807,8117.8726872807
20261008,086790,"하나금융지주",KOSPI,124800.0,-3.18,"은행",981.47,880.1326837,33817044768000.0,141900.0,-12.262156448203,,52.9626253418414,17.4736842105263,11.0,108.303545953007,4,1,0,74,"관망",46,12.7717391304348,85,,,,0,0,,,,,0,,,0,0,133069.895306126,133569.895306126
20261008,086820,"바이오솔루션",KOSDAQ,6580.0,-2.66,"생물공학",5.4,3.771919805,170580479300.0,7990.0,-18.1476846057572,,22.9216152019002,21.2962962962963,5.8,105.665361222995,1,2,0,50,"없음",37,-43.6692506459948,11,20260818,8.69565217391304,4.28343000764329,0,0,,,,,0,,,0,0,6996.61305093089,6996.61305093089
20261008,086890,"이수앱지스",KOSDAQ,4045.0,0.12,"제약",1.91,3.244827715,164934834550.0,4175.0,-3.23353293413174,,19.2622950819672,25.8974358974359,10.0,59.4705517894353,0,3,0,82,"없음",38,-9.00900900900901,62,20260723,16.3398692810458,23.8414648913241,0,0,,,,,1,3720.0,"저항→지지",0,0,3795.79639455497,3795.79639455497
20261008,086900,"메디톡스",KOSDAQ,66400.0,-1.63,"생물공학",11.27,10.30313445,484620200800.0,73900.0,-10.0135317997294,,67.5265553869499,19.7062423500612,7.8,67.7025421489099,0,2,0,78,"없음",39,-33.1658291457286,22,,,,0,0,,,,,0,,,0,0,66242.5968246001,77142.5968246001
20261008,086960,"MDS테크",KOSDAQ,2360.0,-0.42,"소프트웨어",7.96,30.834122901,100367661200.0,2475.0,-3.83838383838384,,0.0,19.2708333333333,9.8,51.9137226318658,0,1,0,50,"관망",31,-12.7246057939127,56,20260929,11.214953271028,16.6262769301435,1,0,,,,,1,2040.0,"저항→지지",0,0,2363.17853089504,2363.17853089504
20261008,086980,"쇼박스",KOSDAQ,1964.0,13.92,"방송과엔터테인먼트",36.01,3.132468722,122628232000.0,2005.0,-1.19700748129676,,43.2316746923488,19.6190476190476,10.0,1349.15450384864,0,1,0,67,"없음",34,-21.2326043737575,40,20261008,15.1744186046512,26.3416462236922,1,0,,,,,1,1730.0,"지지 재탈환",0,0,1838.53222765193,2013.53222765193
20261008,087010,"펩트론",KOSDAQ,91500.0,-29.94,"생물공학",564.46,266.15425585,2133537525000.0,145200.0,-36.9834710743802,,49.2653414001729,55.7971014492754,7.2,307.672140251122,0,1,0,41,"관망",26,-67.5531914893617,2,,,,0,0,,,,,0,,,0,0,139784.648909666,179284.648909666
20261008,087600,"픽셀플러스",KOSDAQ,3910.0,-0.51,"반도체와반도체장비",0.01,0.128429895,31931241780.0,4795.0,-18.3524504692388,,16.8439716312057,32.4510932105869,11.6,8.79006696194295,0,1,0,50,"없음",22,-35.502471169687,19,,,,0,0,,,,,0,,,0,0,4246.61638778998,4246.61638778998
20261008,088130,"동아엘텍",KOSDAQ,5610.0,1.45,"디스플레이장비및부품",3.9,4.090466585,98092611540.0,5990.0,-6.51085141903172,,34.0339531123686,22.9166666666667,9.8,86.4893728710453,2,3,0,90,"없음",46,-19.8855507868383,43,,,,0,0,,,,,0,,,0,0,5383.03248978536,5383.03248978536
20261008,088260,"이리츠코크렙",KOSPI,3200.0,-0.31,"부동산",0.71,1.728456885,202693088000.0,3360.0,-3.42261904761905,,34.8901098901099,12.0826709062003,9.6,28.5248160447938,0,3,0,93,"없음",39,-32.815734989648,22,,,,0,0,,,,,1,3240.0,"저항→지지",0,0,3170.4503995906,3185.4503995906
20261008,088280,"쏘닉스",KOSDAQ,3280.0,3.8,"핸드셋",2.42,4.3921308825,56765287200.0,3830.0,-14.621409921671,,18.458933107536,25.0440917107584,7.2,88.6868578978194,2,1,0,43,"없음",36,-8.78661087866109,63,20260909,12.4260355029586,9.87554516849294,1,0,,,,,1,2520.0,"저항→지지",0,0,3230.08738174943,3230.08738174943
20261008,088290,"이원컴포텍",KOSDAQ,2525.0,0.4,"자동차부품",0.5,0.1801763575,20139581800.0,2590.0,-2.50965250965251,,36.432088039386,25.0936329588015,7.8,240.617666294772,0,2,0,58,"없음",35,12.9753914988814,85,20260803,10.8695652173913,4.09957689083004,0,0,,,,,1,2405.0,"저항→지지",0,0,2245.7766560912,2325.7766560912
20261008,088340,"유라클",KOSDAQ,6330.0,-1.71,"소프트웨어",0.31,1.37675134,27626449440.0,7130.0,-10.5189340813464,,14.7971360381862,19.8209718670077,8.0,31.4610219264639,0,1,0,47,"없음",29,-43.3895297249335,11,,,,0,0,,,,,0,,,0,0,7824.24152493199,7824.24152493199
20261008,088350,"한화생명",KOSPI,5170.0,-2.64,"생명보험",120.24,169.105588535,4490300100000.0,6260.0,-17.2523961661342,,40.1140684410646,10.9947643979058,6.8,56.0744751576748,4,1,0,45,"관망",55,17.1945701357466,88,20260814,11.9284294234592,4.67225920058883,0,0,,,,,0,,,0,0,5727.23954650695,6017.23954650695
20261008,088390,"이녹스",KOSDAQ,8150.0,-0.73,"레저용장비와제품",0.19,0.394968755,76494628600.0,8500.0,-1.88235294117647,,40.1668653158522,32.9842931937173,11.0,32.9076425334478,0,1,0,82,"없음",31,-28.5347043701799,28,,,,0,0,,,,,1,8250.0,"저항→지지",0,0,8058.25396095755,8058.25396095755
20261008,088790,"진도",KOSPI,2360.0,1.94,"섬유,의류,신발,호화품",0.28,1.0100101925,29376675840.0,2500.0,-6.0,2.4,15.5251141552511,18.9837398373984,7.8,25.8220317085937,3,2,0,67,"없음",52,-12.962962962963,55,20260901,11.9331742243437,8.13072802715956,0,0,20260930,2500.0,2560.0,204.806749743972,1,2205.0,"저항→지지",0,0,2325.77151730056,2325.77151730056
20261008,088800,"에이스테크",KOSDAQ,2290.0,-2.35,"통신장비",4.15,15.9849481375,172909733860.0,2655.0,-14.3126177024482,,0.0,28.0257510729614,8.4,48.284133120547,0,1,0,40,"없음",26,-41.8901660280971,13,20261002,9.63302752293578,7.72647992996913,0,0,,,,,1,1900.0,"저항→지지",0,0,2446.84684972429,2446.84684972429
20261008,088910,"동우팜투테이블",KOSDAQ,1959.0,0.1,"식품",1.62,0.938527279,50388935676.0,2125.0,-7.95294117647059,,74.7325102880658,28.4658040665434,14.2,178.499509802884,1,3,0,83,"없음",40,-17.2938689217759,48,20260623,13.716814159292,16.0789276890661,0,0,,,,,0,,,0,0,2022.23614825685,2132.23614825685
20261008,088980,"맥쿼리인프라",KOSPI,9750.0,-0.51,"운송인프라",47.85,66.732150345,4669489431750.0,10090.0,-3.27056491575818,,50.354609929078,8.26771653543307,8.8,45.4431801249395,0,2,0,88,"없음",44,-13.6283185840708,54,,,,0,0,,,,,0,,,0,0,9840.30575962805,10050.3057596281
20261008,089010,"켐트로닉스",KOSDAQ,28150.0,-1.05,"전자장비와기기",37.36,42.32850795,472076260050.0,30450.0,-7.38916256157635,,19.5095948827292,32.1503131524008,11.6,131.017341138792,0,1,0,71,"관망",27,6.21468926553672,80,,,,0,0,,,,,1,24300.0,"저항→지지",0,0,27404.3805514411,27404.3805514411
20261008,089030,"테크윙",KOSDAQ,55000.0,2.42,"반도체와반도체장비",321.1,369.5406512,2037950475000.0,51000.0,7.25490196078431,1.17647058823529,49.0345231129315,40.1041666666667,10.2,92.8497359128163,3,1,0,52,"관망",48,18.2702702702703,88,20261001,8.77862595419847,2.61487312817024,1,0,20260929,51000.0,51600.0,111.208586750056,1,49800.0,"저항→지지",0,0,51069.6058235592,51069.6058235592
20261008,089140,"넥스턴앤롤코리아",KOSDAQ,2280.0,-2.98,"기계",1.21,1.1436629375,34921013520.0,2420.0,-6.19834710743802,,54.4753086419753,21.8992248062016,6.8,78.0841899478254,0,1,0,85,"없음",31,9.13461538461538,83,20261006,8.31408775981524,9.88883131641348,0,0,,,,,1,2190.0,"저항→지지",0,0,2194.39462190145,2354.39462190145
20261008,089150,"케이씨티",KOSDAQ,1601.0,-1.84,"컴퓨터와주변기기",0.5,0.458639287,27457150000.0,1920.0,-16.6145833333333,,67.3496659242762,24.974358974359,10.2,98.2550979941976,0,1,0,58,"없음",22,-51.5582450832073,6,,,,0,0,,,,,0,,,0,0,1749.06367633675,1964.06367633675
20261008,089230,"THE E&M",KOSDAQ,2260.0,10.51,"양방향미디어와서비스",22.51,6.4882666335,89092260040.0,2230.0,0.672645739910314,0.672645739910314,21.3426573426573,46.8877551020408,11.2,278.61547360369,2,1,0,46,"없음",43,1.58371040723982,76,20261008,10.5911330049261,3.65989012901533,1,0,20261008,2230.0,2245.0,291.728442755169,1,1827.0,"지지 재탈환",0,0,1886.7641978919,2081.7641978919
20261008,089470,"HDC현대EP",KOSPI,3805.0,-0.52,"자동차부품",0.64,1.50186626,121379500000.0,4090.0,-2.44498777506112,,39.2727272727273,24.0454076367389,8.6,21.9021644747006,0,1,0,71,"없음",35,-14.2857142857143,53,20260804,11.260053619303,9.01929902695116,1,0,,,,,1,3860.0,"지지 재탈환",0,0,3877.18753511553,4512.18753511553
20261008,089590,"제주항공",KOSPI,4475.0,-2.4,"항공사",3.46,11.5131350825,360868407875.0,4750.0,-5.89473684210526,,15.3956834532374,29.3439716312057,15.6,41.0689963932683,0,1,0,61,"없음",31,-10.9561752988048,59,20260615,18.6635944700461,26.0101649648313,0,0,,,,,0,,,0,0,4630.2068477264,4630.2068477264
20261008,089600,"KT나스미디어",KOSDAQ,12480.0,0.48,"광고",0.58,2.283369085,142353868800.0,13350.0,-6.51685393258427,,26.1870503597122,12.2434017595308,4.6,14.4447436822391,3,2,0,69,"없음",62,10.0529100529101,83,20260807,11.9417475728155,20.028074852809,0,0,,,,,0,,,0,0,12558.9423526432,12848.9423526432
20261008,089790,"제이티",KOSDAQ,7310.0,5.64,"반도체와반도체장비",27.65,9.05777517,75406400030.0,6190.0,17.4474959612278,5.65428109854604,3.53574173712529,21.689259645464,6.8,275.667528913782,3,2,0,48,"없음",45,43.960396039604,94,20260901,20.2469135802469,40.5606430055089,0,0,20261001,6190.0,6540.0,249.995596719934,1,6190.0,"저항→지지",1,1,6250.61025181165,6250.61025181165
20261008,089850,"유비벨록스",KOSDAQ,4200.0,-2.1,"전자제품",0.28,0.281928565,61866835800.0,4355.0,-2.18140068886338,0.574052812858783,24.1426611796982,14.027149321267,9.8,69.1076850477793,0,3,0,93,"없음",45,-18.3908045977011,46,,,,0,0,20261006,4355.0,4380.0,55.2131758494521,1,4130.0,"저항→지지",0,0,4026.33292801279,4071.33292801279
20261008,089860,"롯데렌탈",KOSPI,51300.0,0.0,"도로와철도운송",25.77,37.049287425,1862671604400.0,52100.0,-1.72744721689059,,42.1052631578947,16.4251207729469,10.0,40.0766339738048,5,2,0,72,"없음",70,64.8953301127214,96,20260901,8.55332629355861,2.58049940980124,1,0,,,,,1,51000.0,"저항→지지",0,0,48758.4809821783,49758.4809821783
20261008,089890,"코세스",KOSDAQ,32950.0,0.15,"반도체와반도체장비",66.34,65.629668525,546474497900.0,38300.0,-14.621409921671,,43.7405731523379,23.7226277372263,5.6,102.927290564449,3,2,0,55,"수축중",47,48.6363636363636,94,20261001,10.3186646433991,2.86921782068486,0,0,,,,,1,29950.0,"저항→지지",0,0,33078.6345556461,33078.6345556461
20261008,089970,"브이엠",KOSDAQ,67300.0,4.34,"반도체와반도체장비",363.6,405.31795055,1787223174500.0,72000.0,-7.22222222222222,,69.141689373297,37.2628726287263,7.6,87.3364491298147,3,2,0,51,"수축중",51,64.329643296433,96,20260604,28.2287822878229,2.64438597487437,1,0,,,,,1,63500.0,"저항→지지",0,0,61023.5149904005,102723.5149904
20261008,089980,"상아프론테크",KOSDAQ,16040.0,-1.84,"전자장비와기기",2.43,7.56094422,256464153480.0,17480.0,-7.89473684210526,,19.2872117400419,9.2387768379961,5.4,47.6743773237724,1,1,0,44,"없음",34,-26.4840182648402,31,20260918,8.69276708692768,29.3952380130186,0,0,,,,,1,15450.0,"저항→지지",0,0,17121.4410519732,17121.4410519732
20261008,090080,"평화산업",KOSPI,1007.0,0.9,"자동차부품",0.77,1.0905620575,55286574813.0,1134.0,-12.6102292768959,,7.77027027027027,16.4976958525346,6.4,37.8153147641239,3,2,0,81,"없음",51,7.25108225108225,81,,,,0,0,,,,,1,985.0,"저항→지지",0,0,1059.14936467304,1059.14936467304
20261008,090150,"아이윈",KOSDAQ,5980.0,-0.17,"자동차부품",0.09,0.647378515,25041423420.0,6220.0,-5.62700964630225,,50.2710027100271,29.4871794871795,6.4,7.94709352982673,0,2,0,88,"없음",47,-23.0668414154653,37,20260819,30.0,94.8267099703791,0,0,,,,,0,,,0,0,5640.28511336757,7220.28511336757
20261008,090350,"노루페인트",KOSPI,8310.0,-0.48,"건축자재",2.41,2.779567415,166200000000.0,8240.0,0.849514563106796,0.970873786407767,35.2331606217617,7.63157894736842,10.0,77.0561899132109,2,1,0,69,"없음",39,0.0,75,,,,0,0,20261007,8240.0,8320.0,427.025343001859,1,8000.0,"저항→지지",0,0,8035.4620717443,8035.4620717443
20261008,090360,"로보스타",KOSDAQ,75500.0,-3.58,"기계",74.49,69.89937835,736125000000.0,82800.0,-8.69565217391304,,63.8933121019108,24.9460043196544,7.0,66.1059282399297,1,3,0,93,"관망",54,32.8646748681898,92,20260722,12.3938879456706,2.68180221270301,0,0,,,,,1,74700.0,"지지 재탈환",0,0,74310.5124107692,83210.5124107692
20261008,090370,"메타랩스",KOSPI,1166.0,1.83,"상업서비스와공급품",0.16,0.5953515875,31837267374.0,1328.0,-12.3493975903614,,40.6969508400747,23.4453781512605,12.8,14.0038351841931,0,1,0,55,"없음",30,-15.5910079767948,51,20260901,10.5072463768116,72.9766633871638,0,0,,,,,1,1156.0,"지지 재탈환",0,0,1176.767818581,1250.767818581
20261008,090410,"덕신이피씨",KOSDAQ,3395.0,2.11,"건축자재",0.14,0.501478235,31291100505.0,3700.0,-8.78378378378378,,73.8762794837561,32.7548806941432,4.8,17.4294759776711,0,2,0,76,"없음",45,-42.4552429667519,12,20260701,15.3679653679654,21.2838699443074,0,0,,,,,0,,,0,0,3582.04264831418,4157.04264831418
20261008,090430,"아모레퍼시픽",KOSPI,134900.0,-2.6,"화장품",267.59,288.994927,7890673189100.0,149400.0,-10.3748326639893,,34.6835443037975,13.4099616858238,12.2,67.5206246112986,3,1,0,57,"관망",52,-0.297840655249442,74,20260730,9.9261689909762,3.45728484624801,0,0,,,,,0,,,0,0,137603.171527296,140703.171527296
20261008,090460,"비에이치",KOSPI,21600.0,-2.7,"전자장비와기기",104.95,181.436241645,728169220800.0,21150.0,2.36406619385343,6.85579196217494,42.7095748907429,24.2849974912193,7.2,45.3840779341545,2,2,0,57,"관망",61,1.88235294117647,77,20260901,20.6801974766868,5.46069028917434,0,0,20261006,21150.0,22600.0,109.827604577915,1,21150.0,"저항→지지",0,0,20390.0959846528,20390.0959846528
20261008,090470,"제이스로보틱스",KOSDAQ,4130.0,2.74,"전자장비와기기",1.13,1.3873168725,72178333220.0,5990.0,-30.4674457429048,,41.3189771197846,25.1360174102285,11.2,41.4043389043989,1,1,0,48,"없음",35,-54.1299559471366,5,20260828,13.4751773049645,6.28357431355456,0,0,,,,,1,4105.0,"지지 재탈환",0,0,4074.99491137635,5249.99491137635
20261008,090850,"현대이지웰",KOSDAQ,4830.0,-1.73,"상업서비스와공급품",2.19,1.204767515,108568271490.0,5090.0,-5.10805500982318,,72.0902612826603,25.4303599374022,9.4,67.2414773838261,1,2,0,90,"없음",52,-21.078431372549,41,20260529,8.23754789272031,4.45984622179255,0,0,,,,,0,,,0,0,4844.02947209564,6144.02947209564
20261008,091120,"이엠텍",KOSDAQ,5910.0,1.9,"핸드셋",2.41,1.956502255,101255651760.0,5770.0,3.81282495667244,0.519930675909879,7.34265734265734,18.854415274463,11.0,112.451274460438,1,1,0,68,"없음",38,-2.44299674267101,72,20260928,14.8225469728601,6.85034348217561,0,0,20261006,5770.0,5800.0,53.0549053201712,1,5770.0,"저항→지지",1,1,5286.48518974829,5286.48518974829
20261008,091340,"S&K폴리텍",KOSDAQ,2745.0,5.17,"전자장비와기기",1.32,0.808009285,32126714145.0,2805.0,-3.38680926916221,,20.1030927835052,31.4444444444444,15.8,120.922860320189,4,1,0,68,"없음",47,11.7525773195876,85,,,,1,0,,,,,1,2390.0,"저항→지지",0,0,2576.70413050008,2576.70413050008
20261008,091440,"한울소재과학",KOSDAQ,2765.0,-0.18,"통신장비",3.57,8.5303504475,102173197980.0,3450.0,-19.8550724637681,,35.4094579008074,36.3291139240506,6.8,46.6617550147923,2,1,0,48,"없음",36,-10.0813008130081,60,20260713,19.7628458498024,3.7035358009887,0,0,,,,,0,,,0,0,3038.47315841489,3538.47315841489
20261008,091580,"상신이디피",KOSDAQ,25150.0,2.44,"전기제품",131.67,72.5150554,335204707850.0,24150.0,4.76190476190476,3.51966873706004,14.7965005705591,28.1901041666667,10.0,183.73033754898,4,1,0,53,"돌파완료",64,24.9382716049383,90,20260827,10.3194103194103,3.66171409541593,0,0,20261006,24150.0,25000.0,241.891789144174,1,22200.0,"저항→지지",0,0,22339.8634672053,22339.8634672053
20261008,091590,"남화토건",KOSDAQ,5500.0,-1.79,"건설",4.46,21.68070375,64570000000.0,7940.0,-30.4785894206549,,79.5025471980821,70.0574241181296,13.0,8.35150986299705,4,2,0,65,"없음",62,40.8163265306122,93,20260902,20.933734939759,3.60452781995999,0,0,,,,,0,,,0,0,6603.22664785185,7243.22664785185
20261008,091700,"파트론",KOSDAQ,5130.0,-1.16,"핸드셋",7.35,4.558553675,256500000000.0,5480.0,-6.75182481751825,,37.0466321243523,16.243654822335,9.8,131.927692794491,0,3,0,94,"없음",36,-34.5710627400768,20,,,,0,0,,,,,0,,,0,0,5239.60037182726,5589.60037182726
20261008,091810,"트리니티항공",KOSPI,2615.0,0.19,"항공사",0.64,1.49904394,267007427965.0,3295.0,-20.7890743550835,,61.5987460815047,50.5020080321285,15.6,43.9054678531867,0,2,0,52,"없음",32,-37.1084337349398,17,20260615,13.3079847908745,9.06592467111092,0,0,,,,,0,,,0,0,2658.03636553681,3103.03636553681
20261008,091970,"LSK아이로봇",KOSDAQ,3700.0,3.5,"화학",1.16,0.6887864725,27878686000.0,4145.0,-11.0977080820265,,50.1521606816799,50.7383966244726,14.4,87.5991212846214,4,1,0,54,"없음",49,15.6985871271586,87,20260709,8.03443328550932,2.86541263002917,1,0,,,,,0,,,0,0,3572.79067054847,4097.79067054847
20261008,092040,"아미코젠",KOSDAQ,992.0,-0.8,"생물공학",1.32,3.838724,70090143904.0,1083.0,-8.7719298245614,,66.0794941282746,23.219512195122,4.8,21.8047095249338,0,2,0,71,"없음",45,-37.2698412698413,17,20260623,17.3677069199457,7.27223376004482,0,0,,,,,1,939.0,"저항→지지",0,0,962.846501917025,1166.84650191702
20261008,092070,"디엔에프",KOSDAQ,15690.0,7.98,"반도체와반도체장비",17.28,5.690611895,181562452020.0,14690.0,6.73927842069435,6.73927842069435,37.7308707124011,24.7793618465716,7.2,364.241499845019,0,2,0,61,"없음",35,-18.7143597719025,45,20261008,8.13793103448275,3.09174930903426,0,0,20261008,14690.0,15680.0,387.566345760108,1,14690.0,"저항→지지",1,1,13694.9970917158,13694.9970917158
20261008,092130,"이크레더블",KOSDAQ,14900.0,5.0,"상업서비스와공급품",0.37,0.413674075,179449640000.0,14530.0,-2.20233998623537,,0.0,7.21649484536082,3.0,75.7039688651168,0,2,0,73,"없음",35,-3.06957708049113,71,,,,0,0,,,,,1,14180.0,"지지 재탈환",0,0,13800.3802483736,13810.3802483736
20261008,092200,"디아이씨",KOSPI,5750.0,0.7,"자동차부품",10.0,11.803552185,223609271750.0,5940.0,-3.53535353535354,,51.0752688172043,28.6252354048964,10.0,37.2638623243137,0,3,0,87,"없음",50,-28.996282527881,27,20260814,25.3333333333333,14.0520495102532,0,0,,,,,1,5510.0,"지지 재탈환",0,0,5326.70209194747,6376.70209194747
20261008,092220,KEC,KOSPI,3105.0,0.49,"반도체와반도체장비",8.35,22.08280185,124673909940.0,3340.0,-6.2874251497006,,31.9452477347214,18.9655172413793,7.2,63.5706628274312,1,1,0,61,"없음",36,-60.0,3,20260921,10.5719237435009,4.10568368726031,0,0,,,,,1,2775.0,"저항→지지",0,0,2999.67467688957,2999.67467688957
20261008,092230,"KPX홀딩스",KOSPI,95900.0,0.21,"화학",0.87,1.6633914,378690783100.0,101800.0,-5.79567779960707,,0.0,14.2314990512334,5.0,28.6676431191397,5,2,0,80,"없음",68,19.875,89,,,,0,0,,,,,1,95000.0,"지지 재탈환",0,0,93641.3285416614,97241.3285416614
20261008,092300,"현우산업",KOSDAQ,2775.0,0.91,"전자장비와기기",1.48,2.09468719,55915892025.0,2655.0,3.01318267419962,5.64971751412429,39.0,24.0816326530612,10.0,56.6843892074168,0,2,0,49,"없음",36,-9.13621262458472,62,20260814,10.7569721115538,5.95971984103482,0,0,20261006,2655.0,2805.0,224.308938165084,1,2655.0,"저항→지지",0,0,2617.23277779934,2892.23277779934
20261008,092440,"기신정기",KOSPI,1827.0,-1.72,"기계",0.99,1.6607515035,53348400000.0,1970.0,-6.14213197969543,,19.9004975124378,8.56849666495639,11.6,70.4883299747733,0,1,0,52,"없음",27,-14.9885057471264,52,,,,0,0,,,,,0,,,0,0,1923.66568391625,1923.66568391625
20261008,092460,"한라IMS",KOSDAQ,17050.0,-0.47,"조선",3.11,2.20147327,291720044000.0,16980.0,-1.88457008244994,0.824499411071849,60.676532769556,23.3280674038968,9.6,72.2424186111337,3,1,0,92,"없음",46,14.7382920110193,87,,,,0,0,20261007,16980.0,17120.0,52.1359583686257,1,16380.0,"지지 재탈환",0,0,15998.6287410714,17778.6287410714
20261008,092600,"앤씨앤",KOSDAQ,2380.0,-7.03,"전자제품",2.5,9.71758939,21459753140.0,3645.0,-34.7050754458162,,5.3584272356749,24.400871459695,4.8,54.6900162401,1,1,0,41,"없음",31,-45.0346420323326,10,20260911,29.8024149286498,9.43612479107806,0,0,,,,,1,2295.0,"저항→지지",0,0,3967.37813176039,3967.37813176039
20261008,092730,"네오팜",KOSDAQ,23200.0,-4.33,"화장품",7.73,12.327706275,371849344800.0,25000.0,-8.0,,15.962441314554,19.8076923076923,7.4,48.4459587420259,5,3,0,78,"없음",65,34.5816266822703,92,20260810,13.9479905437352,5.83812377690802,0,0,,,,,1,21500.0,"지지 재탈환",0,0,22510.6105159841,23510.6105159841
20261008,092780,DYP,KOSPI,3240.0,-2.41,"자동차부품",1.48,4.7010656275,42665810400.0,5120.0,-36.03515625,,9.865005192108,22.5464190981432,6.8,72.0429710980218,1,1,0,43,"없음",31,-23.9256678281069,36,20260918,29.9524564183835,23.8676549707439,0,0,,,,,1,3135.0,"지지 재탈환",0,0,4663.20381929062,4663.20381929062
20261008,092790,"넥스틸",KOSPI,13310.0,-3.06,"철강",26.02,184.84804449,346086620000.0,15560.0,-14.26735218509,,23.6210253082414,22.9547259729944,10.0,25.6387985187781,2,2,0,57,"관망",42,8.54353132628153,82,20260617,8.35579514824798,5.75756938768631,0,0,,,,,0,,,0,0,14337.0532413577,14337.0532413577
20261008,092870,"엑시콘",KOSDAQ,52500.0,-0.76,"반도체와반도체장비",135.97,157.221545425,685166842500.0,32800.0,60.6707317073171,2.74390243902439,1.953125,49.0680100755667,11.8,78.2835121491329,5,1,0,48,"돌파완료",55,104.660194174757,98,20260923,13.9473684210526,3.455919087285,0,0,20260917,32800.0,33700.0,83.2503067572928,1,32800.0,"저항→지지",0,0,48293.0898603368,48293.0898603368
20261008,093050,LF,KOSPI,23650.0,-0.21,"섬유,의류,신발,호화품",7.77,5.81735305,691526000000.0,24450.0,-3.2719836400818,,42.6997245179063,11.2554112554113,9.8,134.812173170934,4,1,0,58,"없음",47,-6.70611439842209,66,,,,0,0,,,,,1,22650.0,"저항→지지",0,0,22791.4157045646,22791.4157045646
20261008,093190,"빅솔론",KOSDAQ,8430.0,2.55,"컴퓨터와주변기기",0.54,0.95475426,162183969150.0,8590.0,-2.79394644935972,,34.7633136094675,16.5437302423604,7.2,18.7084201638505,4,3,1,94,"없음",70,17.6056338028169,88,20260813,10.1190476190476,15.5892173788646,0,0,,,,,1,8200.0,"지지 재탈환",0,0,8087.32125079084,8807.32125079084
20261008,093320,"케이아이엔엑스",KOSDAQ,129600.0,-1.07,"IT서비스",5.6,14.3686643,632448000000.0,148700.0,-13.1136516476126,,49.1784037558685,17.8714859437751,9.8,37.2408501912964,3,1,0,54,"없음",41,28.9421157684631,91,20260615,8.4664536741214,5.73192318562482,0,0,,,,,1,129100.0,"지지 재탈환",0,0,134291.170207777,149291.170207777
20261008,093370,"후성",KOSPI,15060.0,-1.38,"화학",333.96,682.30621597,1615265269800.0,16500.0,-8.90909090909091,,51.9438092126756,22.6594301221167,6.8,58.267519809542,4,2,0,65,"수축중",56,116.57060518732,98,20260615,17.832719621252,3.4491744686862,0,0,,,,,1,13780.0,"저항→지지",0,0,14313.6254644657,14313.6254644657
20261008,093380,"풍강",KOSDAQ,2755.0,-2.82,"자동차부품",0.29,1.0168243275,27217507315.0,3280.0,-16.1585365853659,,0.0,16.4133738601824,3.8,36.9069107787519,3,1,0,53,"없음",41,2.61194029850746,77,20260702,24.1784037558686,134.924141817778,0,0,,,,,0,,,0,0,3049.91862335383,3049.91862335383
20261008,093520,"매커스",KOSDAQ,28350.0,-1.39,"반도체와반도체장비",2.17,4.7531113,337417078950.0,30000.0,-5.5,,36.4560639070443,18.1506849315068,6.8,28.2824732151357,5,3,1,91,"없음",64,30.6451612903226,92,,,,0,0,,,,,1,27600.0,"저항→지지",0,0,27375.3776259726,27375.3776259726
20261008,093640,"케이알엠",KOSDAQ,4835.0,1.58,"반도체와반도체장비",0.43,1.3897024325,158799366860.0,5100.0,-7.15686274509804,,8.30670926517571,15.1862464183381,9.8,23.6169457338778,5,2,0,60,"없음",55,13.4131736526946,86,,,,0,0,,,,,0,,,0,0,4533.56799362672,4533.56799362672
20261008,093920,"서원인텍",KOSDAQ,4825.0,-0.41,"핸드셋",1.67,0.42791803,89745000000.0,4990.0,-3.30661322645291,,0.0,7.66871165644172,9.8,309.49390977364,0,2,0,77,"없음",33,-4.26587301587302,70,,,,0,0,,,,,1,4800.0,"지지 재탈환",0,0,4768.53800032487,4768.53800032487
20261008,094170,"동운아나텍",KOSDAQ,24700.0,-2.95,"반도체와반도체장비",20.29,17.886772675,516475419200.0,37300.0,-34.1823056300268,,64.4923425978446,32.112676056338,7.6,85.9655571350168,2,1,0,48,"없음",36,-15.9246575342466,50,20260731,15.203426124197,2.64632705505911,0,0,,,,,0,,,0,0,26602.9104126822,33752.9104126822
20261008,094280,"효성ITX",KOSPI,11830.0,0.17,"상업서비스와공급품",0.42,0.596178575,136733506000.0,12150.0,-2.55144032921811,,39.6694214876033,9.07668231611894,10.4,55.7979629606932,0,2,0,84,"없음",33,-3.50448247758761,70,,,,0,0,,,,,0,,,0,0,12133.3930807937,12413.3930807937
20261008,094360,"칩스앤미디어",KOSDAQ,12690.0,-1.32,"반도체와반도체장비",11.8,16.08324654,270998427060.0,13090.0,-3.43773873185638,,51.3205282112845,13.884007029877,7.0,101.465068305482,0,1,0,71,"없음",31,-17.1690694626474,48,20260921,10.239852398524,7.22525478458031,0,0,,,,,1,11030.0,"저항→지지",0,0,12022.8527282944,12022.8527282944
20261008,094480,"갤럭시아머니트리",KOSDAQ,5570.0,-1.42,"IT서비스",11.05,19.929301845,218510197660.0,6050.0,-8.4297520661157,,47.209455022981,30.0862068965517,10.2,24.2854562147953,0,1,0,55,"없음",33,-27.6762402088773,29,20260821,12.6142595978062,34.3328378740754,0,0,,,,,1,5440.0,"지지 재탈환",0,0,5512.83432826108,6122.83432826108
20261008,094800,"맵스리얼티",KOSPI,7470.0,-0.4,"부동산",4.08,10.31792314,693472452570.0,8000.0,-6.625,,17.0340681362725,21.9219219219219,15.2,53.7439055136282,5,2,0,70,"없음",70,8.26086956521739,82,20260611,14.5129224652087,4.8473342218332,0,0,,,,,1,7230.0,"저항→지지",0,0,7483.81231740768,7483.81231740768
20261008,094820,"일진파워",KOSDAQ,11850.0,-1.99,"건설",9.01,12.562692385,178682701650.0,12650.0,-6.48221343873518,,49.5014245014245,21.037037037037,7.0,70.314105168344,1,3,0,89,"없음",44,-27.6009791921665,30,,,,0,0,,,,,0,,,0,0,11632.1486261995,12302.1486261995
20261008,094840,"슈프리마에이치큐",KOSDAQ,13140.0,-0.23,"전자장비와기기",2.37,2.150246435,128852272260.0,13300.0,-1.42857142857143,,44.2004118050789,26.9230769230769,9.0,61.756291156703,5,3,1,92,"없음",68,68.9432989690722,96,20260731,8.16618911174785,3.93662814333004,0,0,,,,,1,12550.0,"저항→지지",0,0,12259.0070368106,14329.0070368106
20261008,094850,"참좋은여행",KOSDAQ,4125.0,0.24,"호텔,레스토랑,레저",0.48,1.1191847125,57750000000.0,4850.0,-15.0515463917526,,47.7825464949928,20.3252032520325,15.6,37.4346508524238,0,2,0,72,"없음",38,-18.4158415841584,46,,,,0,0,,,,,0,,,0,0,4547.78635433297,4617.78635433297
20261008,094860,"네오리진",KOSDAQ,1585.0,1.99,"게임엔터테인먼트",0.74,1.624770664,84179372190.0,1648.0,-3.94417475728155,,1.37589433131535,24.9834327369119,11.8,42.3677300786284,5,1,0,43,"없음",56,16.0557184750733,87,20260928,12.9470672389127,2.80329686797542,0,0,,,,,1,1550.0,"저항→지지",0,0,1787.84677051998,1787.84677051998
20261008,094940,"푸른로보틱스",KOSDAQ,6110.0,-0.49,"컴퓨터와주변기기",1.6,2.511019735,51088068460.0,6330.0,-3.94944707740916,,69.8822463768116,24.6467817896389,10.4,11.6391380540231,0,2,0,57,"없음",47,-33.9847991313789,21,20260819,15.9701492537313,27.2430310219974,0,0,,,,,0,,,0,0,6121.05581530999,7461.05581530999
20261008,094970,"제이엠티",KOSDAQ,2740.0,-0.72,"디스플레이장비및부품",1.98,1.8596142025,45890177600.0,2900.0,-4.82758620689655,,61.1532625189681,27.8164116828929,8.4,57.3844637217066,1,3,0,93,"없음",54,-10.3896103896104,60,20260803,14.2857142857143,5.94451755913959,1,0,,,,,1,2685.0,"지지 재탈환",0,0,2678.1598652781,3373.1598652781
20261008,095190,"신화프리텍",KOSDAQ,1866.0,1.03,"기계",1.24,1.7323023675,121776022092.0,1923.0,-3.01612064482579,,45.5639768167633,29.954954954955,10.0,67.5785821247677,0,2,0,71,"없음",47,-15.0341685649203,52,20260720,9.04255319148937,2.83377610514394,0,0,,,,,0,,,0,0,2040.3188265841,2040.3188265841
20261008,095270,"웨이브일렉트로",KOSDAQ,4695.0,4.8,"우주항공과국방",1.46,1.5790097125,67478446170.0,4495.0,3.67074527252503,1.89098998887653,8.57142857142857,20.0,6.8,71.2238112633127,1,3,0,83,"없음",47,-11.9092627599244,57,20260616,8.45588235294117,6.04073915989964,1,0,20261001,4495.0,4580.0,103.581100949994,1,4495.0,"저항→지지",0,0,4227.604003209,4227.604003209
20261008,095340,ISC,KOSDAQ,199900.0,-1.28,"반도체와반도체장비",395.65,331.3658692,4237291894200.0,221500.0,-9.70654627539503,1.12866817155756,29.0702749890877,21.2719298245614,6.6,118.473349294466,3,3,0,85,"관망",57,-15.2542372881356,52,20260612,20.7349081364829,5.70942132538284,0,0,20261001,221500.0,224000.0,107.027528177215,1,176700.0,"저항→지지",0,0,199593.465714417,199593.465714417
20261008,095500,"미래나노텍",KOSDAQ,7050.0,-0.28,"디스플레이장비및부품",6.3,4.79722078,218620492950.0,7290.0,-3.84087791495199,,78.8674033149171,19.8717948717949,8.0,81.0047358587685,0,3,0,89,"없음",40,-25.2665245202559,34,20260703,24.1331484049931,12.3773491041395,0,0,,,,,1,6770.0,"저항→지지",0,0,6731.7464901358,7241.7464901358
20261008,095570,"AJ네트웍스",KOSPI,4255.0,-0.7,"도로와철도운송",1.83,2.7649369975,192550489545.0,4380.0,-3.19634703196347,,45.841784989858,10.6407322654462,12.8,38.5593555039119,0,1,0,70,"없음",31,-16.5354330708661,49,,,,0,0,,,,,1,4210.0,"저항→지지",0,0,4166.8505512293,4436.8505512293
20261008,095610,"테스",KOSDAQ,163600.0,0.31,"반도체와반도체장비",333.01,558.59291945,3167296000000.0,187400.0,-12.8601921024546,,64.4084934277048,57.7105831533477,11.2,52.9103314389453,4,1,0,56,"관망",46,178.194207836457,99,,,,0,0,,,,,1,148200.0,"저항→지지",0,0,163003.733074669,190103.733074669
20261008,095660,"네오위즈",KOSDAQ,17630.0,-2.6,"게임엔터테인먼트",7.27,6.691752215,381450772170.0,18540.0,-5.2319309600863,,44.4624090541633,14.1293532338308,7.4,81.9994525291524,0,2,0,84,"없음",35,-25.708245243129,33,,,,0,0,,,,,1,17540.0,"지지 재탈환",0,0,17430.220910039,18990.220910039
20261008,095700,"제넥신",KOSDAQ,2930.0,-2.82,"생물공학",5.21,7.2541530525,133433647420.0,3630.0,-19.8347107438017,,46.8864468864469,34.4072164948454,6.2,37.5924252538625,0,2,0,55,"없음",35,-35.832414553473,19,20260903,15.8081705150977,4.81376049957268,0,0,,,,,1,2720.0,"지지 재탈환",0,0,3146.12103316417,3401.12103316417
20261008,095720,"웅진씽크빅",KOSPI,1205.0,0.67,"교육서비스",0.34,0.363226969,68476637425.0,1390.0,-13.3093525179856,,30.8043875685558,22.8237015362107,11.0,92.4057482106756,0,1,0,63,"없음",22,-44.3931702814952,11,,,,0,0,,,,,1,1202.0,"지지 재탈환",0,0,1278.38456707922,1278.38456707922
20261008,096240,"크레버스",KOSDAQ,8480.0,0.24,"교육서비스",0.31,0.51744041,86819766400.0,9460.0,-10.5708245243129,,29.1497975708502,12.9301355578728,2.8,34.8647627071153,0,2,0,65,"없음",40,-19.4285714285714,44,,,,0,0,,,,,0,,,0,0,9075.59495468578,9075.59495468578
20261008,096250,"와이즈넛",KOSDAQ,5630.0,0.18,"소프트웨어",0.7,1.18066217,66517780030.0,5850.0,-3.58974358974359,,56.7708333333333,23.5294117647059,7.6,45.1343277839763,0,3,0,79,"없음",40,-42.6829268292683,12,20260622,9.14927768860354,2.71824456964716,1,0,,,,,0,,,0,0,5193.68873526507,6193.68873526507
20261008,096350,"대창솔루션",KOSDAQ,1898.0,0.42,"조선",1.64,3.3946825645,69950338276.0,2275.0,-16.9230769230769,,53.500823723229,26.4994547437296,10.0,37.0623239410677,0,2,0,59,"없음",42,-36.3636363636364,18,20260821,19.1135734072022,16.0233689066993,0,0,,,,,0,,,0,0,2068.57091233969,2138.57091233969
20261008,096530,"씨젠",KOSDAQ,38000.0,-2.31,"생명과학도구및서비스",146.03,112.913416875,1775907276000.0,34800.0,9.05172413793103,1.86781609195402,26.6725352112676,16.3636363636364,5.2,112.302444527418,5,2,0,83,"돌파완료",63,70.561797752809,96,20260828,11.7554858934169,3.15640681927545,0,0,20260930,34800.0,35450.0,165.491676910921,1,34800.0,"저항→지지",0,0,37315.2309356322,37315.2309356322
20261008,096630,"에스코넥",KOSDAQ,1671.0,2.58,"핸드셋",0.73,0.347029299,26529335733.0,2175.0,-22.7126436781609,,14.8188803512624,33.8860103626943,10.2,210.035373775248,0,1,0,38,"없음",22,-54.9329758713137,5,,,,0,0,,,,,0,,,0,0,1893.61138682266,1893.61138682266
20261008,096690,"에이루트",KOSDAQ,6160.0,-0.65,"컴퓨터와주변기기",0.05,0.432831185,24780706720.0,8390.0,-24.9106078665077,,4.79375696767,24.4594594594595,7.6,10.0944631541146,0,1,0,45,"없음",26,-4.63215258855586,69,20260811,24.3432574430823,13.9088691272527,0,0,,,,,1,6290.0,"지지 재탈환",0,0,7353.82288638085,7353.82288638085
20261008,096760,"JW홀딩스",KOSPI,4155.0,-1.77,"제약",3.16,3.0179436375,307158134010.0,4580.0,-9.82532751091703,,4.23892100192678,16.9491525423729,7.4,81.9592762979694,5,2,0,85,"없음",60,5.22292993630573,80,,,,0,0,,,,,0,,,0,0,4266.6221934402,4406.6221934402
20261008,096770,"SK이노베이션",KOSPI,160900.0,0.81,"석유와가스",1856.0,1518.95016855,27200593589200.0,161200.0,0.186104218362283,,11.4401076716016,22.8996282527881,6.0,114.447501894068,5,2,0,69,"수축중",68,39.8268398268398,93,20260723,11.6554054054054,2.63711052031404,0,0,,,,,1,138500.0,"저항→지지",0,0,145871.14027233,145871.14027233
20261008,096870,"엘디티",KOSDAQ,2495.0,3.96,"디스플레이장비및부품",1.65,1.10328545,20828257505.0,2540.0,-4.13385826771654,,22.88,14.9897330595483,9.8,199.495297167474,2,2,0,70,"없음",45,10.4308390022676,84,20260622,14.7584033613445,31.4939366377339,0,0,,,,,1,2210.0,"지지 재탈환",0,0,2232.65227401341,2232.65227401341
20261008,097230,"HJ중공업",KOSPI,14280.0,-3.97,"건설",31.91,37.07819612,1289417512320.0,15630.0,-8.82917466410749,,60.3856970670952,26.1441647597254,10.0,86.5405838410874,0,2,0,75,"없음",33,-37.0860927152318,17,,,,0,0,,,,,0,,,0,0,14786.7179733242,17016.7179733242
20261008,097520,"엠씨넥스",KOSPI,19020.0,-0.78,"핸드셋",5.39,5.270763855,330976530000.0,19600.0,-3.06122448979592,,54.5507927187316,16.9329073482428,10.0,74.0463740317073,0,1,0,84,"없음",27,-9.95260663507109,61,,,,0,0,,,,,1,18600.0,"지지 재탈환",0,0,18488.8976194693,19968.8976194693
20261008,097780,"에코볼트",KOSDAQ,1480.0,2.85,"자동차부품",0.14,0.1277537945,30033771720.0,1600.0,-7.5,,24.4429882044561,25.5801687763713,4.0,49.5342454026463,0,2,0,83,"없음",45,-20.0432198811453,43,20260826,11.9190404797601,5.15615208172354,0,0,,,,,1,1455.0,"지지 재탈환",0,0,1725.88892182858,1725.88892182858
20261008,097800,"윈팩",KOSDAQ,3630.0,1.97,"반도체와반도체장비",45.32,48.2755575425,99062863350.0,4535.0,-21.058434399118,,0.0,25.3118712273642,7.0,204.631738406958,3,2,0,59,"수축중",47,81.2658227848101,97,20261001,26.3591433278418,57.2016933716877,0,0,,,,,1,2620.0,"저항→지지",0,0,4013.29527982235,4013.29527982235
20261008,097870,"효성오앤비",KOSDAQ,4300.0,-1.15,"화학",0.21,0.4659193425,36507000000.0,4585.0,-4.68920392584515,,45.957011258956,26.3358778625954,10.0,20.807294386368,0,2,0,81,"없음",43,-28.7112561174551,27,,,,0,0,,,,,0,,,0,0,4379.60118718332,4924.60118718332
20261008,097950,"CJ제일제당",KOSPI,183300.0,0.44,"식품",126.97,87.12209565,2759432293800.0,191000.0,-4.3979057591623,,64.4621513944223,16.1835748792271,7.8,108.441490220555,0,2,0,78,"없음",40,-17.0,48,,,,1,0,,,,,1,179500.0,"지지 재탈환",0,0,176382.957357725,198882.957357725
20261008,098070,"한텍",KOSDAQ,23050.0,-4.16,"에너지장비및서비스",15.47,24.2765268,256342300050.0,27350.0,-15.9049360146252,,48.4,23.4797297297297,7.6,84.5156900855431,0,1,0,50,"없음",22,-52.5283797729618,6,,,,0,0,,,,,0,,,0,0,24736.2452143455,26836.2452143455
20261008,098120,"마이크로컨텍솔",KOSDAQ,58100.0,-3.97,"반도체와반도체장비",58.61,94.674553625,482971704600.0,61900.0,-6.30048465266559,,12.5603864734299,39.2156862745098,11.2,57.4912122271145,5,3,0,71,"돌파임박",68,109.764918625678,98,20260819,9.65608465608465,10.4480537471407,0,0,,,,,1,56500.0,"저항→지지",0,0,55504.43091166,55504.43091166
20261008,098460,"고영",KOSDAQ,37450.0,3.45,"전자장비와기기",1400.74,478.38012445,2554247776850.0,30250.0,23.801652892562,1.81818181818182,39.9540757749713,27.4914089347079,10.4,295.789299664038,4,3,0,75,"돌파완료",65,42.9389312977099,94,20261001,10.0486223662885,3.10809509401089,0,0,20260929,30250.0,30800.0,179.79365979717,1,30250.0,"저항→지지",1,1,33016.472155219,33016.472155219
20261008,098660,"에스티오",KOSDAQ,1750.0,0.4,"섬유,의류,신발,호화품",0.1,0.1718557165,21876708000.0,1750.0,0.0,,44.8883666274971,23.2225063938619,7.2,29.1647143301988,3,3,0,82,"없음",57,0.922722029988466,76,20260727,16.6666666666667,6.75369444773411,0,0,,,,,1,1693.0,"저항→지지",0,0,1616.64351435682,1821.64351435682
20261008,099190,"아이센스",KOSDAQ,16600.0,-0.6,"건강관리장비와용품",3.23,5.918799365,490921975800.0,17680.0,-6.44796380090498,,51.4980214810628,22.7490676611614,9.8,37.5045667077031,1,2,0,68,"없음",50,-12.0212765957447,57,20260727,9.17030567685591,8.82904249283507,0,0,,,,,1,16160.0,"지지 재탈환",0,0,16993.2607299717,18103.2607299717
20261008,099320,"쎄트렉아이",KOSDAQ,69300.0,-7.85,"우주항공과국방",68.25,47.55852945,758923565400.0,86200.0,-20.1856148491879,,47.550866616428,22.9166666666667,7.2,181.279766936561,1,1,0,79,"관망",30,-61.3265879707701,3,,,,0,0,,,,,0,,,0,0,75932.5909989475,76132.5909989475
20261008,099390,"브레인즈컴퍼니",KOSDAQ,3690.0,0.96,"소프트웨어",0.62,0.2852662625,30288564270.0,4470.0,-17.5615212527964,,0.0,14.027149321267,9.8,99.3918615850542,0,2,0,82,"없음",34,-12.3662306777646,56,,,,0,0,,,,,0,,,0,0,3963.23220136568,3963.23220136568
20261008,099410,"동방선기",KOSDAQ,2895.0,-1.86,"조선",1.1,1.07094985,40530000000.0,3390.0,-14.6017699115044,,55.4106910039114,24.4736842105263,7.0,44.7142391586529,0,3,0,85,"없음",45,-37.0652173913044,17,20260814,10.0158982511924,4.34427974421962,0,0,,,,,0,,,0,0,3113.54360297529,3513.54360297529
20261008,099430,"바이오플러스",KOSDAQ,3855.0,-0.39,"건강관리장비와용품",6.28,5.9458749225,237624983310.0,3965.0,-3.90920554854981,,35.5371900826446,18.4754521963824,6.8,78.5356133624402,0,2,0,86,"없음",33,-24.703557312253,34,,,,0,0,,,,,1,3380.0,"저항→지지",0,0,3644.56110481102,3644.56110481102
20261008,099440,"스맥",KOSDAQ,3775.0,-1.05,"기계",6.9,12.36110484,257618812350.0,4740.0,-20.6751054852321,,51.7602283539486,20.8499335989376,9.6,45.2919261824808,0,1,0,56,"없음",30,-18.082788671024,46,20260909,10.8247422680412,2.75487687533369,0,0,,,,,0,,,0,0,4330.00084764142,4330.00084764142
20261008,099750,"이지케어텍",KOSDAQ,7180.0,0.0,"건강관리기술",0.87,13.052328815,98072862140.0,8650.0,-17.6878612716763,,0.0,9.87124463519313,5.6,16.2202659856221,0,1,0,41,"없음",26,-20.0,43,20260921,9.10384068278804,92.768814428958,0,0,,,,,1,6990.0,"저항→지지",0,0,7734.52563504691,7734.52563504691
20261008,100030,"인지소프트",KOSDAQ,18750.0,-1.0,"소프트웨어",1.85,1.28627755,61569637500.0,20500.0,-8.53658536585366,,0.0,11.6560877091748,9.8,106.329119309419,1,1,0,61,"없음",30,13.498789346247,86,,,,0,0,,,,,0,,,0,0,19297.1998126627,19297.1998126627
20261008,100090,"SK오션플랜트",KOSPI,12120.0,-2.26,"에너지장비및서비스",43.8,60.33498714,757234923480.0,14280.0,-15.7563025210084,,77.3068267066767,47.1942446043166,10.0,35.2979222373955,0,1,0,65,"없음",33,-57.5661375661376,4,20260723,19.6119196119196,10.3871984210686,0,0,,,,,1,11910.0,"지지 재탈환",0,0,12503.1738024306,19413.1738024306
20261008,100120,"뷰웍스",KOSDAQ,30250.0,2.72,"건강관리장비와용품",8.66,4.7782108,271385182750.0,27400.0,10.4014598540146,2.00729927007299,33.0320460147905,20.5714285714286,11.6,116.973059643441,4,3,0,80,"없음",58,17.704280155642,88,20260803,10.250569476082,2.61661745250036,0,0,20261001,27400.0,27950.0,100.530787698852,1,27400.0,"저항→지지",0,0,27900.8292249501,27900.8292249501
20261008,100130,"동국S&C",KOSDAQ,1715.0,6.85,"에너지장비및서비스",205.75,32.040901151,98000245000.0,1794.0,-4.90523968784838,,10.1024890190337,22.9467084639498,10.0,1237.75322210743,0,1,0,42,"관망",35,-26.3066954643628,32,20260616,16.8082524271845,20.0719636629049,0,0,,,,,1,1592.0,"저항→지지",0,0,1566.43506619803,1566.43506619803
20261008,100220,"비상교육",KOSPI,4975.0,-0.2,"교육서비스",0.45,1.15569909,64658786475.0,6100.0,-17.0491803278689,,60.518444666002,10.7879924953096,8.0,22.3700700134561,1,1,0,56,"없음",31,-10.1243339253996,60,,,,0,0,,,,,1,4980.0,"저항→지지",0,0,5723.46899193354,5723.46899193354
20261008,100250,"진양홀딩스",KOSPI,3030.0,0.33,"자동차부품",0.75,1.094271195,193617000000.0,3170.0,-4.73186119873817,,25.9414225941423,8.2258064516129,12.2,41.8171836993048,1,1,0,58,"없음",32,1.68350168350168,76,,,,0,0,,,,,0,,,0,0,3073.16638857336,3223.16638857336
20261008,100590,"머큐리",KOSDAQ,5960.0,0.17,"통신장비",49.56,112.90814983,102151688200.0,6550.0,-9.61832061068702,,0.0,20.2554744525547,3.4,86.6194672651659,3,2,0,46,"수축중",50,14.2857142857143,86,20260910,14.1216991963261,33.4938382296676,0,0,,,,,1,5620.0,"저항→지지",0,0,5581.37635195294,5581.37635195294
20261008,100660,"서암기계공업",KOSDAQ,3250.0,-0.61,"기계",0.43,1.1793569825,40950000000.0,3460.0,-6.21387283236994,,74.4870041039672,50.8823529411765,14.0,50.4903831291781,0,2,0,70,"없음",35,-21.6183574879227,39,20260624,30.0,6.69513651022126,0,0,,,,,1,3120.0,"저항→지지",0,0,3173.00182285197,3173.00182285197
20261008,100700,"세운메디칼",KOSDAQ,2325.0,-0.85,"건강관리장비와용품",0.72,1.624184155,101835000000.0,2630.0,-11.0266159695817,,32.7485380116959,9.48453608247423,11.6,16.0391453433721,0,1,0,55,"없음",29,-13.4935304990758,54,,,,0,0,,,,,1,2305.0,"지지 재탈환",0,0,2332.53458402338,2472.53458402338
20261008,100790,"미래에셋벤처투자",KOSDAQ,16990.0,1.07,"창업투자",68.7,99.479651985,902518620220.0,19690.0,-14.0172676485526,,41.4842300556586,23.8888888888889,6.0,52.4473143945775,2,3,0,91,"관망",56,-34.252427184466,20,20260824,9.51724137931034,3.04066953194715,0,0,,,,,1,16920.0,"저항→지지",0,0,16989.4974374817,17599.4974374817
20261008,100840,"SNT에너지",KOSPI,31950.0,-4.2,"에너지장비및서비스",33.68,80.453952125,631367400600.0,38450.0,-16.7750325097529,,34.625,27.2727272727273,11.6,50.7015907952748,0,2,0,68,"없음",35,-31.7697228144989,24,20260907,14.9847094801223,5.36303107969058,0,0,,,,,0,,,0,0,36361.3562490427,36361.3562490427
20261008,101140,"인바이오젠",KOSPI,5120.0,0.79,"전자장비와기기",0.3,0.3694319,51426385920.0,5460.0,-6.22710622710623,,30.2197802197802,24.0178571428571,9.8,128.782778984731,0,1,0,44,"없음",31,-40.0468384074941,15,20260528,29.903536977492,23.7339170506912,1,0,,,,,1,4705.0,"지지 재탈환",0,0,4833.53992900228,4843.53992900228
20261008,101160,"월덱스",KOSDAQ,32150.0,-0.16,"반도체와반도체장비",9.59,13.9041714,530828424950.0,33700.0,-4.89614243323442,,56.6574202496533,11.8811881188119,8.8,48.4924273565718,5,3,1,92,"없음",64,10.8996539792388,84,,,,0,0,,,,,1,31750.0,"저항→지지",0,0,31137.377396896,31137.377396896
20261008,101170,"우림피티에스",KOSDAQ,8780.0,-2.55,"기계",3.44,5.507093075,118530000000.0,9830.0,-11.6988809766022,,48.0546357615894,20.4496788008565,5.6,53.9270173345179,1,2,0,74,"없음",40,-29.602595296026,26,20261006,9.43181818181817,5.31650817657072,0,0,,,,,1,8300.0,"저항→지지",0,0,8728.60755091499,8728.60755091499
20261008,101240,"씨큐브",KOSDAQ,3230.0,-1.22,"화학",0.16,0.31638059,36683277960.0,3490.0,-7.16332378223496,,21.7235188509874,17.984693877551,6.8,19.0605751366359,0,1,0,62,"없음",29,-14.7368421052632,52,,,,0,0,,,,,0,,,0,0,3386.52348021655,3611.52348021655
20261008,101330,"모베이스",KOSDAQ,4050.0,0.0,"자동차부품",6.95,3.399065885,93745467450.0,4310.0,-6.14849187935035,,11.0248447204969,14.1160949868074,7.0,225.571948109593,1,3,0,86,"없음",43,-8.38052095130238,63,20261006,10.1333333333333,11.3722223559718,0,0,,,,,1,3620.0,"저항→지지",0,0,3931.03741602496,3931.03741602496
20261008,101360,"에코앤드림",KOSDAQ,8930.0,3.84,"화학",35.54,6.719522935,158829998020.0,9870.0,-9.21985815602837,,25.5533199195171,58.1465517241379,15.4,545.168953897304,0,1,0,43,"없음",31,-48.2080924855491,8,20260831,12.1394230769231,16.0083539830695,0,0,,,,,1,7950.0,"저항→지지",0,0,7981.41073047909,8731.41073047909
20261008,101400,"엔시트론",KOSDAQ,1843.0,1.04,"반도체와반도체장비",1.94,2.7058990865,27937380892.0,1795.0,2.56267409470752,1.5041782729805,44.8993517570795,35.4393305439331,7.2,58.9242955655169,0,2,0,66,"없음",41,-25.4353989469421,33,20260813,17.7565124933546,2.60020826232297,0,0,20261007,1795.0,1822.0,27.8015566707559,1,1761.0,"저항→지지",1,0,1569.16362636839,2129.16362636839
20261008,101490,"에스앤에스텍",KOSDAQ,53000.0,-0.75,"반도체와반도체장비",167.51,138.8511686,1130748587000.0,54500.0,-2.93577981651376,,50.1090909090909,18.0467091295117,6.8,130.305094214901,0,3,0,75,"관망",42,-31.2093628088427,24,20261001,17.439293598234,3.00312938062348,0,0,,,,,1,43500.0,"저항→지지",0,0,49019.4625635066,49019.4625635066
20261008,101670,"하이드로리튬",KOSDAQ,538.0,1.51,"전기제품",10.39,3.962294298,30546126606.0,586.0,-8.19112627986348,,63.3423180592992,29.3478260869565,6.0,191.197500962319,0,2,0,63,"없음",32,-73.8199513381995,2,20261002,16.8067226890756,12.3338378136667,0,0,,,,,1,523.0,"저항→지지",0,0,479.338725533628,924.338725533628
20261008,101680,"한국정밀기계",KOSDAQ,2820.0,-0.7,"기계",0.2,0.4843650125,23699280000.0,3100.0,-12.5806451612903,,24.6998284734134,12.6736111111111,7.4,51.8432498294565,3,1,0,50,"없음",41,-1.09489051094891,73,20260716,8.90410958904109,5.78403687984282,0,0,,,,,0,,,0,0,3234.6126365137,3234.6126365137
20261008,101730,"위메이드맥스",KOSDAQ,4780.0,-14.18,"게임엔터테인먼트",35.57,43.4829638325,400579707080.0,5140.0,-8.07392996108949,3.30739299610895,58.70275314979,24.6601941747573,6.6,120.577451133116,0,2,0,71,"관망",35,-0.839454354669465,73,20261007,15.8124318429662,7.7751597417085,0,0,20261007,5140.0,5310.0,840.402525740308,1,4360.0,"저항→지지",0,0,4947.28753912513,4947.28753912513
20261008,101930,"인화정공",KOSDAQ,5910.0,-3.9,"조선",2.76,1.53983522,270055505610.0,7000.0,-15.1428571428571,,40.171858216971,29.0155440414508,10.0,198.957034827918,0,1,0,52,"없음",22,-37.9310344827586,17,,,,0,0,,,,,0,,,0,0,7550.58846139648,7960.58846139648
20261008,101970,"우양에이치씨",KOSDAQ,9570.0,-5.15,"에너지장비및서비스",14.8,1.070264635,141540386130.0,10340.0,-5.99613152804642,,26.1669024045262,32.992700729927,5.0,909.05833695007,0,3,0,80,"없음",38,-18.1128896377422,46,20260617,11.9483315392896,2.72715264446362,0,0,,,,,0,,,0,0,9301.48134844617,12201.4813484462
20261008,102120,"어보브반도체",KOSDAQ,8730.0,1.75,"반도체와반도체장비",17.91,17.698486835,155225973690.0,9220.0,-6.29067245119306,,25.0545851528384,23.0500582072177,7.2,137.057120300233,0,1,0,77,"없음",27,-16.9230769230769,49,,,,0,0,,,,,1,8110.0,"저항→지지",0,0,8312.13663796131,8312.13663796131
20261008,102260,"동성케미컬",KOSPI,3720.0,0.81,"화학",2.2,2.3083517675,188490878520.0,3760.0,-1.72872340425532,,51.6268980477223,13.2231404958678,10.0,79.7129035304391,1,1,0,84,"없음",32,-10.5326876513317,59,,,,0,0,,,,,1,3620.0,"지지 재탈환",0,0,3615.19349152939,3640.19349152939
20261008,102370,"케이옥션",KOSDAQ,2915.0,0.17,"판매업체",0.62,0.68396335,75464365350.0,3285.0,-11.2633181126332,,43.4017595307918,17.5257731958763,4.2,55.8172431896401,0,2,0,62,"없음",37,-9.04836193447738,62,20260630,9.75206611570247,4.44155693181158,0,0,,,,,0,,,0,0,3016.32474980896,3126.32474980896
20261008,102460,"이연제약",KOSPI,10220.0,-0.2,"제약",2.91,2.17009118,189957208420.0,10410.0,-1.34486071085495,,54.7741935483871,10.5698529411765,6.4,87.6972956625108,1,1,0,85,"없음",32,3.11244979919679,78,,,,1,0,,,,,1,10010.0,"저항→지지",0,0,9866.49242190598,10806.492421906
20261008,102710,"이엔에프테크놀로지",KOSDAQ,50800.0,1.2,"반도체와반도체장비",54.72,34.214957325,725822068800.0,44900.0,11.2472160356347,2.44988864142539,42.2510822510822,27.2131147540984,10.0,138.37972340094,2,3,0,78,"관망",44,5.82627118644068,80,,,,0,0,20260923,44900.0,46000.0,108.440477097019,1,44900.0,"저항→지지",0,0,46417.5370752203,49917.5370752203
20261008,102940,"코오롱생명과학",KOSDAQ,14260.0,-3.26,"제약",8.81,6.904357685,186671998780.0,14530.0,-2.33998623537509,1.16999311768754,88.2441220610305,31.8407960199005,6.8,40.2759064538682,0,2,0,64,"없음",43,-74.3862815884477,2,,,,0,0,20261001,14530.0,14700.0,51.6814079799587,0,,,0,0,13248.3587041912,37658.3587041912
20261008,103140,"풍산",KOSPI,65600.0,-3.53,"비철금속",134.2,92.5107763,1838392636800.0,80900.0,-18.5414091470952,,47.087980173482,21.4793741109531,10.0,139.560295067454,0,3,0,94,"없음",40,-28.9104638619202,27,20260805,14.468085106383,3.2583110287196,0,0,,,,,0,,,0,0,75322.5291227131,83622.5291227131
20261008,103230,"에스앤더블류",KOSDAQ,1645.0,7.17,"조선",1.39,1.2809075575,11844000000.0,2535.0,-35.1084812623274,,22.9401709401709,52.1561338289963,8.0,144.159953695172,0,1,0,34,"없음",26,-55.7795698924731,5,20260820,9.21348314606742,7.85244076257704,0,0,,,,,0,,,0,0,2203.65971515888,2518.65971515888
20261008,103590,"일진전기",KOSPI,81700.0,-7.16,"전기장비",559.62,349.84881615,3895896363000.0,73800.0,11.1111111111111,4.8780487804878,34.1414141414141,19.3971166448231,7.2,180.710318659618,3,3,0,84,"관망",55,17.310443490701,88,20260812,17.3139158576052,4.60520639603049,0,0,20260922,73800.0,77400.0,223.772816638386,1,73800.0,"저항→지지",0,0,83725.6292509586,83725.6292509586
20261008,103840,"우양",KOSDAQ,1552.0,-0.51,"식품",0.43,0.383426744,25400696256.0,1769.0,-13.5669869983041,,54.9567869852567,23.1658291457286,7.0,97.0905476279729,0,2,0,78,"없음",35,-50.0326797385621,7,20260706,12.0320855614973,5.64570533881623,0,0,,,,,0,,,0,0,1631.47887442558,1927.47887442558
20261008,104040,"디에스엠",KOSDAQ,2960.0,-4.98,"자동차부품",1.41,1.1771859675,79368152400.0,2755.0,10.1633393829401,5.44464609800363,25.5711127487104,24.6598639455782,10.4,92.6759583434832,1,1,0,48,"없음",34,-8.44645550527903,63,20260713,12.3188405797102,2.88093716634044,0,0,20261001,2755.0,2905.0,91.0915694523843,1,2755.0,"저항→지지",0,0,2884.83755067009,2884.83755067009
20261008,104200,"NHN벅스",KOSDAQ,2690.0,-0.74,"방송과엔터테인먼트",0.84,1.3621326325,39886109500.0,2730.0,-0.732600732600733,,30.6494269761975,30.6428571428571,10.2,57.0356593147793,0,2,0,55,"없음",35,-25.4470426409904,33,20261006,13.6554621848739,4.42216408762967,0,0,,,,,1,2630.0,"저항→지지",0,0,2431.65686305847,3066.65686305847
20261008,104460,"디와이피엔에프",KOSDAQ,6700.0,-0.74,"기계",0.39,0.798974735,70471276700.0,6980.0,-4.01146131805158,,53.8147138964578,20.4260651629073,4.8,56.647751870864,0,2,0,85,"없음",33,-50.1858736059479,7,,,,0,0,,,,,1,6600.0,"지지 재탈환",0,0,7066.74225429949,8466.74225429949
20261008,104480,"티케이케미칼",KOSDAQ,1952.0,3.44,"화학",9.03,3.4611135495,177427887168.0,1899.0,2.52764612954186,2.52764612954186,2.57771038665655,10.8269858541893,7.0,193.849302855766,3,1,0,72,"없음",48,-11.5,58,20260814,9.46196660482375,4.39278341135636,1,0,20261008,1899.0,1947.0,197.432877294059,1,1825.0,"저항→지지",1,1,1738.58126846073,1738.58126846073
20261008,104540,"코렌텍",KOSDAQ,5950.0,1.88,"건강관리장비와용품",10.97,10.9884929975,79774089500.0,4695.0,26.3045793397231,1.59744408945687,1.01419878296147,15.6583629893238,10.0,187.174008914821,2,3,0,87,"없음",33,1.0221465076661,76,20261006,15.5172413793103,2.96708691230921,0,0,20261001,4695.0,4770.0,303.821218697365,1,4105.0,"저항→지지",0,0,5565.08760920782,5565.08760920782
20261008,104620,"노랑풍선",KOSDAQ,3130.0,0.97,"호텔,레스토랑,레저",1.24,9.261210845,52617027760.0,3830.0,-19.4516971279373,,42.5324675324675,22.6744186046512,9.6,26.579748833602,0,2,0,54,"없음",38,-28.2558139534884,28,,,,0,0,,,,,0,,,0,0,3527.28006881164,3527.28006881164
20261008,104700,"한국철강",KOSPI,9370.0,-0.11,"철강",1.37,2.104825885,341536500000.0,10400.0,-9.71153846153846,,0.0,10.990099009901,4.4,44.5908958039914,1,1,0,59,"없음",30,3.3003300330033,78,,,,0,0,,,,,0,,,0,0,9430.57191649788,9430.57191649788
20261008,104830,"원익머트리얼즈",KOSDAQ,41050.0,0.12,"화학",27.68,28.938712425,517558400000.0,44700.0,-9.06040268456376,,24.3820224719101,21.8790218790219,6.8,96.8311427919198,3,1,0,58,"없음",44,1.3715710723192,76,20260929,9.54415954415955,3.59856401393312,0,0,,,,,1,32750.0,"저항→지지",0,0,40332.2937421875,40332.2937421875
20261008,105330,"케이엔더블유",KOSDAQ,8880.0,-1.0,"반도체와반도체장비",7.05,45.60467313,142253337600.0,8300.0,8.43373493975904,2.16867469879518,39.3338058114812,21.4611872146119,9.4,35.6724914467817,4,2,0,50,"돌파완료",48,12.2194513715711,85,,,,0,0,20261001,8300.0,8480.0,90.7412575027861,1,8300.0,"저항→지지",0,0,8374.59089475664,8374.59089475664
20261008,105550,"엣지파운드리",KOSDAQ,1631.0,-0.73,"자동차부품",0.38,0.583525338,25543759710.0,1679.0,-2.85884455032758,,80.9717465753425,59.0314136125654,7.0,22.7155902647019,0,2,0,74,"없음",47,-71.2599118942731,2,20260813,29.8449612403101,33.0682644320429,0,0,,,,,0,,,0,0,1712.81925627174,3621.81925627174
20261008,105560,"KB금융",KOSPI,163200.0,-3.15,"은행",1304.59,1555.96717075,57885038188800.0,181700.0,-10.0715465052284,,55.8459422283356,19.7943444730077,11.6,78.6765149563687,4,3,0,95,"관망",60,11.5358361774744,84,,,,0,0,,,,,0,,,0,0,170748.718600128,176548.718600128
20261008,105630,"한세실업",KOSPI,8800.0,0.11,"섬유,의류,신발,호화품",1.97,3.76864571,352000000000.0,9150.0,-3.60655737704918,,68.8650306748466,16.5686274509804,6.8,38.9242697155019,0,1,0,84,"없음",35,-19.3784277879342,44,20260818,9.08096280087527,9.21446281931712,1,0,,,,,1,8760.0,"지지 재탈환",0,0,8813.4440695321,9793.4440695321
20261008,105740,"디케이락",KOSDAQ,11980.0,5.83,"기계",120.97,52.145795785,121818785740.0,12240.0,-4.8202614379085,,0.0,17.1951219512195,7.4,475.499216314157,2,2,0,42,"관망",49,24.0681576144835,90,20261002,12.4157844080847,7.03715288839443,0,0,,,,,1,9800.0,"저항→지지",0,0,11104.5669779198,11104.5669779198
20261008,105760,"포스뱅크",KOSDAQ,5290.0,2.52,"상업서비스와공급품",2.49,1.0095468375,53909792230.0,5280.0,0.189393939393939,,32.1985815602837,11.9047619047619,9.8,103.082663748713,2,2,0,66,"없음",55,-0.188679245283019,74,20260810,16.3522012578616,23.0265793887439,1,0,,,,,1,5200.0,"저항→지지",0,0,5127.89111270476,5127.89111270476
20261008,105840,"우진",KOSPI,12350.0,-4.78,"기계",28.98,66.0191566,249441224500.0,15610.0,-20.8199871877002,,53.2682512733446,27.192429022082,7.0,78.6040906712216,0,2,0,65,"없음",35,-45.3097345132743,10,20260909,9.12891986062718,4.43090249471404,0,0,,,,,0,,,0,0,14444.6538266893,14444.6538266893
20261008,106190,"하이텍팜",KOSDAQ,10350.0,2.88,"제약",0.91,2.080768825,110053340550.0,10220.0,-2.15264187866928,,54.3876567020251,29.7337278106509,6.8,38.013754649484,1,2,0,73,"없음",40,-50.2487562189055,7,20260818,11.5744680851064,4.30453478841771,0,0,,,,,0,,,0,0,9720.69826433238,12660.6982643324
20261008,106240,"파인테크닉스",KOSDAQ,1236.0,-2.91,"디스플레이장비및부품",0.88,0.928944976,32855245704.0,1417.0,-11.5737473535639,,33.7796976241901,25.3793103448276,7.2,122.589853529006,0,2,0,55,"없음",37,-45.5217391304348,10,20260918,11.7991631799163,17.5523679132873,0,0,,,,,1,1194.0,"저항→지지",0,0,1282.20010400768,1282.20010400768
20261008,107590,"미원홀딩스",KOSPI,58900.0,-0.51,"화학",0.04,0.03220785,136648000000.0,62000.0,-5.0,,54.2222222222222,12.9568106312292,16.0,14.1211445559272,1,3,0,87,"없음",51,-9.10493827160494,62,,,,0,0,,,,,0,,,0,0,62331.0727346782,62631.0727346782
20261008,107600,"새빗켐",KOSDAQ,14640.0,1.67,"전기제품",2.81,2.682073705,82716790560.0,15200.0,-6.31578947368421,,54.8507462686567,30.8550185873606,10.2,82.8628709686899,0,1,0,30,"없음",31,-42.8112449799197,12,20260814,29.9457994579946,15.6081555389044,0,0,,,,,0,,,0,0,13538.9931949458,19038.9931949458
20261008,107640,"한중엔시에스",KOSDAQ,47600.0,1.17,"전기장비",93.44,46.269565975,431491429600.0,42600.0,11.150234741784,7.15962441314554,35.8631747728488,28.6153846153846,10.2,182.079711980519,1,2,0,69,"관망",40,3.15904139433551,78,20260827,16.3584637268848,5.25419920766284,0,0,20261006,42600.0,45650.0,199.587761623358,1,42600.0,"저항→지지",0,0,43476.6852926986,43476.6852926986
20261008,108230,"톱텍",KOSDAQ,3200.0,-0.93,"기계",1.85,8.760811185,121674384000.0,3345.0,-5.53064275037369,,55.8791801510248,18.9403973509934,5.4,7.7685513369618,0,2,0,71,"없음",43,-24.1296518607443,36,,,,0,0,,,,,0,,,0,0,3184.51924484875,3419.51924484875
20261008,108320,"LX세미콘",KOSPI,37600.0,0.0,"디스플레이장비및부품",13.61,35.7245679,611537680000.0,38500.0,-2.33766233766234,,58.4498094027954,27.2503082614057,10.0,40.3757909714115,0,3,0,87,"없음",45,-24.1935483870968,35,,,,0,0,,,,,1,37300.0,"저항→지지",0,0,35479.1738381668,39579.1738381668
20261008,108380,"대양전기공업",KOSDAQ,17780.0,-1.66,"조선",2.38,4.62473219,170107180740.0,18970.0,-6.43120716921455,,62.2934401602404,24.2014076881429,10.0,35.1129576733316,0,3,0,95,"없음",46,-27.5510204081633,30,,,,0,0,,,,,0,,,0,0,18220.9832386332,18220.9832386332
20261008,108490,"로보티즈",KOSDAQ,297500.0,-2.62,"기계",769.0,1034.49508475,4363440830000.0,352000.0,-15.3409090909091,,40.3115264797508,36.6053169734151,10.4,81.9939876049996,2,1,0,57,"관망",40,17.3228346456693,88,20260904,22.5352112676056,6.40254181062233,0,0,,,,,1,272000.0,"저항→지지",0,0,309052.537875514,309052.537875514
20261008,108670,"LX하우시스",KOSPI,32250.0,-1.23,"건축자재",3.6,5.176344375,289207357500.0,35850.0,-10.3207810320781,,46.875,9.2511013215859,9.2,48.9542319447121,3,2,0,84,"없음",54,15.0268336314848,87,,,,0,0,,,,,0,,,0,0,33746.419304432,33746.419304432
20261008,108860,"셀바스AI",KOSDAQ,8780.0,-2.12,"건강관리장비와용품",9.98,18.686780255,236311856200.0,9520.0,-8.19327731092437,,74.1767764298094,18.0758017492711,6.2,16.4426284101301,0,3,0,95,"없음",48,-31.0725552050473,24,20260804,12.3711340206186,3.61620749522876,0,0,,,,,1,8620.0,"지지 재탈환",0,0,8645.92862616578,11045.9286261658
20261008,109080,"옵티시스",KOSDAQ,9470.0,-4.34,"통신장비",1.64,3.57561564,53372920000.0,10780.0,-13.4508348794063,,16.1795407098121,14.5723336853221,7.2,84.3715310071705,2,1,0,41,"없음",32,-11.8980169971671,57,,,,0,0,,,,,1,8830.0,"저항→지지",0,0,9722.97009400783,9722.97009400783
20261008,109610,"에스와이",KOSDAQ,1866.0,0.81,"건축자재",1.6,1.665894699,91261208400.0,2005.0,-6.88279301745636,,68.5507246376812,16.1274509803922,7.2,58.4724872301577,0,2,0,79,"없음",45,-29.812030075188,26,20260707,29.9492385786802,5.65360585696803,0,0,,,,,0,,,0,0,1904.87717915157,1934.87717915157
20261008,109740,"디에스케이",KOSDAQ,3900.0,-2.38,"전자장비와기기",0.56,0.8870325725,100270521000.0,4995.0,-22.8228228228228,,48.8532110091743,32.1100917431193,7.4,59.7809083900049,0,2,0,50,"없음",32,-31.6489361702128,24,20260605,16.6666666666667,3.44928318868531,0,0,,,,,0,,,0,0,4287.17955274238,4742.17955274238
20261008,109820,"진매트릭스",KOSDAQ,1721.0,-8.02,"생물공학",4.84,5.072554825,35097454440.0,1895.0,-8.86543535620053,,19.2325056433409,28.5119047619048,10.0,125.623034600879,0,1,0,44,"없음",29,-10.3322949117342,60,20261007,14.8949320148331,33.7152079315083,0,0,,,,,1,1680.0,"저항→지지",0,0,1745.75044409811,1745.75044409811
20261008,109860,"동일금속",KOSDAQ,7540.0,0.4,"기계",0.06,0.183730635,68614000000.0,7800.0,-3.33333333333333,,3.8961038961039,9.11392405063291,4.0,20.235527376517,2,1,0,62,"없음",37,7.40740740740741,81,,,,1,0,,,,,1,7390.0,"저항→지지",0,0,7434.22390297422,7434.22390297422
20261008,109960,"앱토크롬",KOSDAQ,1927.0,2.77,"제약",0.02,0.052671385,29159812991.0,2005.0,-3.89027431421446,,47.6089266737513,27.399577167019,6.2,22.2788703612021,0,1,0,79,"없음",31,-43.8519813519814,11,,,,1,0,,,,,0,,,0,0,1841.13876253301,2201.13876253301
20261008,110020,"전진바이오팜",KOSDAQ,2050.0,-0.24,"가정용품",0.39,0.299167047,18570462100.0,2300.0,-10.8695652173913,,31.7033678756477,33.3333333333333,10.2,157.247619094671,0,2,0,68,"없음",37,-1.44230769230769,73,20260814,11.5017579105977,4.05324295979996,0,0,,,,,1,2010.0,"저항→지지",0,0,2030.11294587395,2030.11294587395
20261008,110790,"크리스에프앤씨",KOSDAQ,3000.0,0.84,"섬유,의류,신발,호화품",0.09,0.1007356325,70292880000.0,3835.0,-21.7731421121252,,6.46258503401361,19.0705128205128,9.4,48.7370195462793,0,2,0,57,"없음",28,-21.259842519685,40,,,,1,0,,,,,0,,,0,0,3542.41922330706,3542.41922330706
20261008,110990,"디아이티",KOSDAQ,18890.0,-0.05,"반도체와반도체장비",13.95,13.564849135,357021000000.0,19670.0,-3.96542958820539,,51.6600790513834,20.327868852459,6.8,98.513301814859,2,3,0,89,"없음",44,4.65373961218837,79,,,,0,0,,,,,1,18030.0,"저항→지지",0,0,17800.7457344709,17800.7457344709
20261008,111110,"호전실업",KOSPI,6440.0,2.06,"섬유,의류,신발,호화품",0.15,0.346054635,58385040000.0,6590.0,-2.42792109256449,,23.4806629834254,10.3649635036496,10.0,31.9274515676794,0,2,0,65,"없음",43,-10.0699300699301,60,,,,0,0,,,,,1,6390.0,"지지 재탈환",0,0,6241.44208871977,6601.44208871977
20261008,111380,"동인기연",KOSPI,12730.0,-0.7,"섬유,의류,신발,호화품",0.14,0.47258652,78009440000.0,14460.0,-11.6874135546335,,0.0,16.3333333333333,6.8,16.5421847082392,0,2,0,69,"없음",45,-7.39666424945613,65,20260814,8.75471698113208,10.959423203477,0,0,,,,,0,,,0,0,13437.4608004143,13977.4608004143
20261008,111710,"남화산업",KOSDAQ,3195.0,1.43,"호텔,레스토랑,레저",0.86,1.57746006,65778660000.0,3565.0,-10.6591865357644,,89.2788593364409,23.5668789808917,7.4,9.87495937263492,0,1,0,76,"없음",33,-17.9123711340206,47,20260811,17.9930795847751,10.6881736812036,1,0,,,,,0,,,0,0,3164.71662924715,3524.71662924715
20261008,111770,"영원무역",KOSPI,71200.0,0.56,"섬유,의류,신발,호화품",60.46,41.99741905,3154976521600.0,77500.0,-8.64516129032258,,60.3529411764706,29.0772532188841,7.4,129.394688013891,0,2,0,64,"없음",37,-12.2676579925651,57,20260702,11.9946091644205,2.60577867450148,0,0,,,,,1,69000.0,"지지 재탈환",0,0,70416.7586648646,89016.7586648646
20261008,112040,"위메이드",KOSDAQ,15650.0,-1.26,"게임엔터테인먼트",29.12,31.951198385,531293758950.0,15780.0,-1.64765525982256,,78.5389425810119,30.0485436893204,7.6,94.6941507588734,0,2,0,69,"관망",44,-23.358024691358,36,20260811,13.4248210023866,5.52877974613825,0,0,,,,,0,,,0,0,15572.9247649034,19152.9247649034
20261008,112290,"와이씨켐",KOSDAQ,12380.0,-0.32,"반도체와반도체장비",29.92,25.03141018,250337094200.0,13110.0,-5.18688024408848,,28.6849710982659,22.927241962775,6.8,167.275039747359,3,2,0,68,"없음",52,9.96107572540694,83,20260930,15.5188246097337,12.1123784999275,0,0,,,,,1,10780.0,"저항→지지",0,0,11695.8283817048,11695.8283817048
20261008,112610,"씨에스윈드",KOSPI,55400.0,-3.15,"에너지장비및서비스",176.46,197.572306175,2336295726200.0,54200.0,2.2140221402214,2.02952029520295,13.5260115606936,12.5486381322957,5.2,84.5033301278627,3,2,0,68,"수축중",58,-14.6379044684129,53,20260616,29.8285714285714,6.61074533555829,0,0,20261002,54200.0,55300.0,105.188169696125,1,54200.0,"저항→지지",0,0,52269.9245265009,52269.9245265009
20261008,113810,"디젠스",KOSDAQ,3175.0,1.11,"자동차부품",0.22,0.6604827875,20718811750.0,3180.0,-2.51572327044025,3.30188679245283,6.71641791044775,15.017667844523,6.8,22.3246713363357,0,3,0,82,"없음",43,-10.9195402298851,59,20260826,11.8908382066277,4.01035256590188,0,0,20261006,3180.0,3285.0,233.328068820183,1,3065.0,"저항→지지",0,0,3247.8822631105,3247.8822631105
20261008,114090,GKL,KOSPI,8570.0,-0.35,"호텔,레스토랑,레저",5.34,7.966334115,530103091900.0,9760.0,-11.4754098360656,,63.9484978540773,15.1020408163265,9.8,57.936880378127,0,2,0,81,"없음",30,-25.3886010362694,33,,,,0,0,,,,,0,,,0,0,9111.4084314608,9361.4084314608
20261008,114190,"강원에너지",KOSDAQ,9080.0,-1.3,"전자장비와기기",8.65,9.025116985,237197185040.0,9800.0,-7.6530612244898,,54.7122602168474,30.1734104046243,10.2,77.3297262013833,0,1,0,59,"없음",29,-33.7966349670812,21,20260825,8.67526377491208,2.55942862252896,0,0,,,,,1,8860.0,"저항→지지",0,0,8872.78982780092,9222.78982780092
20261008,114450,"그린생명과학",KOSDAQ,2410.0,-5.86,"제약",11.83,8.84578874,48200000000.0,2265.0,5.07726269315673,1.54525386313466,25.0526315789474,16.2162162162162,6.8,190.937696770394,0,2,0,53,"없음",35,-7.93036750483559,64,20261007,9.56521739130434,113.050555799048,0,0,20261006,2265.0,2300.0,37.2613417355981,1,2265.0,"저항→지지",0,0,2616.7837865138,2616.7837865138
20261008,114630,"폴라리스우노",KOSDAQ,1589.0,-0.06,"섬유,의류,신발,호화품",0.24,1.0942401235,27386809072.0,1790.0,-11.6759776536313,,22.316986496091,27.8080697928026,12.4,18.5459251750487,0,2,0,73,"없음",45,-33.1501057082452,22,20260915,9.3989769820972,14.0232102017775,0,0,,,,,1,1509.0,"저항→지지",0,0,1629.23638092422,1629.23638092422
20261008,114810,"한솔아이원스",KOSDAQ,14640.0,0.07,"반도체와반도체장비",23.35,29.33890623,412016067360.0,16110.0,-9.24891371818746,,34.7447795823666,46.5909090909091,11.6,51.6858142576471,3,1,0,61,"없음",44,12.4615384615385,85,20260923,8.29015544041452,2.56145858597825,0,0,,,,,1,13470.0,"저항→지지",0,0,14341.6173200949,14341.6173200949
20261008,114840,"아이패밀리에스씨",KOSDAQ,8000.0,-4.31,"화장품",4.58,2.25376926,133451080000.0,10310.0,-22.5024248302619,,61.2009237875289,28.7861271676301,10.0,131.339899873454,0,1,0,63,"없음",22,-27.0319634703196,30,,,,0,0,,,,,0,,,0,0,8635.88080717888,9595.88080717888
20261008,115160,"휴맥스",KOSDAQ,5560.0,-2.11,"전자제품",0.27,0.475242015,23949883480.0,6090.0,-9.688013136289,,31.740614334471,30.7142857142857,10.4,43.7571169611596,0,1,0,71,"없음",29,-17.910447761194,47,20260827,9.84251968503937,3.66890659836242,0,0,,,,,0,,,0,0,5298.5077540946,6208.5077540946
20261008,115180,"큐리언트",KOSDAQ,22250.0,-8.06,"제약",44.48,24.012451225,835134859750.0,25800.0,-13.3720930232558,,46.7881112176414,20.952380952381,4.0,107.530633483799,0,2,0,85,"없음",39,-38.1742738589212,16,20260904,17.3027989821883,2.63418674476047,0,0,,,,,0,,,0,0,22243.4176854114,25343.4176854114
20261008,115310,"인포바인",KOSDAQ,9590.0,0.1,"IT서비스",0.32,0.463012,142234554910.0,9900.0,-3.13131313131313,,27.4175199089875,25.8578431372549,15.8,49.43028503423,0,2,0,61,"없음",45,-27.3484848484849,30,20260806,12.5175808720112,4.00783835371983,0,0,,,,,1,9570.0,"저항→지지",0,0,9424.64966195281,9424.64966195281
20261008,115440,"우리넷",KOSDAQ,10930.0,-4.96,"통신장비",37.6,300.808842285,117981611560.0,13280.0,-17.4698795180723,,14.6829268292683,17.9926560587515,7.2,30.7700448014805,3,1,0,48,"관망",44,3.29877474081056,78,20260923,22.4242424242424,4.58938388350113,0,0,,,,,1,10950.0,"저항→지지",0,0,11310.1364126084,11310.1364126084
20261008,115450,"HLB테라퓨틱스",KOSDAQ,3180.0,8.53,"제약",298.97,32.844214462,301092874920.0,2965.0,7.5885328836425,7.5885328836425,0.0,17.1677559912854,4.8,1404.99028797142,2,1,0,41,"관망",33,7.5885328836425,82,20261008,11.1498257839721,12.7104714943582,0,0,20261008,2965.0,3190.0,1811.88097819364,1,2110.0,"저항→지지",1,1,2656.54289622482,2656.54289622482
20261008,115480,"씨유메디칼",KOSDAQ,2315.0,5.71,"건강관리장비와용품",0.2,0.2690093225,28069168965.0,2530.0,-10.2766798418972,,8.0,18.9189189189189,2.8,44.9077694466167,0,2,0,51,"없음",45,-6.39175257731959,67,20260818,15.2049818370524,23.6705743540696,0,0,,,,,1,2225.0,"지지 재탈환",0,0,2249.79578849354,2249.79578849354
20261008,115500,"케이씨에스",KOSDAQ,11470.0,-3.94,"IT서비스",31.62,79.82396917,137640000000.0,13390.0,-15.1605675877521,,5.87803085966201,18.3282980866062,7.2,86.1928853491607,3,2,0,61,"수축중",47,29.2377701934016,91,20261006,17.1717171717172,8.67541030653932,0,0,,,,,1,11300.0,"저항→지지",0,0,11705.1323351971,11705.1323351971
20261008,115530,"씨엔플러스",KOSDAQ,2840.0,-1.73,"에너지장비및서비스",0.4,1.18158308,24373036200.0,3300.0,-13.9393939393939,,1.81818181818182,27.9585798816568,4.6,36.3680008085708,1,2,0,48,"없음",35,-5.96026490066225,67,20260921,10.9259259259259,2.74619092486836,0,0,,,,,1,2655.0,"지지 재탈환",0,0,2751.81642631972,2831.81642631972
20261008,115570,"스타플렉스",KOSDAQ,2775.0,2.78,"화학",0.14,0.332703745,22157009700.0,2950.0,-5.93220338983051,,34.5276872964169,16.5991902834008,8.0,23.0594244755789,1,3,0,81,"없음",54,-6.72268907563025,66,20260610,12.9166666666667,3.5010251953261,1,0,,,,,1,2725.0,"저항→지지",0,0,2616.27674335892,2646.27674335892
20261008,115610,"이미지스",KOSDAQ,1780.0,-7.44,"핸드셋",1.76,2.344844936,21037408820.0,2100.0,-14.1428571428571,,39.2392717815345,28.0540540540541,8.4,95.0644237919238,0,2,0,55,"없음",30,-26.9744835965978,31,20261006,17.5151515151515,31.221639856235,0,0,,,,,1,1662.0,"저항→지지",0,0,1811.47686342262,1811.47686342262
20261008,117580,"대성에너지",KOSPI,7070.0,0.14,"가스유틸리티",3.1,29.44466705,194425000000.0,8790.0,-19.226393629124,,57.6271186440678,22.6118500604595,17.8,24.1845329456195,0,1,0,49,"없음",26,-26.3485477178423,32,,,,0,0,,,,,1,7000.0,"저항→지지",0,0,8329.62783215822,8329.62783215822
20261008,117670,"알파칩스",KOSDAQ,12850.0,-4.1,"반도체와반도체장비",105.25,24.337326675,85603384700.0,14930.0,-12.926992632284,,17.9154658981748,21.9938335046249,8.8,880.78920693892,2,1,0,42,"없음",39,-6.54205607476635,66,20261007,29.9709020368574,4.95635358816761,0,0,,,,,1,8450.0,"저항→지지",0,0,12660.0982047115,12660.0982047115
20261008,117730,"티로보틱스",KOSDAQ,14280.0,-2.92,"기계",7.39,19.134261,322128854040.0,15360.0,-7.03125,,42.8496868475992,25.5522827687776,10.4,47.2532869154289,0,2,0,68,"없음",32,-22.3068552774755,38,20260528,9.38383267382703,6.22004795605568,0,0,,,,,1,13860.0,"저항→지지",0,0,13786.6960554962,14726.6960554962
20261008,118000,"메타케어",KOSPI,1220.0,1.75,"제약",0.33,0.3060942435,26908057700.0,1399.0,-15.5110793423874,,35.0093109869646,28.4177215189873,12.0,123.729775026248,0,1,0,56,"없음",22,-49.2703862660944,7,,,,0,0,,,,,0,,,0,0,1211.3009474569,1412.3009474569
20261008,118990,"모트렉스",KOSDAQ,6200.0,0.16,"자동차부품",1.73,4.66330713,152131700200.0,6810.0,-9.69162995594714,,40.5959031657356,15.8576051779935,7.0,28.3838737061391,0,3,0,83,"없음",44,-24.7246022031824,34,,,,0,0,,,,,0,,,0,0,6416.05710709937,6416.05710709937
20261008,119500,"포메탈",KOSDAQ,2365.0,0.0,"기계",0.59,0.89390643,28018703680.0,2485.0,-5.43259557344064,,46.4125560538117,18.111753371869,10.2,72.2394191501426,0,3,0,89,"없음",36,-36.5721997300945,18,,,,0,0,,,,,0,,,0,0,2320.80915224437,2465.80915224437
20261008,119610,"인터로조",KOSDAQ,16870.0,-1.8,"건강관리장비와용품",7.31,6.05377643,192549911890.0,17260.0,-2.31749710312862,,21.4046822742475,24.0831295843521,11.6,89.7161160404118,1,3,0,84,"없음",43,-10.3191489361702,60,20261002,9.2130518234165,5.82574014691905,0,0,,,,,1,14980.0,"저항→지지",0,0,15703.9865254467,15703.9865254467
20261008,119830,"아이텍",KOSDAQ,6600.0,0.15,"반도체와반도체장비",5.9,8.338032485,175154337600.0,7050.0,-6.52482269503546,,30.7221542227662,24.966078697422,4.6,48.1701577358755,1,2,0,74,"없음",45,9.65058236272879,83,20260811,23.9089184060721,3.1364124402892,0,0,,,,,1,6410.0,"저항→지지",0,0,6148.39482995532,6728.39482995532
20261008,119850,"지엔씨에너지",KOSDAQ,48100.0,-6.96,"전기장비",230.28,342.935399475,791192522900.0,59000.0,-18.3898305084746,,49.2537313432836,30.5172413793103,8.0,58.9570633175747,4,2,0,75,"수축중",65,55.8252427184466,95,20260804,21.9047619047619,3.88958645384063,0,0,,,,,1,47550.0,"지지 재탈환",0,0,50654.7781331562,50654.7781331562
20261008,120030,"조선선재",KOSPI,83000.0,1.34,"철강",0.32,0.2897365,104385033000.0,85400.0,-3.39578454332553,,27.3109243697479,13.4396355353075,11.8,90.756835053413,0,3,0,94,"없음",39,-14.2411642411642,53,,,,0,0,,,,,1,81700.0,"지지 재탈환",0,0,81167.7991393486,81967.7991393486
20261008,120110,"코오롱인더",KOSPI,56000.0,0.0,"화학",116.17,105.00435225,1676977792000.0,60400.0,-7.78145695364238,,51.9057519057519,19.4762684124386,7.6,114.200837397151,2,2,0,56,"관망",47,-29.7604035308953,26,,,,0,0,,,,,0,,,0,0,54033.9442379927,56333.9442379927
20261008,120240,"대정화금",KOSDAQ,14630.0,-0.95,"화학",0.97,0.991073425,105195420330.0,15100.0,-2.25165562913907,,17.7897574123989,7.69736842105263,6.4,52.0676324729587,5,2,0,84,"없음",66,7.5801749271137,82,,,,0,0,,,,,1,14600.0,"지지 재탈환",0,0,14475.2391011672,14475.2391011672
20261008,121440,"골프존홀딩스",KOSDAQ,7770.0,1.44,"레저용장비와제품",0.49,2.09423849,332842075860.0,8440.0,-7.93838862559242,,57.3226544622426,17.9640718562874,5.2,5.12543698045527,5,2,0,78,"없음",70,63.5789473684211,96,20260907,14.1843971631206,3.40627223093603,0,0,,,,,1,7690.0,"지지 재탈환",0,0,7799.45806976463,7799.45806976463
20261008,121600,"나노신소재",KOSDAQ,63400.0,1.28,"화학",52.37,44.681442975,777422909400.0,65400.0,-3.21100917431193,,35.0043975373791,25.8928571428571,10.2,127.796804676978,1,3,0,76,"관망",45,-0.31496062992126,74,20261006,8.08080808080809,2.72732634498394,0,0,,,,,1,53500.0,"저항→지지",0,0,59753.4100688868,59753.4100688868
20261008,121890,"에스디시스템",KOSDAQ,2855.0,-0.7,"운송인프라",3.71,1.661893865,37947078330.0,3010.0,-5.14950166112957,,26.335990552111,21.3507625272331,8.8,184.15870354015,5,2,0,68,"없음",62,77.3291925465838,97,20260820,12.2881355932203,6.13150636521509,0,0,,,,,1,2790.0,"저항→지지",0,0,2627.76111679744,2627.76111679744
20261008,122310,"제노레이",KOSDAQ,3335.0,0.6,"건강관리장비와용품",0.13,0.215404065,48537069740.0,3590.0,-5.57103064066852,,26.4388489208633,13.1284916201117,10.0,16.517747601635,0,2,0,79,"없음",43,-21.1627906976744,40,,,,0,0,,,,,0,,,0,0,3295.55171762613,3600.55171762613
20261008,122350,"삼기",KOSDAQ,1728.0,7.66,"자동차부품",377.64,34.6225398125,66250531584.0,1730.0,-0.0578034682080925,,68.2960651759404,22.6114649681529,7.2,815.079204577427,3,2,0,61,"수축중",54,24.1206030150754,90,20260626,29.9787384833451,13.3645522118501,1,0,,,,,0,,,0,0,1550.35961996143,1974.35961996143
20261008,122450,KX,KOSDAQ,2505.0,0.8,"복합기업",0.75,0.69352172,112273684170.0,2995.0,-16.6944908180301,,18.6219739292365,19.0317195325543,2.8,100.294762538418,0,2,0,49,"없음",30,-17.2470978441128,48,,,,0,0,,,,,0,,,0,0,2707.89829068302,2707.89829068302
20261008,122640,"예스티",KOSDAQ,32350.0,1.73,"반도체와반도체장비",66.13,113.873661875,700420363750.0,34900.0,-7.73638968481375,,60.5533596837945,50.3782148260212,11.2,52.9625340163847,4,2,0,63,"수축중",57,68.8515993707394,96,20260618,18.4249628528975,16.12677507699,0,0,,,,,1,31600.0,"저항→지지",0,0,30526.4329572319,30526.4329572319
20261008,122690,"서진오토모티브",KOSDAQ,1600.0,0.57,"자동차부품",0.2,0.2905822975,36926665600.0,1750.0,-8.57142857142857,,50.7765023632681,15.1862464183381,9.6,43.2820201248852,0,2,0,80,"없음",39,-33.8842975206612,21,,,,0,0,,,,,0,,,0,0,1621.8490662113,1766.8490662113
20261008,122870,"와이지엔터테인먼트",KOSDAQ,40650.0,-2.05,"방송과엔터테인먼트",31.07,45.99584865,759791141850.0,45450.0,-11.001100110011,,49.0011750881316,18.1384248210024,9.8,64.3739507660937,0,2,0,73,"관망",35,-20.3740157480315,42,,,,0,0,,,,,0,,,0,0,41954.329726716,41954.329726716
20261008,122900,"아이마켓코리아",KOSPI,8190.0,-0.49,"상업서비스와공급품",4.06,3.90161631,273782199600.0,8570.0,-4.31738623103851,,26.5993265993266,12.4523506988564,15.8,70.6271056674677,4,1,0,75,"없음",47,11.2618724559023,84,,,,0,0,,,,,0,,,0,0,8236.4930126734,8236.4930126734
20261008,122990,"와이솔",KOSDAQ,6190.0,-3.13,"핸드셋",2.7,5.11156623,158761609010.0,6850.0,-8.17518248175183,,42.6262626262626,16.3492063492063,10.4,66.652583761466,2,3,0,86,"없음",46,-2.17729393468118,72,,,,0,0,,,,,1,6160.0,"저항→지지",0,0,6544.05610136071,6544.05610136071
20261008,123010,MSDI,KOSDAQ,4790.0,3.34,"핸드셋",22.86,14.9663230075,96833523930.0,4600.0,4.67391304347826,2.71739130434783,0.0,42.7067669172932,9.8,195.777739113024,4,1,0,43,"없음",43,113.525498891353,98,20261001,11.7216117216117,2.82848203386752,0,0,20261007,4600.0,4725.0,223.81439954805,1,4600.0,"저항→지지",0,0,4122.09962020193,4122.09962020193
20261008,123040,"엠에스오토텍",KOSDAQ,1723.0,0.29,"자동차부품",0.92,1.0932548265,107908559177.0,1765.0,-1.64305949008499,,29.3627159023228,19.6517412935323,7.0,28.3088203451176,0,3,0,90,"없음",46,-21.447963800905,39,,,,1,0,,,,,1,1654.0,"지지 재탈환",0,0,1593.81534020904,1838.81534020904
20261008,123330,"제닉",KOSDAQ,21950.0,-0.23,"화장품",35.45,58.717327175,174912526000.0,38900.0,-43.7017994858612,,66.6494312306101,22.7777777777778,10.6,54.8098605831594,3,1,0,49,"관망",48,-32.4074074074074,23,20260626,8.74704491725769,3.86391008328165,0,0,,,,,0,,,0,0,27835.1995611529,35085.1995611529
20261008,123410,"코리아에프티",KOSDAQ,5500.0,-3.34,"자동차부품",3.92,3.11986218,153125852000.0,6270.0,-12.1212121212121,,40.3883495145631,13.562091503268,7.6,89.8803212596425,0,2,0,84,"없음",30,-16.2613981762918,50,,,,0,0,,,,,0,,,0,0,5804.51098305687,5804.51098305687
20261008,123420,"위메이드플레이",KOSDAQ,6420.0,0.63,"게임엔터테인먼트",0.59,2.116698975,66774683220.0,6830.0,-6.1493411420205,,63.6443661971831,20.1324503311258,7.6,25.6907408614479,0,3,0,92,"없음",49,-6.1493411420205,67,20260811,8.4664536741214,20.2589001730349,0,0,,,,,1,6400.0,"저항→지지",0,0,6263.14321937175,6913.14321937175
20261008,123570,"이엠넷",KOSDAQ,1622.0,-0.31,"광고",0.08,0.0533999425,36131798516.0,1878.0,-13.8445154419595,,4.57364341085271,10.8187134502924,9.6,79.9199391086178,0,1,0,61,"없음",26,-12.7762803234501,55,,,,0,0,,,,,0,,,0,0,1745.00649357963,1745.00649357963
20261008,123690,"한국화장품",KOSPI,6430.0,-2.43,"화장품",3.94,17.94541276,103317240000.0,7650.0,-16.3398692810458,,46.6338259441708,31.4944134078212,12.2,30.7032433507067,0,2,0,74,"없음",38,-17.7377892030848,47,,,,0,0,,,,,0,,,0,0,7026.02494607012,7026.02494607012
20261008,123700,SJM,KOSPI,3220.0,-1.23,"자동차부품",0.51,0.3454922825,50247771560.0,3560.0,-9.26966292134832,,16.8859649122807,8.7719298245614,9.8,139.719212584435,0,1,0,62,"없음",25,-8.23863636363636,64,,,,0,0,,,,,0,,,0,0,3441.41897185639,3441.41897185639
20261008,123750,"알톤",KOSDAQ,1722.0,-0.63,"레저용장비와제품",0.11,0.366100425,23796763998.0,2100.0,-17.7619047619048,,50.7899807321773,30.9635974304069,9.8,31.8185730786246,2,1,0,57,"없음",40,-38.6500888099467,16,20260701,13.5278514588859,9.96015532712008,0,0,,,,,0,,,0,0,1914.92504187612,2149.92504187612
20261008,123840,"뉴온",KOSDAQ,1719.0,3.55,"건강관리업체및서비스",0.09,0.444950123,26735692950.0,2050.0,-16.1463414634146,,41.241890639481,33.5913978494624,8.0,27.8965761895034,0,1,0,59,"없음",30,-71.2445633991301,2,20260918,16.3746223564955,5.41700840236188,0,0,,,,,0,,,0,0,1727.74626073065,2002.74626073065
20261008,123860,"아나패스",KOSDAQ,13030.0,2.36,"디스플레이장비및부품",0.71,1.513196325,157968097450.0,14190.0,-8.17477096546864,,47.2169632714881,26.1675824175824,11.6,35.1354797577303,0,1,0,83,"없음",25,-21.6476247745039,39,,,,0,0,,,,,1,12920.0,"지지 재탈환",0,0,13090.0275420308,13770.0275420308
20261008,123890,"한국자산신탁",KOSPI,2420.0,0.21,"부동산",1.23,3.157497725,296144900920.0,2695.0,-10.0185528756957,,54.0455616653574,7.54310344827586,9.8,27.2968782216334,1,1,0,66,"없음",34,-5.0880626223092,68,,,,0,0,,,,,0,,,0,0,2505.12539055198,2585.12539055198
20261008,124500,"아이티센글로벌",KOSDAQ,26200.0,-6.26,"IT서비스",66.39,76.524902975,607958607400.0,30350.0,-13.673805601318,,61.8049225159526,19.6296296296296,8.2,60.9325181881493,2,1,0,52,"관망",43,-45.130890052356,10,20260824,16.4362519201229,7.48247045747446,0,0,,,,,0,,,0,0,31119.9243759709,37469.9243759709
20261008,124560,"태웅로직스",KOSDAQ,1942.0,-1.97,"해운사",0.4,0.447514194,75195814962.0,2080.0,-6.25,,30.2943287867911,27.2445820433437,11.6,47.6780217674184,0,1,0,76,"없음",31,-25.4302103250478,33,,,,0,0,,,,,0,,,0,0,1942.38388023677,1942.38388023677
20261008,125020,"티씨머티리얼즈",KOSDAQ,5920.0,-3.58,"전기장비",25.06,50.913561095,207428216000.0,6710.0,-11.7734724292101,,37.9310344827586,25.1127819548872,7.2,57.8962225008758,2,2,0,73,"관망",47,31.8485523385301,92,20260918,8.82852292020373,4.25903603907693,0,0,,,,,0,,,0,0,5964.37010063543,5964.37010063543
20261008,125210,"아모그린텍",KOSDAQ,6820.0,6.9,"화학",25.65,16.655375,112508107800.0,6580.0,2.27963525835866,2.27963525835866,25.6944444444444,18.6520376175549,7.2,242.64126948516,1,1,0,57,"없음",38,-14.1581632653061,53,20260916,9.6774193548387,26.2619610936573,1,0,20261008,6580.0,6730.0,252.804463715162,1,6095.0,"저항→지지",0,0,5993.12627740428,5993.12627740428
20261008,125490,"한라캐스트",KOSDAQ,12670.0,-1.78,"자동차부품",106.19,241.72439818,462484799840.0,14110.0,-10.2055279943303,,15.5057540884312,31.1363636363636,10.4,44.9127812915623,0,2,0,65,"관망",39,-8.18840579710145,64,20260915,13.3990147783251,2.6630224310644,0,0,,,,,1,11840.0,"저항→지지",0,0,12214.0414015143,12214.0414015143
20261008,126340,"비나텍",KOSDAQ,88000.0,-7.07,"전기장비",109.93,131.5754884,631876432000.0,96700.0,-9.20372285418821,,46.4056107539451,32.3565323565324,7.2,108.857991505787,2,2,0,61,"관망",46,-24.764353041988,34,20260916,16.4634146341463,7.11194336835725,0,0,,,,,1,71900.0,"저항→지지",0,0,84404.0634279209,84404.0634279209
20261008,126560,"현대퓨처넷",KOSPI,3385.0,0.3,"화장품",1.34,1.954552665,369645520400.0,3570.0,-5.32212885154062,,10.077519379845,7.12166172106825,7.6,44.3502939307013,4,1,0,74,"없음",51,4.0,79,20260803,8.14940577249576,5.7732509684154,1,0,,,,,1,3305.0,"저항→지지",0,0,3363.54401915342,3363.54401915342
20261008,126600,"BGF에코머티리얼즈",KOSDAQ,3640.0,10.98,"화학",46.11,9.772438105,228471512360.0,3335.0,9.74512743628186,6.89655172413793,12.2330097087379,16.8918918918919,9.8,941.392390649793,1,1,0,61,"없음",36,-15.765247410817,51,20261007,10.5426356589147,56.9422614259893,0,0,20261007,3335.0,3565.0,5951.26499448619,1,3125.0,"저항→지지",0,0,3660.75708658337,3660.75708658337
20261008,126640,"화신정공",KOSDAQ,3775.0,-0.26,"자동차부품",16.88,31.476019285,132336060250.0,4030.0,-5.83126550868486,,66.1176470588235,30.0,4.2,29.6106234003792,4,2,0,65,"수축중",67,157.987763426241,98,20260819,29.794933655006,7.81920136804579,0,0,,,,,1,3730.0,"지지 재탈환",0,0,4310.97708740247,4955.97708740247
20261008,126700,"하이비젼시스템",KOSDAQ,12520.0,0.72,"핸드셋",9.97,4.87819751,187075242240.0,12800.0,-2.578125,,37.9543533389687,22.2546161321672,9.8,116.99459601349,0,2,0,67,"없음",33,-21.0759493670886,41,,,,0,0,,,,,1,11800.0,"저항→지지",0,0,11708.2570417805,11708.2570417805
20261008,126720,"수산인더스트리",KOSPI,21200.0,-2.53,"에너지장비및서비스",6.53,4.973021425,302863200000.0,22800.0,-7.23684210526316,,54.1062801932367,14.9068322981366,7.2,142.562984827783,2,3,0,90,"없음",46,-18.1818181818182,46,,,,0,0,,,,,0,,,0,0,21700.0574897903,22800.0574897903
20261008,126730,"코칩",KOSDAQ,24500.0,-2.0,"전기제품",38.31,162.0221871,214868087000.0,26200.0,-7.63358778625954,,25.3812636165577,28.9032258064516,7.2,20.6332447080802,4,2,0,68,"수축중",67,44.4776119402985,94,20260911,10.3626943005181,3.17384071867857,0,0,,,,,1,23600.0,"저항→지지",0,0,22262.210271059,22262.210271059
20261008,126880,"제이엔케이글로벌",KOSDAQ,2735.0,-0.55,"석유와가스",1.93,1.19596755,63364816405.0,2720.0,0.735294117647059,1.65441176470588,34.0110905730129,31.1428571428571,7.6,64.237046221973,0,2,0,84,"없음",43,-23.0337078651685,37,,,,0,0,20261001,2720.0,2765.0,93.43941538758,1,2720.0,"저항→지지",0,0,2602.54842577901,3252.54842577901
20261008,127120,"제이에스링크",KOSDAQ,28400.0,1.97,"생명과학도구및서비스",53.13,64.679403375,1059119978800.0,34850.0,-18.2209469153515,,44.8084910013844,39.7701149425287,7.2,105.143059055654,2,2,0,54,"관망",42,-26.5463917525773,31,20260904,12.3745819397993,2.98816450217278,0,0,,,,,0,,,0,0,30142.0814943049,38792.0814943049
20261008,127710,"아시아경제",KOSDAQ,1434.0,0.99,"출판",1.82,1.1789326975,63166567140.0,1487.0,-4.37121721587088,,2.37027546444586,22.5361366622865,2.0,148.159621291631,4,2,0,70,"없음",57,-15.5581947743468,51,20260916,9.46073793755913,8.45208491387788,0,0,,,,,1,1032.0,"저항→지지",0,0,1371.25957491704,1371.25957491704
20261008,127980,"화인써키트",KOSDAQ,2955.0,0.68,"전자장비와기기",0.35,0.2645385625,34989221220.0,2825.0,3.00884955752212,4.07079646017699,13.7199434229137,69.2061459667093,21.2,125.345444041969,0,2,0,55,"없음",32,-41.566265060241,13,,,,0,0,20261006,2825.0,2940.0,263.069164384355,1,2825.0,"저항→지지",0,0,2792.66138815411,2852.66138815411
20261008,128540,"에코캡",KOSDAQ,1107.0,0.0,"자동차부품",0.2,0.674240262,29546339220.0,1235.0,-9.31174089068826,,36.1533377395902,25.6934306569343,10.6,40.1384503802772,0,3,0,76,"없음",35,-36.7231638418079,18,20260629,8.80000000000001,3.32300065766148,0,0,,,,,0,,,0,0,1095.12575030089,1286.12575030089
20261008,128660,"피제이메탈",KOSDAQ,2880.0,0.35,"비철금속",1.04,1.44498138,71433702720.0,2930.0,-1.5358361774744,,45.7534246575343,16.2406015037594,7.6,27.4369410159155,2,2,0,85,"없음",57,-10.1246105919003,60,20260811,10.7142857142857,53.086581695864,1,0,,,,,1,2870.0,"지지 재탈환",0,0,2842.53982067911,3167.53982067911
20261008,128820,"대성산업",KOSPI,4565.0,-8.7,"석유와가스",235.42,34.3358981425,206499957070.0,4650.0,-2.04301075268817,8.81720430107527,0.0,16.9177288528389,10.0,1365.39379684658,0,1,0,47,"없음",35,-29.3798449612403,26,20261007,19.6217494089834,52.791428735358,0,0,20261007,4650.0,5060.0,5398.53475294935,1,4235.0,"저항→지지",0,0,4739.84656675396,4739.84656675396
20261008,128940,"한미약품",KOSPI,481000.0,-9.93,"제약",1304.21,577.32537975,6162086671000.0,534000.0,-9.73782771535581,,38.2377389858687,20.0354609929078,5.6,197.827713583348,2,2,0,83,"관망",51,-4.55445544554455,69,20260824,29.9638989169675,6.07165445011351,0,0,,,,,0,,,0,0,490897.478388785,503897.478388785
20261008,129260,"인터지스",KOSPI,1907.0,0.42,"해운사",0.43,0.396352281,56729195718.0,1999.0,-4.60230115057529,,29.6338028169014,8.74428063040163,10.0,98.6832402823133,0,1,0,54,"없음",27,-19.0233545647558,44,,,,1,0,,,,,1,1893.0,"지지 재탈환",0,0,2302.71784027201,2302.71784027201
20261008,129890,"앱코",KOSDAQ,954.0,0.42,"컴퓨터와주변기기",0.53,0.7831541625,43450504308.0,1064.0,-9.77443609022556,,59.662090813094,25.2631578947368,13.8,45.6564464029152,0,2,0,64,"없음",39,4.57516339869281,79,,,,0,0,,,,,1,937.0,"지지 재탈환",0,0,962.323369110614,999.323369110614
20261008,129920,"대성하이텍",KOSDAQ,7110.0,-0.42,"기계",9.97,10.637267805,115528228560.0,7500.0,-6.93333333333333,,28.1984334203655,37.533692722372,7.0,85.8209587946028,2,2,0,52,"없음",45,-51.3927576601671,6,20260923,15.6474820143885,2.95801789780716,0,0,,,,,1,5560.0,"저항→지지",0,0,6406.5120105718,6406.5120105718
20261008,130500,"GH신소재",KOSDAQ,1893.0,-2.87,"자동차부품",0.46,0.226879108,27533783436.0,1980.0,-3.53535353535354,,0.0,15.9979939819458,10.4,189.380730335172,0,1,0,75,"없음",31,-21.5605749486653,39,20260722,8.75286041189931,12.0226915971506,0,0,,,,,1,1859.0,"지지 재탈환",0,0,1800.76350828223,1813.76350828223
20261008,130580,"나이스디앤비",KOSDAQ,6780.0,-1.02,"상업서비스와공급품",1.59,1.741149245,104412000000.0,6970.0,-2.29555236728838,,4.97076023391813,7.86838340486409,2.0,150.75286776271,4,2,0,71,"없음",50,25.1838235294118,90,,,,0,0,,,,,1,5620.0,"저항→지지",0,0,6622.17450406261,6622.17450406261
20261008,130660,"한전산업",KOSPI,11690.0,-3.79,"전기유틸리티",18.21,80.299991095,381094000000.0,14460.0,-18.9488243430152,,59.3569131832797,23.8562091503268,5.6,29.3552738147712,2,2,0,63,"없음",52,-34.7801892042293,20,20260826,12.7442650807137,46.8576636510846,0,0,,,,,0,,,0,0,13169.5542557071,14009.5542557071
20261008,130740,"티피씨글로벌",KOSDAQ,1843.0,1.43,"자동차부품",0.24,0.385659176,20782919397.0,2120.0,-15.1415094339623,,30.1017935046049,21.6444444444444,6.8,37.2184425649374,1,1,0,54,"없음",31,-10.9405940594059,59,,,,0,0,,,,,0,,,0,0,1922.69512499099,2027.69512499099
20261008,131030,"옵투스제약",KOSDAQ,6430.0,0.16,"제약",2.49,2.347996035,113467573700.0,6950.0,-7.19424460431655,,36.8584758942457,32.798833819242,10.8,92.0038342132529,0,1,0,80,"없음",29,-40.2777777777778,14,20260720,9.31899641577061,16.1395307819447,1,0,,,,,1,6120.0,"저항→지지",0,0,6371.84333446482,6371.84333446482
20261008,131090,"시큐브",KOSDAQ,4340.0,-0.46,"소프트웨어",0.66,0.7071961325,33236679140.0,4370.0,-0.68649885583524,0.91533180778032,9.83606557377049,6.15384615384615,10.0,103.179711113103,5,2,0,67,"없음",55,14.0604467805519,86,,,,0,0,20261006,4370.0,4410.0,285.964808118664,1,4300.0,"저항→지지",0,0,4158.27442510552,4158.27442510552
20261008,131100,"티엔엔터테인먼트",KOSDAQ,3145.0,-11.41,"방송과엔터테인먼트",1.54,3.71665697,20283186880.0,3885.0,-17.6319176319176,,0.0,49.4571773220748,11.8,80.7507788569783,0,1,0,66,"없음",26,-49.8432601880878,7,20260923,18.4060721062619,15.9396173832264,0,0,,,,,1,2510.0,"저항→지지",0,0,3294.91592789593,3294.91592789593
20261008,131180,"딜리",KOSDAQ,4385.0,5.66,"컴퓨터와주변기기",0.03,0.20640228,25739950000.0,4465.0,-2.91153415453527,,0.0,8.49825378346915,4.2,12.4071230652477,0,1,0,60,"없음",27,-3.88026607538803,70,,,,1,0,,,,,1,4165.0,"저항→지지",0,0,4196.81453328111,4196.81453328111
20261008,131220,"대한과학",KOSDAQ,3705.0,-1.2,"생명과학도구및서비스",0.14,0.179863725,27618885450.0,3830.0,-3.26370757180157,,45.7831325301205,22.6765799256506,11.0,40.0230056889536,0,3,0,86,"없음",46,-18.0309734513274,46,,,,0,0,,,,,1,3650.0,"저항→지지",0,0,3566.3818539999,3771.3818539999
20261008,131290,"티에스이",KOSDAQ,311000.0,-1.58,"반도체와반도체장비",219.81,407.86234425,3440104419000.0,309500.0,-0.161550888529887,,38.9197375063099,27.209705372617,6.8,53.4346485046908,5,1,0,47,"관망",60,176.386404293381,98,20260910,14.1527001862197,6.05083464545383,0,0,,,,,1,259500.0,"저항→지지",0,0,286686.978220382,286686.978220382
20261008,131370,"알서포트",KOSDAQ,1518.0,0.4,"소프트웨어",0.69,0.8404811295,80859431994.0,1595.0,-4.95297805642633,,31.2621359223301,12.3859191655802,11.0,54.5029644615874,0,2,0,82,"없음",41,-41.126213592233,13,,,,1,0,,,,,1,1505.0,"저항→지지",0,0,1496.02677634484,1496.02677634484
20261008,131760,"파인텍",KOSDAQ,1288.0,0.23,"디스플레이장비및부품",1.39,2.6119240645,11187975008.0,1500.0,-14.1333333333333,,54.3108036189463,58.4905660377358,9.8,39.6036766330766,0,1,0,57,"없음",26,-56.4128595600677,4,20260724,30.0,12.5244257823151,0,0,,,,,1,1185.0,"지지 재탈환",0,0,1269.49381802926,2349.49381802926
20261008,131970,"두산테스나",KOSDAQ,124100.0,13.75,"반도체와반도체장비",1244.27,403.20917705,2398510235800.0,100800.0,22.3214285714286,4.96031746031746,28.5189372526851,22.4731182795699,3.4,296.521509159856,3,2,0,71,"수축중",39,26.8518518518519,91,20261008,12.2950819672131,2.65737535795145,0,0,20261001,100800.0,105800.0,135.196573947632,1,100800.0,"저항→지지",1,1,105211.098326396,105211.098326396
20261008,133750,"메가엠디",KOSDAQ,1415.0,2.46,"교육서비스",0.08,0.1357503065,33121013955.0,1550.0,-10.1935483870968,,4.66165413533835,13.8655462184874,9.6,35.9254020345365,0,1,0,57,"없음",29,-21.7977528089888,39,,,,1,0,,,,,1,1351.0,"지지 재탈환",0,0,1392.71978373453,1392.71978373453
20261008,133820,"화인베스틸",KOSPI,984.0,1.86,"철강",0.87,0.455387676,36520669968.0,1149.0,-14.1862489120975,,9.96240601503759,28.219852337982,10.4,164.090215233228,0,1,0,57,"없음",26,-22.2397476340694,38,20260721,8.06599450045828,2.93283040690072,0,0,,,,,0,,,0,0,1030.84086589719,1100.84086589719
20261008,134060,"이퓨쳐",KOSDAQ,5450.0,1.3,"교육서비스",0.12,0.125850735,25992412500.0,5790.0,-6.04490500863558,,14.2857142857143,15.0398406374502,10.0,53.6272832938019,5,1,0,64,"없음",52,33.1701346389229,92,,,,0,0,,,,,1,5390.0,"지지 재탈환",0,0,5326.16291598041,5326.16291598041
20261008,134380,"미원화학",KOSPI,10360.0,0.97,"화학",0.17,0.44390694,227844164800.0,10480.0,-1.14503816793893,,34.7547974413646,17.7005789909016,7.0,30.360287315472,2,2,0,84,"없음",51,-12.6475548060708,56,,,,1,0,,,,,1,10200.0,"지지 재탈환",0,0,10433.3770841149,11643.3770841149
20261008,134790,"시디즈",KOSPI,18410.0,-0.81,"가구",0.01,0.04649274,36820000000.0,18950.0,-2.84960422163588,,47.0588235294118,16.2352941176471,7.0,8.09837393176054,0,1,0,56,"없음",31,-5.44427324088341,68,,,,0,0,,,,,0,,,0,0,21453.1507462167,21453.1507462167
20261008,136150,"원일티엔아이",KOSDAQ,12190.0,-5.5,"에너지장비및서비스",8.78,32.761304065,102164755700.0,15020.0,-18.8415446071904,,0.0,25.3289473684211,7.2,66.849988167575,0,1,0,60,"관망",26,-28.0825958702065,29,20261002,18.4331797235023,121.826202797796,0,0,,,,,1,9120.0,"저항→지지",0,0,13192.2835149013,13192.2835149013
20261008,136410,"아셈스",KOSDAQ,3695.0,0.0,"화학",0.37,0.63868053,40715596670.0,4065.0,-9.84009840098401,,15.0485436893204,30.6796116504854,7.6,62.4575249602153,0,2,0,69,"없음",39,-47.3419540229885,9,,,,0,0,,,,,0,,,0,0,3690.76583949802,4720.76583949802
20261008,136480,"하림",KOSDAQ,2680.0,0.56,"식품",5.16,4.2510018075,284642001360.0,2760.0,-2.89855072463768,,54.7717842323651,10.5263157894737,11.6,89.1099629016418,1,3,0,92,"없음",44,-16.25,50,,,,1,0,,,,,0,,,0,0,2666.87878336828,2666.87878336828
20261008,136490,"선진",KOSPI,10060.0,-1.76,"식품",3.46,5.827992145,239222816240.0,11350.0,-10.8370044052863,,40.4907975460123,16.4878048780488,11.4,43.4050762424024,1,1,0,66,"없음",34,2.32558139534884,77,,,,0,0,,,,,0,,,0,0,10665.3814272312,10665.3814272312
20261008,136540,"윈스테크넷",KOSDAQ,10870.0,-1.18,"소프트웨어",1.57,1.77913824,133480839020.0,11500.0,-6.08695652173913,,4.65116279069767,7.14957666980245,10.0,105.137539207978,0,1,0,66,"없음",27,-3.82902938557435,70,,,,0,0,,,,,0,,,0,0,10859.3597833157,10859.3597833157
20261008,137080,"나래나노텍",KOSDAQ,6780.0,11.88,"디스플레이장비및부품",9.73,0.99484676,72613454220.0,7300.0,-7.26027397260274,,0.654664484451726,30.8181818181818,10.6,682.907961516903,5,1,0,53,"없음",54,27.9773156899811,91,20261007,8.77192982456141,3.06248667093197,0,0,,,,,1,6500.0,"저항→지지",0,0,6524.06238028252,6524.06238028252
20261008,137310,"에스디바이오센서",KOSPI,6460.0,-5.69,"건강관리장비와용품",11.19,8.039449535,780039198920.0,6210.0,4.34782608695652,0.805152979066022,45.0097847358121,16.2824207492795,7.6,103.773672939014,0,2,0,60,"없음",39,-12.5506072874494,56,20260824,9.29054054054055,5.7202012541749,0,0,20261001,6210.0,6260.0,83.2980840339196,1,6210.0,"저항→지지",0,0,6397.8715122282,6457.8715122282
20261008,137400,"피엔티",KOSDAQ,33050.0,2.32,"전기제품",50.24,38.14199105,782978560400.0,33600.0,-1.33928571428571,,56.2107904642409,18.1952662721894,7.8,118.640345381039,0,1,0,79,"관망",30,-30.4302203567681,25,,,,0,0,,,,,1,30600.0,"저항→지지",0,0,30606.2998965946,30806.2998965946
20261008,137940,"넥스트아이",KOSDAQ,1834.0,-1.03,"화장품",0.41,0.3487635765,17995330878.0,2040.0,-9.41176470588235,,47.366790582404,17.2248803827751,2.6,64.5839012884185,0,2,0,57,"없음",37,-27.244094488189,30,20260731,10.9550561797753,7.50545793534103,0,0,,,,,1,1820.0,"지지 재탈환",0,0,1895.13134753006,1985.13134753006
20261008,137950,"제이씨케미칼",KOSDAQ,3565.0,0.42,"에너지장비및서비스",1.87,2.3634463425,79384756910.0,3875.0,-8.12903225806452,,18.7739463601533,18.6074429771909,3.4,43.2474073184899,2,2,0,64,"없음",55,-37.7622377622378,17,20260806,8.94454382826475,12.4933710878167,0,0,,,,,0,,,0,0,3728.18925280525,3728.18925280525
20261008,138040,"메리츠금융지주",KOSPI,127200.0,-2.45,"증권",232.42,239.57348085,21286573125600.0,133800.0,-5.30642750373692,,33.4070796460177,11.5744069015097,4.4,75.7484494535832,5,3,1,88,"돌파임박",74,13.4288272157565,86,,,,0,0,,,,,0,,,0,0,127223.344199486,129323.344199486
20261008,138070,"신진에스엠",KOSDAQ,1412.0,-1.33,"기계",0.59,0.1841513455,24714524048.0,1546.0,-8.79689521345407,,3.70607028753994,14.7227533460803,4.2,264.450782788212,0,1,0,47,"없음",25,-18.44997108155,46,,,,0,0,,,,,0,,,0,0,1569.40139490684,1569.40139490684
20261008,138080,"오이솔루션",KOSDAQ,30750.0,-2.69,"통신장비",64.73,139.788984525,380616058500.0,34500.0,-10.8695652173913,,20.0085324232082,33.8815789473684,7.8,52.0852833035691,3,1,0,64,"관망",46,-28.4883720930233,28,20261002,9.19732441471572,3.2554486108416,0,0,,,,,1,29250.0,"저항→지지",0,0,29481.5181105436,29481.5181105436
20261008,138610,"나이벡",KOSDAQ,15700.0,-2.3,"건강관리장비와용품",3.07,5.315018195,178474350100.0,16610.0,-6.08067429259482,,59.1903210795719,32.6570048309179,6.4,26.4769257647734,0,2,0,60,"없음",47,-40.5714285714286,14,20260820,19.8243412797992,71.9695090554971,0,0,,,,,1,14860.0,"지지 재탈환",0,0,15143.3185049437,18943.3185049437
20261008,138930,"BNK금융지주",KOSPI,15350.0,-0.84,"은행",142.77,161.556840765,4709990177850.0,16630.0,-8.17799158147925,,49.7248968363136,25.4390633315593,11.0,87.5743761241807,1,3,0,88,"관망",45,-13.3862733976177,54,,,,0,0,,,,,1,15140.0,"저항→지지",0,0,15522.873802862,17682.873802862
20261008,139130,"iM금융지주",KOSPI,17630.0,-2.06,"은행",73.7,73.647499005,2791946883040.0,18920.0,-6.97674418604651,,44.9547668754349,19.9787460148778,9.8,96.4016959719516,3,1,0,88,"없음",45,6.21605310802655,80,,,,0,0,,,,,0,,,0,0,17664.2692941117,18214.2692941117
20261008,139480,"이마트",KOSPI,70100.0,-1.68,"백화점과일반상점",82.24,65.7054405,1934466911900.0,76500.0,-7.97385620915033,,65.4044750430293,16.2454873646209,8.0,114.677798570126,0,1,0,81,"없음",27,-21.8645948945616,39,,,,0,0,,,,,0,,,0,0,72649.5995119271,80849.5995119271
20261008,139670,"키네마스터",KOSDAQ,1940.0,0.99,"소프트웨어",0.14,0.263125669,27390491400.0,2365.0,-17.9704016913319,,13.7767220902613,13.9312977099237,13.2,43.553422368686,1,1,0,47,"없음",31,7.71793448084398,82,,,,0,0,,,,,0,,,0,0,2061.74685002902,2061.74685002902
20261008,139990,"아주스틸",KOSPI,2265.0,-0.66,"철강",0.59,0.537445485,87781012710.0,2590.0,-12.9343629343629,,12.0184013801035,22.5378787878788,8.0,51.3034974393288,0,3,0,87,"없음",44,-24.5819397993311,35,20260617,11.1872146118722,34.0028644060153,0,0,,,,,1,2150.0,"지지 재탈환",0,0,2380.79378005868,2430.79378005868
20261008,140070,"서플러스글로벌",KOSDAQ,2300.0,4.55,"반도체와반도체장비",0.47,1.411065351,85072400000.0,2250.0,-0.222222222222222,3.77777777777778,15.0394477317554,17.8403755868545,6.8,16.0767126781595,2,1,0,52,"없음",41,18.1578947368421,88,,,,0,0,20261001,2250.0,2335.0,72.296804620217,1,2085.0,"저항→지지",0,0,2213.8859083006,2213.8859083006
20261008,140410,"메지온",KOSDAQ,69000.0,2.22,"식품",44.76,74.0383653,2121677688000.0,84300.0,-18.1494661921708,,34.2091965639212,31.3837375178317,8.6,53.2879090941864,0,1,0,59,"관망",25,-18.7279151943463,45,,,,0,0,,,,,1,68000.0,"지지 재탈환",0,0,74914.9558803424,74914.9558803424
20261008,140430,"카티스",KOSDAQ,2335.0,-6.97,"통신장비",3.38,26.092878546,24959998845.0,3735.0,-35.7429718875502,,23.7495913697287,30.8016877637131,7.6,40.3472297541872,0,1,0,48,"없음",30,-21.3114754098361,40,20260916,21.9885277246654,44.3116719649779,0,0,,,,,1,1825.0,"저항→지지",0,0,3183.36096311079,3183.36096311079
20261008,140520,"대창스틸",KOSDAQ,1997.0,-0.89,"철강",0.51,0.29938788,42155158271.0,2075.0,-3.66265060240964,,33.5616438356164,6.47118301314459,11.6,100.972724845869,1,3,0,88,"없음",44,-2.72506082725061,72,,,,0,0,,,,,0,,,0,0,1998.31110477653,1998.31110477653
20261008,140670,"알에스오토메이션",KOSDAQ,10150.0,-3.79,"기계",4.23,6.63441013,130324376000.0,11100.0,-8.01801801801802,,37.7597109304426,23.7823834196891,10.4,66.4344075606756,0,1,0,68,"없음",29,-34.4672657252888,20,20260612,16.1009573542211,3.05373297182506,0,0,,,,,0,,,0,0,10179.6272632298,10179.6272632298
20261008,140860,"파크시스템스",KOSDAQ,309000.0,0.32,"전자장비와기기",163.57,90.76052125,2163762921000.0,263500.0,18.2163187855787,2.27703984819734,34.412265758092,26.1744966442953,11.8,158.710525228114,4,3,0,75,"돌파완료",64,26.6260162601626,91,20260612,28.5984848484848,3.3926090141102,0,0,20260929,263500.0,269500.0,92.720496541427,1,263500.0,"저항→지지",0,0,284382.01591232,284382.01591232
20261008,141000,"비아트론",KOSDAQ,13570.0,13.18,"디스플레이장비및부품",607.57,55.57743032,164396614700.0,9320.0,42.274678111588,0.965665236051502,0.0,26.1363636363636,11.0,2384.94536435047,4,2,0,56,"돌파완료",52,35.7215967246674,93,20261007,24.7448979591837,50.6415873821989,0,0,20260928,9320.0,9410.0,41.5833504547546,1,9320.0,"저항→지지",0,0,13804.7626170115,13804.7626170115
20261008,141080,"리가켐바이오",KOSDAQ,73800.0,-8.32,"제약",285.61,174.8549779,2732033048400.0,87800.0,-15.7175398633257,,75.3598645215919,57.825086306099,13.6,149.113762951234,0,2,0,47,"관망",36,-59.2061742006615,4,20260629,13.9958012596221,2.74713275398696,0,0,,,,,0,,,0,0,82198.1033281806,111898.103328181
20261008,142210,"유니트론텍",KOSDAQ,7300.0,4.89,"반도체와반도체장비",44.7,13.112235845,151485241900.0,6280.0,16.5605095541401,2.07006369426752,43.4523809523809,23.202170963365,7.0,214.888936056268,3,2,0,81,"없음",47,44.950495049505,94,20260814,10.8731466227348,33.2070645904237,0,0,20260929,6280.0,6410.0,74.0576501777425,1,6280.0,"저항→지지",1,0,6502.07614760681,6762.07614760681
20261008,142280,"녹십자엠에스",KOSDAQ,3700.0,-11.9,"건강관리장비와용품",347.24,86.676020395,88663214700.0,3660.0,0.409836065573771,17.4863387978142,0.0,13.973063973064,7.6,601.668357128433,1,1,0,41,"관망",42,3.08555399719495,78,20261007,28.5500747384156,28.3226235699306,0,0,20261007,3660.0,4300.0,2553.31594515495,1,3660.0,"저항→지지",0,0,3776.38025170961,3776.38025170961
20261008,142760,"모아라이프플러스",KOSDAQ,516.0,8.4,"제약",9.06,2.1238923455,10879080840.0,565.0,-8.67256637168142,,65.4513888888889,60.7294317217981,4.8,296.081104412291,0,2,0,61,"없음",39,-74.0963855421687,2,20261008,8.40336134453781,2.92420024588263,1,0,,,,,1,470.0,"지지 재탈환",0,0,549.835787664782,1052.83578766478
20261008,143160,"아이디스",KOSDAQ,16000.0,0.06,"전자장비와기기",0.4,0.52981319,171462240000.0,16470.0,-2.55009107468124,,1.8348623853211,6.8944099378882,10.0,44.1947082439819,1,1,0,67,"없음",36,-7.86452353616533,64,,,,0,0,,,,,0,,,0,0,15917.0274551353,15917.0274551353
20261008,143240,"사람인",KOSDAQ,17760.0,1.14,"상업서비스와공급품",1.73,1.778828015,190613302560.0,17850.0,-0.504201680672269,,7.74606872451951,9.03686087990488,10.0,83.3517092989068,5,3,1,86,"없음",64,6.85920577617329,81,,,,1,0,,,,,1,17440.0,"저항→지지",0,0,16824.1820690646,16824.1820690646
20261008,143540,"영우디에스피",KOSDAQ,1113.0,6.3,"디스플레이장비및부품",16.67,1.5768403685,49639683135.0,1025.0,9.17073170731707,1.75609756097561,43.943870014771,17.097966728281,8.4,969.54081591902,2,2,0,77,"없음",38,-13.9230769230769,53,,,,1,0,20261002,1025.0,1043.0,72.1325847444375,1,1025.0,"저항→지지",1,0,981.36491344488,1021.36491344488
20261008,144510,"지씨셀",KOSDAQ,14730.0,-2.58,"건강관리업체및서비스",4.79,6.208793085,232739067120.0,14730.0,-0.271554650373388,1.28988458927359,38.8746803069054,18.0730478589421,6.4,63.6226125637604,0,1,0,61,"없음",27,-35.8515283842795,19,,,,0,0,20261006,14730.0,14920.0,58.0117135953484,0,,,0,0,14569.6002459167,14569.6002459167
20261008,144960,"뉴파워프라즈마",KOSDAQ,13860.0,5.08,"반도체와반도체장비",206.11,129.90329481,605579768640.0,13400.0,4.47761194029851,4.47761194029851,37.111563932756,34.2226310947562,9.8,119.978013126364,5,3,0,84,"돌파완료",70,177.777777777778,98,20260921,16.0312805474096,4.1690040594956,1,0,20261008,13400.0,14000.0,119.909785925675,1,13400.0,"저항→지지",0,0,12362.7183201861,12362.7183201861
20261008,145020,"휴젤",KOSDAQ,182100.0,-0.82,"생물공학",97.89,122.40443795,2279013003300.0,262000.0,-30.8015267175573,,56.875,30.0796812749004,9.8,104.519275998174,0,1,0,43,"관망",25,-25.3909465020576,33,,,,0,0,,,,,0,,,0,0,225530.568229114,275530.568229114
20261008,145170,"노브랜드",KOSDAQ,3220.0,-1.53,"섬유,의류,신발,호화품",4.14,25.95699553,54445064100.0,4170.0,-23.7410071942446,,0.0,23.0145867098865,10.8,40.8624934152657,0,2,0,44,"없음",30,-18.6700767263427,45,20260930,13.28125,23.918871186823,0,0,,,,,1,2860.0,"저항→지지",0,0,3647.79457990639,3647.79457990639
20261008,145270,"케이탑리츠",KOSPI,800.0,0.0,"부동산",0.1,0.201325218,38448619200.0,830.0,-3.6144578313253,,17.3611111111111,9.9290780141844,8.2,59.152301396755,1,1,0,64,"없음",32,-11.6997792494481,57,,,,0,0,,,,,1,798.0,"저항→지지",0,0,783.474983489002,799.474983489002
20261008,145720,"덴티움",KOSPI,40150.0,0.38,"건강관리장비와용품",13.36,5.5434337,346249223650.0,38900.0,3.2133676092545,3.8560411311054,48.972602739726,20.2687569988802,7.6,213.730039230147,0,1,0,82,"없음",29,-19.0524193548387,44,,,,0,0,20261006,38900.0,40400.0,299.054927933538,1,38900.0,"저항→지지",0,0,38202.5711948621,42202.5711948621
20261008,145990,"삼양사",KOSPI,45500.0,-1.3,"식품",3.28,4.4784827,469261929500.0,46800.0,-3.0982905982906,,41.233140655106,11.5834218916047,12.4,79.3722238933448,0,2,0,81,"없음",35,0.331858407079646,75,,,,0,0,,,,,0,,,0,0,46158.8014597758,46158.8014597758
20261008,146060,"율촌",KOSDAQ,1049.0,-2.15,"자동차부품",0.11,0.3172410355,25192359155.0,1282.0,-16.3026521060842,,16.8486739469579,20.1077199281867,9.8,25.4835638872161,0,1,0,49,"없음",26,-25.4343293954135,33,20260622,9.0289608177172,8.9507050975771,0,0,,,,,0,,,0,0,1143.38212617728,1143.38212617728
20261008,146320,"비씨엔씨",KOSDAQ,12170.0,5.37,"반도체와반도체장비",10.77,3.28890146,155750722910.0,12340.0,-0.405186385737439,,45.9717796995903,41.2541254125413,11.2,282.484085314377,0,2,0,60,"없음",35,-1.44346431435445,73,20260803,10.6308411214953,8.67280267017295,0,0,,,,,1,9600.0,"저항→지지",0,0,10993.5650202473,10993.5650202473
20261008,147760,"피엠티",KOSDAQ,4590.0,13.75,"반도체와반도체장비",30.97,7.9745986725,91800000000.0,4300.0,3.72093023255814,3.72093023255814,38.9558232931727,50.7135016465423,10.4,515.731172704207,3,2,0,48,"없음",54,67.3545966228893,96,20261008,11.3607990012484,4.70371399369442,1,0,20261008,4300.0,4460.0,564.311425232471,1,3335.0,"저항→지지",1,0,3546.23750460126,3801.23750460126
20261008,147830,"제룡산업",KOSDAQ,7240.0,0.14,"전기장비",7.74,8.04104192,144800000000.0,7250.0,0.0,1.37931034482759,60.4838709677419,16.1417322834646,6.8,67.9199032453294,2,3,0,97,"없음",55,0.138121546961326,75,20260805,11.0210696920583,8.28595759588134,1,0,20261002,7250.0,7350.0,126.347179053557,1,7170.0,"저항→지지",0,0,6987.96508989066,7087.96508989066
20261008,148150,"세경하이테크",KOSDAQ,3865.0,-0.51,"핸드셋",1.61,2.4036694775,137372991570.0,4240.0,-9.66981132075472,,21.7905405405405,16.3695299837925,10.0,52.1789881005376,0,3,0,89,"없음",40,-9.9882491186839,61,20260826,8.62800565770863,3.92609089397905,0,0,,,,,0,,,0,0,3964.43212599095,3964.43212599095
20261008,148250,"알엔투테크놀로지",KOSDAQ,2200.0,9.45,"통신장비",2.79,1.3348192445,29943548800.0,2230.0,-4.7085201793722,,25.3184713375796,43.0,8.0,142.948766398532,0,2,0,61,"없음",37,-49.4047619047619,7,,,,1,0,,,,,1,1901.0,"저항→지지",0,0,1873.47332017966,1983.47332017966
20261008,148780,"비큐AI",KOSDAQ,3910.0,-2.01,"소프트웨어",1.41,2.53853497,24590556950.0,4190.0,-7.15990453460621,,68.1244743481918,52.1806853582555,8.0,6.25484232601915,0,1,0,61,"없음",33,-28.6892758936755,27,20260811,13.463751438435,13.0351302051608,0,0,,,,,0,,,0,0,3761.99908226018,5786.99908226018
20261008,148930,"에이치와이티씨",KOSDAQ,3245.0,2.04,"전기제품",0.14,0.2454879475,33018566185.0,3265.0,-1.07197549770291,,19.3737769080235,15.7205240174673,6.0,40.0761566504734,2,2,0,66,"없음",50,14.3362831858407,86,20260605,18.895966029724,10.3776727911183,1,0,,,,,1,3020.0,"지지 재탈환",0,0,3022.250798894,3187.250798894
20261008,149950,"아바텍",KOSDAQ,12650.0,0.24,"디스플레이장비및부품",7.52,22.77926896,172896442950.0,13390.0,-5.8252427184466,,40.9068746952706,20.0975609756098,7.2,46.7859795657006,3,2,0,60,"없음",50,30.944963655244,92,20260911,14.0176600441501,9.15200241718069,0,0,,,,,1,11700.0,"저항→지지",0,0,11730.2999681194,11730.2999681194
20261008,149980,"하이로닉",KOSDAQ,4460.0,-1.44,"건강관리장비와용품",0.97,0.7839279325,76707745160.0,4950.0,-10.2020202020202,,24.0827845719661,18.9463955637708,4.0,101.649930597727,0,2,0,79,"없음",33,-48.7903225806452,8,,,,0,0,,,,,0,,,0,0,4808.55364453913,4988.55364453913
20261008,150900,"파수AI",KOSDAQ,4125.0,-4.73,"소프트웨어",6.28,15.34270911,48278678250.0,4900.0,-15.9183673469388,,25.3953488372093,19.5121951219512,7.4,92.5983432789851,1,1,0,44,"없음",31,24.2835595776772,90,20261006,13.6079900124844,6.44038440547659,0,0,,,,,1,3610.0,"저항→지지",0,0,4464.50424841008,4464.50424841008
20261008,151860,"KG에코솔루션",KOSDAQ,5350.0,-0.56,"자동차",1.67,5.07843917,254676060700.0,5880.0,-8.16326530612245,,54.8272807794508,14.8049645390071,10.0,36.1118296193661,0,1,0,69,"없음",25,-8.78378378378378,63,,,,0,0,,,,,1,5330.0,"지지 재탈환",0,0,5469.64114839641,5739.64114839641
20261008,153460,"네이블",KOSDAQ,5470.0,-0.73,"소프트웨어",0.44,0.2328385,35719176580.0,5750.0,-4.8695652173913,,33.4883720930233,19.52,5.6,180.687520017081,0,1,0,37,"없음",31,-16.4885496183206,49,20260710,14.7540983606557,3.28511572085965,0,0,,,,,0,,,0,0,5777.63829687643,6177.63829687643
20261008,153490,"우리이앤엘하루틴",KOSDAQ,3175.0,1.11,"디스플레이장비및부품",0.25,0.35660811,32689800000.0,3400.0,-6.61764705882353,,38.6404652095448,41.4068441064639,6.4,12.1629690013996,0,1,0,66,"없음",35,-17.4252275682705,47,20260826,29.7640653357532,12.3129690875582,0,0,,,,,1,2630.0,"저항→지지",0,0,3001.09459907753,3001.09459907753
20261008,153710,"옵티팜",KOSDAQ,4560.0,1.79,"제약",0.58,0.375222815,66895008480.0,4820.0,-5.39419087136929,,10.4366347177849,19.4117647058824,10.6,187.910461164978,0,3,0,84,"없음",34,-10.9375,59,,,,0,0,,,,,1,4555.0,"지지 재탈환",0,0,4504.33047041892,4604.33047041892
20261008,154030,"아시아종묘",KOSDAQ,1620.0,0.0,"생물공학",0.15,0.2522885905,19540224540.0,1807.0,-10.2933038184837,,7.18165359082679,14.5029239766082,10.4,49.5411531384012,0,1,0,44,"없음",25,-16.4432989690722,49,,,,0,0,,,,,1,1580.0,"지지 재탈환",0,0,1630.27405511355,1630.27405511355
20261008,155650,"와이엠씨",KOSDAQ,3930.0,4.24,"디스플레이장비및부품",4.63,2.533581815,74569226940.0,3875.0,0.0,,0.0,16.1016949152542,5.4,217.207526637689,2,2,0,69,"없음",46,12.3188405797101,85,20260916,9.33333333333333,6.44472229070546,0,0,,,,,1,3485.0,"저항→지지",0,0,3515.2645709873,3515.2645709873
20261008,155660,DSR,KOSPI,4245.0,0.47,"비철금속",1.26,0.66020245,67920000000.0,4530.0,-6.29139072847682,,35.8792184724689,14.1666666666667,9.8,119.611702241589,3,3,0,82,"없음",51,3.41047503045067,78,,,,0,0,,,,,0,,,0,0,4317.8487648936,4527.8487648936
20261008,156100,"엘앤케이바이오",KOSDAQ,7250.0,6.93,"건강관리장비와용품",40.59,13.844688635,162045859250.0,6160.0,19.4805194805195,2.5974025974026,15.1291512915129,47.6007677543186,12.2,232.575144494868,0,2,0,52,"없음",35,-6.36132315521628,67,20260907,20.0471698113208,10.5875737744916,0,0,20261001,6160.0,6320.0,77.2872702966229,1,6160.0,"저항→지지",1,1,6055.0335199711,6055.0335199711
20261008,158430,"아톤",KOSDAQ,6470.0,-7.44,"소프트웨어",247.48,240.6828797375,158399135240.0,6450.0,1.24031007751938,10.8527131782946,10.1631116687578,26.5850945494994,10.2,241.984010987435,1,1,0,48,"관망",42,13.7630662020906,86,20261006,25.6590509666081,9.43468164330685,0,0,20261006,6450.0,7150.0,1996.29377072975,1,5920.0,"저항→지지",0,0,6353.43675826762,6353.43675826762
20261008,159010,"아스플로",KOSDAQ,34750.0,6.6,"기계",56.54,49.51073795,463382180250.0,26700.0,30.1498127340824,10.1123595505618,9.85779705953241,22.827868852459,6.8,80.2019248657905,5,2,0,47,"돌파완료",57,549.532710280374,99,20260923,21.2371134020618,6.11292618396771,0,0,20260923,26700.0,29400.0,504.033098951757,1,24500.0,"저항→지지",0,0,30043.9333471074,30043.9333471074
20261008,159580,"제로투세븐",KOSDAQ,2240.0,0.0,"화장품",0.71,0.837898395,44873104640.0,2555.0,-13.1115459882583,,37.4137137597791,33.7121212121212,10.6,40.5836306152468,0,1,0,54,"없음",26,-38.8429752066116,16,,,,0,0,,,,,1,2160.0,"저항→지지",0,0,2214.60892283542,2429.60892283542
20261008,159910,"에코글로우",KOSDAQ,3035.0,-0.98,"화장품",0.42,0.22296745,31767639395.0,3155.0,-3.01109350237718,,35.5246523388116,17.5792507204611,10.2,159.315506467083,1,1,0,53,"없음",36,-11.4327062228654,58,20260710,10.7371794871795,4.31289651834953,0,0,,,,,1,3015.0,"지지 재탈환",0,0,2885.21594406864,3155.21594406864
20261008,160190,"하이젠알앤엠",KOSDAQ,31050.0,-8.14,"기계",133.0,115.486194325,959072400000.0,35800.0,-13.1284916201117,,4.54331450094161,32.3770491803279,7.0,145.68796505924,0,2,0,51,"관망",36,-7.98816568047337,64,20260915,27.1144278606965,9.44461744584576,0,0,,,,,1,31000.0,"저항→지지",0,0,30543.0823296468,30543.0823296468
20261008,160550,NEW,KOSDAQ,1007.0,1.21,"방송과엔터테인먼트",0.16,0.5990187715,28101448742.0,1230.0,-18.3739837398374,,31.8646734854445,21.9391947411668,10.4,39.9787202063112,0,1,0,43,"없음",26,-40.8716136631331,14,20260629,14.1424272818455,2.7256859670566,0,0,,,,,1,1000.0,"지지 재탈환",0,0,1116.77876026741,1116.77876026741
20261008,160980,"싸이맥스",KOSDAQ,27200.0,-1.27,"반도체와반도체장비",32.77,31.89011,297139409600.0,30350.0,-10.7084019769358,,66.530612244898,50.061804697157,10.4,74.0418631969069,2,2,0,44,"관망",50,4.23076923076923,79,20260609,24.6771879483501,6.00417689501383,0,0,,,,,1,23900.0,"저항→지지",0,0,26006.4367974313,37406.4367974313
20261008,161000,"애경케미칼",KOSPI,11240.0,3.88,"화학",49.7,17.937158275,546811489160.0,11500.0,-2.78260869565217,,43.3663366336634,23.7472766884532,9.8,204.982903516366,2,1,0,55,"없음",44,-26.4473684210526,31,20260831,8.0392156862745,12.1111225323386,0,0,,,,,1,10550.0,"저항→지지",0,0,10376.8582957669,10526.8582957669
20261008,161390,"한국타이어앤테크놀로지",KOSPI,61900.0,1.98,"자동차부품",213.01,158.9881682,7667866771100.0,60500.0,1.98347107438017,1.98347107438017,59.5890410958904,22.5409836065574,7.0,124.144341824882,2,2,0,82,"관망",49,14.4712430426716,86,,,,1,0,20261008,60500.0,61700.0,123.997319555492,0,,,0,0,61054.752759735,72454.752759735
20261008,161580,"필옵틱스",KOSDAQ,41650.0,-0.12,"전자장비와기기",125.29,194.130052975,976369587550.0,43950.0,-4.89192263936291,,11.7073170731707,20.1626016260163,7.0,107.969034826252,1,1,0,42,"관망",40,11.1702127659574,84,20260929,13.8438880706922,7.02748302690103,0,0,,,,,1,33250.0,"저항→지지",0,0,38839.549678048,38839.549678048
20261008,161890,"한국콜마",KOSPI,137200.0,-5.77,"화장품",557.21,446.5226695,3238616564400.0,154500.0,-11.0032362459547,,21.7252396166134,20.4339963833635,5.0,107.465338173775,5,1,0,57,"관망",58,80.6833114323259,97,20260812,22.7988878591288,9.36292756028382,0,0,,,,,0,,,0,0,138515.876998285,148615.876998285
20261008,162300,"신스틸",KOSDAQ,1970.0,-2.48,"철강",3.9,116.05215573,81698622540.0,3155.0,-37.4009508716323,,42.7191328934967,35.036496350365,15.2,6.57127098650445,4,2,0,45,"수축중",62,24.6056782334385,90,20260909,11.9433198380567,10.5274193949935,0,0,,,,,1,1700.0,"저항→지지",0,0,2779.04850691679,2779.04850691679
20261008,163280,"에어레인",KOSDAQ,3735.0,-3.74,"화학",2.03,5.3372839575,50807496330.0,4600.0,-18.1521739130435,,18.5057471264368,21.6836734693878,6.4,59.4198411241408,0,2,0,85,"없음",40,-34.0630472854641,21,20260915,9.74930362116993,23.005704706081,0,0,,,,,1,3760.0,"저항→지지",0,0,4136.95265088693,4136.95265088693
20261008,163560,"동일고무벨트",KOSPI,5560.0,1.28,"화학",0.46,0.81513087,77284000000.0,5650.0,-3.36283185840708,,58.1730769230769,14.5135566188198,6.8,19.0855461062089,0,2,0,79,"없음",43,-20.6395348837209,41,,,,0,0,,,,,0,,,0,0,5556.63526662106,5946.63526662106
20261008,163730,"핑거",KOSDAQ,14830.0,-0.6,"IT서비스",26.85,20.013833365,189315583110.0,14620.0,1.29958960328317,1.91518467852257,0.0,27.3034657650042,6.4,128.393161709272,2,2,0,50,"없음",46,59.0762620837809,95,20260928,13.8178913738019,2.58946157039526,0,0,20261002,14620.0,14900.0,131.264315265958,1,14620.0,"저항→지지",0,0,13266.2207705248,13266.2207705248
20261008,166090,"하나머티리얼즈",KOSDAQ,63900.0,3.73,"반도체와반도체장비",130.17,92.2263944,1263793368600.0,55000.0,16.9090909090909,0.727272727272727,56.40625,32.0945945945946,9.8,122.40861508463,3,3,0,86,"관망",53,8.61486486486486,82,,,,1,0,20260918,55000.0,55400.0,68.7793664518838,1,55000.0,"저항→지지",0,0,58386.3461736376,58586.3461736376
20261008,166480,"코아스템켐온",KOSDAQ,2350.0,-0.21,"생물공학",3.03,2.14659356,124245383600.0,2480.0,-5.64516129032258,,27.7777777777778,27.9824561403509,13.2,112.925851633788,2,2,0,53,"없음",40,-2.9045643153527,72,,,,0,0,,,,,1,2250.0,"저항→지지",0,0,2191.73052287422,2191.73052287422
20261008,168330,"내츄럴엔도텍",KOSDAQ,2390.0,0.21,"화장품",0.29,0.25048562,75894211000.0,2450.0,-2.44897959183673,,44.0541896638234,10.0896860986547,7.0,83.0436334751205,0,2,0,86,"없음",35,16.0194174757282,87,,,,0,0,,,,,1,2250.0,"저항→지지",0,0,2263.90587814078,2263.90587814078
20261008,168360,"펨트론",KOSDAQ,15960.0,0.44,"전자장비와기기",34.78,22.16698597,357385209720.0,17210.0,-8.19291109819872,,48.2452899889176,19.7748064743139,6.8,186.614069735308,1,2,0,66,"없음",40,-18.2617692705639,46,20260612,10.5831533477322,2.95716451961791,0,0,,,,,1,14790.0,"저항→지지",0,0,15064.0016248207,15064.0016248207
20261008,169330,"엠브레인",KOSDAQ,1837.0,3.26,"IT서비스",0.99,0.6886392085,33648178366.0,1950.0,-6.15384615384615,,0.556117290192108,29.0030211480363,13.2,234.618065517809,2,1,0,53,"없음",41,-8.40840840840841,63,20260918,8.03639120545867,3.47637011636129,1,0,,,,,1,1704.0,"저항→지지",0,0,1742.24891482981,1742.24891482981
20261008,170030,"현대공업",KOSDAQ,4980.0,1.43,"자동차부품",0.65,0.60426169,76393200000.0,5200.0,-4.32692307692308,,29.4656488549618,13.5416666666667,7.0,63.6083748952308,0,3,0,88,"없음",45,-5.5977229601518,68,,,,1,0,,,,,1,4900.0,"저항→지지",0,0,4882.35047090772,4962.35047090772
20261008,170790,"파이오링크",KOSDAQ,8510.0,-0.7,"통신장비",1.82,2.176436745,54441320850.0,9340.0,-8.35117773019272,,13.0,13.0434782608696,9.8,121.866376256886,1,2,0,77,"없음",33,-6.85527747551687,66,,,,0,0,,,,,1,8550.0,"저항→지지",0,0,8618.67002080734,8618.67002080734
20261008,170900,"동아에스티",KOSPI,34950.0,-1.27,"제약",1.3,2.759209725,339989440950.0,39900.0,-12.406015037594,,54.8707753479125,14.2105263157895,9.8,44.8887466522933,0,2,0,62,"없음",36,-20.3872437357631,42,,,,0,0,,,,,0,,,0,0,35249.1061295226,37949.1061295226
20261008,170920,"엘티씨",KOSDAQ,40800.0,-1.45,"반도체와반도체장비",79.48,75.048464125,431016340800.0,44750.0,-8.60335195530726,,63.2189837503224,31.496062992126,7.6,78.5866015306294,3,2,0,59,"수축중",52,36.3333333333333,93,20260604,14.3546441495778,3.16772568720734,0,0,,,,,1,34200.0,"저항→지지",0,0,38584.108697466,51634.108697466
20261008,171010,"램테크놀러지",KOSDAQ,2725.0,-0.91,"반도체와반도체장비",1.6,0.73136021,38964099200.0,2720.0,1.65441176470588,1.65441176470588,37.0036101083033,16.6666666666667,10.4,222.562320717916,0,3,0,79,"없음",35,-9.04605263157895,62,,,,0,0,20261008,2720.0,2765.0,227.795030465671,1,2690.0,"저항→지지",0,0,2519.69813745342,2674.69813745342
20261008,171090,"선익시스템",KOSDAQ,74900.0,3.17,"디스플레이장비및부품",45.22,31.39557835,758559187400.0,78200.0,-4.47570332480818,,41.1958310477235,28.6042944785276,9.8,115.972468699662,2,2,0,74,"관망",45,-8.45588235294118,63,,,,1,0,,,,,1,73800.0,"저항→지지",0,0,69555.082981616,69555.082981616
20261008,171120,"라이온켐텍",KOSDAQ,2020.0,-0.98,"건축자재",0.4,0.7844254995,72521555200.0,2035.0,-0.737100737100737,,57.9234972677596,11.2857142857143,11.6,42.7248955611283,0,3,0,88,"없음",36,0.0,74,,,,0,0,,,,,1,2015.0,"저항→지지",0,0,1983.33368066224,2033.33368066224
20261008,172670,"에이엘티",KOSDAQ,15130.0,1.95,"반도체와반도체장비",22.4,11.52270241,135568718670.0,16000.0,-5.5,,21.9015280135823,21.025641025641,6.8,207.700371069481,2,3,0,73,"없음",48,41.1764705882353,94,20260812,10.272536687631,3.18899954070026,0,0,,,,,1,14200.0,"저항→지지",0,0,14054.0922084085,14054.0922084085
20261008,173130,"오파스넷",KOSDAQ,7890.0,-0.25,"IT서비스",6.04,8.40143395,102936671970.0,8200.0,-3.78048780487805,,12.5,16.7974882260597,10.4,103.583831983572,4,1,0,58,"없음",51,9.73574408901252,83,20260914,12.0826709062003,9.57093095687709,1,0,,,,,1,7380.0,"저항→지지",0,0,7570.38632488347,7570.38632488347
20261008,173940,"에프엔씨엔터",KOSDAQ,1980.0,-0.5,"방송과엔터테인먼트",0.15,0.2537388185,30477759840.0,2350.0,-15.531914893617,,67.8688524590164,36.6449511400651,15.8,53.7276504623851,0,1,0,59,"없음",22,-46.3513513513513,10,,,,0,0,,,,,0,,,0,0,2017.6192446166,2252.6192446166
20261008,174900,"앱클론",KOSDAQ,25200.0,-6.32,"생물공학",46.39,38.9542121,502793650800.0,29700.0,-15.1515151515152,,43.4974874371859,46.3696369636964,13.6,95.3973968938436,0,2,0,35,"관망",32,-55.8669001751313,4,20261001,19.1011235955056,4.21589251318944,0,0,,,,,1,21800.0,"저항→지지",0,0,25241.0664819688,31241.0664819688
20261008,175140,"아고스",KOSDAQ,2365.0,0.85,"전자제품",0.2,0.530201135,58993158345.0,2430.0,-2.67489711934156,,52.4580512216662,25.1282051282051,9.8,23.326413902313,0,1,0,62,"없음",31,-41.3878562577447,13,,,,0,0,,,,,0,,,0,0,2394.41547850373,2504.41547850373
20261008,175250,"아이큐어",KOSDAQ,1670.0,-0.71,"화장품",1.33,3.935218,103099649390.0,3300.0,-49.3939393939394,,52.1739130434783,54.0909090909091,4.4,37.1001230099525,0,1,0,19,"없음",22,-41.8118466898955,13,,,,0,0,,,,,0,,,0,0,1913.73194685848,3073.73194685848
20261008,175330,"JB금융지주",KOSPI,28000.0,-0.88,"은행",166.41,141.659201825,5222611072000.0,33100.0,-15.8610271903323,,40.5309734513274,11.3793103448276,9.8,146.893401159975,3,1,0,54,"관망",41,-3.46620450606586,71,,,,0,0,,,,,0,,,0,0,30488.4078936263,30488.4078936263
20261008,176750,"듀켐바이오",KOSDAQ,7560.0,-3.08,"제약",2.59,5.483305165,215374723200.0,7380.0,2.03252032520325,1.49051490514905,46.3527239150508,19.3502824858757,4.6,48.1927420365888,0,1,0,68,"없음",33,-15.6774916013438,51,20260929,12.01248049922,10.9776733092677,0,0,20261006,7380.0,7490.0,70.396646447966,1,7380.0,"저항→지지",0,0,7135.54592570556,7825.54592570556
20261008,177350,"베셀",KOSDAQ,1343.0,-0.52,"화학",0.3,0.872565132,13316987893.0,2030.0,-33.8423645320197,,60.7768691588785,36.5168539325843,13.6,23.3639780666386,0,1,0,45,"없음",26,-36.7106503298775,18,20260831,14.7058823529412,3.68597204685132,0,0,,,,,0,,,0,0,1475.69158372857,1793.69158372857
20261008,177830,"파버나인",KOSDAQ,2200.0,2.09,"디스플레이장비및부품",0.49,0.34521567,24917184600.0,2345.0,-6.39658848614073,,25.7985257985258,23.5181644359465,15.0,156.377820441304,0,1,0,42,"없음",27,-19.5970695970696,44,,,,1,0,,,,,1,2130.0,"지지 재탈환",0,0,2145.34342148661,2300.34342148661
20261008,177900,"쓰리에이로직스",KOSDAQ,3850.0,-0.77,"통신장비",0.93,0.6726581375,37066260000.0,3830.0,-1.82767624020888,1.69712793733681,32.0637732506643,36.4705882352941,10.0,105.33863360968,0,2,0,58,"없음",33,-36.5935919055649,18,,,,0,0,20261007,3830.0,3895.0,119.553946739353,1,3700.0,"지지 재탈환",0,0,3487.52321751287,3962.52321751287
20261008,178320,"서진시스템",KOSDAQ,41150.0,-0.36,"전기장비",317.27,415.2214163,2622221572350.0,43500.0,-5.40229885057471,,56.01246105919,26.2589928057554,5.2,75.1454713296009,2,2,0,50,"관망",49,-10.4461371055495,59,20260928,13.2605304212168,3.36921787888611,0,0,,,,,1,36950.0,"저항→지지",0,0,37722.7850040319,37722.7850040319
20261008,178780,"일월지엠엘",KOSDAQ,2400.0,0.0,"전문소매",1.53,0.566085635,44734068000.0,2695.0,-10.9461966604824,,10.5660377358491,15.1736745886654,2.6,298.505616082819,0,2,0,49,"없음",35,-7.33590733590734,65,20260828,9.97679814385151,9.89415864323939,0,0,,,,,0,,,0,0,2450.36678262356,2450.36678262356
20261008,178920,"PI첨단소재",KOSPI,20800.0,2.21,"화학",14.62,7.22499924,610819497600.0,19380.0,6.5531475748194,3.97316821465428,50.2854424357755,24.5472837022133,9.6,141.939578764829,2,3,0,92,"없음",46,-2.36406619385343,72,,,,1,0,20261002,19380.0,20150.0,138.066933004059,1,19380.0,"저항→지지",1,0,18897.2723255784,19247.2723255784
20261008,179290,"엠아이텍",KOSDAQ,4695.0,-0.42,"건강관리장비와용품",1.44,1.5215915475,151956858210.0,5370.0,-13.6871508379888,,50.2004008016032,13.3668341708543,10.0,65.5243854030158,0,1,0,55,"없음",26,-30.1957831325301,26,,,,0,0,,,,,0,,,0,0,4777.57773359571,5077.57773359571
20261008,179530,"애드바이오텍",KOSDAQ,2205.0,-0.23,"제약",6.92,3.849492316,68628243600.0,2150.0,4.41860465116279,1.3953488372093,14.0524492825334,38.8389513108614,6.8,180.081021243539,1,2,0,47,"없음",41,-10.7355864811133,59,20260827,8.65979381443298,3.86372708290806,0,0,20261006,2150.0,2180.0,193.672440047078,1,1960.0,"저항→지지",0,0,2116.64514221079,2296.64514221079
20261008,179900,"유티아이",KOSDAQ,2460.0,0.0,"핸드셋",6.96,6.3537004725,53060524740.0,2700.0,-8.88888888888889,,79.392446633826,41.3258110014104,6.6,52.5330842488928,0,2,0,61,"없음",45,-85.0999394306481,1,20260818,9.54954954954954,3.17274710623599,0,0,,,,,1,2445.0,"저항→지지",0,0,2053.01650987718,2898.01650987718
20261008,180400,DXVX,KOSDAQ,2330.0,0.87,"건강관리업체및서비스",0.77,0.8183432425,229340576560.0,2425.0,-3.91752577319588,,47.3909324208725,32.6241134751773,12.2,53.5110120124237,1,3,0,85,"없음",50,-52.7862208713273,6,,,,0,0,,,,,0,,,0,0,2157.74491657815,2737.74491657815
20261008,180640,"한진칼",KOSPI,130700.0,-2.39,"항공사",88.45,99.24410375,8725829342500.0,143800.0,-9.73574408901252,,55.7620817843866,15.3962264150943,8.4,71.0833599397502,3,3,0,86,"없음",60,16.9369369369369,88,,,,0,0,,,,,0,,,0,0,140985.529898157,140985.529898157
20261008,181710,NHN,KOSPI,55800.0,-1.93,"IT서비스",39.13,113.7491161,1803956247000.0,75500.0,-26.0927152317881,,64.7421771705597,20.752427184466,9.8,27.7552915824865,4,1,0,51,"관망",53,56.3025210084034,95,20260813,8.80913539967374,3.77266596302758,0,0,,,,,0,,,0,0,64357.1639014237,70357.1639014237
20261008,182360,"큐브엔터",KOSDAQ,6250.0,-1.42,"방송과엔터테인먼트",0.76,1.186829705,97153662500.0,7250.0,-14.3448275862069,,5.85106382978723,17.6795580110497,2.6,68.8775824197957,0,2,0,45,"없음",28,-37.3360242179617,17,,,,0,0,,,,,1,6190.0,"저항→지지",0,0,6445.21211723717,6445.21211723717
20261008,183190,"아세아시멘트",KOSPI,9950.0,-0.1,"건축자재",2.99,3.41750296,357983806400.0,11060.0,-10.0361663652803,,53.2620320855615,11.5957446808511,9.8,72.0261248954804,0,1,0,65,"없음",33,-4.78468899521531,69,20260629,19.7459584295612,13.9301730333584,0,0,,,,,0,,,0,0,10380.0850070737,10900.0850070737
20261008,183300,"코미코",KOSDAQ,33650.0,1.82,"반도체와반도체장비",93.95,169.98132805,1728374203750.0,36200.0,-7.4585635359116,,42.0791334436588,17.4911660777385,6.2,77.333039700248,3,3,0,79,"관망",53,38.9810819780949,93,20260821,27.0642201834862,17.2397477874147,1,0,,,,,1,33350.0,"저항→지지",0,0,31995.266648556,31995.266648556
20261008,184230,"SGA솔루션즈",KOSDAQ,2140.0,-5.73,"소프트웨어",2.42,6.9855857195,40304657280.0,2475.0,-13.5353535353535,,6.22471210706505,18.8940092165899,5.2,79.575251397995,0,2,0,42,"없음",30,-19.8501872659176,43,20261006,12.0567375886525,3.58297875934735,0,0,,,,,1,2090.0,"저항→지지",0,0,2213.1757192454,2213.1757192454
20261008,185490,"아이진",KOSDAQ,1889.0,0.53,"생물공학",1.01,1.742074504,81661061976.0,2210.0,-14.5248868778281,,44.1578741695975,22.8199566160521,6.4,33.1402327007008,4,2,0,64,"없음",62,30.2758620689655,91,20260820,11.5702479338843,8.24405915632125,0,0,,,,,0,,,0,0,1998.78799420835,2083.78799420835
20261008,185750,"종근당",KOSPI,66000.0,-0.3,"제약",11.12,10.88019725,910983480000.0,70900.0,-7.7574047954866,,60.0950118764846,12.2758620689655,7.6,83.6056027576073,0,2,0,63,"없음",30,-25.7661748013621,33,,,,0,0,,,,,1,65000.0,"지지 재탈환",0,0,65744.2173120511,69344.2173120511
20261008,186230,"그린플러스",KOSDAQ,3195.0,-0.31,"건축자재",0.29,0.4712867775,34890000660.0,3300.0,-3.63636363636364,,26.7935578330893,22.5761772853186,15.6,57.5464181792989,0,1,0,67,"없음",27,-28.2976324689966,28,,,,0,0,,,,,0,,,0,0,3227.25307696573,3227.25307696573
20261008,187220,"디티앤씨",KOSDAQ,2035.0,1.8,"전자장비와기기",0.18,0.2020332295,23453238655.0,2120.0,-6.9811320754717,,52.5399129172714,21.9287211740042,7.8,56.4594192107223,1,3,0,84,"없음",44,-32.4657534246575,23,,,,0,0,,,,,0,,,0,0,1975.18166416587,2380.18166416587
20261008,187270,"신화콘텍",KOSDAQ,2745.0,-1.61,"핸드셋",0.09,0.1935099325,27844854525.0,3180.0,-13.6792452830189,,1.3353115727003,21.6965742251224,12.6,42.4698278327518,0,1,0,43,"없음",22,-19.1458026509573,44,,,,0,0,,,,,0,,,0,0,2959.66199017987,2959.66199017987
20261008,187420,"HLB제넥스",KOSDAQ,2585.0,18.85,"생물공학",114.67,14.1586452425,84387187995.0,2500.0,-2.0,,0.0,15.6675062972292,4.0,1285.49525412527,1,1,0,33,"없음",40,-5.40540540540541,68,20261008,12.3853211009174,11.2586979188479,0,0,,,,,1,2080.0,"저항→지지",0,0,2082.59671274351,2082.59671274351
20261008,187660,"페니트리움바이오",KOSDAQ,6300.0,-7.08,"제약",56.03,175.03969238,402987393900.0,8240.0,-23.0582524271845,,40.6312961719275,39.0267175572519,7.2,54.2409706771318,2,2,0,51,"관망",53,-37.8979331961994,17,20260910,11.8598382749326,4.89925540010685,0,0,,,,,1,5240.0,"저항→지지",0,0,7805.56767394017,7805.56767394017
20261008,187790,"나노",KOSDAQ,3085.0,-1.59,"화학",1.41,6.958906085,95143960550.0,4005.0,-22.9712858926342,,42.3628691983122,43.8961038961039,10.4,21.5612576169775,1,1,0,48,"없음",31,-7.7727952167414,64,20260721,29.9651567944251,4.17260159511856,0,0,,,,,0,,,0,0,3433.21148554008,3433.21148554008
20261008,187870,"디바이스",KOSDAQ,15790.0,17.84,"디스플레이장비및부품",96.79,16.173376435,218893169880.0,12160.0,31.0032894736842,2.13815789473684,37.3472159348121,31.9375443577005,7.0,548.5350024047,3,3,0,81,"없음",42,54.2707728065078,95,20261008,19.2365269461078,6.6075394835157,0,0,20260930,12160.0,12420.0,152.443515984686,1,12160.0,"저항→지지",1,1,12158.1035432244,12568.1035432244
20261008,188040,"바이오포트",KOSDAQ,4990.0,2.36,"식품",0.21,0.276459975,23349746920.0,6270.0,-20.5741626794258,,40.7821229050279,24.7680890538033,10.8,50.9255442896528,0,2,0,85,"없음",42,-15.5932203389831,51,20260601,8.47058823529412,3.09081577450722,0,0,,,,,0,,,0,0,5570.459942508,5570.459942508
20261008,188260,"세니젠",KOSDAQ,2085.0,-0.71,"건강관리장비와용품",0.09,0.277269874,28984248030.0,2335.0,-10.7066381156317,,24.7921390778534,15.0769230769231,6.2,39.5939311487046,3,1,0,50,"없음",44,24.8502994011976,90,20260923,10.1101101101101,15.5285857139774,0,0,,,,,1,2060.0,"지지 재탈환",0,0,2052.75115736685,2052.75115736685
20261008,189300,"인텔리안테크",KOSDAQ,63900.0,-6.72,"통신장비",65.38,47.4609746,686126058300.0,77300.0,-17.4644243208279,,46.2944162436548,26.387176325524,7.0,139.967183894941,2,1,0,77,"관망",35,-44.2307692307692,11,,,,0,0,,,,,0,,,0,0,68746.4963844734,72546.4963844734
20261008,189330,"씨이랩",KOSDAQ,9970.0,-3.39,"IT서비스",36.23,30.211538915,93541371480.0,11200.0,-11.6071428571429,,62.784935579782,49.738219895288,6.4,79.8420587624903,4,1,0,59,"관망",55,126.544622425629,98,20260811,22.2302679217958,4.25102316524835,0,0,,,,,0,,,0,0,10737.4723276235,16857.4723276235
20261008,189690,"포시에스",KOSDAQ,1633.0,6.45,"소프트웨어",0.84,0.3914741095,44616775377.0,1620.0,-0.617283950617284,,41.3507925568573,19.8375870069606,11.8,224.784375879586,0,2,0,80,"없음",35,-16.2766510660426,50,20260626,8.04174340085941,9.63081471411482,1,0,,,,,1,1545.0,"저항→지지",0,0,1510.46756668912,1540.46756668912
20261008,189860,"서전기전",KOSDAQ,4920.0,-2.38,"전기장비",3.97,38.1682929125,47717997600.0,5600.0,-12.1428571428571,,34.9820788530466,25.6286266924565,7.2,22.6316784887938,2,2,0,58,"관망",50,-3.71819960861057,70,20260908,29.7968397291196,27.4343646842414,0,0,,,,,0,,,0,0,5283.44074383251,5283.44074383251
20261008,189980,"흥국에프엔비",KOSDAQ,1157.0,-0.17,"음료",0.4,0.4305360335,46439465839.0,1198.0,-4.25709515859766,,46.2295081967213,14.4444444444444,10.2,87.7190360619936,0,3,0,89,"없음",36,-24.0397350993377,36,,,,0,0,,,,,0,,,0,0,1119.65728452299,1120.65728452299
20261008,190510,"나무가",KOSDAQ,15360.0,-1.35,"핸드셋",6.47,20.639044915,216350469120.0,16350.0,-6.23853211009174,,36.6600133067199,23.4478935698448,4.0,39.1478184849914,0,2,0,70,"없음",47,-6.41025641025641,67,20260907,18.7319884726225,53.2903932768469,0,0,,,,,1,13970.0,"저항→지지",0,0,16612.8247065717,16612.8247065717
20261008,190650,"코리아에셋투자증권",KOSDAQ,6370.0,-1.7,"증권",0.18,0.26411048,40691560000.0,6860.0,-5.53935860058309,,66.629711751663,10.4196816208394,11.6,63.4850166481687,0,3,0,91,"없음",36,-18.796992481203,45,,,,0,0,,,,,0,,,0,0,6592.37130342931,6692.37130342931
20261008,191410,"육일씨엔에쓰",KOSDAQ,1721.0,0.06,"디스플레이패널",1.53,2.9941845655,26693006012.0,2235.0,-22.9977628635347,,34.2833876221498,15.8653846153846,6.8,40.9636721154267,1,1,0,49,"없음",31,-25.0108932461874,34,20260827,15.1053013798112,3.23703839982807,0,0,,,,,0,,,0,0,1978.57519155138,1978.57519155138
20261008,191420,"테고사이언스",KOSDAQ,6900.0,-2.82,"생물공학",0.09,0.369751745,55950954600.0,9100.0,-21.5384615384615,,4.49172576832153,57.1311475409836,18.2,22.988038834091,0,2,0,50,"없음",30,-43.1528662420382,11,,,,0,0,,,,,0,,,0,0,8073.86417586726,8073.86417586726
20261008,192080,"더블유게임즈",KOSPI,57700.0,0.7,"게임엔터테인먼트",34.45,25.90173075,1221709103600.0,59700.0,-4.52261306532663,,51.1363636363636,16.1290322580645,7.4,130.539075914325,3,3,0,89,"없음",54,15.971515768057,87,,,,0,0,,,,,1,56300.0,"지지 재탈환",0,0,55545.2439093781,60945.2439093781
20261008,192250,"케이사인",KOSDAQ,8910.0,-3.99,"소프트웨어",11.24,16.57759185,62968083750.0,10360.0,-14.2857142857143,,9.03674280039722,29.5884315906563,10.2,130.580429918129,0,2,0,59,"없음",30,-11.2,58,20261006,13.4523809523809,17.5630115513756,0,0,,,,,1,8080.0,"저항→지지",0,0,9173.95652139268,9173.95652139268
20261008,192390,"윈하이텍",KOSDAQ,1900.0,1.88,"건축자재",0.41,0.4955342685,22737767400.0,1950.0,-2.87179487179487,,34.9278350515464,32.2033898305085,9.8,77.5207664325226,0,1,0,67,"없음",35,-4.34343434343434,70,20260604,14.5033112582782,10.9883306241385,1,0,,,,,1,1762.0,"지지 재탈환",0,0,1761.42900007642,1836.42900007642
20261008,192400,"쿠쿠홀딩스",KOSPI,27400.0,0.37,"가정용기기와용품",7.39,3.29083185,974403869000.0,28600.0,-4.37062937062937,,48.3636363636364,5.2434456928839,9.8,154.26032791221,1,1,0,71,"없음",32,-0.545454545454546,74,,,,1,0,,,,,1,27250.0,"지지 재탈환",0,0,26911.0003098902,27361.0003098902
20261008,192440,"슈피겐코리아",KOSDAQ,28650.0,0.35,"핸드셋",0.55,1.199865325,178098799950.0,30900.0,-7.60517799352751,,55.3271028037383,9.64630225080386,4.0,31.1856568152301,4,2,0,79,"없음",53,16.530612244898,87,,,,0,0,,,,,0,,,0,0,29077.8681098744,32077.8681098744
20261008,192650,"드림텍",KOSPI,9050.0,-0.77,"핸드셋",32.36,112.3002243,596275802450.0,9970.0,-9.42828485456369,,3.04678998911861,23.8247863247863,11.6,43.2371810542286,3,3,0,71,"관망",53,40.6542056074766,93,20261001,14.7540983606557,2.76384308094987,0,0,,,,,1,8690.0,"저항→지지",0,0,8913.38341749893,8913.38341749893
20261008,192820,"코스맥스",KOSPI,303500.0,-1.62,"화장품",459.7,306.82967725,3444575981500.0,292500.0,3.76068376068376,2.56410256410256,6.61896243291593,16.4763458401305,4.8,108.666115903131,5,1,0,59,"돌파완료",64,56.0411311053985,95,20260812,18.8095238095238,6.95127563287558,0,0,20261006,292500.0,300000.0,146.923392786757,1,292500.0,"저항→지지",0,0,285336.638035907,285336.638035907
20261008,193250,"링크드",KOSDAQ,1840.0,1.04,"핸드셋",0.28,0.4682451725,24598836720.0,2445.0,-24.7852760736196,,12.1144762434009,26.0732984293194,10.6,19.848319914558,1,1,0,46,"없음",35,0.217983651226158,75,20260813,29.7450424929179,26.4912116918917,0,0,,,,,0,,,0,0,2039.79661738472,2039.79661738472
20261008,194370,"제이에스코퍼레이션",KOSPI,12000.0,0.0,"섬유,의류,신발,호화품",1.82,5.033474735,348201096000.0,13080.0,-7.95107033639144,,52.7060782681099,16.8428470754052,8.8,22.135569968961,2,3,0,94,"없음",58,8.07899461400359,82,20260803,8.88888888888888,3.76459167478994,0,0,,,,,0,,,0,0,12307.9733881981,13217.9733881981
20261008,194480,"데브시스터즈",KOSDAQ,13590.0,-2.37,"게임엔터테인먼트",5.91,7.07570104,165378748500.0,14870.0,-8.33893745796907,,77.124183006536,42.3880597014925,7.4,48.7319325063672,0,2,0,53,"없음",45,-41.7521367521368,13,20260731,29.5438596491228,5.14541206272861,0,0,,,,,0,,,0,0,15121.2734206014,21771.2734206014
20261008,194700,"노바렉스",KOSDAQ,10490.0,-0.76,"건강관리업체및서비스",5.03,4.40801912,191493355520.0,10650.0,-2.62910798122066,,77.3506800709639,16.9858451290591,5.2,34.7646260539696,0,2,0,89,"없음",47,-22.6119402985075,38,20260804,9.30402930402929,3.2204503265911,0,0,,,,,0,,,0,0,9827.84300886292,16717.8430088629
20261008,195500,"마니커에프앤지",KOSDAQ,1714.0,-0.23,"식품",0.68,0.58012018,27386292000.0,1750.0,-1.02857142857143,,35.5769230769231,32.2553191489362,5.4,31.6288488655116,0,2,0,80,"없음",47,-33.8931297709924,21,20260611,29.8265249020705,42.7343278577497,1,0,,,,,0,,,0,0,1641.41333295853,2193.41333295853
20261008,195870,"해성디에스",KOSPI,65900.0,1.85,"반도체와반도체장비",87.64,106.62915025,1120300000000.0,69200.0,-5.20231213872832,,41.9990389235944,45.4341317365269,11.2,94.6311777190627,3,2,0,62,"수축중",52,25.4302103250478,90,20260916,15.3134635149024,7.00417924225542,1,0,,,,,1,52800.0,"저항→지지",0,0,61071.2480888015,61071.2480888015
20261008,195940,"HK이노엔",KOSDAQ,39950.0,-1.96,"제약",51.0,35.9583728,1131779145450.0,41900.0,-3.81861575178998,,49.306625577812,13.6476426799007,9.8,108.85163883675,0,1,0,82,"관망",30,-16.6494312306101,49,,,,0,0,,,,,1,39100.0,"지지 재탈환",0,0,39300.6826031833,41700.6826031833
20261008,195990,"루트K",KOSDAQ,1103.0,0.27,"기계",0.13,0.2596836565,17965525022.0,1723.0,-35.9837492745212,,72.3466981132075,54.3006081668115,15.0,42.4732458585856,0,1,0,48,"없음",22,-59.5080763582966,3,,,,0,0,,,,,0,,,0,0,1210.56799930261,1624.56799930261
20261008,196170,"알테오젠",KOSDAQ,241500.0,-6.03,"생물공학",1710.82,928.9563195,16821714619500.0,268000.0,-10.2611940298507,,60.1628651966306,17.2358261725924,9.8,139.041868250864,0,1,0,43,"관망",29,-11.2044807585094,58,,,,0,0,,,,,0,,,0,0,260903.484465703,326403.484465703
20261008,196300,"HLB펩",KOSDAQ,5220.0,4.61,"생물공학",17.02,3.39390628,49558403340.0,5810.0,-10.1549053356282,,19.905462184874,19.0,6.2,942.017982686644,0,1,0,42,"없음",29,-26.890756302521,31,20261006,9.38864628820961,6.79513730687984,0,0,,,,,1,4400.0,"저항→지지",0,0,4888.11176599116,4888.11176599116
20261008,196450,"코아시아씨엠",KOSDAQ,3620.0,-1.23,"핸드셋",0.44,0.50591643,32811680000.0,4150.0,-12.7710843373494,,55.2976190476191,29.6,10.8,101.458693805258,1,3,0,82,"없음",43,-48.6888731396173,8,20260630,15.0704225352113,3.4945992765361,0,0,,,,,0,,,0,0,4021.12327683922,4766.12327683922
20261008,196700,"웹스",KOSDAQ,1290.0,1.02,"화학",0.33,0.449445806,18529745760.0,1367.0,-5.63277249451353,,30.3619665045921,19.9473337722186,6.6,42.8418311867231,0,1,0,54,"없음",35,-31.0529128808124,25,20260819,10.989010989011,7.89599671899762,0,0,,,,,1,1274.0,"지지 재탈환",0,0,1331.23306411625,1355.23306411625
20261008,197140,"디지캡",KOSDAQ,2395.0,1.05,"소프트웨어",0.32,0.3826436975,31166503830.0,2570.0,-6.80933852140078,,9.40170940170941,11.3181818181818,12.8,91.6989067576129,4,1,0,44,"없음",51,28.9714593430264,91,20260611,18.25,16.0898369145117,1,0,,,,,1,2320.0,"지지 재탈환",0,0,2361.64737011267,2361.64737011267
20261008,198080,"캐프",KOSDAQ,2095.0,0.0,"핸드셋",0.27,0.762865885,45116212575.0,2130.0,-1.87793427230047,,41.6085790884718,15.6673960612691,13.2,31.6376827953776,1,1,0,48,"없음",36,-18.6770428015564,45,20260528,9.74789915966388,3.84305971336788,0,0,,,,,0,,,0,0,2351.64794581958,2351.64794581958
20261008,198440,"강동씨앤엘",KOSDAQ,1392.0,-1.35,"건축자재",7.49,44.439163661,84817199232.0,1611.0,-14.2147734326505,,77.5893397940642,20.6714944042133,6.4,18.6535933415843,4,1,0,52,"관망",50,27.962962962963,91,20260901,22.9838709677419,22.4963251270991,0,0,,,,,0,,,0,0,2076.66445682352,2076.66445682352
20261008,198940,"한주라이트메탈",KOSDAQ,1341.0,-0.59,"자동차부품",0.31,0.8377359535,26740439811.0,1519.0,-10.0065832784727,,42.5893635571055,23.8064094179202,7.2,37.0900309359007,2,3,0,79,"없음",48,-2.21745350500715,72,20260910,8.63309352517985,2.56107036734022,0,0,,,,,1,1365.0,"저항→지지",0,0,1326.90826546416,1326.90826546416
20261008,199430,"케이엔알시스템",KOSDAQ,16440.0,-4.86,"기계",8.55,25.741304725,184079386920.0,20800.0,-20.3846153846154,,62.4856486796785,36.7567567567568,9.6,19.5666070049482,0,2,0,72,"없음",42,-23.3333333333333,36,20260915,23.642943305187,3.47542135587076,0,0,,,,,1,16170.0,"저항→지지",0,0,18174.9075322659,18174.9075322659
20261008,199480,"뱅크웨어글로벌",KOSDAQ,4270.0,2.52,"IT서비스",0.7,0.7249078375,43539430760.0,4425.0,-5.53672316384181,,34.6688470973017,25.6770310932798,5.2,31.2383460728706,0,2,0,68,"없음",47,-4.34782608695652,69,20260828,9.51760104302477,15.9457805209912,1,0,,,,,1,3835.0,"지지 재탈환",0,0,3834.5550598585,4394.5550598585
20261008,199550,"레이저옵텍",KOSDAQ,3200.0,0.16,"건강관리장비와용품",1.17,0.661938855,47506531200.0,3440.0,-8.86627906976744,,28.6054827175209,17.7240285487708,8.6,61.7773768045036,0,1,0,54,"없음",33,-40.5123339658444,14,20260821,14.9812734082397,3.38505116647896,0,0,,,,,0,,,0,0,3216.47044602964,3241.47044602964
20261008,199730,"바이오인프라",KOSDAQ,903.0,29.93,"생명과학도구및서비스",0.7,0.9896251025,4392523401.0,1010.0,-10.5940594059406,,65.7651924912504,61.0892388451444,3.6,50.3520715055929,0,2,0,45,"없음",35,-77.1969696969697,1,20261007,12.4595469255663,5.38139136050363,0,0,,,,,1,682.0,"지지 재탈환",0,0,1185.60216804387,3096.60216804387
20261008,199800,"툴젠",KOSDAQ,32950.0,-0.75,"생물공학",8.81,11.7187126,296471875550.0,38350.0,-15.3846153846154,,48.833686293302,30.2083333333333,7.6,109.170219313478,0,2,0,47,"없음",25,-43.176843469277,11,,,,0,0,,,,,0,,,0,0,33660.6832281397,40252.6832281397
20261008,199820,"제일일렉트릭",KOSDAQ,7540.0,-2.84,"전기장비",6.5,10.07830409,167538800000.0,8170.0,-7.95593635250918,,51.1675126903553,14.68788249694,5.4,49.3789501994213,0,1,0,77,"없음",33,-25.3968253968254,33,20260805,11.7391304347826,6.95759727715371,0,0,,,,,0,,,0,0,7419.01650434305,7449.01650434305
20261008,200130,"콜마비앤에이치",KOSDAQ,8020.0,-1.84,"건강관리업체및서비스",2.5,3.831848465,230779975160.0,8330.0,-3.24129651860744,,67.1610169491525,24.6778989098117,16.0,36.620427693018,0,1,0,51,"없음",31,-27.1906052393857,30,,,,0,0,,,,,1,7850.0,"지지 재탈환",0,0,8185.61684256363,10735.6168425636
20261008,200230,"텔콘RF제약",KOSDAQ,2260.0,-5.64,"제약",0.49,0.371868915,21429927940.0,2750.0,-18.7272727272727,,13.1277874733372,54.3988684582744,12.4,48.4022479864716,0,2,0,45,"없음",42,-68.0851063829787,2,20260706,29.8329355608592,7.50943426850943,0,0,,,,,1,2230.0,"저항→지지",0,0,2262.3465271853,2362.3465271853
20261008,200350,"아티스트스튜디오",KOSDAQ,4650.0,9.67,"방송과엔터테인먼트",23.45,8.488877515,46481516250.0,2995.0,56.093489148581,11.1853088480801,0.0,28.5136501516684,10.2,422.112064701328,1,2,0,51,"없음",25,5.0561797752809,79,20261006,28.8288288288288,3.50919743864456,0,0,20261002,2995.0,3330.0,204.546990339077,1,2995.0,"저항→지지",1,1,3929.68621176145,3929.68621176145
20261008,200470,"에이팩트",KOSDAQ,10950.0,9.61,"반도체와반도체장비",197.81,96.69390546,479867938200.0,8280.0,31.5217391304348,11.4734299516908,19.4029850746269,21.1267605633803,6.4,205.306495212418,4,3,0,76,"돌파완료",65,63.2683658170915,96,20260930,12.5609756097561,3.65020287505152,0,0,20260930,8280.0,9230.0,357.669563133457,1,8280.0,"저항→지지",1,1,9216.36781041149,9216.36781041149
20261008,200670,"휴메딕스",KOSDAQ,25450.0,-1.93,"제약",7.54,7.161547675,285801718500.0,26750.0,-5.60747663551402,,58.1967213114754,16.4048865619546,8.4,108.092115600004,0,2,0,77,"없음",35,-23.4848484848485,36,,,,0,0,,,,,1,24500.0,"지지 재탈환",0,0,24880.5860404854,26780.5860404854
20261008,200710,"에이디테크놀로지",KOSDAQ,28250.0,-1.22,"반도체와반도체장비",30.94,25.570422875,380301697750.0,30300.0,-7.26072607260726,,63.4354595680563,30.0157977883096,8.0,98.9872504421431,2,2,0,72,"없음",47,-41.701244813278,13,20260709,13.0781499202552,3.92606128013332,0,0,,,,,1,27450.0,"저항→지지",0,0,27040.8694091911,28390.8694091911
20261008,200780,"비씨월드제약",KOSDAQ,3020.0,-0.66,"제약",0.04,0.14625465,32210296220.0,3920.0,-22.3214285714286,,27.3743016759777,13.3928571428571,8.2,16.4827522255193,0,2,0,88,"없음",36,-32.9295154185022,22,,,,0,0,,,,,0,,,0,0,3626.42014559753,3626.42014559753
20261008,200880,"서연이화",KOSPI,10990.0,-0.54,"자동차부품",2.51,2.65844878,297042522630.0,11360.0,-3.08098591549296,,65.4508611955421,16.681455190772,10.0,52.5969874640559,0,3,0,94,"없음",45,-14.3856920684292,53,,,,0,0,,,,,1,10910.0,"지지 재탈환",0,0,10958.8458566,12438.8458566
20261008,201490,"미투온",KOSDAQ,3265.0,-4.11,"게임엔터테인먼트",34.47,339.23757665,106842965390.0,4800.0,-32.1875,,27.0850536746491,16.1849710982659,7.2,28.022409354616,1,1,0,46,"관망",34,17.9347826086957,88,20260917,18.4895833333333,24.306152685401,0,0,,,,,1,3040.0,"저항→지지",0,0,4255.84939981396,4255.84939981396
20261008,203450,"유니온바이오메트릭스",KOSDAQ,2760.0,-2.47,"전자장비와기기",0.94,2.267659535,38858059320.0,3290.0,-16.4133738601824,,6.31424375917768,25.3032928942808,10.6,84.6708517055785,0,1,0,74,"없음",22,-10.8589951377634,59,,,,0,0,,,,,1,2675.0,"저항→지지",0,0,2929.9101827288,2929.9101827288
20261008,203650,"드림시큐리티",KOSDAQ,2770.0,-5.62,"상업서비스와공급품",76.84,280.1009256925,281721420680.0,3360.0,-17.1130952380952,,16.9606512890095,35.6170212765957,11.8,62.0461235273785,3,1,0,50,"관망",44,78.525641025641,97,20260911,23.2941176470588,61.375741772392,0,0,,,,,1,2290.0,"저항→지지",0,0,2943.48563994987,2943.48563994987
20261008,204020,"그리티",KOSDAQ,1803.0,0.5,"섬유,의류,신발,호화품",0.07,0.187624111,35069850096.0,1894.0,-4.80464625131996,,10.9385550303849,14.1645885286783,4.6,26.6787788014788,0,2,0,78,"없음",35,-9.03128153380424,62,,,,0,0,,,,,1,1799.0,"지지 재탈환",0,0,1745.5764800801,1837.5764800801
20261008,204270,"제이앤티씨",KOSDAQ,26500.0,2.71,"핸드셋",562.14,364.506627025,1532984349000.0,26750.0,0.934579439252336,0.934579439252336,0.0,15.6440281030445,5.4,275.050335139029,4,1,0,41,"돌파완료",65,75.4385964912281,97,20261006,20.8715596330275,2.7892217915355,0,0,20261008,26750.0,27000.0,289.436684022242,1,21350.0,"저항→지지",0,0,23525.6104697718,23525.6104697718
20261008,204320,"HL만도",KOSPI,44450.0,-2.52,"자동차부품",152.18,120.96292925,2087243984000.0,48150.0,-7.8920041536864,,62.8272251308901,23.499491353001,10.4,88.4856112268304,1,3,0,83,"관망",51,-7.21757322175732,65,20260616,8.92351274787535,4.22985171617885,0,0,,,,,0,,,0,0,46504.0063200616,53704.0063200616
20261008,204610,"티쓰리",KOSDAQ,2840.0,0.0,"게임엔터테인먼트",1.01,2.6226123325,158262464800.0,3375.0,-16.4444444444444,,38.9221556886227,20.2857142857143,7.6,29.395295020295,3,1,0,54,"없음",41,13.2530120481928,86,,,,0,0,,,,,0,,,0,0,3126.71366615914,3251.71366615914
20261008,204620,"글로벌텍스프리",KOSDAQ,5770.0,0.52,"기타금융",22.12,39.203595665,405534814100.0,6200.0,-7.74193548387097,,27.208480565371,28.2214156079855,12.0,47.99840527293,4,1,0,66,"관망",49,19.7905759162304,89,20260828,15.2804642166344,6.01374454380284,0,0,,,,,1,5650.0,"저항→지지",0,0,5570.48596208471,5570.48596208471
20261008,204840,"지엘팜텍",KOSDAQ,4300.0,3.86,"제약",1.03,3.6994400475,66692144300.0,5490.0,-22.7686703096539,,30.8390022675737,27.6923076923077,7.6,35.4070504527995,0,2,0,50,"없음",38,-17.0254403131115,48,,,,0,0,,,,,1,4165.0,"지지 재탈환",0,0,5296.07142385262,5296.07142385262
20261008,205470,"휴마시스",KOSDAQ,2845.0,-8.81,"생명과학도구및서비스",14.38,6.0510736225,70200377845.0,3090.0,-6.47249190938511,1.45631067961165,16.4285714285714,32.6027397260274,6.0,314.662253638551,0,2,0,49,"없음",35,-20.4951856946355,42,20261007,18.75,57.2636614496212,0,0,20261007,3090.0,3135.0,2727.24532649247,1,2750.0,"저항→지지",0,0,3024.1222529847,3224.1222529847
20261008,205500,"넥써쓰",KOSDAQ,1807.0,1.63,"게임엔터테인먼트",1.32,2.789917045,150996167179.0,1859.0,-3.11995696611081,,33.5489435101337,15.2610441767068,8.4,48.5163301034181,0,1,0,56,"없음",31,10.5586249232658,84,20260617,19.3621867881549,4.44587758868592,0,0,,,,,1,1753.0,"지지 재탈환",0,0,1779.17333883788,1779.17333883788
20261008,206400,"베노티앤알",KOSDAQ,670.0,-0.89,"건설",0.61,3.584811212,25131805860.0,833.0,-19.5678271308523,2.52100840336134,9.11587040087865,49.6551724137931,6.0,41.6594497605608,0,2,0,40,"없음",30,-43.0272108843537,12,20260928,31.3846153846154,15.6445159772804,0,0,20260928,833.0,854.0,1602.28117187418,0,,,0,0,792.706678137207,812.706678137207
20261008,206640,"바디텍메드",KOSDAQ,9800.0,-1.31,"생명과학도구및서비스",1.83,2.48381559,214697625800.0,11770.0,-16.8224299065421,,57.4626865671642,20.8725406330197,11.6,44.9322347389396,0,1,0,52,"없음",26,-8.24742268041237,64,,,,0,0,,,,,1,9630.0,"지지 재탈환",0,0,9577.31901911906,11237.3190191191
20261008,206650,"유바이오로직스",KOSDAQ,8470.0,-0.24,"생물공학",25.97,7.557261125,311292040290.0,9000.0,-5.77777777777778,,38.483547925608,15.511892450879,6.8,246.358534874003,0,2,0,84,"없음",40,-36.384096024006,18,20260615,14.4820295983087,5.61130258154662,0,0,,,,,1,8420.0,"지지 재탈환",0,0,8267.44529552876,8937.44529552876
20261008,207760,"미스터블루",KOSDAQ,2145.0,-2.05,"양방향미디어와서비스",0.13,1.481667935,35641225620.0,2250.0,-4.88888888888889,,62.6823529411765,54.6061415220294,17.0,4.89824304894989,0,2,0,51,"없음",47,-56.7239635995955,4,20260903,8.61723446893787,348.618496651742,0,0,,,,,0,,,0,0,2343.77882162645,2913.77882162645
20261008,207940,"삼성바이오로직스",KOSPI,1224000.0,-4.15,"제약",994.79,591.4154944885,56660124024000.0,1429907.0,-14.6797658868724,,50.4433251062566,15.9281620639981,12.8,156.575905171903,0,1,0,45,"관망",30,-22.4312833362687,38,20260724,10.0797729292362,3.8337293347752,0,0,,,,,0,,,0,0,1373944.31277895,1538666.31277895
20261008,208140,"정다운",KOSDAQ,2330.0,2.64,"식품",2.36,0.537760495,76154293180.0,2400.0,-2.91666666666667,,38.0487804878049,8.47826086956522,11.2,475.271122897249,1,1,0,68,"없음",32,-3.91752577319588,70,,,,1,0,,,,,0,,,0,0,2306.31318791372,2306.31318791372
20261008,208350,"지란지교시큐리티",KOSDAQ,2770.0,-4.32,"소프트웨어",0.22,0.3131442825,22441348900.0,3330.0,-16.8168168168168,,4.15841584158416,15.0387596899225,4.0,77.9819478253377,1,1,0,41,"없음",31,-8.27814569536424,63,20260818,8.64864864864865,4.23020461424144,0,0,,,,,0,,,0,0,3014.42971618688,3014.42971618688
20261008,208370,"셀바스헬스케어",KOSDAQ,2615.0,-2.24,"건강관리장비와용품",3.39,18.7463725025,67311574860.0,3100.0,-14.8387096774194,,28.875,30.5379746835443,8.2,32.254442512706,0,2,0,67,"없음",30,-36.9928400954654,17,20260928,14.5877378435518,54.254383604575,0,0,,,,,1,2540.0,"저항→지지",0,0,2731.33947829044,2791.33947829044
20261008,208640,"썸에이지",KOSDAQ,682.0,2.4,"게임엔터테인먼트",2.91,4.402706318,9496185050.0,1024.0,-33.3984375,,53.8482311639212,60.0507292327204,8.6,61.2147191565441,0,1,0,54,"없음",30,-60.1169590643275,3,20260921,17.6328502415459,4.70075011242692,0,0,,,,,0,,,0,0,842.771134353988,1349.77113435399
20261008,208710,"포톤",KOSDAQ,2750.0,-3.17,"핸드셋",1.17,3.489186335,36245363000.0,3190.0,-15.2037617554859,,36.3376251788269,17.0984455958549,5.2,16.5344353124484,4,2,0,61,"없음",62,34.9127182044888,93,20260804,14.0997830802603,4.00324927243321,0,0,,,,,1,2685.0,"저항→지지",0,0,2747.24062309969,2832.24062309969
20261008,209640,"와이제이링크",KOSDAQ,3925.0,-1.01,"전자장비와기기",16.75,58.8401645575,111639348050.0,4505.0,-13.5405105438402,,16.7173252279635,28.5362853628536,7.2,64.848892543559,2,2,0,49,"관망",40,-6.37019230769231,67,20261002,11.820652173913,6.22444664158325,0,0,,,,,1,3340.0,"저항→지지",0,0,3878.84155033485,3878.84155033485
20261008,210120,"빅텐츠",KOSDAQ,2245.0,24.31,"방송과엔터테인먼트",21.89,4.826105053,21765254795.0,2275.0,-31.7802197802198,,18.1838464970995,68.4656416692815,16.6,1021.81039288519,0,2,0,36,"없음",32,-53.5468422627956,5,20260828,29.9205648720212,4.11150189182013,0,0,,,,,0,,,0,0,1844.05607283818,1844.05607283818
20261008,210540,"디와이파워",KOSPI,10820.0,-2.26,"기계",4.29,2.284913185,119471280560.0,11850.0,-8.86075949367089,,56.5580618212197,11.0412926391382,9.8,126.203368213028,0,3,0,87,"없음",38,-18.7358916478555,45,,,,0,0,,,,,0,,,0,0,11195.2059172999,11745.2059172999
20261008,210980,"SK디앤디",KOSPI,3020.0,-1.63,"부동산",2.46,11.475654195,56224493640.0,3845.0,-22.4967490247074,,50.7270760725874,39.1935483870968,8.0,18.0077633459602,0,1,0,51,"없음",30,-66.0978384527873,2,20260910,10.8,3.04705908139446,0,0,,,,,0,,,0,0,4096.15653217246,4096.15653217246
20261008,211050,"인카금융서비스",KOSDAQ,9910.0,-0.2,"손해보험",3.15,6.456270605,488202840870.0,10890.0,-9.27456382001836,,32.2929171668668,18.6991869918699,11.6,38.383448702338,0,1,0,60,"없음",25,-15.9148936170213,50,,,,0,0,,,,,0,,,0,0,10303.6411445104,10573.6411445104
20261008,211270,"AP위성",KOSDAQ,8100.0,-5.37,"통신장비",19.09,12.14392977,122166662400.0,9430.0,-14.4220572640509,1.27253446447508,16.0152526215443,38.0952380952381,12.6,264.883138869117,0,1,0,60,"없음",22,-48.7619047619048,8,,,,0,0,20261002,9430.0,9550.0,178.922575773172,0,,,0,0,8818.80317189979,8818.80317189979
20261008,212560,"네오오토",KOSDAQ,10290.0,-2.19,"자동차부품",10.02,34.539252595,138774520920.0,11940.0,-13.2328308207705,,59.5704057279236,34.176245210728,7.0,32.3586613143527,3,2,0,56,"수축중",55,40.3794037940379,93,20260908,8.16498316498318,4.462424308735,0,0,,,,,1,10060.0,"지지 재탈환",0,0,11651.6803770459,11651.6803770459
20261008,212710,"아이에스티이",KOSDAQ,7410.0,-0.94,"반도체와반도체장비",4.09,4.17537654,71987986980.0,9180.0,-19.6078431372549,,60.0694444444444,48.4792626728111,11.2,74.1111832760414,0,2,0,53,"없음",28,5.12820512820513,79,,,,0,0,,,,,1,6850.0,"지지 재탈환",0,0,6912.75226461819,9712.75226461819
20261008,213420,"덕산네오룩스",KOSDAQ,29900.0,0.34,"디스플레이장비및부품",34.94,52.54564795,742452252100.0,31000.0,-3.87096774193548,,57.5589459084605,25.1908396946565,11.0,73.9729404243819,0,1,0,60,"관망",34,-33.0337078651685,22,,,,1,0,,,,,0,,,0,0,30511.8680383617,34511.8680383617
20261008,213500,"한솔제지",KOSPI,7080.0,-0.84,"종이와목재",1.22,1.82827249,168508078080.0,9810.0,-27.3190621814475,,43.5051546391753,10.8448928121059,7.8,26.4190259674526,0,1,0,56,"없음",30,-15.9198113207547,50,20260730,9.74124809741248,13.7958163903589,0,0,,,,,0,,,0,0,9321.96765051813,9321.96765051813
20261008,214150,"클래시스",KOSDAQ,30200.0,-1.63,"건강관리장비와용품",51.07,44.548837025,1970116901800.0,32350.0,-6.95517774343122,,72.3360655737705,37.6705141657922,7.4,68.9878182976505,0,2,0,83,"관망",45,-42.4474187380497,12,,,,0,0,,,,,0,,,0,0,29993.5670399607,44693.5670399607
20261008,214180,"헥토이노베이션",KOSDAQ,14010.0,-1.62,"IT서비스",5.53,5.920246285,182037071670.0,14840.0,-5.59299191374663,,34.1888175985335,15.2866242038217,7.6,65.6720282802338,0,3,0,87,"없음",45,-21.1148648648649,40,,,,0,0,,,,,1,13810.0,"지지 재탈환",0,0,13928.225439919,14598.225439919
20261008,214260,"라파스",KOSDAQ,7480.0,-0.13,"화장품",0.65,0.56919374,66740023240.0,8000.0,-5.75,,54.4859813084112,22.7848101265823,6.2,64.216673408383,0,2,0,87,"없음",45,-19.0987124463519,44,20260702,9.26594464500601,2.7667039030934,0,0,,,,,1,7500.0,"지지 재탈환",0,0,7203.55840446188,8903.55840446188
20261008,214270,FSN,KOSDAQ,1359.0,-0.8,"양방향미디어와서비스",0.33,0.4856069685,61496973324.0,1430.0,-6.29370629370629,,32.0284697508897,15.9298245614035,9.8,33.7071810870797,0,3,0,93,"없음",46,-39.0909090909091,15,,,,0,0,,,,,1,1338.0,"저항→지지",0,0,1316.39304182514,1365.39304182514
20261008,214320,"이노션",KOSPI,17880.0,-0.45,"광고",9.74,9.511061685,715200000000.0,18400.0,-3.09782608695652,,48.6735870818916,10.8629441624365,9.4,92.0295066594615,2,1,0,62,"없음",37,1.19182746878547,76,,,,0,0,,,,,0,,,0,0,18192.3125385696,19112.3125385696
20261008,214330,"금호에이치티",KOSPI,6910.0,0.88,"자동차부품",1.96,3.959196955,72257379390.0,7170.0,-5.16039051603905,,69.7327532628962,42.0,5.6,13.1820037152261,0,2,0,76,"없음",47,-38.2716049382716,16,20260907,20.6429780033841,3.02937599652737,0,0,,,,,0,,,0,0,6618.24158476021,9068.24158476021
20261008,214370,"케어젠",KOSDAQ,41700.0,-6.29,"건강관리업체및서비스",36.53,27.323315325,2239915500000.0,45700.0,-9.29978118161926,,71.8154463390171,49.4791666666667,13.0,113.571072352434,0,1,0,40,"없음",27,-61.0065851364064,3,,,,0,0,,,,,1,39800.0,"지지 재탈환",0,0,40156.3656035576,65056.3656035576
20261008,214390,"경보제약",KOSPI,5560.0,1.09,"제약",0.81,0.928526725,132922141600.0,6150.0,-10.5691056910569,,32.6710816777042,7.59259259259259,7.6,53.5381333944107,0,1,0,48,"없음",29,-22.752808988764,38,,,,0,0,,,,,1,5400.0,"저항→지지",0,0,5653.74653130686,5653.74653130686
20261008,214420,"토니모리",KOSPI,4905.0,-3.44,"화장품",3.67,2.6002958575,117988789095.0,5300.0,-7.45283018867925,,60.4003481288077,27.8195488721804,7.4,73.0459608022841,0,2,0,77,"없음",40,-23.2394366197183,37,,,,0,0,,,,,0,,,0,0,5081.6701235491,6211.6701235491
20261008,214430,"아이쓰리시스템",KOSDAQ,78100.0,-1.51,"우주항공과국방",25.84,21.5554686,570693491500.0,86800.0,-8.75576036866359,,12.9509166173862,25.9398496240602,9.8,119.911216977046,0,3,0,84,"없음",35,-14.2857142857143,53,20261001,23.2352941176471,7.26382359203356,0,0,,,,,1,70400.0,"저항→지지",0,0,77038.5748746405,77038.5748746405
20261008,214450,"파마리서치",KOSDAQ,301500.0,-2.27,"건강관리장비와용품",374.86,334.28046225,3132478872000.0,465500.0,-35.7679914070891,,64.1775983854692,25.6603773584906,9.4,78.7593288122216,1,2,0,66,"관망",45,2.22222222222222,77,,,,0,0,,,,,0,,,0,0,354198.597367308,429698.597367308
20261008,214680,"디알텍",KOSDAQ,3855.0,1.18,"건강관리장비와용품",0.91,10.371416375,64347471105.0,6240.0,-38.3012820512821,,61.4642451759364,42.964824120603,12.4,16.6461499838943,0,1,0,42,"없음",30,-52.3809523809524,6,20260814,10.5263157894737,36.4078384528351,1,0,,,,,0,,,0,0,5662.09663889374,6212.09663889374
20261008,215000,"골프존",KOSDAQ,35800.0,-0.28,"호텔,레스토랑,레저",2.23,5.15638545,224659857000.0,36550.0,-2.05198358413133,,64.128256513026,16.7277167277167,10.0,30.5689504008016,0,2,0,84,"없음",41,-26.4131551901336,31,,,,0,0,,,,,0,,,0,0,35129.5363209018,39179.5363209018
20261008,215090,"솔디펜스",KOSDAQ,1429.0,1.42,"우주항공과국방",0.22,1.3184261235,33089439569.0,1935.0,-26.0981912144703,,11.2234042553191,30.2615933412604,10.6,22.0224492938731,0,1,0,47,"없음",30,-46.5420560747664,9,20260908,10.1526717557252,4.08735548607577,0,0,,,,,1,1362.0,"저항→지지",0,0,1716.26258300867,1716.26258300867
20261008,215100,"로보로보",KOSDAQ,4115.0,-1.08,"교육서비스",1.65,2.507554635,83733888210.0,4310.0,-4.87238979118329,,68.1950509461426,20.3722854188211,8.2,21.7072956367477,0,3,0,98,"없음",50,-37.0199692780338,17,20260721,12.4450951683748,19.7745015054239,0,0,,,,,0,,,0,0,3953.7904094748,4423.7904094748
20261008,215200,"메가스터디교육",KOSDAQ,38900.0,2.37,"교육서비스",23.26,12.770144525,403206902400.0,35200.0,9.94318181818182,2.55681818181818,51.1290322580645,29.8958333333333,20.2,160.720838717225,1,1,0,47,"없음",30,-19.6261682242991,43,,,,1,0,20260921,35200.0,36100.0,93.8448791724771,1,35200.0,"저항→지지",1,0,36260.6090639378,40210.6090639378
20261008,215360,"우리산업",KOSDAQ,6570.0,0.31,"자동차부품",0.73,0.56410695,59998310910.0,6710.0,-2.08643815201192,,14.1509433962264,25.4980079681275,15.2,93.1126912187943,0,1,0,57,"없음",27,-20.0729927007299,43,,,,0,0,,,,,1,6230.0,"지지 재탈환",0,0,6386.46833786059,6756.46833786059
20261008,215380,"콜마바이오텍",KOSDAQ,2255.0,-7.39,"생명과학도구및서비스",4.21,1.963255725,37950693880.0,2895.0,-20.2072538860104,,19.8786039453718,18.1451612903226,7.4,312.016960961623,2,3,0,79,"없음",43,-5.71428571428571,68,20260721,9.30735930735931,5.4246261758106,0,0,,,,,1,2240.0,"저항→지지",0,0,2558.17546924548,2608.17546924548
20261008,215480,"토박스코리아",KOSDAQ,1997.0,-3.53,"섬유,의류,신발,호화품",0.12,0.249786245,21447780000.0,2205.0,-9.43310657596372,,44.2971639950678,17.2705882352941,10.6,27.6261977123727,2,1,0,52,"없음",39,-9.43310657596372,61,20260807,9.82658959537572,4.40103051938097,0,0,,,,,0,,,0,0,1962.52628227592,1977.52628227592
20261008,215600,"신라젠",KOSDAQ,2330.0,-2.1,"제약",11.68,14.647149565,322829804120.0,2425.0,-4.32989690721649,,72.2679200940071,34.0943683409437,5.6,28.6616597930924,0,2,0,79,"없음",47,-37.8016085790885,17,20260825,29.8245614035088,10.6301190460519,0,0,,,,,0,,,0,0,2177.76052049021,3022.76052049021
20261008,216050,"인크로스",KOSDAQ,5050.0,0.8,"광고",0.77,0.4559252125,61603041100.0,5050.0,-0.99009900990099,,49.3920972644377,19.7588126159555,9.8,83.9301908093202,0,1,0,79,"없음",27,-21.875,39,,,,0,0,,,,,1,4995.0,"지지 재탈환",0,0,4947.02787694492,5127.02787694492
20261008,216080,"제테마",KOSDAQ,6020.0,0.5,"건강관리장비와용품",4.8,13.417928475,224468335980.0,7590.0,-20.8168642951252,,21.5663354763296,16.6666666666667,5.8,32.7533197632167,1,1,0,48,"없음",31,-17.3314993122421,48,20260902,21.6535433070866,7.82919165372004,0,0,,,,,1,5460.0,"저항→지지",0,0,6665.7422221355,6665.7422221355
20261008,217190,"제너셈",KOSDAQ,10090.0,10.51,"반도체와반도체장비",132.4,20.34176697,132721448490.0,7830.0,30.2681992337165,2.93742017879949,0.0,30.193661971831,11.8,558.831959506345,5,2,0,52,"없음",49,99.21875,98,20261008,13.9664804469274,4.77970243682241,0,0,20260930,7830.0,8060.0,72.2150507105411,1,7830.0,"저항→지지",1,1,8249.87438882292,8249.87438882292
20261008,217270,"넵튠",KOSDAQ,2495.0,2.67,"게임엔터테인먼트",1.24,1.2040117325,113907620715.0,2715.0,-9.57642725598527,,22.6980728051392,51.6706443914081,21.4,107.211644282191,0,2,0,60,"없음",33,-38.625,16,,,,0,0,,,,,1,2380.0,"지지 재탈환",0,0,2469.54842659111,2469.54842659111
20261008,217330,"싸이토젠",KOSDAQ,2950.0,-3.91,"건강관리업체및서비스",3.09,1.86249763,68232163650.0,3410.0,-13.3431085043988,,28.6874154262517,21.4765100671141,7.6,172.413128801578,0,2,0,56,"없음",25,-24.0359897172237,36,,,,0,0,,,,,0,,,0,0,3147.97621001586,3372.97621001586
20261008,217500,"러셀",KOSDAQ,1526.0,-3.36,"반도체와반도체장비",2.1,0.960650705,48545112000.0,1647.0,-7.71098967820279,,46.4285714285714,17.0480549199085,7.0,206.846653540218,0,1,0,54,"없음",25,-39.4422310756972,15,,,,0,0,,,,,1,1511.0,"지지 재탈환",0,0,1707.40747330781,1707.40747330781
20261008,217730,"강스템바이오텍",KOSDAQ,2045.0,-7.67,"생물공학",7.1,5.1032927825,192340734705.0,2390.0,-14.2259414225941,,58.3333333333333,32.3181049069374,6.8,58.9214257966359,2,2,0,61,"없음",52,-42.008486562942,12,20260730,11.5288220551379,2.50755421373248,0,0,,,,,0,,,0,0,2044.45572435849,2609.45572435849
20261008,217820,"원익피앤이",KOSDAQ,2330.0,-3.12,"전기제품",5.66,28.5430678925,110569122470.0,2590.0,-9.65250965250965,,45.1038575667656,19.6712619300106,9.8,42.279703973615,0,1,0,52,"없음",33,-18.8908145580589,45,20260910,29.97542997543,5.16661310009368,0,0,,,,,1,2055.0,"저항→지지",0,0,2971.14790674533,2971.14790674533
20261008,218150,"미래생명자원",KOSDAQ,1870.0,-1.22,"식품",1.36,4.427029914,38177549740.0,1980.0,-6.36363636363636,,85.3542234332425,44.3081761006289,10.6,19.6491576640029,0,1,0,57,"없음",35,-39.0131578947368,15,20260720,29.8029556650246,9.21510501365447,0,0,,,,,0,,,0,0,2128.53536130912,2968.53536130912
20261008,218410,RFHIC,KOSDAQ,58200.0,-1.19,"통신장비",162.88,340.04014235,1546690724400.0,64600.0,-10.2167182662539,,39.6510228640192,23.3928571428571,7.2,63.3213126311561,2,1,0,67,"관망",43,-32.8703703703704,22,20260918,13.5185185185185,4.25184297223184,0,0,,,,,1,52700.0,"저항→지지",0,0,57206.4084712576,57206.4084712576
20261008,219130,"타이거일렉",KOSDAQ,96000.0,-2.04,"반도체와반도체장비",40.15,37.79685175,606171840000.0,78900.0,22.9404309252218,2.40811153358682,25.3393665158371,41.0942956926659,11.2,86.5636066689796,5,2,0,44,"돌파완료",57,258.595194085028,99,20260916,11.3636363636364,3.5139613291614,0,0,20260923,78900.0,80800.0,69.9028292962994,1,78900.0,"저항→지지",0,0,87198.3099596158,87198.3099596158
20261008,219420,"링크제니시스",KOSDAQ,3170.0,-0.16,"소프트웨어",0.54,0.5638440075,36358337190.0,3490.0,-9.31232091690544,,42.1199442119944,21.3204951856946,11.6,80.6221649815499,0,2,0,72,"없음",30,-31.7887931034483,24,,,,0,0,,,,,0,,,0,0,3191.91600831704,3421.91600831704
20261008,219550,"디와이디",KOSDAQ,1177.0,-1.67,"화장품",0.4,0.3210714985,48703330170.0,1239.0,-5.00403551251009,,56.1591103507271,29.6,9.0,89.7716005786405,2,1,0,56,"없음",41,-28.3627510651248,28,20260828,11.7967332123412,4.06085406320636,0,0,,,,,0,,,0,0,1166.55977617423,1323.55977617423
20261008,219750,"한국비티비",KOSDAQ,1812.0,0.17,"건강관리장비와용품",0.17,0.2494164465,23710703124.0,2110.0,-14.218009478673,,47.699689528648,36.6244725738397,10.4,99.0287075444577,0,3,0,73,"없음",33,-61.6931216931217,3,20260928,10.0861008610086,19.8776850350093,0,0,,,,,1,1725.0,"저항→지지",0,0,1832.00477634236,2092.00477634236
20261008,220100,"퓨쳐켐",KOSDAQ,7040.0,-0.14,"제약",4.36,8.227932957,181753440000.0,7420.0,-5.39083557951483,,31.647224456959,24.6479766586325,7.6,71.2750286605564,0,1,0,45,"없음",27,-53.0089028716782,6,,,,0,0,,,,,1,6908.0,"저항→지지",0,0,6986.57513451641,6986.57513451641
20261008,220180,"폴라리스AI핸디",KOSDAQ,1350.0,-0.15,"소프트웨어",0.13,0.128359547,32306636700.0,1690.0,-18.4023668639053,,24.1988950276243,19.2672141503474,7.6,91.8924555116164,0,1,0,56,"없음",22,-29.2820512820513,27,,,,0,0,,,,,1,1372.0,"지지 재탈환",0,0,1516.20486538294,1516.20486538294
20261008,220260,"켐트로스",KOSDAQ,4720.0,0.75,"화학",6.27,7.2432976775,151380099600.0,4955.0,-3.83451059535822,,9.70625798212006,28.5326086956522,11.6,107.092120640083,0,3,0,79,"없음",38,-6.01577909270217,67,20260928,14.1221374045801,18.3265879630806,0,0,,,,,1,4690.0,"저항→지지",0,0,4502.75908224135,4502.75908224135
20261008,221840,"하이즈항공",KOSDAQ,2050.0,-1.68,"우주항공과국방",0.15,0.19331699,38336150050.0,2180.0,-5.27522935779817,,9.20560747663552,15.1620947630923,9.6,58.103143904981,0,1,0,44,"없음",27,-18.2178217821782,46,,,,0,0,,,,,0,,,0,0,2264.82918993897,2264.82918993897
20261008,221980,"케이디켐",KOSDAQ,9420.0,0.0,"화학",0.03,0.07818838,38007816000.0,10200.0,-7.64705882352941,,0.187617260787995,6.76229508196721,11.0,37.5559728441427,0,1,0,59,"없음",25,-8.45481049562682,63,,,,0,0,,,,,0,,,0,0,9637.1073231415,9637.1073231415
20261008,222040,"코스맥스엔비티",KOSDAQ,6150.0,-2.84,"건강관리업체및서비스",6.23,17.54473063,126862200000.0,9490.0,-35.4056902002107,,57.8231292517007,46.6071428571429,7.6,28.2974862534837,3,2,0,51,"없음",50,56.3775510204082,95,20260810,23.9860950173812,10.2567139572707,0,0,,,,,0,,,0,0,7813.75759585378,10113.7575958538
20261008,222080,"SFA넥셀",KOSDAQ,8850.0,4.61,"전기제품",92.72,42.538093685,688354274400.0,7880.0,10.2791878172589,1.14213197969543,37.4037403740374,24.0320427236315,10.2,317.944254871614,2,3,0,89,"관망",45,-25.5355612682091,33,,,,0,0,20260930,7880.0,7970.0,218.661478205729,1,7880.0,"저항→지지",0,0,8089.05692062797,8089.05692062797
20261008,222110,"팬젠",KOSDAQ,4700.0,-0.74,"생물공학",0.03,0.281405405,63518192300.0,5970.0,-21.608040201005,,10.0362756952842,14.3269230769231,7.4,8.69843751377498,0,1,0,52,"없음",26,-5.64516129032258,68,,,,0,0,,,,,0,,,0,0,5524.57050761453,5524.57050761453
20261008,222420,"쎄노텍",KOSDAQ,947.0,0.64,"화학",1.4,2.462238405,45852341281.0,1077.0,-12.8133704735376,,38.4615384615385,22.1476510067114,8.2,76.256427726883,2,2,0,59,"없음",50,-26.8691588785047,31,20260909,13.4545454545455,13.6065647448661,0,0,,,,,1,920.0,"저항→지지",0,0,950.699910144249,950.699910144249
20261008,222800,"심텍",KOSDAQ,172000.0,0.94,"전자장비와기기",1244.13,1076.98186755,6619338472000.0,182600.0,-6.51697699890471,,46.031746031746,20.8870967741935,7.6,88.1272352128087,5,2,0,74,"수축중",66,248.723186925434,99,20260922,13.145896656535,2.55997658669013,0,0,,,,,1,156600.0,"저항→지지",0,0,161687.058148831,161687.058148831
20261008,222980,"한국맥널티",KOSDAQ,2000.0,0.5,"식품",0.23,0.261913496,22062966000.0,2545.0,-21.4538310412574,,22.4731182795699,12.3489932885906,10.6,90.5292911722681,0,1,0,50,"없음",26,-20.9881422924901,41,20260910,12.085308056872,5.74397058178352,0,0,,,,,0,,,0,0,2268.63978965283,2268.63978965283
20261008,223250,"드림씨아이에스",KOSDAQ,3890.0,0.39,"제약",14.17,21.8993721325,95695727160.0,4075.0,-4.78527607361963,,0.0,32.8591749644381,13.4,129.689895166323,0,1,0,40,"없음",31,-16.4693218514532,49,20260921,16.4536741214057,95.1956958860931,0,0,,,,,1,3700.0,"저항→지지",0,0,3558.57055470779,3558.57055470779
20261008,223310,"사토시홀딩스",KOSDAQ,2930.0,0.86,"식품과기본식료품소매",0.67,1.51097534,39960403590.0,3190.0,-8.15047021943574,,62.2701331642359,52.0408163265306,7.2,16.8390229118451,0,1,0,51,"없음",33,-60.4214507632041,3,20260831,30.0,15.8588637755238,0,0,,,,,1,2860.0,"지지 재탈환",0,0,3507.53398698337,4212.53398698337
20261008,224060,"더코디",KOSDAQ,3610.0,7.28,"전기제품",51.52,53.782535395,18630206420.0,12750.0,-71.6862745098039,,35.6358941252421,28.6486486486486,7.4,367.895635379027,2,1,0,43,"관망",39,-35.9929078014184,18,20260910,29.9605781865966,15.1877286708319,0,0,,,,,1,3430.0,"지지 재탈환",0,0,10892.5108888135,10892.5108888135
20261008,224110,"에이텍모빌리티",KOSDAQ,7630.0,0.0,"컴퓨터와주변기기",0.09,0.24547247,38763345180.0,8950.0,-14.7486033519553,,15.2197213290461,24.8496993987976,3.0,14.9794881040883,0,1,0,48,"없음",26,-9.59715639810427,61,,,,0,0,,,,,0,,,0,0,9098.63962763929,9098.63962763929
20261008,225220,"제놀루션",KOSDAQ,1498.0,6.92,"건강관리장비와용품",0.69,0.444577002,28746651458.0,1585.0,-5.86750788643533,,6.70846394984326,36.1574382921948,15.2,150.810246829788,0,2,0,64,"없음",30,-17.5690607734807,47,,,,1,0,,,,,1,1400.0,"저항→지지",0,0,1410.33913093476,1410.33913093476
20261008,225530,"HC보광산업",KOSDAQ,2170.0,2.84,"건축자재",0.75,0.222012285,78855037590.0,2150.0,1.62790697674419,1.62790697674419,77.8727445394112,7.76255707762557,3.0,172.901872382045,0,2,0,78,"없음",43,-43.3937823834197,11,20260703,9.03614457831326,20.5349778154852,1,0,20261008,2150.0,2185.0,158.332267092442,1,2130.0,"저항→지지",0,0,2011.37118314532,2011.37118314532
20261008,225570,"넥슨게임즈",KOSDAQ,10000.0,-4.21,"게임엔터테인먼트",23.79,16.01138006,658601740000.0,12000.0,-16.75,,7.0110701107011,13.5912698412698,7.0,138.775299497309,0,1,0,52,"없음",26,-12.6748251748252,56,20260825,15.3928955866523,5.04836019934125,0,0,,,,,0,,,0,0,10986.3623270089,10986.3623270089
20261008,225590,"패션플랫폼",KOSDAQ,3200.0,9.78,"섬유,의류,신발,호화품",2.37,0.92952546,16388403200.0,3400.0,-5.88235294117647,,43.8356164383562,12.0063191153239,7.6,166.132435489544,0,1,0,52,"없음",31,-25.9259259259259,32,20261008,9.7770154373928,2.80131941485849,0,0,,,,,1,3050.0,"지지 재탈환",0,0,3076.19054912742,3136.19054912742
20261008,226320,"잇츠한불",KOSPI,11250.0,-4.34,"화장품",3.34,2.914881235,246704793750.0,11500.0,-2.17391304347826,2.0,26.9406392694064,12.2036874451273,6.6,85.5401591690151,2,2,0,75,"없음",50,12.8385155466399,85,20260708,13.5190918472652,7.76816882564009,0,0,20261007,11500.0,11730.0,268.169354569147,1,10870.0,"저항→지지",0,0,11015.9805226261,11055.9805226261
20261008,226330,"신테카바이오",KOSDAQ,1227.0,0.57,"건강관리업체및서비스",0.73,1.8185795355,29765148825.0,1448.0,-15.2624309392265,,57.420591456736,27.8383579217447,5.2,17.1547501127622,0,2,0,78,"없음",42,-61.65625,3,20260827,13.121434392828,3.0027538110249,0,0,,,,,1,1155.0,"지지 재탈환",0,0,1172.80733957434,1704.80733957434
20261008,226400,"오스테오닉",KOSDAQ,4200.0,0.0,"건강관리장비와용품",1.68,4.3205651825,86778724200.0,4330.0,-2.65588914549654,,29.7867241792475,27.8625954198473,8.4,40.9005546784958,0,2,0,65,"없음",30,-35.8447488584475,19,,,,0,0,,,,,0,,,0,0,3978.9498194341,4828.9498194341
20261008,226590,"엠디바이스",KOSDAQ,14700.0,-0.34,"반도체와반도체장비",4.32,10.885859635,157536724800.0,15390.0,-4.67836257309941,,35.6471816283925,38.6206896551724,9.8,52.5501530151192,2,1,0,65,"없음",37,-36.7672413793103,18,,,,0,0,,,,,1,13430.0,"저항→지지",0,0,14105.9885821669,14105.9885821669
20261008,226950,"올릭스",KOSDAQ,117500.0,-4.24,"생명과학도구및서비스",306.01,268.87879,2687795815000.0,117900.0,0.0848176420695505,4.83460559796438,60.6569343065693,35.5021216407355,7.6,101.23376313631,1,2,0,59,"관망",44,-34.0044742729307,21,,,,0,0,20261006,117900.0,123600.0,106.898599478742,1,109300.0,"저항→지지",0,0,108394.145330176,123294.145330176
20261008,227610,"아우딘퓨쳐스",KOSDAQ,1011.0,1.71,"화장품",0.5,0.304291843,19587691281.0,1113.0,-5.57053009883199,,37.300435413643,44.3563148261135,10.8,95.6580492125631,0,2,0,64,"없음",41,-27.716643741403,29,20260807,8.51851851851853,3.10839683058612,0,0,,,,,1,1000.0,"지지 재탈환",0,0,1133.59002567736,1422.59002567736
20261008,227840,"현대코퍼레이션홀딩스",KOSPI,12750.0,0.63,"식품과기본식료품소매",1.9,1.00018078,116035659000.0,13270.0,-3.91861341371515,,22.6928895612708,11.021897810219,6.8,115.468064770908,4,1,0,89,"없음",47,6.51629072681704,81,,,,0,0,,,,,0,,,0,0,12616.1352036881,12986.1352036881
20261008,227950,"엔투텍",KOSDAQ,1300.0,3.17,"반도체와반도체장비",1.24,1.2713906605,44860671700.0,1490.0,-11.4765100671141,,53.8292414803958,40.9137577002053,6.2,42.74200477441,0,2,0,61,"없음",43,-35.9708737864078,18,20260820,29.9797434166104,15.3879255198959,1,0,,,,,1,1228.0,"지지 재탈환",0,0,1289.79609292527,1747.79609292527
20261008,228340,"동양파일",KOSDAQ,3175.0,-0.94,"건축자재",3.76,60.0793192375,63500000000.0,4935.0,-35.96757852077,,68.3437731528255,31.8407960199005,7.4,7.83312694568819,4,1,0,50,"관망",50,61.4716402657128,96,20260916,9.57142857142856,2.79321807044893,0,0,,,,,0,,,0,0,4133.25945034259,4133.25945034259
20261008,228670,"레이",KOSDAQ,4475.0,2.52,"건강관리장비와용품",3.46,1.6751232225,69989093975.0,4695.0,-4.15335463258786,,72.3962516733601,43.800539083558,7.6,58.1739248445681,0,3,0,82,"없음",50,-11.7647058823529,57,20260803,24.750499001996,11.9260256224345,1,0,,,,,1,4475.0,"지지 재탈환",0,0,4155.85469214314,6855.85469214314
20261008,228760,"지노믹트리",KOSDAQ,11320.0,-5.19,"건강관리장비와용품",10.69,11.902565765,281406166640.0,12790.0,-12.8225175918686,,24.4458930899609,19.8547215496368,12.6,96.1511553879627,0,1,0,36,"없음",26,-34.5273047563124,20,20260918,14.0609636184857,7.19792948051109,0,0,,,,,1,10340.0,"지지 재탈환",0,0,11293.0076905676,13503.0076905676
20261008,228850,"레이언스",KOSDAQ,8270.0,0.0,"건강관리장비와용품",4.66,6.08918631,137207685780.0,8750.0,-4.8,,0.0,16.0179640718563,7.6,80.8627484305457,5,3,0,73,"없음",63,39.2976588628763,93,20260918,13.9154160982265,6.70089832358341,0,0,,,,,1,7350.0,"저항→지지",0,0,7845.56712192326,7845.56712192326
20261008,229640,"LS에코에너지",KOSPI,73200.0,6.09,"전기장비",300.7,168.70203605,2241741142800.0,67800.0,7.52212389380531,0.737463126843658,3.66911274182789,18.7624750499002,7.2,256.468873921081,3,2,0,62,"수축중",51,69.9300699300699,96,20260918,11.873840445269,6.84839747855395,0,0,20261006,67800.0,68300.0,100.237278423825,1,67800.0,"저항→지지",1,1,62452.1245810112,62452.1245810112
20261008,230240,"에치에프알",KOSDAQ,13400.0,-3.6,"통신장비",14.42,25.990410185,178340600000.0,14980.0,-11.5487316421896,,56.0913705583756,20.0143472022955,5.2,60.161688669982,1,3,0,82,"없음",43,-60.9720176730486,3,20260916,8.13148788927336,3.84199899672198,0,0,,,,,1,12750.0,"저항→지지",0,0,12989.7422712202,15979.7422712202
20261008,232140,"와이씨",KOSDAQ,17050.0,-0.81,"반도체와반도체장비",283.14,409.16943652,1398873217500.0,18690.0,-9.04226859283039,,4.54408666867288,29.1327913279133,5.4,85.3215503138994,2,2,0,68,"관망",46,0.176782557454331,75,20260921,19.4816053511706,4.97948927311161,0,0,,,,,1,15550.0,"저항→지지",0,0,16557.3880517261,16557.3880517261
20261008,232680,"라온로보틱스",KOSDAQ,10860.0,0.65,"반도체와반도체장비",7.56,10.77382535,143976450000.0,11340.0,-3.17460317460317,,50.354381443299,21.4417744916821,6.8,35.2908436923126,1,3,0,90,"없음",54,-25.4582484725051,33,20260810,12.9488574537541,3.04071165000113,1,0,,,,,1,10880.0,"저항→지지",0,0,10101.2173171352,10491.2173171352
20261008,232830,"아이티센피엔에스",KOSDAQ,2880.0,-4.95,"IT서비스",4.57,36.5526991635,47617130880.0,3405.0,-15.712187958884,,5.83684950773558,35.2572145545797,2.4,33.8813102625971,3,2,0,42,"수축중",45,11.0251450676983,84,20260916,29.8507462686567,14.6698539371294,0,0,,,,,1,1996.0,"저항→지지",0,0,3358.42922327255,3358.42922327255
20261008,234030,"싸이닉솔루션",KOSDAQ,3735.0,-0.13,"반도체와반도체장비",9.92,19.1269101975,88164675000.0,4095.0,-9.03540903540904,,0.0,40.365296803653,10.2,111.378062220806,0,2,0,63,"없음",32,-39.7249190938511,15,20260929,14.2857142857143,32.7894160814125,0,0,,,,,1,3650.0,"저항→지지",0,0,3568.85848428249,3568.85848428249
20261008,234080,"JW생명과학",KOSPI,10890.0,-0.46,"제약",1.59,1.12803957,172438293060.0,11330.0,-3.44218887908208,,26.2845849802372,11.8770764119601,7.4,82.6718638860938,0,3,0,93,"없음",40,-13.3122028526149,54,,,,0,0,,,,,0,,,0,0,11128.2567091792,11558.2567091792
20261008,234100,"폴라리스세원",KOSDAQ,2610.0,1.16,"자동차부품",0.29,0.252059235,38110269960.0,2795.0,-6.97674418604651,,23.696682464455,16.0744500846024,7.2,94.2232709636005,0,1,0,72,"없음",27,-48.0,9,,,,0,0,,,,,0,,,0,0,2591.12735222459,2646.12735222459
20261008,234300,"에스트래픽",KOSDAQ,3125.0,-0.48,"IT서비스",0.58,5.082802775,85024312500.0,3300.0,-5.15151515151515,,9.69387755102041,19.4675540765391,11.2,13.7658355189032,1,1,0,44,"없음",40,-5.00758725341426,69,20260807,13.7291280148423,9.95173070816132,0,0,,,,,1,3075.0,"저항→지지",0,0,3137.96778687938,3137.96778687938
20261008,234340,"헥토파이낸셜",KOSDAQ,22950.0,0.22,"IT서비스",37.74,104.81303137,320626555200.0,24800.0,-8.06451612903226,,41.2810383747178,28.8866599799398,10.2,29.5585254006124,2,1,0,48,"관망",45,-1.08459869848156,73,20260904,13.4831460674157,3.61930387269914,1,0,,,,,1,22050.0,"지지 재탈환",0,0,22278.8662480403,23428.8662480403
20261008,234690,"녹십자웰빙",KOSDAQ,10870.0,-0.28,"제약",23.98,30.555229545,195260962300.0,11370.0,-4.57343887423043,,12.2055674518201,23.1300345224396,11.6,51.1720105318173,3,1,0,36,"관망",46,-22.2779369627507,38,20260903,16.4680390032503,115.991982624993,0,0,,,,,1,9720.0,"저항→지지",0,0,10174.9993325951,10794.9993325951
20261008,235980,"메드팩토",KOSDAQ,3010.0,-1.79,"제약",2.81,3.22761627,103168114210.0,3120.0,-3.84615384615385,,44.0891472868217,43.5606060606061,9.4,50.4451520234554,0,1,0,59,"없음",35,-45.3551912568306,10,20260728,29.8507462686567,4.2934527267339,0,0,,,,,1,2990.0,"저항→지지",0,0,2743.47545207977,3523.47545207977
20261008,236200,"슈프리마",KOSDAQ,54900.0,0.18,"전자장비와기기",10.44,14.5926769,382889673900.0,63700.0,-14.2857142857143,,26.6283524904215,24.9230769230769,7.8,68.8042375339103,5,2,0,49,"없음",55,21.875,89,20261006,8.27338129496402,2.84557823271404,0,0,,,,,1,53300.0,"저항→지지",0,0,58182.2117371309,59482.2117371309
20261008,236810,"엔비티",KOSDAQ,1590.0,-0.31,"광고",0.28,0.4101449615,26990927340.0,1799.0,-11.8399110617009,,14.3681174619822,18.7765505522515,9.8,27.8999711051922,0,2,0,63,"없음",45,-10.8988764044944,59,20260803,12.5509372453138,5.73845727401204,0,0,,,,,0,,,0,0,1674.45248713263,1674.45248713263
20261008,237690,"에스티팜",KOSDAQ,92600.0,-3.94,"제약",92.17,80.7819026,1933176678800.0,99000.0,-6.96969696969697,,68.8067444876783,37.8877400295421,11.6,64.4507324241662,0,1,0,49,"관망",38,-35.6843575418994,19,20260820,11.6817724068479,10.3927208074047,0,0,,,,,0,,,0,0,88979.215003149,117279.215003149
20261008,237750,"피앤씨테크",KOSDAQ,3590.0,3.61,"전기장비",0.17,0.2026678625,23322794000.0,4150.0,-16.3855421686747,,20.1189717442108,22.4539877300613,8.8,68.0029978805307,0,1,0,65,"없음",26,-23.3149171270718,36,20260710,13.8576779026217,2.96699998420296,0,0,,,,,0,,,0,0,3826.1140561521,4006.1140561521
20261008,237820,"플레이디",KOSDAQ,2250.0,-1.96,"광고",0.41,0.5468981475,28861065000.0,2420.0,-7.02479338842975,,45.8252427184466,25.7894736842105,6.4,23.1125159762472,0,2,0,85,"없음",40,-50.1108647450111,7,,,,0,0,,,,,0,,,0,0,2223.32473515384,2713.32473515384
20261008,237880,"클리오",KOSDAQ,12310.0,-0.97,"화장품",12.06,7.141415525,222458355430.0,12820.0,-5.30421216848674,,52.2613065326633,24.8238057948316,12.2,82.4853018892852,3,3,0,92,"없음",61,5.4735013032146,80,20260814,23.7391304347826,24.5482096675878,0,0,,,,,1,12100.0,"지지 재탈환",0,0,11799.0798230372,13779.0798230372
20261008,238090,"앤디포스",KOSDAQ,1796.0,3.46,"핸드셋",0.26,0.5171675735,54760830240.0,2535.0,-31.4792899408284,,10.952380952381,23.4246575342466,7.4,62.686804142692,1,2,0,82,"없음",40,-47.9940119760479,9,20260916,8.08743169398907,15.2721525239553,0,0,,,,,0,,,0,0,2143.02558864652,2143.02558864652
20261008,238120,"얼라인드",KOSDAQ,2660.0,-3.27,"생명과학도구및서비스",0.63,0.6016431575,37820608840.0,3125.0,-15.36,,40.7407407407407,20.0906344410876,7.4,90.8421720550587,0,2,0,76,"없음",28,-33.4591194968553,21,,,,0,0,,,,,0,,,0,0,2783.13076392799,2998.13076392799
20261008,238200,"비피도",KOSDAQ,2725.0,0.0,"건강관리업체및서비스",0.04,0.1001865075,22290500000.0,3445.0,-18.7227866473149,,0.0,14.4557823129252,5.4,20.3562277295112,1,1,0,55,"없음",35,-2.26876090750436,72,20260709,10.3896103896104,3.25494812102189,1,0,,,,,0,,,0,0,2934.65157853055,2934.65157853055
20261008,238490,"힘스",KOSDAQ,2365.0,3.96,"디스플레이장비및부품",0.28,0.263911535,26753438140.0,2520.0,-6.94444444444444,,11.2377850162866,22.5454545454545,4.4,52.3402231962408,0,2,0,67,"없음",47,-22.8618421052632,37,20260903,8.36909871244636,25.9674972357222,1,0,,,,,0,,,0,0,2290.48478147198,2380.48478147198
20261008,239610,"에이치엘사이언스",KOSDAQ,5200.0,0.0,"건강관리업체및서비스",0.02,0.047682895,28038998000.0,6860.0,-24.198250728863,,32.967032967033,46.8950749464668,21.0,30.1124553642808,0,1,0,56,"없음",26,-29.8245614035088,26,,,,0,0,,,,,0,,,0,0,6379.69238595422,6379.69238595422
20261008,239890,"피엔에이치테크",KOSDAQ,3880.0,2.37,"디스플레이장비및부품",0.27,0.6754302725,38550729400.0,3720.0,2.1505376344086,0.672043010752688,14.2259414225941,22.5174825174825,9.8,41.2285715291657,0,1,0,69,"없음",29,-17.2113289760349,48,,,,0,0,20261006,3720.0,3745.0,132.796888700663,1,3720.0,"저항→지지",0,0,3577.36338817113,3577.36338817113
20261008,240550,"동방메디컬",KOSDAQ,6290.0,-1.41,"건강관리장비와용품",3.57,29.450986455,131674482600.0,7340.0,-14.0326975476839,,15.9493670886076,22.0,7.0,23.6415378050025,0,2,0,56,"없음",30,0.158730158730159,75,,,,0,0,,,,,1,5780.0,"지지 재탈환",0,0,6679.13186641141,6679.13186641141
20261008,240600,"유진테크놀로지",KOSDAQ,1170.0,30.0,"전기제품",6.06,1.2009108655,9710309700.0,1924.0,-39.1891891891892,,31.7039868924085,63.7516397026672,10.2,663.16836417119,0,1,0,35,"없음",26,-55.2238805970149,5,20261008,30.0,6.65169739205192,0,0,,,,,1,1002.0,"지지 재탈환",0,0,1473.90859348975,2204.90859348975
20261008,240810,"원익IPS",KOSDAQ,134300.0,2.44,"반도체와반도체장비",2402.22,1572.0949437,6591967904300.0,145900.0,-8.01919122686772,,53.2996691624586,18.9558232931727,7.0,167.703025170511,3,2,0,57,"수축중",51,22.7813357731016,90,20260612,30.0,3.79944614806065,1,0,,,,,1,127900.0,"저항→지지",0,0,126291.847899192,128491.847899192
20261008,241520,"DSC인베스트먼트",KOSDAQ,8090.0,-1.1,"창업투자",6.69,8.6177839,215194000000.0,8730.0,-7.56013745704467,,57.1290944123314,25.7281553398058,9.8,59.6231219894759,2,1,0,87,"없음",39,-37.7794911333847,17,20260529,9.38712179984485,7.12537205131886,0,0,,,,,0,,,0,0,7924.43616108882,8324.43616108882
20261008,241560,"두산밥캣",KOSPI,53600.0,-2.55,"기계",95.27,92.0536865,5137885084000.0,65400.0,-17.8899082568807,,54.3103448275862,23.3766233766234,10.2,117.692125144361,2,1,0,52,"없음",35,-10.5,59,,,,0,0,,,,,0,,,0,0,61106.5227891457,65006.5227891457
20261008,241590,"화승엔터프라이즈",KOSPI,2730.0,2.06,"섬유,의류,신발,호화품",0.66,1.1038752025,165408723480.0,2845.0,-5.09666080843585,,36.5591397849462,21.0526315789474,7.4,58.375248744876,0,3,0,81,"없음",36,-40.0,15,,,,0,0,,,,,0,,,0,0,2703.48764227831,3198.48764227831
20261008,241690,"유니테크노",KOSDAQ,2585.0,-0.58,"자동차부품",0.25,0.609827505,63256775010.0,2840.0,-10.2112676056338,,12.1348314606742,16.3763066202091,7.0,27.7775650905082,0,3,0,86,"없음",42,-27.3504273504274,30,,,,0,0,,,,,1,2515.0,"지지 재탈환",0,0,2585.31665813585,2615.31665813585
20261008,241710,"코스메카코리아",KOSDAQ,112200.0,-4.1,"화장품",82.0,161.30618865,1198296000000.0,131900.0,-15.0113722517058,,33.2050577240242,33.8263665594855,5.0,46.4312820568627,4,2,0,48,"수축중",55,44.0874035989717,94,20260812,12.7970749542962,5.58175294123586,0,0,,,,,0,,,0,0,119903.076897546,137503.076897546
20261008,241770,"메카로",KOSDAQ,39050.0,0.0,"반도체와반도체장비",2.27,7.946555325,398022592000.0,43200.0,-9.9537037037037,,46.2093862815885,39.6808510638298,13.2,32.691680849792,5,2,0,67,"없음",60,2.0997375328084,77,20260908,12.4833997343957,7.59231351732308,0,0,,,,,0,,,0,0,38831.6801402729,38831.6801402729
20261008,241790,"티이엠씨씨엔에스",KOSDAQ,6670.0,2.93,"반도체와반도체장비",5.28,5.62766114,66717568780.0,7400.0,-10.2702702702703,,37.6400791034937,42.4785100286533,13.6,127.790213298587,1,2,0,67,"없음",40,-8.91632373113855,63,20260626,30.0,70.7157784431734,1,0,,,,,1,6480.0,"저항→지지",0,0,6788.28703744919,6788.28703744919
20261008,241840,"에이스토리",KOSDAQ,2185.0,0.23,"방송과엔터테인먼트",0.56,0.2619327875,20844886890.0,2930.0,-24.5733788395904,,14.6507666098808,58.4699453551913,19.4,135.654880244819,0,2,0,52,"없음",30,-57.0873786407767,4,,,,0,0,,,,,0,,,0,0,2654.4135556229,2654.4135556229
20261008,242040,"나무AX",KOSDAQ,3075.0,-2.07,"IT서비스",6.0,8.8849827175,106414261800.0,3435.0,-10.4803493449782,,52.6396327467483,36.7741935483871,11.6,72.7386323117644,2,2,0,55,"없음",42,-46.9827586206897,9,20260928,8.86699507389162,6.78132988727817,0,0,,,,,1,3050.0,"지지 재탈환",0,0,3337.69754261528,3732.69754261528
20261008,243070,"휴온스",KOSDAQ,18900.0,-2.53,"제약",5.37,4.76156613,226415668500.0,28100.0,-32.2775800711744,,78.3366336633663,36.8067226890756,12.6,90.3779154613199,0,1,0,36,"없음",22,-25.2259332023576,34,,,,0,0,,,,,0,,,0,0,19953.1001962,26753.1001962
20261008,243840,"신흥에스이씨",KOSDAQ,6510.0,6.9,"전기제품",59.98,11.588874915,251014109850.0,6440.0,1.24223602484472,1.24223602484472,26.6281945589448,30.52738336714,11.6,431.249651245036,3,2,0,57,"없음",54,-12.3655913978495,56,20261008,9.03010033444815,6.38099857380353,0,0,20261008,6440.0,6520.0,465.294869251007,1,5810.0,"저항→지지",1,1,5612.96610244843,5742.96610244843
20261008,244920,"에이플러스에셋",KOSPI,12520.0,-1.18,"손해보험",3.05,2.90914601,283048316360.0,13500.0,-7.25925925925926,,2.1969696969697,17.6348547717842,2.2,70.6162325227928,4,2,0,64,"없음",53,19.2380952380952,89,,,,0,0,,,,,1,12340.0,"지지 재탈환",0,0,12892.0228945894,12922.0228945894
20261008,246690,"TS인베스트먼트",KOSDAQ,2095.0,-0.24,"창업투자",0.58,1.38354223,49815274530.0,2270.0,-8.81057268722467,,35.5188884064264,24.021040327294,12.4,29.0875726802638,0,3,0,86,"없음",46,-35.0486350800126,19,20260831,9.19811320754718,3.04272886211978,0,0,,,,,0,,,0,0,2067.63921098635,2157.63921098635
20261008,246710,"티앤알바이오팹",KOSDAQ,2195.0,-1.57,"생물공학",2.33,2.4514679775,104623586280.0,2795.0,-22.5402504472272,,33.553500660502,35.9877488514548,8.8,47.3330716498429,1,2,0,57,"없음",41,-24.695652173913,34,,,,0,0,,,,,0,,,0,0,2463.72267777079,2933.72267777079
20261008,246960,"SCL사이언스",KOSDAQ,2785.0,-2.28,"건강관리업체및서비스",8.05,4.38061876,94737475895.0,3015.0,-7.79436152570481,,0.0,28.622816032888,12.2,210.55432649003,4,1,0,50,"없음",49,27.816091954023,91,20260923,13.2924335378323,5.4088468810788,0,0,,,,,1,2380.0,"저항→지지",0,0,2564.4964511618,2564.4964511618
20261008,247540,"에코프로비엠",KOSDAQ,127100.0,2.09,"전기제품",766.0,453.6059161,12434248161400.0,113500.0,11.4537444933921,1.85022026431718,52.2858150193912,25.4221871353058,10.2,149.29156342305,0,2,0,67,"관망",32,-34.7265221878225,20,,,,0,0,20261002,113500.0,115600.0,84.7149365779912,1,113500.0,"저항→지지",0,0,116676.04804643,116676.04804643
20261008,247660,"나노씨엠에스",KOSDAQ,3685.0,-5.27,"화학",6.57,3.10593449,22824890000.0,4340.0,-15.0921658986175,,24.5888801879405,29.1759465478842,4.2,229.782005418545,0,2,0,43,"없음",30,-24.4877049180328,35,20260728,29.9668874172185,9.18509846784641,0,0,,,,,1,3670.0,"저항→지지",0,0,3768.40457148716,3768.40457148716
20261008,248070,"솔루엠",KOSPI,17180.0,-2.28,"전자장비와기기",42.8,38.530404565,821482934480.0,13340.0,28.1859070464768,15.2923538230885,6.80000000000001,21.7669654289373,7.8,152.972529325879,2,3,0,84,"없음",45,6.94183864915572,81,20261002,8.64759427828348,9.72592929738381,0,0,20261001,13340.0,15380.0,832.7504074719,1,13340.0,"저항→지지",0,0,16944.8511458941,16944.8511458941
20261008,248170,"샘표식품",KOSPI,21650.0,-0.92,"식품",3.22,65.806294975,98866803400.0,36200.0,-40.0552486187845,,76.8683274021352,23.4545454545455,11.0,16.2747127246764,0,3,0,94,"없음",45,-20.5128205128205,42,20260910,29.9568965517241,245.060406876872,0,0,,,,,0,,,0,0,34185.7945422434,34185.7945422434
20261008,249420,"일동제약",KOSPI,14020.0,-5.33,"제약",23.01,32.817957155,443568293040.0,18000.0,-22.1111111111111,,60.5797101449275,17.0292106898695,7.8,53.5423032161116,0,1,0,52,"없음",30,-48.0740740740741,8,20260902,13.7241379310345,14.3772152963778,0,0,,,,,0,,,0,0,14750.1752484962,16570.1752484962
20261008,250000,"보라티알",KOSDAQ,5550.0,1.09,"식품과기본식료품소매",0.04,0.13951557,37466568150.0,5990.0,-7.34557595993322,,2.35042735042734,18.1538461538462,2.4,16.9717341769768,0,2,0,67,"없음",33,-28.7548138639281,27,,,,0,0,,,,,0,,,0,0,5992.68912336434,5992.68912336434
20261008,250060,"모비스",KOSDAQ,3085.0,-0.96,"소프트웨어",3.97,5.608558035,99248503690.0,3300.0,-7.57575757575758,,39.3094289508632,24.0641711229947,11.6,72.4228479397608,1,1,0,66,"없음",30,-28.3196239717979,28,,,,0,0,,,,,0,,,0,0,3027.08072128809,3027.08072128809
20261008,250930,"예선테크",KOSDAQ,1160.0,29.9,"디스플레이장비및부품",0.18,0.680221569,7656102080.0,1931.0,-39.927498705334,,24.3059839605182,77.9279279279279,9.2,31.839358523279,0,1,0,34,"없음",22,-43.9613526570048,11,,,,0,0,,,,,0,,,0,0,1571.27727164279,1692.27727164279
20261008,251120,"바이오에프디엔씨",KOSDAQ,10390.0,4.84,"생물공학",3.29,1.581321745,90348323000.0,10680.0,-3.93258426966292,,3.66972477064221,31.1207834602829,12.4,210.266859720022,0,3,0,74,"없음",34,-23.5469448584203,36,,,,1,1,,,,,1,9380.0,"저항→지지",0,0,10376.4830614222,10376.4830614222
20261008,251270,"넷마블",KOSPI,33750.0,-2.32,"게임엔터테인먼트",55.13,239.129590725,2806596843750.0,35650.0,-5.46984572230014,,47.6007677543186,25.8278145695364,17.2,45.7454467902808,0,2,0,71,"관망",45,-31.2244897959184,24,,,,0,0,,,,,0,,,0,0,34235.6040719262,38885.6040719262
20261008,251370,"와이엠티",KOSDAQ,9940.0,-1.88,"화학",22.78,11.320216345,179051337220.0,7670.0,31.1603650586701,3.91134289439374,39.3338058114812,21.0836277974087,5.4,201.627969234217,0,2,0,77,"없음",30,-35.6777493606138,19,20260929,9.03387703889587,3.62103801996847,0,0,20260928,7670.0,7970.0,136.937309391722,1,7670.0,"저항→지지",0,0,9152.92540810324,9152.92540810324
20261008,251630,"브이원텍",KOSDAQ,4020.0,1.26,"기계",0.88,0.60137808,64090401720.0,3990.0,0.12531328320802,,21.843853820598,18.8556566970091,9.6,115.735812887019,0,1,0,48,"없음",33,-24.622641509434,35,20260624,30.0,5.77103373747501,0,0,,,,,1,3870.0,"저항→지지",0,0,3531.69818853544,3531.69818853544
20261008,251970,"펌텍코리아",KOSDAQ,66300.0,-1.34,"포장재",54.59,59.8057303,822120000000.0,65500.0,0.458015267175573,3.20610687022901,21.3530655391121,24.4360902255639,5.8,80.8343140356345,4,2,0,64,"수축중",61,41.505376344086,94,20260914,10.2272727272727,2.52725373362501,0,0,20261007,65500.0,67600.0,185.478864162202,1,65500.0,"저항→지지",0,0,61957.2367329839,61957.2367329839
20261008,252500,"세화피앤씨",KOSDAQ,2450.0,0.0,"화장품",0.16,1.10635843,20328331100.0,2465.0,-3.44827586206897,,40.5228758169935,33.179012345679,4.8,16.9071315598094,0,2,0,79,"없음",43,-40.8695652173913,14,,,,0,0,,,,,1,2345.0,"저항→지지",0,0,2518.1273286095,2968.1273286095
20261008,252990,"샘씨엔에스",KOSDAQ,18190.0,-4.51,"반도체와반도체장비",84.02,141.41906296,1095363400910.0,20750.0,-12.289156626506,,32.242617717478,26.3480392156863,7.0,68.9809575955964,5,2,0,68,"수축중",57,95.9095801937567,97,20260911,13.1182795698925,4.00149890868,0,0,,,,,1,17250.0,"저항→지지",0,0,18209.9314331827,18209.9314331827
20261008,253450,"스튜디오드래곤",KOSDAQ,20900.0,0.97,"방송과엔터테인먼트",14.85,9.044101725,628222608200.0,21300.0,-1.64319248826291,,53.7037037037037,22.4371373307544,8.0,112.728956494942,0,3,0,89,"없음",40,-40.7355021216407,14,,,,0,0,,,,,1,20600.0,"지지 재탈환",0,0,20658.296234483,24108.296234483
20261008,253590,"네오셈",KOSDAQ,16090.0,0.94,"반도체와반도체장비",111.31,130.85786307,705854848760.0,14730.0,9.50441276306857,5.77053632043449,15.1535836177474,25.4615384615385,7.0,109.450872283149,4,1,0,68,"돌파완료",55,9.43012211668928,83,20261001,8.74439461883407,2.60240191166972,0,0,20261002,14730.0,15580.0,445.149014654253,1,14730.0,"저항→지지",0,0,14685.76904354,14685.76904354
20261008,253840,"수젠텍",KOSDAQ,4550.0,-6.95,"건강관리장비와용품",19.11,17.5856291825,76181560000.0,4810.0,-5.50935550935551,0.935550935550936,39.6172248803828,19.4117647058824,6.0,99.4729079433118,0,2,0,71,"없음",35,0.776053215077605,75,20260824,23.0573248407643,38.1058993769192,0,0,20261007,4810.0,4855.0,1113.4722615181,1,4470.0,"지지 재탈환",0,0,4772.33672886633,4772.33672886633
20261008,254490,"미래반도체",KOSDAQ,18810.0,2.51,"반도체와반도체장비",32.78,17.055951705,271578780000.0,19280.0,-2.02282157676349,,49.2560689115114,29.0,7.2,186.165367793174,2,1,0,74,"없음",44,15.8895705521472,87,20260731,19.5292066259808,2.52912220488633,0,0,,,,,1,15790.0,"저항→지지",0,0,17230.4362402883,17950.4362402883
20261008,255220,SG,KOSDAQ,1045.0,-3.78,"건축자재",20.41,22.860462039,157338650590.0,1180.0,-11.6101694915254,,48.5613326602726,29.5361527967258,5.6,118.686204636772,0,2,0,55,"없음",28,-57.7047850770479,4,,,,0,0,,,,,0,,,0,0,1145.36742930524,1420.36742930524
20261008,255440,"야스",KOSDAQ,8990.0,4.17,"디스플레이장비및부품",8.32,5.86488937,117391420000.0,8920.0,2.01793721973094,2.01793721973094,50.6739526411658,52.2875816993464,9.8,21.360233269337,0,1,0,57,"없음",37,-11.8217054263566,57,20260803,9.66542750929369,3.64862789884789,0,0,20261008,8920.0,9100.0,21.4409146683864,1,7320.0,"저항→지지",1,1,7911.99691231636,7911.99691231636
20261008,256150,"한독크린텍",KOSDAQ,5010.0,0.0,"가정용기기와용품",0.03,0.1834786,42058950000.0,5400.0,-6.85185185185185,,24.6753246753247,13.469387755102,15.0,13.5803913390673,2,1,0,51,"없음",37,-1.37254901960784,73,,,,0,0,,,,,1,4905.0,"저항→지지",0,0,5250.97315485272,5250.97315485272
20261008,256630,"포인트엔지니어링",KOSDAQ,4335.0,-0.46,"디스플레이장비및부품",0.15,0.1284508825,50283459690.0,4960.0,-10.9879032258065,,13.3247089262613,16.219119226638,11.6,103.805810711311,0,2,0,75,"없음",32,-12.2963845848232,57,20260710,10.0719424460432,5.02075977507519,1,0,,,,,0,,,0,0,4534.99460889801,4534.99460889801
20261008,256840,"한국비엔씨",KOSDAQ,3065.0,-6.7,"건강관리장비와용품",61.13,167.3942877625,209630325590.0,3680.0,-16.7119565217391,,11.2640801001251,27.5618374558304,13.4,78.1612142177032,0,1,0,50,"관망",29,-18.375499334221,46,20260928,29.2452830188679,7.91858158415329,0,0,,,,,1,2985.0,"저항→지지",0,0,3216.97145998826,3216.97145998826
20261008,256940,"킵스파마",KOSDAQ,7100.0,-2.74,"비철금속",1.75,3.209677465,142554843700.0,7630.0,-4.45609436435125,,14.0468227424749,17.0579029733959,7.6,56.6950434313305,0,1,0,66,"없음",31,-3.31564986737401,71,20261001,12.1510673234811,5.09053597125851,0,0,,,,,1,6300.0,"저항→지지",0,0,6914.79562240034,6914.79562240034
20261008,257370,"피엔티엠에스",KOSDAQ,1899.0,4.86,"전기제품",0.12,0.295467187,23746731039.0,2120.0,-10.8490566037736,,21.0653169438419,23.9545454545455,6.8,41.0714786341768,0,1,0,45,"없음",25,-45.6115107913669,10,,,,0,0,,,,,0,,,0,0,1898.63389450997,1913.63389450997
20261008,257720,"실리콘투",KOSDAQ,35650.0,-5.06,"인터넷과카탈로그소매",258.74,304.6355803,2337793383800.0,55900.0,-36.1359570661896,,58.8,19.5302843016069,11.6,58.7720275957858,1,1,0,49,"관망",40,-8.81226053639847,63,20260812,12.9837702871411,9.48042383535328,0,0,,,,,0,,,0,0,43502.0590767349,51052.0590767349
20261008,258610,"케일럼",KOSDAQ,1210.0,2.2,"핸드셋",0.25,0.2694796215,44146926230.0,1370.0,-14.7445255474453,,6.64179104477611,12.6637554585153,7.8,105.784285573555,0,1,0,47,"없음",22,-21.2938005390836,40,,,,0,0,,,,,0,,,0,0,1343.08238358835,1343.08238358835
20261008,258790,"소프트캠프",KOSDAQ,7230.0,-2.3,"소프트웨어",2.71,3.725158935,36137390880.0,8070.0,-10.7806691449814,,0.0,37.8,16.2,90.5811579746051,2,1,0,49,"없음",39,5.88235294117647,80,20260918,9.66183574879227,2.72364181744585,0,0,,,,,1,5700.0,"저항→지지",0,0,7014.31883647752,7014.31883647752
20261008,259630,"엠플러스",KOSDAQ,10510.0,1.74,"전기제품",22.17,10.034296415,128457381960.0,10850.0,-2.58064516129032,,27.3015873015873,16.0952380952381,7.6,249.637473037808,0,1,0,80,"없음",27,-14.2741281427413,53,,,,0,0,,,,,1,9680.0,"저항→지지",0,0,9842.65017543718,9842.65017543718
20261008,259960,"크래프톤",KOSPI,187100.0,-6.68,"게임엔터테인먼트",331.68,156.96132365,8590918774800.0,232500.0,-19.741935483871,,56.8433734939759,30.0943396226415,9.2,183.945644657703,0,2,0,52,"관망",32,-24.6060606060606,35,,,,0,0,,,,,0,,,0,0,204245.473993834,249245.473993834
20261008,260660,"알리코제약",KOSDAQ,2350.0,-0.63,"제약",0.36,1.82648486,36018499350.0,3200.0,-27.1875,,55.5882352941177,20.9558823529412,11.4,28.6760735799434,0,1,0,54,"없음",30,-30.6547619047619,25,20260615,9.86460348162477,23.8885172910349,0,0,,,,,1,2295.0,"지지 재탈환",0,0,2900.59155853486,2900.59155853486
20261008,260930,"씨티케이",KOSDAQ,2380.0,-0.21,"화장품",0.36,0.5318324125,46032986580.0,2450.0,-2.85714285714286,,44.3076923076923,26.5442404006678,10.4,56.8883485740569,0,1,0,58,"없음",27,-36.0215053763441,18,,,,0,0,,,,,1,2275.0,"지지 재탈환",0,0,2389.29936741967,2699.29936741967
20261008,260970,"에스앤디",KOSDAQ,62000.0,-1.43,"식품",6.48,7.00957835,179350748000.0,64600.0,-4.79876160990712,,32.7882256745707,19.721767594108,7.6,48.0532027230448,1,2,0,54,"없음",46,19.4174757281553,89,,,,0,0,,,,,1,58500.0,"저항→지지",0,0,58269.1742096004,58269.1742096004
20261008,261200,"덴티스",KOSDAQ,2585.0,-1.52,"건강관리장비와용품",0.32,0.3869896425,40868074500.0,2965.0,-11.6357504215852,,39.0718562874251,31.1046511627907,8.0,25.3572633780805,0,2,0,65,"없음",45,-32.4742268041237,22,20260807,9.62264150943397,30.3597357934385,0,0,,,,,0,,,0,0,2664.09988897096,3124.09988897096
20261008,261520,"이지스",KOSDAQ,5900.0,0.0,"IT서비스",3.16,3.191574315,60639020000.0,5770.0,,,,63.4,25.6,55.4779425683203,0,0,0,0,"없음",,-25.6926952141058,33,20260903,9.77272727272727,2.80126312071549,0,0,,,,,1,5440.0,"저항→지지",0,0,5280.07363714986,5280.07363714986
20261008,261780,"아리바이오랩",KOSDAQ,3675.0,0.14,"제약",17.93,47.69422073,106413211800.0,4250.0,-13.0588235294118,,17.9435483870968,33.4049409237379,2.4,73.6365984777513,3,2,0,44,"수축중",45,2.21300138312586,77,20260908,15.5172413793103,9.15407961526203,1,0,,,,,1,2700.0,"저항→지지",0,0,3939.58483855519,3939.58483855519
20261008,262260,"에이프로",KOSDAQ,4350.0,-1.02,"전자장비와기기",0.68,2.0631125125,65587821000.0,4825.0,-10.6735751295337,,22.3300970873786,18.5034013605442,7.6,25.050345594624,0,3,0,80,"없음",42,-10.7660455486542,59,,,,0,0,,,,,1,3690.0,"저항→지지",0,0,4272.97340380881,4272.97340380881
20261008,262840,"아이퀘스트",KOSDAQ,2920.0,0.69,"IT서비스",0.54,0.60840173,29929296280.0,2965.0,-1.68634064080944,,35.2189781021898,15.1960784313725,10.0,119.407793821473,0,3,0,79,"없음",34,-15.6050955414013,51,,,,1,0,,,,,1,2820.0,"저항→지지",0,0,2734.18191461892,2839.18191461892
20261008,263020,"디케이앤디",KOSDAQ,3105.0,-0.48,"섬유,의류,신발,호화품",0.82,0.6803106775,42961233330.0,3250.0,-4.61538461538462,,39.6449704142012,13.9280125195618,11.2,59.0870099703579,1,1,0,85,"없음",36,-0.481540930979133,74,,,,0,0,,,,,0,,,0,0,3040.05186959406,3090.05186959406
20261008,263600,"덕우전자",KOSDAQ,4915.0,-3.06,"핸드셋",20.9,31.7900710925,78297473650.0,6400.0,-23.125,,0.0,14.5896656534954,9.8,162.960246717994,1,1,0,64,"관망",31,-2.38095238095238,72,20261002,17.9138321995465,146.330101459641,0,0,,,,,1,3720.0,"저항→지지",0,0,5631.84934920742,5631.84934920742
20261008,263690,"디알젬",KOSDAQ,5300.0,0.19,"건강관리장비와용품",0.31,0.4216576575,60025733000.0,5210.0,1.53550863723608,1.34357005758157,48.9655172413793,10.9284332688588,10.4,57.5310086405211,2,3,0,87,"없음",48,1.34099616858238,76,,,,0,0,20261007,5210.0,5280.0,217.455397418485,1,5210.0,"저항→지지",0,0,5126.56658984881,5126.56658984881
20261008,263700,"케어랩스",KOSDAQ,2110.0,-2.54,"건강관리업체및서비스",0.79,0.6145148565,40963962000.0,2520.0,-15.6746031746032,,31.0840707964602,48.5148514851485,12.6,154.254615778773,0,2,0,70,"없음",30,-5.55555555555556,68,20260703,9.06976744186045,2.84662038044896,0,0,,,,,1,2100.0,"저항→지지",0,0,2284.16432577377,2284.16432577377
20261008,263720,"디앤씨미디어",KOSDAQ,6900.0,0.0,"출판",0.49,0.519633825,84494370900.0,8070.0,-15.8612143742255,,29.9498746867168,17.8977272727273,9.8,96.395050317335,0,1,0,50,"없음",22,-41.7167381974249,13,,,,0,0,,,,,0,,,0,0,8387.89933861335,8387.89933861335
20261008,263750,"펄어비스",KOSDAQ,32700.0,-1.51,"게임엔터테인먼트",58.45,76.946519175,2054995857000.0,36700.0,-10.8991825613079,,20.6840390879479,21.6755319148936,7.6,49.8111462056809,0,1,0,67,"관망",31,-50.6042296072508,7,,,,0,0,,,,,1,32500.0,"지지 재탈환",0,0,33274.99269538,34174.99269538
20261008,263770,"유에스티",KOSDAQ,1730.0,2.43,"철강",0.04,0.132756736,41001297560.0,1749.0,-2.11549456832476,,39.8263027295285,15.7366771159875,9.8,35.4575876618653,0,1,0,78,"없음",27,-9.41798941798942,61,,,,0,0,,,,,1,1659.0,"저항→지지",0,0,1655.97986119939,1655.97986119939
20261008,263800,"데이타솔루션",KOSDAQ,4515.0,-3.01,"IT서비스",4.06,6.145783225,73257590700.0,5100.0,-11.3725490196078,,80.3448275862069,52.8064146620848,11.8,19.9715681994389,0,2,0,57,"없음",45,6.72963400236127,81,20260709,29.96632996633,53.0562182000907,0,0,,,,,1,4510.0,"지지 재탈환",0,0,4552.14764518872,5872.14764518872
20261008,263810,"상신전자",KOSDAQ,2555.0,-1.16,"전자장비와기기",0.54,0.668531145,40687927875.0,2650.0,-2.26415094339623,,24.198250728863,11.9092627599244,9.8,80.0788752206386,0,3,0,87,"없음",34,-9.12280701754386,62,,,,1,0,,,,,0,,,0,0,2504.50387677187,2504.50387677187
20261008,263860,"지니언스",KOSDAQ,23400.0,1.52,"소프트웨어",93.32,120.09266037,212462640000.0,26500.0,-9.43396226415094,,7.08318198329095,14.7286821705426,9.6,148.384174006183,3,1,0,40,"관망",48,87.5,97,20261006,15.2941176470588,5.07533286695433,0,0,,,,,1,20650.0,"저항→지지",0,0,23367.3888424927,23367.3888424927
20261008,263920,"휴엠앤씨",KOSDAQ,3170.0,-0.94,"포장재",0.15,0.0653708225,31094612420.0,3400.0,-7.64705882352941,,49.6739374859456,27.8766310794781,9.4,206.774924599997,0,1,0,80,"없음",29,-21.2045169385195,40,20260611,9.13884007029877,2.62981412519547,0,0,,,,,0,,,0,0,3172.38984987424,3887.38984987424
20261008,264450,"유비쿼스",KOSDAQ,11580.0,-1.36,"통신장비",4.44,8.20865838,169826408940.0,12110.0,-4.29397192402973,,22.1483942414175,28.5714285714286,15.4,71.4257042680131,2,1,0,61,"없음",41,-23.2958305757776,37,20260814,9.81535471331389,4.35860627007784,0,0,,,,,1,10320.0,"저항→지지",0,0,11213.7396662472,11213.7396662472
20261008,264660,"씨앤지하이테크",KOSDAQ,14650.0,-0.07,"반도체와반도체장비",3.78,4.467411805,142415169800.0,13740.0,8.36972343522562,5.53129548762737,44.4257891202149,14.1104294478528,7.0,86.7589741669186,0,3,0,82,"없음",31,-7.91589363017934,64,,,,1,0,20260929,13740.0,14500.0,321.04489040857,1,13740.0,"저항→지지",0,0,14054.7775561033,14054.7775561033
20261008,264850,"이랜시스",KOSDAQ,5810.0,-0.17,"전자장비와기기",8.49,31.32079435,176011695720.0,6120.0,-5.3921568627451,,66.6953528399312,27.939142461964,7.6,10.5432241488457,1,3,0,86,"관망",55,2.65957446808511,78,20260805,29.8210735586481,8.10852608685939,0,0,,,,,0,,,0,0,5699.70847783602,6479.70847783602
20261008,264900,"크라운제과",KOSPI,7610.0,-0.26,"식품",0.07,0.61899479,95306498500.0,7830.0,-2.80970625798212,,72.083879423329,13.9931740614334,23.4,26.9177100618494,0,1,0,56,"없음",31,-8.20265379975875,64,,,,0,0,,,,,0,,,0,0,7847.00960455848,8347.00960455848
20261008,265520,"AP시스템",KOSDAQ,20550.0,2.49,"디스플레이장비및부품",7.57,8.39128783,309294371550.0,21200.0,-3.06603773584906,,52.1438450899032,15.6603773584906,6.8,72.2202085837219,1,3,0,92,"없음",41,7.47907949790795,81,,,,1,0,,,,,1,19990.0,"저항→지지",0,0,19588.8588154418,19588.8588154418
20261008,265560,"영화테크",KOSDAQ,6210.0,-0.64,"자동차부품",0.76,0.70916795,66386017800.0,6540.0,-5.04587155963303,,54.3438077634011,20.844327176781,7.0,116.878561202916,1,2,0,75,"없음",35,-24.5443499392467,35,,,,0,0,,,,,0,,,0,0,6581.56137410682,7201.56137410682
20261008,265740,"엔에프씨",KOSDAQ,7690.0,0.26,"화장품",20.66,42.15038661,137371084000.0,8370.0,-7.04898446833931,,32.2330097087379,28.5202863961814,7.4,55.2974450028551,5,2,0,76,"수축중",68,5.70652173913043,80,20260918,28.90625,6.44817382710101,0,0,,,,,1,7690.0,"저항→지지",0,0,7352.82520984744,7362.82520984744
20261008,267250,"HD현대",KOSPI,180800.0,-4.59,"조선",591.33,381.2799217,14281949768000.0,261000.0,-30.727969348659,,46.7013194722111,23.6051502145923,10.2,210.487951120075,2,2,0,63,"관망",40,-25.2892561983471,34,,,,0,0,,,,,0,,,0,0,237498.351926074,237498.351926074
20261008,267260,"HD현대일렉트릭",KOSPI,608000.0,-3.18,"전기장비",982.85,838.701797,21916658080000.0,769000.0,-21.0663198959688,,68.5897435897436,38.1609195402299,10.0,113.839728460601,1,2,0,66,"관망",35,-31.1791383219955,24,,,,0,0,,,,,0,,,0,0,689898.63797681,790898.63797681
20261008,267270,"HD건설기계",KOSPI,107200.0,-7.03,"기계",566.47,354.77543605,5091719779200.0,145800.0,-26.5432098765432,,43.6450839328537,29.644533869886,7.6,195.174255550925,2,3,0,75,"관망",43,-23.7722419928826,36,,,,0,0,,,,,0,,,0,0,134751.258838783,134751.258838783
20261008,267290,"경동도시가스",KOSPI,20700.0,-0.96,"가스유틸리티",0.16,1.01362665,122034904200.0,22800.0,-9.21052631578947,,25.2934898612593,12.1052631578947,15.6,11.1585473600164,1,1,0,81,"없음",34,-3.27102803738318,71,,,,0,0,,,,,0,,,0,0,21781.6603678754,21781.6603678754
20261008,267320,"나인테크",KOSDAQ,2800.0,3.7,"전기제품",364.67,90.12979092,160762826000.0,3050.0,-8.85245901639344,,0.0,12.8070175438597,7.2,852.165827580552,0,2,0,72,"관망",36,-5.28109028960818,68,20260929,19.4570135746606,70.1044843357883,0,0,,,,,1,2270.0,"저항→지지",0,0,2700.19944242794,2700.19944242794
20261008,267790,"배럴",KOSDAQ,3050.0,-1.45,"섬유,의류,신발,호화품",0.08,0.10761336,23452392450.0,3430.0,-11.0787172011662,,11.8150684931507,19.2837465564738,15.4,33.8483431591787,0,1,0,55,"없음",33,-8.27067669172932,64,20260826,8.47723704866561,6.47589892317194,0,0,,,,,0,,,0,0,3128.8307475288,3268.8307475288
20261008,267850,"아시아나IDT",KOSPI,9230.0,-1.07,"IT서비스",0.24,1.146862,102453000000.0,10000.0,-7.7,,52.6027397260274,13.030303030303,11.4,24.1402183613476,0,2,0,78,"없음",40,-9.68688845401174,61,,,,0,0,,,,,1,9110.0,"지지 재탈환",0,0,9506.1877878992,9506.1877878992
20261008,267980,"매일유업",KOSDAQ,34600.0,-0.43,"식품",1.52,1.459962,265161874800.0,35800.0,-3.35195530726257,,38.2278481012658,12.0833333333333,11.8,131.285165669376,1,1,0,80,"없음",32,-1.00143061516452,73,,,,0,0,,,,,1,34400.0,"저항→지지",0,0,34114.777700459,34114.777700459
20261008,268280,"미원에스씨",KOSPI,129200.0,2.3,"화학",4.66,1.8456162,646000000000.0,140000.0,-10.0,,27.7673545966229,12.6943005181347,12.0,171.091501287684,2,1,0,55,"없음",35,4.3046357615894,79,,,,0,0,,,,,0,,,0,0,129254.587722659,129254.587722659
20261008,270520,"앱튼",KOSDAQ,835.0,-5.22,"에너지장비및서비스",5.91,15.424315285,33422473190.0,3300.0,-74.6969696969697,,47.4837872892348,83.1030303030303,7.2,94.6342091581939,1,1,0,28,"없음",31,-52.0114942528736,6,20260701,15.9353348729792,5.58841611319608,0,0,,,,,0,,,0,0,2659.53655924063,3484.53655924063
20261008,270660,"에브리봇",KOSDAQ,13250.0,-3.0,"가정용기기와용품",2.57,3.149026955,168150224750.0,14140.0,-6.22347949080622,,75.8883248730965,17.583807716635,5.6,16.3136682743953,0,3,0,98,"없음",50,-17.0731707317073,48,20260804,12.3156342182891,9.76085135954325,0,0,,,,,0,,,0,0,13421.5108472711,15091.5108472711
20261008,270870,"뉴트리",KOSDAQ,3700.0,0.0,"건강관리업체및서비스",0.02,0.2347071825,33280930200.0,3925.0,-5.85987261146497,,38.698224852071,30.4942166140904,9.8,5.00865647042814,0,1,0,59,"없음",31,-11.1778846153846,58,,,,0,0,,,,,1,3620.0,"지지 재탈환",0,0,3697.62808856952,4402.62808856952
20261008,271560,"오리온",KOSPI,104600.0,-1.41,"식품",83.15,115.1408618,4134711224800.0,131500.0,-20.8365019011407,,59.6232179226069,27.7970813064628,9.2,74.3334696761239,2,1,0,42,"관망",35,-19.9230769230769,43,,,,0,0,,,,,0,,,0,0,119369.298664097,136769.298664097
20261008,271830,"팸텍",KOSDAQ,1099.0,0.37,"핸드셋",0.91,2.9271821115,32409731998.0,1299.0,-15.3964588144727,,51.8902123252201,32.0301783264746,6.6,30.2406759366037,0,2,0,57,"없음",42,-24.8803827751196,34,20260909,13.6590229312064,7.60560526787021,1,0,,,,,1,1011.0,"지지 재탈환",0,0,1134.10970743464,1293.10970743464
20261008,271940,"일진하이솔루스",KOSPI,11480.0,-1.8,"자동차부품",2.61,5.89786049,416875421200.0,11980.0,-4.00667779632721,,52.6842584167425,28.5714285714286,10.0,50.7942699099355,0,1,0,70,"없음",31,-25.2275682704811,34,20260909,8.00000000000001,5.19383547326615,0,0,,,,,1,11400.0,"저항→지지",0,0,11268.4818201834,11268.4818201834
20261008,271980,"제일약품",KOSPI,10050.0,-2.71,"제약",2.13,1.81216424,147783963600.0,10260.0,-2.53411306042885,,53.9920159680639,21.8548387096774,8.2,28.4521765608527,0,3,0,98,"없음",46,-27.1667880553532,30,,,,0,0,,,,,0,,,0,0,10100.3923800372,11700.3923800372
20261008,272110,"케이엔제이",KOSDAQ,32750.0,0.31,"반도체와반도체장비",25.31,26.24097275,262831686250.0,30950.0,6.62358642972536,4.68497576736672,41.9270212258526,29.1277258566978,7.6,91.6986309913618,3,3,0,84,"없음",53,2.48447204968944,77,20260921,10.90573012939,4.48656363443295,0,0,20261001,30950.0,32400.0,185.618855527617,1,30950.0,"저항→지지",0,0,30321.2092779067,30321.2092779067
20261008,272210,"한화시스템",KOSPI,76400.0,-1.55,"우주항공과국방",936.77,572.1562324,14433441319600.0,89600.0,-14.3973214285714,,24.0952380952381,21.1217183770883,6.8,219.532253820176,2,1,0,52,"관망",40,-40.6346749226006,14,20260917,15.5297532656023,4.16246673880508,0,0,,,,,1,73000.0,"저항→지지",0,0,79103.4438050566,79103.4438050566
20261008,272290,"이녹스첨단소재",KOSDAQ,22250.0,0.91,"디스플레이장비및부품",23.36,18.281157075,443609575250.0,23050.0,-3.25379609544469,,59.2592592592593,18.7110187110187,7.2,110.865675474166,0,3,0,83,"없음",36,-23.2358003442341,37,,,,1,0,,,,,1,21650.0,"저항→지지",0,0,21141.3750265612,22141.3750265612
20261008,272450,"진에어",KOSPI,5750.0,-1.37,"항공사",2.06,5.455604495,300150000000.0,6210.0,-7.085346215781,,33.0024813895782,13.9393939393939,3.8,40.6699090122269,0,2,0,78,"없음",37,-4.94233937397035,69,20260824,10.6382978723404,5.79832569530322,0,0,,,,,0,,,0,0,6165.48700279257,6165.48700279257
20261008,272550,"삼양패키징",KOSPI,9840.0,-0.1,"포장재",0.58,1.104500345,148273115040.0,9900.0,-0.606060606060606,,25.60706401766,6.04026845637584,10.8,32.5055013466951,0,1,0,69,"없음",31,-19.344262295082,44,,,,0,0,,,,,1,9730.0,"지지 재탈환",0,0,9667.72908910406,9687.72908910406
20261008,273060,"와이즈버즈",KOSDAQ,3945.0,-0.5,"광고",0.1,0.83334143,38774836920.0,4350.0,-9.19540229885057,,43.8023450586265,34.257602862254,3.6,13.4720892461118,0,2,0,64,"없음",45,-20.7622868605817,41,20260806,9.03083700440528,4.80904023559263,0,0,,,,,1,3805.0,"지지 재탈환",0,0,5110.86252053582,5110.86252053582
20261008,273640,"와이엠텍",KOSDAQ,5990.0,2.92,"전기제품",2.11,1.04639109,65686340000.0,6040.0,-1.65562913907285,,29.0697674418605,13.8738738738739,7.4,204.238295677563,0,2,0,77,"없음",35,-15.0214592274678,52,20261002,8.55018587360594,5.88572373133506,0,0,,,,,1,5500.0,"저항→지지",0,0,5433.11784351322,5433.11784351322
20261008,274090,"켄코아에어로스페이스",KOSDAQ,11380.0,-8.59,"우주항공과국방",62.02,185.010883625,156750475660.0,14350.0,-21.0452961672474,,0.0,25.4045307443366,7.2,83.8846087518959,1,1,0,51,"관망",34,-39.444147514698,15,20260918,12.6859142607174,29.3959744133736,0,0,,,,,1,10370.0,"저항→지지",0,0,12395.9036012288,12395.9036012288
20261008,274400,"이노시뮬레이션",KOSDAQ,2435.0,7.74,"소프트웨어",0.48,0.27380914,22125610455.0,2345.0,-1.70575692963753,,38.6238797340272,19.7228637413395,9.8,188.639137649656,0,2,0,58,"없음",30,-38.3689839572192,16,,,,0,0,,,,,1,2240.0,"저항→지지",0,0,2179.87533475135,2194.87533475135
20261008,275630,"에스에스알",KOSDAQ,4050.0,4.92,"소프트웨어",0.06,0.500246415,21277922400.0,4760.0,-14.9159663865546,,19.0434012400354,20.0238379022646,8.4,8.41012732030438,5,1,0,48,"없음",55,7.00132100396301,81,20260904,12.1771217712177,8.23176491840077,0,0,,,,,1,3905.0,"저항→지지",0,0,4101.10281161366,4101.10281161366
20261008,276730,"한울앤제주",KOSDAQ,851.0,-0.23,"음료",0.19,0.989093607,20090390980.0,1500.0,-43.2666666666667,,82.3434991974318,71.2857142857143,6.2,12.9503939509262,0,2,0,53,"없음",42,-51.8120045300113,6,20260828,17.340521114106,3.38547865031592,0,0,,,,,0,,,0,0,1066.05147750916,3964.05147750916
20261008,277070,"린드먼아시아",KOSDAQ,3445.0,0.44,"창업투자",0.04,0.2489273875,47168940000.0,3620.0,-5.11049723756906,,1.90779014308426,15.695067264574,13.8,17.3325412149116,0,3,0,77,"없음",38,-18.6018957345972,45,20260820,12.16,11.4326289479664,0,0,,,,,1,3430.0,"저항→지지",0,0,3256.57852283516,3256.57852283516
20261008,277410,"인산가",KOSDAQ,5710.0,3.44,"식품",0.19,0.24022039,21932966500.0,6430.0,-11.8195956454121,,56.1338289962825,31.4363143631436,11.0,65.0629012147906,0,1,0,64,"없음",29,-49.1935483870968,8,20260716,10.9154929577465,26.3066018393767,0,0,,,,,1,5600.0,"저항→지지",0,0,5838.32123061263,6788.32123061263
20261008,277810,"레인보우로보틱스",KOSDAQ,432500.0,-3.24,"기계",278.11,271.8097555,8390438585000.0,453500.0,-4.85115766262404,2.75633958103638,70.059880239521,21.2092130518234,7.0,64.5413351404076,1,1,0,85,"관망",45,-20.5340699815838,42,20260722,16.2818955042527,4.62589873642509,0,0,20261006,453500.0,466000.0,71.2337038973864,1,426000.0,"지지 재탈환",0,0,425583.805605454,479083.805605454
20261008,277880,"티에스아이",KOSDAQ,4020.0,1.9,"전자장비와기기",3.87,1.6848916325,79769712240.0,4060.0,0.246305418719212,0.985221674876847,33.3815028901734,33.943661971831,13.4,175.544071396964,0,1,0,49,"없음",33,-15.2083333333333,52,20261006,9.18774966711051,8.61400547342919,0,0,20261006,4060.0,4100.0,608.065097166745,1,3630.0,"저항→지지",0,0,3801.0504881297,3801.0504881297
20261008,278280,"천보",KOSDAQ,38500.0,0.13,"전기제품",13.6,10.116416825,471741462500.0,40000.0,-2.75,,40.7862407862408,33.5044929396662,11.6,111.034870132645,0,1,0,47,"없음",31,-21.9658976930792,38,20260827,12.396694214876,3.63019674908701,0,0,,,,,1,36900.0,"저항→지지",0,0,36388.7187764174,39888.7187764174
20261008,278470,"에이피알",KOSPI,370000.0,-2.37,"화장품",978.17,866.77425825,13852117350000.0,377500.0,-2.25165562913907,0.794701986754967,50.5949008498584,26.0554885404101,12.2,96.9008213608848,3,1,0,46,"관망",46,8.68924889543446,82,,,,0,0,20261007,377500.0,380500.0,138.125828094037,0,,,0,0,356814.622315764,434814.622315764
20261008,278650,"HLB바이오스텝",KOSDAQ,6310.0,29.97,"생명과학도구및서비스",328.81,46.0974679475,109998418760.0,4170.0,51.3189448441247,16.4268585131894,0.0,15.8095238095238,7.0,1323.48144374741,1,1,0,40,"관망",25,5.96137699412259,80,20261008,29.9691040164779,7.84758457496242,0,0,20261007,4170.0,4855.0,3533.29151353937,1,2875.0,"저항→지지",1,1,3974.6369718379,3974.6369718379
20261008,279600,"미디어젠",KOSDAQ,3945.0,4.37,"IT서비스",0.08,0.076971475,18481461045.0,4135.0,-4.59492140266022,,58.9381720430108,19.0804597701149,4.8,41.5106562655448,0,2,0,78,"없음",47,-36.3709677419355,18,20260901,9.97442455242967,9.42737880656484,0,0,,,,,0,,,0,0,3683.31086282574,4098.31086282574
20261008,280360,"롯데웰푸드",KOSPI,121700.0,-0.81,"식품",26.68,22.66445565,1120196655800.0,149000.0,-18.5234899328859,,47.9818780889621,11.8124436429216,11.6,68.7722793170063,3,1,0,56,"없음",45,9.56678700361011,83,20260810,11.9760479041916,4.5842428727056,0,0,,,,,0,,,0,0,137433.216194331,143433.216194331
20261008,281740,"레이크머티리얼즈",KOSDAQ,12860.0,1.5,"화학",63.32,50.13011828,845294847280.0,13340.0,-3.5232383808096,,45.8660229330115,19.6276183087665,4.8,129.612680945476,0,2,0,83,"관망",33,-32.3699421965318,23,,,,0,0,,,,,1,11130.0,"저항→지지",0,0,11905.0235468577,12415.0235468577
20261008,281820,"케이씨텍",KOSPI,123400.0,0.33,"반도체와반도체장비",383.37,241.70007755,2443154767400.0,72600.0,69.6969696969697,0.964187327823691,45.1870324189526,18.7790311877903,7.2,142.785796220322,5,3,0,75,"돌파완료",56,185.515643105446,99,20261007,12.9821260583255,5.30754920695111,0,0,20260918,72600.0,73300.0,84.4838163327132,1,72400.0,"저항→지지",0,0,119112.528670645,119112.528670645
20261008,282330,"BGF리테일",KOSPI,126700.0,-2.54,"백화점과일반상점",66.19,59.4021564,2189870890200.0,153400.0,-18.122555410691,,43.8144329896907,20.1787994891443,7.6,85.6156234317341,3,1,0,54,"없음",44,-6.82492581602374,66,20260807,14.6816479400749,3.27813459633575,0,0,,,,,0,,,0,0,140713.243844994,145313.243844994
20261008,282720,"금양그린파워",KOSDAQ,7630.0,-1.68,"에너지장비및서비스",1.0,1.361166225,92471785000.0,7980.0,-4.13533834586466,,53.2292106373997,18.6320754716981,8.0,48.1283998491948,0,1,0,85,"없음",35,-53.551912568306,5,20260723,15.1975683890577,4.92481499963874,0,0,,,,,0,,,0,0,7167.43865014577,7667.43865014577
20261008,282880,"코윈로보틱스",KOSDAQ,11150.0,0.36,"기계",2.57,4.83251401,130389014300.0,11840.0,-6.08108108108108,,42.5182481751825,15.7272727272727,7.2,44.5217455460374,0,3,0,92,"없음",45,-18.2352941176471,46,,,,0,0,,,,,1,10350.0,"저항→지지",0,0,10796.5887058692,10796.5887058692
20261008,284740,"쿠쿠홈시스",KOSPI,24600.0,-1.2,"가정용기기와용품",3.98,3.31405905,551958318000.0,24450.0,0.204498977505113,1.6359918200409,22.8571428571429,8.94854586129754,9.6,107.384454006379,2,3,0,85,"없음",45,6.29067245119306,80,,,,0,0,20261007,24450.0,24850.0,253.781448624748,1,24450.0,"저항→지지",0,0,24018.6559915492,24018.6559915492
20261008,285130,"SK케미칼",KOSPI,51300.0,-0.19,"화학",31.77,22.6428433,887426695800.0,57000.0,-10.1754385964912,,47.8308026030369,24.5263157894737,18.2,83.7051505227873,0,1,0,69,"없음",31,0.195694716242661,75,20260814,14.0250855188141,6.26392423777665,0,0,,,,,0,,,0,0,52015.700462668,52815.700462668
20261008,285490,"노바텍",KOSDAQ,12380.0,-1.67,"핸드셋",3.15,2.563999095,130928787780.0,12900.0,-4.34108527131783,,50.492125984252,17.2323759791123,10.0,120.511331599721,0,1,0,87,"없음",27,-39.3611793611794,15,,,,0,0,,,,,1,12210.0,"저항→지지",0,0,12124.6954420691,12124.6954420691
20261008,285800,"진영",KOSDAQ,4295.0,0.47,"화학",0.4,14.49101254,15435293690.0,6250.0,-31.44,,46.2396545519971,38.8157894736842,3.0,6.73505509222198,0,2,0,52,"없음",42,-51.9887955182073,6,20260918,8.46075433231397,18.9435847302975,0,0,,,,,0,,,0,0,5371.34901934578,7071.34901934578
20261008,286750,"나노실리칸첨단소재",KOSDAQ,2525.0,-0.39,"화학",0.29,1.965120325,40436430700.0,2775.0,-9.00900900900901,,51.1596788581624,40.343347639485,5.0,17.6424193997594,0,2,0,76,"없음",45,6.36057287278854,80,20260626,13.6112814224402,3.46801556394397,0,0,,,,,0,,,0,0,2423.07611966605,3344.07611966605
20261008,286940,"롯데이노베이트",KOSPI,17520.0,-0.62,"IT서비스",1.06,1.435563825,265066509840.0,19020.0,-7.72870662460568,,54.5798637395912,38.8376753507014,17.4,47.5279226545596,0,1,0,76,"없음",29,-13.3333333333333,54,20260730,9.10792264504055,3.36980127281082,0,0,,,,,0,,,0,0,17990.1034597717,18830.1034597717
20261008,287840,"인투셀",KOSDAQ,17310.0,-5.1,"제약",6.07,5.288708085,260030127600.0,19200.0,-9.73958333333333,,58.2481751824818,30.6434023991276,6.4,81.6287984051093,0,2,0,71,"없음",37,-54.6928104575163,5,20260723,15.8415841584158,3.4334975282517,0,0,,,,,1,17000.0,"지지 재탈환",0,0,16659.6708320085,20959.6708320085
20261008,288620,"에스프리즘",KOSDAQ,3845.0,-2.78,"전기제품",0.4,1.875106295,26835470020.0,5330.0,-28.2363977485929,,47.7145148356054,39.4782608695652,7.2,24.0822386011361,0,1,0,56,"없음",26,-53.8600723763571,5,,,,0,0,,,,,0,,,0,0,4705.34656789744,5125.34656789744
20261008,288980,"모아데이타",KOSDAQ,263.0,29.56,"소프트웨어",8.16,5.7533633725,9568302677.0,246.0,6.91056910569106,6.91056910569106,77.0146024878313,78.9473684210526,6.6,65.973549564993,0,2,0,54,"없음",47,-67.7300613496932,2,20260828,30.0,5.22924396284883,1,0,20261008,246.0,263.0,66.7743005880203,1,250.0,"지지 재탈환",0,0,261.421914429233,808.421914429233
20261008,289010,"아이스크림에듀",KOSDAQ,814.0,6.82,"교육서비스",4.87,3.2045345615,11351438384.0,1168.0,-30.3082191780822,1.02739726027397,0.0,37.2509960159363,6.8,278.680391423394,0,1,0,36,"없음",26,-48.0867346938776,8,20260910,21.4596949891068,18.078263461009,0,0,20260923,1168.0,1180.0,171.633177201573,1,705.0,"지지 재탈환",0,0,1001.11465156927,1001.11465156927
20261008,289080,"SV인베스트먼트",KOSDAQ,2680.0,0.0,"창업투자",16.12,58.1787618025,161170464440.0,2895.0,-7.25388601036269,,31.0708898944193,22.5352112676056,5.4,34.0964562562325,2,3,0,85,"관망",54,-28.0160857908847,29,,,,0,0,,,,,1,2625.0,"저항→지지",0,0,2572.52260936404,2572.52260936404
20261008,289220,"자이언트스텝",KOSDAQ,916.0,1.66,"양방향미디어와서비스",0.32,0.378795409,20437994436.0,1100.0,-14.8181818181818,,44.7947650208209,36.0801781737194,9.8,82.5334474559794,0,1,0,55,"없음",22,-72.5219941348974,2,,,,0,0,,,,,0,,,0,0,964.863119420246,1234.86311942025
20261008,289930,"웨이비스",KOSDAQ,8000.0,0.0,"우주항공과국방",3.2,7.820815835,105192080000.0,8880.0,-10.8108108108108,,47.3953885567891,32.086851628468,11.0,51.0326327225669,0,1,0,69,"없음",25,-59.5918367346939,3,,,,0,0,,,,,1,7195.0,"저항→지지",0,0,7895.25108249773,7895.25108249773
20261008,290090,"트윔",KOSDAQ,4990.0,6.85,"소프트웨어",0.36,0.1472393325,37128434320.0,4945.0,-5.66228513650152,,17.089552238806,21.5,6.0,287.006246697952,0,2,0,43,"없음",35,-21.4646464646465,39,20260914,19.0082644628099,4.43672275054865,0,0,,,,,1,4395.0,"저항→지지",0,0,4625.87649384936,4625.87649384936
20261008,290120,"DH오토리드",KOSDAQ,2210.0,1.61,"자동차부품",0.08,0.686319585,34973641170.0,2600.0,-15.3846153846154,,29.4234592445328,16.0243407707911,10.0,21.7901755386163,0,1,0,44,"없음",22,-12.5248508946322,56,,,,0,0,,,,,1,2195.0,"저항→지지",0,0,2384.61986782615,2384.61986782615
20261008,290270,"휴네시온",KOSDAQ,2720.0,-4.56,"소프트웨어",0.57,0.9196822475,26132867840.0,3070.0,-11.0749185667752,,19.0669371196755,10.431654676259,9.4,91.48398298375,0,1,0,51,"없음",25,-19.5876288659794,44,,,,0,0,,,,,0,,,0,0,2808.02153305124,2808.02153305124
20261008,290520,"신도기연",KOSDAQ,1685.0,1.75,"디스플레이장비및부품",0.31,0.349910403,26515436340.0,1727.0,-2.43196294151708,,8.28635851183765,22.3460410557185,3.8,102.926071492237,1,2,0,56,"없음",35,-19.9524940617577,43,,,,0,0,,,,,1,1646.0,"저항→지지",0,0,1489.30298326774,1552.30298326774
20261008,290550,"디케이티",KOSDAQ,25600.0,8.47,"핸드셋",135.91,80.195743275,512031488000.0,23000.0,10.2173913043478,3.91304347826087,25.2421307506053,32.3764705882353,7.4,140.989299001496,3,2,0,72,"수축중",50,40.5990016638935,93,,,,1,0,20261002,23000.0,23900.0,162.894701484979,1,23000.0,"저항→지지",1,1,21178.4443639918,21378.4443639918
20261008,290560,"파라택시스이더리움",KOSDAQ,1157.0,-6.62,"소프트웨어",1.51,3.084986148,25873678610.0,1592.0,-29.5854271356784,,34.4665461121157,34.949733885275,6.0,26.7454877647417,0,2,0,58,"없음",42,-35.9062321326472,18,20260825,16.0714285714286,6.49701991999929,0,0,,,,,0,,,0,0,1330.02905997247,1429.02905997247
20261008,290650,"엘앤씨바이오",KOSDAQ,56000.0,-3.95,"건강관리장비와용품",205.64,123.292497025,1510303424000.0,56700.0,-1.58730158730159,1.23456790123457,63.1584868061582,31.3195255362301,7.6,156.77997962346,0,1,0,51,"관망",31,-13.4923957025255,54,,,,0,0,20261007,56700.0,57400.0,178.977573896473,1,48600.0,"저항→지지",0,0,52090.5081664534,63282.5081664534
20261008,290660,"다이나믹솔루션",KOSDAQ,1243.0,-3.94,"건강관리장비와용품",6.0,8.190992713,53247494784.0,2445.0,-49.2433537832311,,65.4911104634217,42.8571428571429,13.4,56.8744247414087,1,1,0,45,"없음",35,-41.955098222638,13,20260811,24.0655737704918,5.95157020642246,0,0,,,,,0,,,0,0,1565.27742206323,2203.27742206323
20261008,290670,"대보마그네틱",KOSDAQ,5560.0,1.09,"전자장비와기기",0.43,0.57574981,43688589600.0,5800.0,-6.03448275862069,,52.5484889490302,23.6440677966102,7.2,59.8019868121101,0,1,0,54,"없음",31,-50.4995458673933,7,20260901,15.0684931506849,10.6248289701724,0,0,,,,,0,,,0,0,5575.66264243966,5725.66264243966
20261008,290690,"아리바이오홀딩스",KOSDAQ,2995.0,-6.41,"디스플레이장비및부품",24.54,35.290098645,158953050975.0,4175.0,-28.0239520958084,,51.75983436853,36.2599771949829,6.4,127.395463391622,0,1,0,40,"관망",26,-15.5898876404494,51,20260930,13.973063973064,6.42688713362263,0,0,,,,,0,,,0,0,3869.333438321,4364.333438321
20261008,290720,"푸드나무",KOSDAQ,3260.0,-3.26,"식품",3.71,2.22081671,124366629980.0,3345.0,-1.79372197309417,,14.3407122232916,24.5053272450533,9.0,179.477758475375,4,2,0,54,"없음",55,8.77483443708609,82,20260611,18.8539741219963,8.33114957644804,0,0,,,,,1,2975.0,"저항→지지",0,0,3243.54071174255,3243.54071174255
20261008,290740,"액트로",KOSDAQ,11400.0,0.8,"핸드셋",2.31,7.810230905,114741125400.0,14370.0,-20.3201113430759,,29.3655249859629,19.8863636363636,7.2,30.4434431747416,1,1,0,51,"없음",31,-33.3527357392317,21,20260908,9.0026478375993,3.46141034447966,0,0,,,,,0,,,0,0,12433.8397476871,12433.8397476871
20261008,291230,"컴투스엔",KOSDAQ,2765.0,1.1,"광고",0.67,0.676024555,66391053715.0,2835.0,-3.52733686067019,,72.3529411764706,44.9507389162562,10.8,74.6481952603965,0,2,0,77,"없음",40,-26.2803234501348,32,20260721,9.64467005076142,2.82733786525306,0,0,,,,,1,2580.0,"저항→지지",0,0,2605.82840675205,3805.82840675205
20261008,291650,"츌립앤사이언스",KOSDAQ,2800.0,1.82,"생명과학도구및서비스",2.13,1.21319707,85454938800.0,3005.0,-8.31946755407654,,0.0,29.5774647887324,7.4,229.070836624962,3,2,0,57,"없음",37,-28.9948453608247,27,20261002,16.5929203539823,4.45069294002433,0,0,,,,,1,2395.0,"저항→지지",0,0,2566.72649273995,2566.72649273995
20261008,293480,"하나제약",KOSPI,8540.0,0.71,"제약",1.0,1.173555885,151780958840.0,8660.0,-2.19399538106236,,30.9352517985611,11.1842105263158,7.6,45.4930359309465,0,2,0,85,"없음",43,-7.93478260869565,64,,,,0,0,,,,,1,8450.0,"저항→지지",0,0,8250.15491351833,8710.15491351833
20261008,293490,"카카오게임즈",KOSDAQ,9450.0,-6.53,"게임엔터테인먼트",46.3,32.91295588,1008742754250.0,10400.0,-10.2884615384615,,13.2352941176471,17.3537871524449,4.8,111.50066694091,0,2,0,61,"관망",37,-21.2658227848101,40,20260901,12.1452894438139,6.61120720828427,0,0,,,,,1,9320.0,"저항→지지",0,0,9216.78367157646,9246.78367157646
20261008,293580,"나우IB",KOSDAQ,1299.0,1.09,"창업투자",2.59,7.017713916,123314005050.0,1449.0,-11.2491373360939,,27.5185577942736,35.2399737015122,5.4,58.7373710253648,2,2,0,66,"없음",43,-22.4834237492465,38,,,,0,0,,,,,0,,,0,0,1279.21045385448,1386.21045385448
20261008,293780,"압타바이오",KOSDAQ,7870.0,-0.25,"건강관리업체및서비스",6.25,3.891872995,221095097350.0,6790.0,14.8748159057437,2.06185567010309,14.5466405740378,27.1402550091075,10.2,132.606680150238,1,2,0,67,"없음",35,13.3720930232558,86,20261001,9.40170940170941,3.14001559419293,0,0,20260929,6790.0,6930.0,110.298261511682,1,6730.0,"저항→지지",0,0,7277.54020774501,7277.54020774501
20261008,293940,"신한알파리츠",KOSPI,5520.0,-0.18,"부동산",4.57,5.336227345,667589478960.0,5660.0,-2.47349823321555,,21.8543046357616,10.896309314587,15.0,68.1600518030143,1,1,0,82,"없음",32,-3.32749562171629,71,,,,0,0,,,,,1,5510.0,"저항→지지",0,0,5416.03115063989,5416.03115063989
20261008,294140,"레몬",KOSDAQ,2825.0,0.18,"화학",0.33,0.6421350025,70384360850.0,3070.0,-7.98045602605863,,36.8541905855339,29.4915254237288,6.6,27.5994147525188,0,2,0,58,"없음",43,-14.3939393939394,53,20261001,8.24372759856631,5.01928389726196,0,0,,,,,1,2435.0,"저항→지지",0,0,2655.67392498598,2655.67392498598
20261008,294570,"쿠콘",KOSDAQ,26000.0,-2.26,"IT서비스",13.3,44.318569475,262385032000.0,29050.0,-10.4991394148021,,40.9512761020882,17.2473867595819,6.0,34.7120204115816,0,1,0,43,"관망",33,-0.763358778625954,74,20260904,14.2056074766355,3.24982660017593,0,0,,,,,1,24700.0,"지지 재탈환",0,0,27656.8210701688,28456.8210701688
20261008,294630,"서남",KOSDAQ,3115.0,0.48,"전기장비",3.02,6.36216305,82544942585.0,3350.0,-7.76119402985075,,53.8410449413327,31.1377245508982,12.4,43.9590327496437,2,2,0,68,"없음",53,-17.0469798657718,48,20260715,9.4188376753507,3.14624774292345,0,0,,,,,1,2865.0,"저항→지지",0,0,3320.95991925645,3320.95991925645
20261008,294870,"IPARK현대산업개발",KOSPI,21850.0,-1.35,"건설",16.27,32.48623685,1440075160500.0,25350.0,-13.8067061143984,,22.093023255814,14.3636363636364,9.8,45.6896304350879,4,1,0,56,"없음",42,8.16831683168317,82,,,,0,0,,,,,0,,,0,0,23577.5163828858,23577.5163828858
20261008,295310,"에이치브이엠",KOSDAQ,74200.0,3.06,"비철금속",151.86,120.16568945,931038301200.0,77800.0,-4.4987146529563,,9.69660916121356,28.6701208981002,7.8,128.730024037482,3,2,0,55,"수축중",54,-15.5681818181818,51,20260917,14.4712430426716,7.54154182060118,0,0,,,,,1,64200.0,"저항→지지",0,0,67744.0952442232,67744.0952442232
20261008,296640,"이노에이엑스",KOSDAQ,6470.0,0.47,"소프트웨어",0.74,0.53707101,33503290440.0,7910.0,-18.7104930467762,,17.7754677754678,26.2828535669587,3.0,67.0071666033981,2,2,0,50,"없음",50,-16.9250645994832,48,20260818,10.2040816326531,5.45645990391857,0,0,,,,,0,,,0,0,6973.60741229379,6973.60741229379
20261008,297090,"씨에스베어링",KOSDAQ,4865.0,-2.41,"기계",2.31,5.13223397,132668550000.0,5160.0,-5.71705426356589,,26.7391304347826,24.1293532338308,10.2,48.8303023986866,0,2,0,72,"없음",37,-38.8819095477387,16,20260616,29.7895902547065,8.38785144374169,0,0,,,,,1,4795.0,"저항→지지",0,0,4680.64650749826,4680.64650749826
20261008,297570,"아틀라스링크",KOSDAQ,3900.0,1.3,"전자제품",0.26,0.290139625,27004547700.0,4710.0,-16.348195329087,,21.2309820193638,45.8687258687259,14.0,92.2215634092194,1,1,0,45,"없음",31,-51.177199504337,6,20260609,9.42760942760943,6.67341402855011,0,0,,,,,0,,,0,0,4080.29138812615,4765.29138812615
20261008,297890,"HB솔루션",KOSDAQ,1616.0,0.06,"디스플레이장비및부품",2.6,4.3979445525,118195717024.0,1708.0,-4.39110070257611,,54.1289023162135,21.8390804597701,10.0,58.7077971354528,0,3,0,92,"없음",36,-13.5063559322034,54,,,,1,0,,,,,1,1600.0,"지지 재탈환",0,0,1569.25329007821,1736.25329007821
20261008,298000,"효성화학",KOSPI,51300.0,-1.35,"화학",6.07,9.57518085,194519904300.0,55700.0,-7.36086175942549,,78.150036416606,36.2373737373737,6.4,26.7247808861125,0,2,0,62,"없음",45,-33.6760925449871,21,20260618,12.1661721068249,18.9349282580339,0,0,,,,,0,,,0,0,54680.4711736222,77080.4711736222
20261008,298020,"효성티앤씨",KOSPI,277500.0,-1.94,"무역회사와판매업체",41.8,47.72879825,1200931755000.0,366500.0,-24.4201909959072,,50.6224066390041,19.8813056379822,9.8,79.793075483732,2,1,0,51,"없음",35,-24.4201909959072,35,,,,0,0,,,,,0,,,0,0,323297.698195194,336297.698195194
20261008,298040,"효성중공업",KOSPI,2511000.0,-2.98,"전기장비",1586.55,1103.806368,23413940028000.0,3009000.0,-16.4506480558325,,62.7537511032657,24.0428790199081,5.2,140.259575136974,2,3,0,77,"관망",43,-0.158856235107228,74,,,,0,0,,,,,0,,,0,0,2700801.58246086,2956801.58246086
20261008,298050,"HS효성첨단소재",KOSPI,162800.0,0.06,"화학",15.21,12.92554235,729335534400.0,168000.0,-3.51190476190476,,54.2635658914729,19.1616766467066,9.8,67.9610379979847,0,2,0,66,"없음",41,-21.8795180722892,39,,,,0,0,,,,,0,,,0,0,163447.251352076,175847.251352076
20261008,298060,"풍전약품",KOSDAQ,2320.0,-0.64,"생물공학",0.09,0.31381065,22358877040.0,2597.0,-10.6661532537543,,52.0500782472613,26.0726072607261,12.4,31.8013393071599,0,2,0,59,"없음",35,-41.1167512690355,13,20260922,8.99357601713062,4.34502676971198,0,0,,,,,0,,,0,0,2341.15707363323,2639.15707363323
20261008,298380,"에이비엘바이오",KOSDAQ,48150.0,-5.77,"생물공학",194.01,212.6149749,2695796343450.0,54700.0,-11.9744058500914,,66.5686994856723,56.2788550323176,13.2,119.483879655279,0,1,0,33,"관망",29,-69.8685857321652,2,,,,0,0,,,,,0,,,0,0,63507.5322333866,86607.5322333866
20261008,298540,"더네이쳐홀딩스",KOSDAQ,6650.0,2.62,"섬유,의류,신발,호화품",0.68,0.902416925,96334466900.0,6890.0,-2.46734397677794,,19.4174757281553,8.29694323144105,4.0,75.9032366843952,0,2,0,69,"없음",30,-9.79865771812081,61,,,,0,0,,,,,0,,,0,0,6518.71247569704,6538.71247569704
20261008,298690,"에어부산",KOSPI,1516.0,1.07,"항공사",0.38,0.8949339795,246978945952.0,1599.0,-5.50343964978111,,83.2855778414518,16.617033948779,12.0,25.5491551179631,0,1,0,78,"없음",35,-16.6114790286976,49,20260615,13.1147540983606,10.2733858570331,0,0,,,,,0,,,0,0,1541.46474636664,1541.46474636664
20261008,298830,"슈어소프트테크",KOSDAQ,4305.0,0.7,"소프트웨어",4.77,6.9915769925,230138838195.0,4565.0,-6.57174151150055,,43.1014823261117,24.1466498103666,10.4,59.7991928848166,0,3,0,89,"없음",36,-36.3432835820896,18,,,,0,0,,,,,1,4120.0,"지지 재탈환",0,0,4171.57069485807,4216.57069485807
20261008,299030,"하나기술",KOSDAQ,15130.0,-2.89,"전자장비와기기",8.56,5.729738555,120962988300.0,16550.0,-8.1570996978852,,48.5641025641026,39.8178269355888,11.6,138.636879110909,0,1,0,60,"없음",25,-39.8019801980198,15,,,,0,0,,,,,1,13780.0,"저항→지지",0,0,14772.6871072262,14772.6871072262
20261008,299170,"더블유에스아이",KOSDAQ,1464.0,-0.54,"제약",9.68,39.5187525595,60772525632.0,1664.0,-11.9591346153846,,0.0,20.7264957264957,7.0,59.0863743885132,0,1,0,40,"관망",29,-40.9274193548387,14,20260928,10.1173020527859,33.5231024893804,0,0,,,,,1,1307.0,"저항→지지",0,0,1470.03425982492,1470.03425982492
20261008,299660,"셀리드",KOSDAQ,2510.0,-3.09,"생물공학",16.61,32.9725388375,74052472270.0,3480.0,-27.2988505747126,,10.1089588377724,28.0858676207513,5.8,28.3573441757299,0,1,0,46,"관망",26,3.26530612244898,78,20261007,9.64360587002096,5.77043515935033,0,0,,,,,1,2485.0,"저항→지지",0,0,2911.17526438262,2911.17526438262
20261008,300080,"플리토",KOSDAQ,7850.0,-3.21,"양방향미디어와서비스",3.79,7.06907107,129771890350.0,9280.0,-15.301724137931,,44.9588477366255,25.2272727272727,9.8,64.0481403500247,0,1,0,63,"없음",26,-27.6243093922652,29,20260910,10.3896103896104,5.80726444358939,0,0,,,,,0,,,0,0,9355.15133490882,9355.15133490882
20261008,300120,"라온피플",KOSDAQ,3045.0,1.33,"소프트웨어",0.65,3.9795366675,30147945135.0,3725.0,-19.4630872483221,,48.5370051635112,24.4444444444444,5.2,10.1574720860604,0,2,0,64,"없음",42,-38.5245901639344,16,20260903,29.8387096774194,6.95142012594782,0,0,,,,,0,,,0,0,3260.07987949625,3635.07987949625
20261008,300720,"한일시멘트",KOSPI,16210.0,0.19,"건축자재",10.29,7.956234815,1192167837890.0,17160.0,-5.88578088578089,,54.1968911917099,17.7346278317152,15.4,86.6082519910464,1,3,0,91,"없음",45,0.248292985723153,75,,,,0,0,,,,,0,,,0,0,16037.7953335084,16347.7953335084
20261008,301300,"바이브컴퍼니",KOSDAQ,1729.0,-3.73,"소프트웨어",0.16,1.485625235,22744497048.0,2660.0,-33.1954887218045,,34.8277385159011,24.1527703066165,9.6,11.7960912015398,0,1,0,42,"없음",30,-25.6485355648536,33,20260914,10.3813559322034,6.82779921929627,0,0,,,,,1,1716.0,"지지 재탈환",0,0,2259.68875728755,2294.68875728755
20261008,302430,"이노메트리",KOSDAQ,7880.0,0.0,"전기제품",7.19,43.918179875,77249279040.0,8260.0,-4.9636803874092,,60.0455321570859,21.8140068886338,5.4,22.0070705160906,2,1,0,47,"관망",45,20.0305810397554,89,20260909,13.3848133848134,8.23943591030945,1,0,,,,,1,7360.0,"지지 재탈환",0,0,8411.6514091757,8411.6514091757
20261008,302440,"SK바이오사이언스",KOSPI,37150.0,-2.24,"제약",31.51,23.453706675,2914660943950.0,36850.0,0.0,2.44233378561737,51.3888888888889,10.4225352112676,9.8,114.388332749485,0,1,0,78,"없음",31,-11.6306954436451,57,,,,0,0,20261006,36850.0,37750.0,86.2487584008489,1,36800.0,"저항→지지",0,0,36278.1374267788,36678.1374267788
20261008,302550,"리메드",KOSDAQ,2700.0,2.47,"건강관리장비와용품",1.59,0.5636370875,81742535100.0,2815.0,-4.08525754884547,,30.1851851851852,14.4385026737968,10.0,196.654510973793,0,2,0,76,"없음",35,-8.31918505942275,63,,,,1,0,,,,,1,2620.0,"지지 재탈환",0,0,2555.42637577858,2830.42637577858
20261008,303030,"지니틱스",KOSDAQ,1155.0,3.59,"반도체와반도체장비",0.6,0.886040236,10576884780.0,1569.0,-26.3862332695985,,55.2272727272727,57.8899082568807,5.8,60.3329982011479,0,1,0,39,"없음",26,-71.0163111668758,2,20260721,29.8596112311015,3.78689337085779,0,0,,,,,0,,,0,0,1393.15746602928,2073.15746602928
20261008,303360,"프로티아",KOSDAQ,5850.0,-0.85,"건강관리장비와용품",1.6,3.28633381,75346332750.0,6250.0,-5.44,,0.0,10.2376599634369,5.0,67.2774776514496,3,1,0,61,"없음",46,32.8089887640449,92,20260929,10.5363984674329,12.099096356064,0,0,,,,,1,5440.0,"저항→지지",0,0,5640.98789668413,5640.98789668413
20261008,303530,"이노뎁",KOSDAQ,3010.0,-0.33,"IT서비스",0.12,0.2288198425,22091289990.0,3140.0,-4.29936305732484,,44.8074679113186,37.0473537604457,12.0,46.7232287229752,0,3,0,82,"없음",49,-26.3480392156863,32,20260709,29.8372513562387,15.688728754833,0,0,,,,,1,2875.0,"저항→지지",0,0,2842.57045004498,2842.57045004498
20261008,303810,"동국생명과학",KOSDAQ,2655.0,-3.45,"건강관리장비와용품",19.64,118.3590200375,84917891700.0,3600.0,-25.9722222222222,,0.0,26.9491525423729,15.4,48.7319870661639,0,1,0,48,"관망",26,-19.96996996997,43,20260928,19.9275362318841,23.6499627850511,0,0,,,,,1,2315.0,"저항→지지",0,0,3224.32214496361,3224.32214496361
20261008,304100,"솔트룩스",KOSDAQ,13940.0,-6.06,"IT서비스",10.51,10.892063215,175558338700.0,15820.0,-11.9469026548673,,70.830298616169,24.5221190606226,6.0,34.9375157805672,0,3,0,93,"없음",48,-33.6666666666667,21,20260824,14.508783344177,2.56067837886466,0,0,,,,,0,,,0,0,14624.4564604057,18314.4564604057
20261008,304360,"에스바이오메딕스",KOSDAQ,21750.0,-7.25,"생물공학",9.23,5.373667465,271464534000.0,21300.0,3.05164319248826,8.92018779342723,40.5145929339478,40.4282655246253,13.2,160.715749173508,0,1,0,62,"없음",33,-12.0240480961924,57,20260907,15.2836134453781,4.08789065866288,0,0,20261006,21300.0,23200.0,185.125049365651,1,21300.0,"저항→지지",0,0,21372.1871435808,21372.1871435808
20261008,306040,"에스제이그룹",KOSDAQ,1841.0,4.19,"섬유,의류,신발,호화품",5.42,1.928117456,17097448004.0,2360.0,-21.9915254237288,,13.4578726648875,39.6428571428571,10.4,380.324873491127,0,1,0,46,"없음",26,-69.3166666666667,2,20261002,29.9603174603175,8.38609815428833,0,0,,,,,1,1717.0,"지지 재탈환",0,0,2041.70166124523,2041.70166124523
20261008,306200,"세아제강",KOSPI,143800.0,-3.16,"철강",13.87,20.11007675,407859940000.0,168800.0,-15.2251184834123,,10.1114649681529,7.93201133144476,7.6,97.6484615307543,4,1,0,47,"없음",42,4.83516483516484,79,,,,0,0,,,,,1,142200.0,"저항→지지",0,0,154140.891759869,154140.891759869
20261008,306620,"지아이에스",KOSDAQ,2140.0,0.71,"반도체와반도체장비",5.15,7.5170097155,102596273760.0,2275.0,-5.71428571428571,,47.8935125355389,21.5942028985507,7.0,64.7117548140044,1,2,0,62,"없음",42,-25.9067357512953,32,20260827,9.19345741680766,4.90206912662415,0,0,,,,,1,1969.0,"저항→지지",0,0,1992.93057785855,1992.93057785855
20261008,307180,"아이엘",KOSDAQ,5680.0,0.53,"디스플레이장비및부품",22.47,14.902288235,209681039680.0,5960.0,-5.53691275167785,,27.3419649657273,19.8425196850394,6.0,133.526242747544,2,3,0,79,"없음",50,11.0453648915187,84,,,,0,0,,,,,1,5420.0,"지지 재탈환",0,0,5355.28975144228,5605.28975144228
20261008,307280,"원바이오젠",KOSDAQ,5960.0,-0.5,"건강관리장비와용품",0.24,1.07681997,42283976920.0,6300.0,-3.96825396825397,,30.9090909090909,14.3598615916955,10.8,18.1420981183642,1,1,0,47,"없음",32,-8.61027190332326,63,,,,1,0,,,,,0,,,0,0,5684.73495554535,5954.73495554535
20261008,307750,"국전",KOSDAQ,2920.0,5.42,"제약",553.37,53.1340235975,157639960960.0,2375.0,22.9473684210526,1.26315789473684,0.0,17.3076923076923,5.6,2007.24257058944,0,3,0,87,"관망",37,-23.7597911227154,36,20261007,17.6715176715177,129.19602375363,0,0,20261006,2375.0,2405.0,66.5742018858412,1,2375.0,"저항→지지",0,0,2693.19695695791,2693.19695695791
20261008,307870,"비투엔",KOSDAQ,1288.0,3.87,"IT서비스",7.86,7.507202589,95697479080.0,1350.0,-4.66666666666667,,28.3230510375771,20.5409974640744,6.0,75.2695922259016,3,2,0,72,"없음",60,8.33333333333333,82,20260828,22.0,5.51295153901871,1,0,,,,,1,1183.0,"저항→지지",0,0,1204.84491119351,1204.84491119351
20261008,307930,"컴퍼니케이",KOSDAQ,6440.0,-1.08,"창업투자",1.01,3.34787618,100528400000.0,6960.0,-6.60919540229885,,26.4135021097046,23.3103448275862,6.8,25.0565415055369,2,3,0,89,"없음",53,-12.1621621621622,57,20260602,30.0,5.01317594069595,0,0,,,,,1,6430.0,"저항→지지",0,0,6287.66619245363,6577.66619245363
20261008,307950,"현대오토에버",KOSPI,363000.0,-2.94,"IT서비스",269.7,164.85454525,9954905466000.0,394500.0,-7.98479087452472,,68.4542586750789,29.6259842519685,7.0,100.200487124215,2,2,0,78,"관망",51,-4.34782608695652,70,20260529,24.798927613941,2.61305531730806,0,0,,,,,0,,,0,0,360954.490253582,464954.490253582
20261008,308100,"형지글로벌",KOSDAQ,326.0,29.88,"섬유,의류,신발,호화품",3.67,2.699589394,8417319348.0,420.0,-22.3809523809524,,55.1476456504389,48.7234042553191,8.6,128.683747614825,0,1,0,30,"없음",26,-64.4880174291939,3,20260818,12.9675810473815,3.54925531249215,0,0,,,,,0,,,0,0,277.628788671344,601.628788671344
20261008,308170,"씨티알모빌리티",KOSPI,3395.0,2.26,"자동차부품",0.17,0.183014605,29230950000.0,3990.0,-15.0375939849624,,26.1663286004057,26.2013729977117,7.2,77.6841344586199,0,1,0,53,"없음",22,-31.9277108433735,23,,,,0,0,,,,,1,3375.0,"지지 재탈환",0,0,3601.48780643492,3891.48780643492
20261008,308430,"셀비온",KOSDAQ,13630.0,-3.74,"제약",2.73,4.890660725,175898571130.0,16870.0,-19.4427978660344,,44.8246725813266,24.1116751269036,7.2,77.1920395541734,0,2,0,51,"없음",25,-54.5484949832776,5,,,,0,0,,,,,1,13370.0,"저항→지지",0,0,14822.8539405683,14822.8539405683
20261008,309960,"LB인베스트먼트",KOSDAQ,4335.0,0.0,"창업투자",0.82,1.7314211175,100646731065.0,4440.0,-2.7027027027027,,41.3838120104439,18.1166837256909,7.2,42.4497828189121,0,1,0,90,"없음",31,-16.1165048543689,50,,,,0,0,,,,,0,,,0,0,4117.58061186997,4517.58061186997
20261008,310200,"애니플러스",KOSDAQ,2100.0,0.0,"방송과엔터테인먼트",6.5,4.3111278285,109541955600.0,2005.0,4.48877805486284,4.48877805486284,54.5486111111111,35.8843537414966,7.2,93.9909294448035,0,2,0,83,"없음",39,-19.4230769230769,44,20260929,8.60549507516848,4.73254358662597,0,0,20260929,2005.0,2095.0,258.911387947545,1,2005.0,"저항→지지",0,0,2027.42042612076,2722.42042612076
20261008,310210,"보로노이",KOSDAQ,138100.0,-5.93,"제약",112.58,118.272392,2570947350300.0,159800.0,-13.7672090112641,,37.1458551941238,29.3732970027248,4.6,86.1627354876946,1,2,0,55,"관망",37,-51.1347517730496,6,,,,0,0,,,,,0,,,0,0,132473.262754139,159073.262754139
20261008,310870,"디와이씨",KOSDAQ,1500.0,-3.85,"자동차부품",1.24,1.6190953385,32883903000.0,1620.0,-7.40740740740741,,27.2108843537415,14.1420118343195,3.6,64.6538006849042,3,2,0,74,"없음",58,1.6260162601626,76,20260904,15.0185873605948,5.4156367938532,0,0,,,,,1,1463.0,"저항→지지",0,0,1507.21376554195,1507.21376554195
20261008,311320,"지오엘리먼트",KOSDAQ,8850.0,-1.01,"반도체와반도체장비",3.69,3.085704075,111638856000.0,8980.0,0.22271714922049,1.44766146993318,60.4984093319194,22.3,6.8,60.8901860229485,4,1,0,88,"없음",57,32.3529411764706,92,20260818,9.03614457831326,3.39662191615692,0,0,20261006,8980.0,9110.0,98.5572561016164,1,8980.0,"저항→지지",0,0,8139.73870945845,8769.73870945844
20261008,311390,"네오크레마",KOSDAQ,2495.0,1.01,"식품",0.79,0.68648061,31571203555.0,3025.0,-18.6776859504132,,14.5739910313901,29.8412698412698,2.8,123.062045134854,0,2,0,46,"없음",25,-41.4285714285714,13,,,,0,0,,,,,1,2375.0,"지지 재탈환",0,0,2714.0312117995,2714.0312117995
20261008,311690,"CJ 바이오사이언스",KOSDAQ,3840.0,0.52,"생명과학도구및서비스",0.33,0.18873344,50171374080.0,3990.0,-1.00250626566416,,15.1885830784913,36.25,12.6,137.747290684759,0,1,0,53,"없음",27,-49.936628643853,7,,,,1,0,,,,,0,,,0,0,3861.12704573329,3861.12704573329
20261008,314130,"지놈앤컴퍼니",KOSDAQ,5490.0,3.2,"제약",33.9,30.07248987,287123843250.0,6000.0,-8.5,,0.0,30.7692307692308,10.2,123.433894862208,1,1,0,39,"관망",36,-24.6913580246914,34,20260923,13.0486358244365,3.1176507005197,1,0,,,,,1,4985.0,"저항→지지",0,0,5156.29025762376,5156.29025762376
20261008,314140,"알피바이오",KOSDAQ,5880.0,0.51,"제약",0.77,0.91342675,50958202680.0,6330.0,-7.42496050552923,,55.1569506726457,25.171939477304,7.8,35.0026416097119,0,2,0,86,"없음",45,-2.33333333333333,72,20260810,11.9741100323625,13.8665930323531,0,0,,,,,0,,,0,0,5675.30676765904,6735.30676765904
20261008,314930,"바이오다인",KOSDAQ,6540.0,-2.53,"건강관리장비와용품",2.09,1.49331718,194657233620.0,7050.0,-5.1063829787234,,64.6140503035559,29.8888888888889,8.4,114.934684569407,0,2,0,76,"없음",35,-44.25,11,,,,0,0,,,,,1,6600.0,"지지 재탈환",0,0,6531.53729802303,8211.53729802303
20261008,315640,"딥노이드",KOSDAQ,2070.0,-5.26,"IT서비스",2.76,5.1064176975,60800520240.0,2440.0,-14.7540983606557,,0.0,23.7576582709326,9.8,47.9704977202993,0,1,0,46,"없음",26,-36.2940275650842,18,20260928,13.28125,17.3886415679861,0,0,,,,,1,1857.0,"저항→지지",0,0,2125.95185624196,2125.95185624196
20261008,316140,"우리금융지주",KOSPI,32400.0,-2.85,"은행",940.65,1227.34475685,23871884446800.0,37050.0,-12.5506072874494,,35.4297693920335,11.0473457675753,8.0,95.0616681912573,3,1,0,51,"관망",41,0.62111801242236,75,,,,0,0,,,,,0,,,0,0,34621.3045032838,34621.3045032838
20261008,317120,"라닉스",KOSDAQ,1581.0,-1.56,"통신장비",0.75,0.989152508,24126060000.0,1565.0,1.53354632587859,1.21405750798722,27.3464658169177,20.1741654571843,11.0,92.9396714898238,0,1,0,59,"없음",33,-15.5236576289208,51,20261006,9.40350877192981,9.43796041376615,0,0,20261007,1565.0,1584.0,259.230583427951,1,1565.0,"저항→지지",0,0,1463.36831423586,1463.36831423586
20261008,317240,"TS트릴리온",KOSDAQ,998.0,-0.8,"가정용품",1.14,0.872486332,29118357578.0,1285.0,-24.2023346303502,,45.1568894952251,24.3940578577013,4.8,72.4659128567946,0,2,0,85,"없음",40,-36.957928802589,17,20260812,12.6626192541197,2.74968358610717,0,0,,,,,0,,,0,0,1154.73712264735,1249.73712264735
20261008,317330,"덕산테코피아",KOSDAQ,13380.0,-2.69,"반도체와반도체장비",12.07,16.27137778,273976693920.0,13615.0,-1.43224384869629,2.97466030113845,45.4620462046205,23.9837398373984,4.8,78.5803502391857,0,2,0,75,"없음",40,-24.9440715883669,34,20260908,13.2721202003339,4.75859415547177,0,0,20261006,13615.0,14020.0,105.080532521973,1,11900.0,"저항→지지",0,0,12767.4228691377,13037.4228691377
20261008,317400,"자이에스앤디",KOSPI,9910.0,0.0,"건설",43.46,93.848507605,384334773200.0,11860.0,-16.6947723440135,,47.4029850746269,17.4187725631769,6.6,32.644200200024,5,1,0,56,"없음",58,144.857496902107,98,20260723,27.5115919629057,11.6581450028235,0,0,,,,,0,,,0,0,9954.44176944141,10324.4417694414
20261008,317450,"명인제약",KOSPI,42550.0,-1.85,"제약",3.15,4.728032325,621230000000.0,45600.0,-6.68859649122807,,45.5855855855856,25.095785440613,18.2,47.9859067727914,0,1,0,57,"없음",31,-18.952380952381,45,,,,0,0,,,,,0,,,0,0,43057.9082070136,47957.9082070136
20261008,317530,"에피소드컴퍼니",KOSDAQ,3310.0,2.16,"양방향미디어와서비스",2.02,0.7021293075,57908059420.0,4290.0,-22.8438228438228,,0.0,36.2796833773087,12.0,469.907714179006,0,3,0,72,"없음",33,-16.7295597484277,49,20261008,13.3561643835616,3.23698522489438,1,0,,,,,1,3150.0,"저항→지지",0,0,3620.76160074755,3620.76160074755
20261008,317690,"퀀타매트릭스",KOSDAQ,2350.0,-0.63,"생명과학도구및서비스",0.71,1.2660124075,47317318150.0,2460.0,-3.45528455284553,,48.7989886219975,30.9318996415771,13.4,41.4065507863771,0,1,0,45,"없음",35,-37.6640419947507,17,20260810,29.8795180722891,3.83522893865066,0,0,,,,,1,2315.0,"지지 재탈환",0,0,2182.48708455412,2842.48708455412
20261008,317770,"엑스페릭스",KOSDAQ,2960.0,0.0,"전자장비와기기",3.44,4.4312951425,109511125920.0,2780.0,5.03597122302158,6.29496402877698,36.0419397116645,24.1962774957699,8.4,66.5982058925807,0,3,0,82,"없음",38,-3.78912685337726,70,20261001,12.5714285714286,7.40031025337359,0,0,20261001,2780.0,2955.0,464.45609562508,1,2780.0,"저항→지지",0,0,2748.46399606496,2748.46399606496
20261008,317830,"에스피시스템스",KOSDAQ,4815.0,-1.43,"기계",0.83,2.29953595,51875933670.0,5360.0,-8.58208955223881,,33.6683417085427,32.0388349514563,10.4,45.9126256378279,0,2,0,49,"없음",35,-46.7391304347826,9,20260921,15.6908665105386,14.7046765077235,0,0,,,,,1,4600.0,"저항→지지",0,0,4733.08904623434,5073.08904623434
20261008,317850,"대모",KOSDAQ,5930.0,-1.82,"기계",2.62,16.50377862,49363810600.0,7360.0,-17.7989130434783,,29.9352750809062,19.0556492411467,9.8,33.5611832110349,0,2,0,76,"없음",42,-26.039119804401,32,20260826,8.17843866171004,6.54793067748533,0,0,,,,,0,,,0,0,6754.34734370508,6754.34734370508
20261008,317870,"엔바이오니아",KOSDAQ,5550.0,4.32,"가정용기기와용품",0.39,0.54664602,49072517250.0,5810.0,-5.33562822719449,,19.3423597678917,31.9465081723626,6.4,54.7558876313958,0,1,0,46,"없음",27,-36.6359447004608,18,,,,1,0,,,,,1,5160.0,"저항→지지",0,0,4943.90675583873,5863.90675583873
20261008,318000,KBG,KOSDAQ,2760.0,-1.08,"화학",0.11,0.19868328,24123015480.0,3140.0,-11.6242038216561,,50.994575045208,19.0779014308426,12.4,43.0544036875672,0,1,0,52,"없음",25,-32.3995127892814,23,,,,1,0,,,,,0,,,0,0,2915.56062322059,2915.56062322059
20261008,318010,"팜스빌",KOSDAQ,3565.0,-1.11,"건강관리업체및서비스",0.02,0.0832973525,28268089970.0,3650.0,-2.46575342465753,,5.94512195121951,14.9333333333333,10.8,18.8161177470835,3,1,0,47,"없음",42,0.423131170662906,75,,,,0,0,,,,,1,3530.0,"지지 재탈환",0,0,3562.23218787674,3562.23218787674
20261008,318020,"포인트모바일",KOSDAQ,2560.0,-0.78,"전자장비와기기",0.12,0.2063469225,31491256320.0,2930.0,-12.6279863481229,,45.8640674394099,22.34375,7.0,18.1711556732515,0,2,0,71,"없음",42,-26.8571428571429,31,20260807,16.588785046729,9.04516565041422,0,0,,,,,0,,,0,0,2632.25658811594,2902.25658811594
20261008,318060,"그래피",KOSDAQ,14720.0,-9.3,"건강관리장비와용품",17.75,8.321752445,164781229440.0,16600.0,-10.3614457831325,,66.7957405614714,24.0951396070321,9.8,158.205069482911,0,1,0,44,"없음",29,-64.8642266824085,3,20260811,10.9452736318408,2.74660341224154,0,0,,,,,0,,,0,0,16597.5433114321,21487.5433114321
20261008,318160,"셀바이오휴먼텍",KOSDAQ,6790.0,-0.73,"화장품",0.92,3.119758055,63778150870.0,7650.0,-11.2418300653595,,27.8823529411765,28.3582089552239,7.4,27.04959690835,0,2,0,70,"없음",40,0.295420974889217,75,,,,0,0,,,,,1,6770.0,"지지 재탈환",0,0,6720.79668318076,7110.79668318076
20261008,318410,"비비씨",KOSDAQ,6210.0,-0.96,"가정용품",0.47,0.31437617,34498059030.0,6580.0,-5.92705167173252,,27.0152505446623,17.5040518638574,11.0,97.2327053615222,0,3,0,93,"없음",40,-15.8967391304348,50,,,,0,0,,,,,0,,,0,0,6514.53570374712,6514.53570374712
20261008,319660,"피에스케이",KOSDAQ,145100.0,5.76,"반도체와반도체장비",615.34,509.7046879,4203070201400.0,162000.0,-10.4320987654321,,57.2205602393255,53.7735849056604,11.2,119.3753278458,4,1,0,53,"관망",53,78.6945812807882,97,20260612,13.4178905206943,2.67114604732582,0,0,,,,,1,140900.0,"저항→지지",0,0,138922.621202997,183422.621202997
20261008,320000,"한울반도체",KOSDAQ,10000.0,0.1,"전자장비와기기",6.57,25.022430725,69136700000.0,12250.0,-18.2040816326531,,79.1363830696879,50.9411764705882,10.8,25.0207213061717,1,2,0,64,"없음",47,38.6083829021995,93,20260901,29.9435028248588,2.85775802416161,0,0,,,,,0,,,0,0,10337.110936283,15087.110936283
20261008,321260,"프로이천",KOSDAQ,1719.0,-0.75,"디스플레이장비및부품",0.92,2.290408109,48462192396.0,1865.0,-8.04289544235925,,53.2329169728141,10.2416570771001,4.2,42.0427056990869,1,1,0,56,"없음",30,-6.99566160520607,66,,,,0,0,,,,,1,1700.0,"저항→지지",0,0,1666.18260155548,1666.18260155548
20261008,321370,"센서뷰",KOSDAQ,1764.0,-7.55,"통신장비",47.58,172.1332300595,124577650764.0,2390.0,-25.5648535564854,,0.0,36.4727054589082,7.8,48.4284906214697,1,2,0,49,"관망",37,-42.6868556701031,12,20260917,23.9795918367347,11.887626645479,0,0,,,,,1,1193.0,"저항→지지",0,0,2018.60168369479,2018.60168369479
20261008,321550,"티움바이오",KOSDAQ,4675.0,-1.06,"제약",4.96,4.51570428,140429870625.0,5000.0,-8.1,,30.4746044962531,24.2957746478873,4.0,86.1417545354202,1,2,0,76,"없음",40,-58.2652134423252,4,20260907,8.12356979405033,12.905422232469,0,0,,,,,1,4435.0,"저항→지지",0,0,5033.0682589646,5033.0682589646
20261008,321820,"아티스트컴퍼니",KOSDAQ,4135.0,3.5,"방송과엔터테인먼트",7.68,11.7437411925,64470339760.0,4090.0,2.44498777506112,2.44498777506112,6.02503912363067,28.4671532846715,10.2,118.702643131403,1,3,0,76,"없음",37,17.3669467787115,88,20260914,29.9424184261037,51.5645219477228,0,0,20261008,4090.0,4190.0,120.325198110284,1,2760.0,"저항→지지",0,0,3782.37068473469,3782.37068473469
20261008,322000,"HD현대에너지솔루션",KOSPI,146700.0,0.82,"에너지장비및서비스",281.28,371.94438175,1643040000000.0,147500.0,-0.677966101694915,2.64406779661017,63.8532657321801,24.6727748691099,8.0,57.0356447596019,3,1,0,59,"관망",50,-0.340136054421769,74,20260723,29.7276853252648,4.74717228386228,0,0,20261006,147500.0,151400.0,77.1258941434527,1,130500.0,"저항→지지",0,0,130203.29474428,190203.29474428
20261008,322180,"LS티라유텍",KOSDAQ,4470.0,-0.11,"IT서비스",3.58,2.6958071075,96087593820.0,4780.0,-6.17154811715481,,43.0755395683453,20.2439024390244,9.8,84.7863231806922,0,2,0,55,"없음",35,-33.3580980683507,21,,,,0,0,,,,,1,4250.0,"저항→지지",0,0,4479.73156293657,4479.73156293657
20261008,322310,"오로스테크놀로지",KOSDAQ,16200.0,0.37,"반도체와반도체장비",13.3,13.939966535,151737980400.0,17120.0,-5.49065420560748,,66.0621049738939,49.6073903002309,11.6,64.6733780684952,0,2,0,50,"없음",33,-44.0138408304498,11,,,,1,0,,,,,1,13380.0,"저항→지지",0,0,15008.7061968744,17288.7061968744
20261008,322510,"제이엘케이",KOSDAQ,5150.0,-2.46,"건강관리기술",5.51,8.3799925,132488343800.0,5560.0,-7.37410071942446,,30.2250803858521,27.1812080536913,7.6,83.8608071101125,1,2,0,64,"없음",40,-24.1531664212077,35,20260911,17.2031076581576,14.3919717334912,0,0,,,,,1,4550.0,"지지 재탈환",0,0,5039.73994649956,5299.73994649956
20261008,322780,"코퍼스코리아",KOSDAQ,1691.0,3.43,"방송과엔터테인먼트",0.19,0.715124202,25755577034.0,2245.0,-24.2761692650334,,58.1366893899668,27.3333333333333,6.0,28.7491169103637,0,1,0,46,"없음",26,-29.1666666666667,27,20260703,18.2364729458918,16.8480238961831,0,0,,,,,0,,,0,0,1885.05922735924,1965.05922735924
20261008,323280,"태성",KOSDAQ,62700.0,5.03,"전자장비와기기",239.21,216.35626555,1914731346000.0,49850.0,25.3761283851555,9.12738214643932,32.0408163265306,24.5567375886525,6.8,126.778559321153,2,2,0,70,"관망",44,19.5028680688336,89,20260929,13.5699373695198,3.3261534287101,0,0,20260929,49850.0,54400.0,297.473732469816,1,49850.0,"저항→지지",0,0,55492.1465459851,55492.1465459851
20261008,323350,"다원넥스뷰",KOSDAQ,11220.0,17.98,"반도체와반도체장비",41.67,9.66447903,89880861840.0,11360.0,-0.616197183098592,,1.99866755496335,28.4042553191489,7.2,592.276617802034,2,1,0,47,"없음",44,7.42150333016175,81,20261008,16.6322314049587,4.84300495220748,1,0,,,,,1,8770.0,"저항→지지",0,0,9456.57308322455,9456.57308322455
20261008,323410,"카카오뱅크",KOSPI,19520.0,-1.71,"은행",163.08,159.15613667,9313390930240.0,22500.0,-13.2444444444444,,63.8349514563107,14.0397350993377,8.4,109.973229504747,0,1,0,48,"관망",26,-17.6371308016878,47,,,,0,0,,,,,0,,,0,0,21359.5604937479,22059.5604937479
20261008,323990,"박셀바이오",KOSDAQ,4325.0,-1.03,"제약",2.36,5.998768385,100588017125.0,5090.0,-14.2436149312377,,49.3983533882204,35.2564102564103,4.6,37.7950259361723,0,2,0,66,"없음",40,-43.8946015424165,11,20260901,26.5917602996255,6.60521816239944,0,0,,,,,1,4270.0,"지지 재탈환",0,0,4859.72031027164,5599.72031027164
20261008,326030,"SK바이오팜",KOSPI,72900.0,-4.08,"제약",110.48,86.62140745,5709035925000.0,78000.0,-6.79487179487179,,60.0271002710027,21.898597626753,7.6,118.727709993338,0,1,0,50,"없음",35,-22.9056203605514,37,20260826,8.53080568720379,4.4414319503979,0,0,,,,,0,,,0,0,80546.9854747871,88946.9854747871
20261008,327260,"RF머트리얼즈",KOSDAQ,52800.0,-1.12,"우주항공과국방",292.41,547.11810615,949735142400.0,51300.0,3.31384015594542,3.7037037037037,18.1050540171365,39.5242821955075,10.4,74.2373415694765,5,2,0,54,"돌파완료",65,55.9649226060856,95,20260909,22.6086956521739,6.59971894112061,0,0,20261002,51300.0,53200.0,289.064892535934,1,51300.0,"저항→지지",0,0,50611.1525563363,50611.1525563363
20261008,328130,"루닛",KOSDAQ,11330.0,1.43,"건강관리기술",108.75,97.058244365,843611179400.0,12490.0,-9.52762209767814,,10.6245513280689,32.396694214876,7.6,164.459632988562,0,2,0,52,"관망",36,-31.9030975051223,23,20260928,13.7791286727457,8.52131974034453,1,0,,,,,1,10570.0,"저항→지지",0,0,11010.0016423332,11010.0016423332
20261008,328380,"솔트웨어",KOSDAQ,3620.0,-0.41,"IT서비스",0.28,0.4768236325,24806249100.0,5490.0,-34.4262295081967,,18.4433164128596,13.8576779026217,12.6,16.2880149588594,0,1,0,46,"없음",30,-7.81049935979513,64,20260610,29.8816568047337,9.88389684410513,0,0,,,,,0,,,0,0,3608.46242184357,4828.46242184357
20261008,329180,"HD현대중공업",KOSPI,384500.0,-3.87,"조선",1266.86,1220.5639815,40357591012500.0,491000.0,-21.6904276985743,,62.0297462817148,24.4575936883629,10.0,132.587750082937,0,2,0,73,"관망",35,-12.4145785876993,56,,,,0,0,,,,,0,,,0,0,449178.136822121,500178.136822121
20261008,330350,"위더스제약",KOSDAQ,7030.0,-1.54,"제약",4.54,22.7723261,92793750400.0,8800.0,-20.0,,76.4441591784339,28.2105263157895,5.0,14.031723134184,1,2,0,61,"없음",47,-14.8730350665054,52,20260828,14.2666666666667,3.69622746576947,0,0,,,,,0,,,0,0,7787.05003965969,8487.05003965969
20261008,330590,"롯데리츠",KOSPI,4155.0,0.0,"부동산",3.73,6.037227265,1200665713020.0,4195.0,-1.43027413587604,,33.3333333333333,6.91823899371069,7.0,63.3711532222881,3,2,0,78,"없음",45,-10.8836206896552,59,,,,0,0,,,,,1,3995.0,"저항→지지",0,0,3944.15916551785,3944.15916551785
20261008,330730,"스톤브릿지벤처스",KOSDAQ,4720.0,0.43,"창업투자",0.77,1.277822655,85988157600.0,5020.0,-5.1792828685259,,45.3760789149199,13.5214007782101,6.0,58.0856908747868,0,2,0,75,"없음",41,-18.6324786324786,45,,,,1,0,,,,,1,4620.0,"지지 재탈환",0,0,4632.22317165791,4902.22317165791
20261008,330860,"네패스아크",KOSDAQ,32850.0,3.63,"반도체와반도체장비",105.22,70.627467875,400245878250.0,35250.0,-7.09219858156028,,53.3746556473829,59.0443686006826,11.6,154.601183294889,3,2,0,59,"수축중",51,31.5261044176707,92,20260917,11.864406779661,3.47349216412352,1,0,,,,,1,25950.0,"저항→지지",0,0,30176.3479881518,32326.3479881518
20261008,331380,"포커스에이아이",KOSDAQ,2160.0,-0.23,"전자장비와기기",0.75,0.660533225,79834090320.0,2175.0,-0.689655172413793,,44.026622296173,20.9401709401709,6.8,72.5503678550066,0,3,0,89,"없음",43,-17.0825335892514,48,20260907,9.40803382663848,2.50228640404592,0,0,,,,,1,2100.0,"저항→지지",0,0,1982.29169844308,2072.29169844308
20261008,331520,"밸로프",KOSDAQ,2175.0,-0.91,"게임엔터테인먼트",0.17,0.5410508375,21317579550.0,2495.0,-14.0280561122244,,23.3082706766917,32.5842696629214,15.2,28.1380604192324,0,2,0,68,"없음",40,-21.1397058823529,40,20260811,23.5555555555556,13.6820578965435,0,0,,,,,0,,,0,0,2598.00864432689,2598.00864432689
20261008,331740,"아우토크립트",KOSDAQ,6700.0,-3.6,"자동차부품",1.59,3.93066475,65331639700.0,7420.0,-8.89487870619946,,45.9637561779242,22.4657534246575,7.0,68.9799758066529,0,1,0,48,"없음",29,-53.3793103448276,5,20260911,10.9422492401216,8.24074914194713,0,0,,,,,1,6700.0,"저항→지지",0,0,7349.2728023725,7349.2728023725
20261008,331920,"셀레믹스",KOSDAQ,10460.0,0.29,"생물공학",8.14,6.638270995,116959065300.0,13120.0,-20.4268292682927,,18.5378590078329,27.5285839929639,9.4,108.531905241317,2,1,0,42,"없음",36,-18.7548638132296,45,20260828,18.9164370982553,9.3621812954895,0,0,,,,,1,10140.0,"지지 재탈환",0,0,12769.7874435746,12789.7874435746
20261008,332290,"누보",KOSDAQ,4510.0,1.35,"화학",0.63,0.9931242525,35806012990.0,4755.0,-7.04521556256572,,37.3197625106022,24.6794871794872,11.4,65.8302795551927,0,1,0,57,"없음",33,-30.6666666666667,25,20260730,14.4719687092568,2.69068689422672,0,0,,,,,0,,,0,0,5105.78046770824,5105.78046770824
20261008,332370,"아이디피",KOSDAQ,5750.0,11.22,"컴퓨터와주변기기",0.15,0.121851195,76323924500.0,5640.0,-1.95035460992908,,0.0,13.4146341463415,7.8,62.2972542743316,5,1,0,59,"없음",52,11.0441767068273,84,,,,1,0,,,,,1,5250.0,"지지 재탈환",0,0,5157.97970430742,5257.97970430742
20261008,332570,"PS일렉트로닉스",KOSDAQ,8400.0,-4.22,"핸드셋",96.21,216.83526573,385901065200.0,9480.0,-11.6033755274262,,48.8535031847134,39.6309314586995,7.0,33.1050875260401,4,2,0,73,"수축중",69,67.2654690618762,96,20260813,29.918509895227,4.85797982475573,0,0,,,,,1,8200.0,"저항→지지",0,0,8449.2158940007,10039.2158940007
20261008,333050,"이노테나",KOSDAQ,5950.0,2.06,"IT서비스",0.46,0.79209424,29300299000.0,5890.0,0.848896434634975,0.67911714770798,36.8421052631579,16.8207024029575,10.2,67.2396841003521,1,3,0,75,"없음",43,-4.86867392696989,69,,,,1,0,20261007,5890.0,5930.0,40.3739133597643,1,5890.0,"저항→지지",0,0,5454.35392309301,5454.35392309301
20261008,333430,"일승",KOSDAQ,3670.0,-2.26,"조선",4.05,7.8264834825,112767161490.0,4190.0,-12.1718377088305,,67.2971323978035,21.7962760131435,7.0,8.76591516660181,0,1,0,89,"없음",30,-30.6967984934087,25,20260731,8.83152173913044,5.66444851654165,0,0,,,,,0,,,0,0,3730.48042943235,4220.48042943235
20261008,333620,"엔시스",KOSDAQ,5230.0,-0.19,"전자장비와기기",1.22,3.66721966,57519069300.0,6000.0,-13.3333333333333,,15.7043879907621,11.913357400722,5.2,73.008517315467,0,1,0,42,"없음",22,-10.3448275862069,60,,,,0,0,,,,,1,5070.0,"지지 재탈환",0,0,5517.88377784284,5517.88377784284
20261008,334890,"이지스밸류플러스리츠",KOSPI,3600.0,-0.83,"부동산",1.54,2.02383309,250015258800.0,3870.0,-7.36434108527132,,12.4705882352941,14.6341463414634,4.6,45.2479211353386,0,2,0,78,"없음",40,-13.5102533172497,54,,,,0,0,,,,,0,,,0,0,3610.30999335688,3840.30999335688
20261008,334970,"프레스티지바이오로직스",KOSDAQ,1380.0,-1.85,"제약",0.33,2.323420858,107298639060.0,1656.0,-16.243961352657,,24.4529750479846,36.7934224049332,15.0,10.9898518642949,0,1,0,33,"없음",26,-40.9787234042553,14,,,,0,0,,,,,0,,,0,0,1495.84459950035,1751.84459950035
20261008,335810,"프리시젼바이오",KOSDAQ,1528.0,2.41,"생명과학도구및서비스",0.05,0.28361326,33538845168.0,1920.0,-21.09375,,0.0,26.250644662197,2.2,28.0282896934315,0,2,0,49,"없음",40,-32.2147651006711,23,20260918,12.9161118508655,4.34375489177612,0,0,,,,,1,1507.0,"지지 재탈환",0,0,1665.59882668421,1665.59882668421
20261008,335870,"윙스풋",KOSDAQ,3955.0,3.81,"섬유,의류,신발,호화품",0.19,0.253886715,13249621770.0,5490.0,-29.4171220400729,,46.6472303206997,60.6896551724138,14.6,127.304653204565,0,1,0,50,"없음",26,-60.5798575788403,3,20260929,8.67052023121386,5.98636195289863,0,0,,,,,0,,,0,0,4836.89834440574,5776.89834440574
20261008,336060,"웨이버스",KOSDAQ,3070.0,-1.44,"IT서비스",0.06,0.3121419925,29567292800.0,3420.0,-10.233918128655,,38.2636655948553,28.3667621776504,15.8,20.3984670718874,0,1,0,74,"없음",25,-35.7068062827225,19,,,,0,0,,,,,1,3035.0,"저항→지지",0,0,3137.48577731981,3137.48577731981
20261008,336260,"두산퓨얼셀",KOSPI,44050.0,-2.65,"에너지장비및서비스",169.44,429.7994318,2884998630300.0,54600.0,-19.8717948717949,,56.1269841269841,21.4963119072708,5.2,35.3632163469591,2,2,0,61,"관망",55,23.7623762376238,90,20260909,9.44162436548224,2.56455011567903,0,0,,,,,0,,,0,0,51315.2359170695,51315.2359170695
20261008,336370,"솔루스첨단소재",KOSPI,8630.0,-2.82,"전자장비와기기",20.25,22.10544203,605932131740.0,9570.0,-9.71786833855799,,30.6079664570231,27.6797829036635,10.2,135.26187744455,1,1,0,55,"없음",34,-4.95049504950495,69,20260911,12.5661375661376,14.9453588905437,0,0,,,,,1,8180.0,"저항→지지",0,0,8521.12306149503,8521.12306149503
20261008,336570,"원텍",KOSDAQ,4970.0,-2.36,"건강관리장비와용품",29.0,19.9210048025,443724810620.0,5130.0,-3.41130604288499,0.974658869395711,55.9183673469388,21.5929203539823,7.4,122.591591731348,0,2,0,85,"없음",33,-28.3959537572254,28,,,,0,0,20261006,5130.0,5180.0,118.970430712446,0,,,0,0,4775.49569314095,5195.49569314095
20261008,336680,"탑런토탈솔루션",KOSDAQ,3040.0,0.83,"자동차부품",0.31,0.5469690175,119002496320.0,3095.0,-2.10016155088853,,36.6812227074236,13.3214920071048,6.0,52.1433623715768,0,3,0,85,"없음",34,-18.1081081081081,46,,,,1,0,,,,,1,3015.0,"저항→지지",0,0,2851.75146489485,2851.75146489485
20261008,337930,"젝시믹스",KOSDAQ,2325.0,-1.48,"섬유,의류,신발,호화품",1.05,1.569622635,67538759925.0,2475.0,-5.85858585858586,,47.1766848816029,22.8333333333333,5.4,64.7552344027178,0,2,0,80,"없음",33,-43.1013431013431,12,,,,0,0,,,,,0,,,0,0,2448.60920804111,2938.60920804111
20261008,338100,"NH프라임리츠",KOSPI,3765.0,-0.4,"부동산",2.73,2.19441821,70254900000.0,3975.0,-4.90566037735849,,38.9721627408993,17.4250832408435,3.0,155.162392523675,0,2,0,79,"없음",30,-18.0043383947939,46,,,,0,0,,,,,0,,,0,0,4289.2289530814,4289.2289530814
20261008,338220,"뷰노",KOSDAQ,7900.0,-4.24,"건강관리기술",13.0,33.2296992725,110614401700.0,8900.0,-10.7865168539326,,0.0,58.2758620689655,15.8,85.314098649814,0,1,0,29,"관망",29,-49.1351697629725,8,20260929,14.9171270718232,12.8430187168001,0,0,,,,,1,5460.0,"저항→지지",0,0,7736.88041869844,7736.88041869844
20261008,338840,"와이바이오로직스",KOSDAQ,7700.0,-5.87,"생물공학",3.88,2.16043443,118609745100.0,8800.0,-12.9545454545455,,62.1445497630332,32.8690807799443,11.0,101.447498501514,0,2,0,71,"없음",36,-73.4488734835355,2,20260731,8.77659574468086,2.87842909986553,0,0,,,,,0,,,0,0,8138.74733350955,10818.7473335096
20261008,339770,"교촌에프앤비",KOSPI,3870.0,-1.28,"식품",2.43,1.22417592,193364859600.0,4080.0,-5.02450980392157,,0.235849056603758,20.1142857142857,16.0,141.269160662674,1,1,0,72,"없음",32,-5.02450980392157,69,,,,0,0,,,,,1,3865.0,"저항→지지",0,0,3828.70224236022,3828.70224236022
20261008,339950,"아이비김영",KOSDAQ,2370.0,0.21,"교육서비스",0.27,0.9178008475,106523572350.0,3070.0,-22.8013029315961,,2.99785867237687,20.4081632653061,10.2,13.0666837135804,3,1,0,49,"없음",41,-1.45530145530146,73,,,,0,0,,,,,0,,,0,0,2805.33805285274,2885.33805285274
20261008,340360,"다보링크",KOSDAQ,859.0,1.06,"통신장비",2.53,1.5651068825,46062906048.0,957.0,-10.2403343782654,,54.7906976744186,22.0255653883972,8.0,103.229989348067,0,1,0,55,"없음",29,-45.6672991777356,10,20260807,10.485651214128,3.14641710761672,0,0,,,,,0,,,0,0,874.249165273614,876.249165273614
20261008,340450,"지씨지놈",KOSDAQ,9830.0,-3.06,"생명과학도구및서비스",49.65,50.530193605,232487295190.0,7190.0,37.9694019471488,1.25173852573018,0.0,22.6415094339623,9.8,176.563220276584,3,3,0,80,"관망",50,33.1543624161074,92,20261006,14.3176733780761,5.19712880994962,0,0,20260922,7190.0,7280.0,648.928174857433,1,7190.0,"저항→지지",0,0,9350.66675220204,9350.66675220204
20261008,340570,"티앤엘",KOSDAQ,27550.0,-3.5,"건강관리장비와용품",12.66,17.1280154,442731806000.0,29150.0,-5.83190394511149,,60.7872151524119,22.0760233918129,5.6,52.175860432733,3,2,0,84,"없음",55,1.00452588585937,76,20260804,10.054450190062,3.52367000550742,0,0,,,,,0,,,0,0,27663.7566266151,33213.7566266151
20261008,340810,"시선AI",KOSDAQ,3850.0,5.62,"소프트웨어",6.4,12.37050403,53705505700.0,5100.0,-24.8039215686275,,6.67236954662104,13.2220795892169,6.8,52.9611080539277,4,1,0,45,"없음",46,56.530612244898,95,20260921,9.63139120095125,6.71249920027878,0,0,,,,,1,3710.0,"저항→지지",0,0,4437.76809323039,4437.76809323039
20261008,342870,"오아",KOSDAQ,3915.0,1.69,"가정용기기와용품",0.52,0.1964424375,21337521255.0,4000.0,-2.625,,34.9952963311383,16.1006289308176,4.6,277.0827351409,0,1,0,45,"없음",27,-38.1746031746032,16,,,,0,0,,,,,1,3835.0,"저항→지지",0,0,3625.21129723767,4055.21129723767
20261008,344820,"KCC글라스",KOSPI,23650.0,-1.46,"건축자재",1.26,3.10806305,377702608800.0,25650.0,-8.18713450292398,,44.6808510638298,16.6666666666667,15.0,46.6687284769593,0,1,0,85,"없음",25,-4.84848484848485,69,,,,0,0,,,,,0,,,0,0,24012.3396194025,25012.3396194025
20261008,344860,"이노진",KOSDAQ,1323.0,1.93,"화장품",0.87,1.5879456395,19884690000.0,1796.0,-28.0623608017817,,25.4134509371555,23.1714812538414,7.4,67.1561720868535,0,1,0,54,"없음",30,-12.761647535449,55,20260812,14.1647421093149,66.0595081842736,0,0,,,,,0,,,0,0,1603.92435886142,1603.92435886142
20261008,347000,"센코",KOSDAQ,1861.0,-0.75,"전자장비와기기",0.99,1.1543903715,70365984406.0,1950.0,-6.61538461538462,,38.5636692818346,30.6239267315398,9.8,151.443925071437,0,3,0,89,"없음",34,-14.7072599531616,52,,,,0,0,,,,,0,,,0,0,1808.55135325976,1808.55135325976
20261008,347740,"피엔케이피부임상연구센타",KOSDAQ,1674.0,-0.36,"생명과학도구및서비스",0.36,0.4979356875,50237704224.0,2030.0,-17.8817733990148,,36.9565217391304,27.2931907709623,11.0,65.0321501082857,0,2,0,52,"없음",28,-16.4829659318637,49,,,,0,0,,,,,0,,,0,0,1711.15052959298,1902.15052959298
20261008,347770,"핌스",KOSDAQ,961.0,1.91,"디스플레이장비및부품",1.67,0.540511979,21775973622.0,982.0,0.814663951120163,0.814663951120163,31.7801672640382,34.8189415041783,5.2,197.175353124748,1,1,0,44,"없음",34,-44.2567567567568,11,,,,0,0,20261008,982.0,990.0,203.874366267746,1,910.0,"저항→지지",0,0,874.111548940742,964.111548940742
20261008,347850,"디앤디파마텍",KOSDAQ,42850.0,-7.05,"생물공학",253.09,249.17600215,1970936698650.0,45700.0,-6.01750547045952,4.48577680525164,75.299306868305,39.0977443609023,7.6,62.1611693102116,0,2,0,77,"관망",50,-38.1123919308357,16,20261006,9.51834862385321,2.53854358049688,0,0,20261006,45700.0,47750.0,122.48739506509,1,42400.0,"지지 재탈환",0,0,43609.5072225306,68709.5072225306
20261008,347860,"알체라",KOSDAQ,1699.0,1.13,"소프트웨어",3.36,2.58799894,71619046253.0,1831.0,-7.37302020753687,,23.0883078441046,24.3209096651927,8.4,100.328592233996,0,3,0,83,"없음",31,-4.77259966311061,69,,,,0,0,,,,,1,1537.0,"저항→지지",0,0,1617.37296813508,1639.37296813508
20261008,347890,"엠엑스온",KOSDAQ,4355.0,-1.14,"전자장비와기기",0.38,0.554959165,74092503420.0,4445.0,-2.24971878515186,,59.9214145383104,29.0598290598291,7.4,10.5018809851546,0,2,0,88,"없음",43,-15.9574468085106,50,,,,0,0,,,,,1,4270.0,"지지 재탈환",0,0,4222.26795898356,5507.26795898356
20261008,348030,"모비릭스",KOSDAQ,3785.0,4.85,"게임엔터테인먼트",6.04,2.1608025375,36350383000.0,3145.0,23.5294117647059,7.47217806041335,0.0,31.0626702997275,5.2,235.577695044053,3,2,0,50,"없음",45,46.3276836158192,94,20261008,8.67132867132867,2.93192920379337,0,0,20261006,3145.0,3380.0,615.751031055954,1,2930.0,"저항→지지",1,1,3334.62431994994,3334.62431994994
20261008,348080,"큐라티스",KOSDAQ,3790.0,-3.68,"생물공학",1.34,12.6389005375,48617183870.0,6140.0,-38.7622149837134,,4.00696864111498,48.0039920159681,8.0,18.7791593298838,0,1,0,40,"없음",30,-54.6058191476518,5,20260917,29.9595141700405,5.59327220478429,0,0,,,,,1,2990.0,"저항→지지",0,0,5278.69192153913,5278.69192153913
20261008,348150,"고바이오랩",KOSDAQ,2920.0,1.57,"건강관리업체및서비스",0.44,0.6286573975,56703155880.0,3030.0,-3.63036303630363,,52.7044025157233,31.044776119403,9.8,59.769820171532,0,2,0,68,"없음",33,-46.3235294117647,10,,,,1,0,,,,,1,2855.0,"저항→지지",0,0,2731.51740870206,3071.51740870206
20261008,348210,"넥스틴",KOSDAQ,39500.0,3.95,"반도체와반도체장비",36.44,32.597912575,413841697500.0,42550.0,-6.69800235017626,,49.6649916247906,23.407022106632,6.8,111.568626428804,0,2,0,64,"관망",40,-38.6398763523957,16,20260910,8.84676145339654,5.92370144878902,0,0,,,,,1,34700.0,"저항→지지",0,0,37633.3234535827,37633.3234535827
20261008,348340,"뉴로메카",KOSDAQ,21400.0,1.18,"기계",145.39,74.74800153,500940273600.0,23500.0,-9.36170212765957,,48.6378205128205,42.5090909090909,7.0,177.034413756186,1,2,0,62,"관망",44,-44.487881157154,11,20260814,10.2803738317757,3.17454281511189,1,0,,,,,1,21000.0,"저항→지지",0,0,20315.2123401155,24315.2123401155
20261008,348350,"위드텍",KOSDAQ,9890.0,2.17,"반도체와반도체장비",2.85,2.24778053,96660904000.0,10410.0,-6.24399615754083,,20.4545454545455,11.3149847094801,4.0,103.194855856882,4,1,0,50,"없음",47,3.49946977730647,78,,,,0,0,,,,,1,9110.0,"지지 재탈환",0,0,9266.78536899918,9376.78536899918
20261008,348370,"엔켐",KOSDAQ,22000.0,-5.17,"전기제품",79.45,42.978687075,482041868000.0,24600.0,-11.3821138211382,,56.4792788280957,39.0322580645161,7.8,133.840333009614,0,2,0,68,"관망",37,-38.7640449438202,16,20260716,9.57943925233644,3.73275215810995,0,0,,,,,1,21300.0,"저항→지지",0,0,21126.5812035522,24426.5812035522
20261008,350520,"이지스레지던스리츠",KOSPI,3210.0,-0.16,"부동산",0.15,0.9205419775,118340508420.0,3400.0,-5.44117647058824,,12.9793510324484,9.20863309352518,7.4,14.2929684555472,0,1,0,76,"없음",27,-13.4589502018843,54,,,,0,0,,,,,0,,,0,0,3263.27897419493,3288.27897419493
20261008,351330,"이삭엔지니어링",KOSDAQ,3410.0,-1.87,"IT서비스",0.33,1.51479665,28263853200.0,3700.0,-7.02702702702703,,14.9268292682927,34.6711259754738,6.8,28.0185119679283,0,2,0,51,"없음",32,-50.2170767004341,7,20260918,13.5537190082645,12.8383459307745,0,0,,,,,1,3300.0,"지지 재탈환",0,0,3453.20438839323,3958.20438839323
20261008,351870,"차이커뮤니케이션",KOSDAQ,2550.0,7.37,"광고",0.55,0.4451536,28459637100.0,2710.0,-8.48708487084871,,30.8855291576674,24.1584158415842,10.0,42.3017678532378,0,1,0,51,"없음",33,-35.2480417754569,19,20261006,15.5756207674943,5.25175222580034,1,0,,,,,1,2195.0,"지지 재탈환",0,0,2241.04408215162,2546.04408215162
20261008,352090,"스톰테크",KOSDAQ,3665.0,0.69,"가정용기기와용품",0.72,1.902768405,98489537670.0,4060.0,-10.3448275862069,,5.13513513513513,7.20221606648199,11.6,60.4371331604633,4,2,0,67,"없음",48,0.970873786407767,76,,,,0,0,,,,,0,,,0,0,3832.54065308167,3832.54065308167
20261008,352480,"씨앤씨인터내셔널",KOSDAQ,20200.0,-3.81,"화장품",3.1,2.763162775,275324000200.0,22850.0,-12.035010940919,,43.579766536965,26.7699115044248,15.2,76.178428301057,0,2,0,63,"없음",40,-22.2437137330754,38,20260812,9.0692124105012,4.45830651522704,0,0,,,,,0,,,0,0,20890.3209103166,21940.3209103166
20261008,352700,"씨앤투스",KOSDAQ,1484.0,2.13,"섬유,의류,신발,호화품",0.05,0.214639852,38994918116.0,1506.0,-1.72642762284197,,42.4385633270321,26.2388818297332,15.2,16.666821984721,0,1,0,77,"없음",31,-26.3681592039801,32,,,,0,0,,,,,1,1474.0,"저항→지지",0,0,1421.87702624593,1421.87702624593
20261008,352820,"하이브",KOSPI,164000.0,-1.8,"방송과엔터테인먼트",347.3,324.17299155,7069521104000.0,165600.0,-0.966183574879227,0.845410628019324,64.3949322848405,13.973063973064,2.8,91.1526344774584,0,2,0,76,"관망",37,-38.9199255121043,16,,,,0,0,20261007,165600.0,167000.0,194.188098056524,1,162800.0,"지지 재탈환",0,0,172916.220251954,217016.220251954
20261008,352910,"오비고",KOSDAQ,4660.0,-0.96,"소프트웨어",0.54,0.37498674,58892157320.0,5490.0,-14.2987249544627,,7.6243093922652,23.4643734643735,10.4,78.6860045448469,1,1,0,49,"없음",35,7.91284403669725,82,20260826,14.6437994722955,3.69982948583421,0,0,,,,,0,,,0,0,5172.22481394426,5172.22481394426
20261008,352940,"인바이오",KOSDAQ,2195.0,7.6,"화학",0.1,0.8953646325,23854667350.0,2440.0,-11.6803278688525,,7.20196138522833,7.29064039408867,8.4,21.0856349831705,2,1,0,39,"없음",43,0.700934579439252,75,20260911,12.0906801007557,48.8617564468685,0,0,,,,,1,2060.0,"저항→지지",0,0,2131.57508377615,2131.57508377615
20261008,353190,"휴럼",KOSDAQ,2500.0,-4.21,"건강관리업체및서비스",0.23,0.1163135925,19689210000.0,2730.0,-6.95970695970696,,35.2702702702703,17.1717171717172,5.6,120.110491787106,0,2,0,84,"없음",37,-19.1082802547771,44,,,,0,0,,,,,1,2535.0,"지지 재탈환",0,0,2532.16454749789,2797.16454749789
20261008,353200,"대덕전자",KOSPI,157600.0,4.16,"전자장비와기기",2104.63,1354.0237959,7788107380000.0,110400.0,42.7536231884058,1.17753623188406,42.6057813154587,24.9404289118348,6.8,141.039475740323,4,2,0,67,"돌파완료",58,96.2640099626401,97,20260922,8.55199222546161,3.87517728821714,0,0,20260922,110400.0,111700.0,304.422272976073,1,110400.0,"저항→지지",0,0,138473.358200243,138473.358200243
20261008,353590,"오토앤",KOSDAQ,1573.0,1.35,"자동차부품",0.12,0.1508097315,20253271610.0,1658.0,-5.12665862484922,,10.1851851851852,17.6582278481013,9.6,66.3175248118298,0,1,0,50,"없음",27,-41.8484288354898,13,,,,0,0,,,,,1,1511.0,"지지 재탈환",0,0,1519.84475379716,1600.84475379716
20261008,353810,"이지바이오",KOSDAQ,5780.0,-1.37,"식품",3.19,4.268619055,191213497600.0,6350.0,-8.66141732283465,,52.5974025974026,12.65625,11.2,63.3927742323863,1,1,0,54,"없음",30,-20.0,43,,,,0,0,,,,,0,,,0,0,5962.82200124513,6512.82200124513
20261008,354200,"엔젠바이오",KOSDAQ,788.0,11.93,"생명과학도구및서비스",16.88,11.7441830685,12676227404.0,1886.0,-58.2184517497349,,53.1457600625244,68.5585585585586,5.0,391.136578676238,0,2,0,42,"없음",30,-80.6625766871166,1,20260915,31.2898089171975,33.4870851403522,0,0,,,,,0,,,0,0,1517.79445986353,2481.79445986353
20261008,354320,"알멕",KOSDAQ,56100.0,15.08,"자동차부품",209.06,85.517532375,358556474100.0,42900.0,30.5361305361305,2.0979020979021,4.33381088825215,39.6449704142012,11.6,304.010873425503,3,1,0,48,"관망",35,2.75229357798165,78,20261006,15.9817351598174,3.20734432663666,0,0,20261002,42900.0,43800.0,173.910124601031,1,42900.0,"저항→지지",1,1,45679.4618284149,45679.4618284149
20261008,355150,"코스텍시스",KOSDAQ,23550.0,-4.07,"반도체와반도체장비",36.95,29.882098585,183627592500.0,22500.0,4.44444444444444,0.888888888888889,42.4666666666667,25.678496868476,5.2,133.934163755157,2,3,0,76,"없음",52,3.98230088495575,78,20260917,12.6760563380282,4.75649392718895,0,0,20260930,22500.0,22700.0,199.995278351043,1,22250.0,"저항→지지",0,0,21874.4258803931,21874.4258803931
20261008,355390,"크라우드웍스",KOSDAQ,1582.0,-9.6,"IT서비스",4.88,7.116038528,25222528408.0,1980.0,-18.5858585858586,,3.18142734307825,24.1735537190083,3.8,67.2427270712091,0,1,0,47,"없음",26,-34.0695296523517,21,20260917,10.9433962264151,10.0671566499885,0,0,,,,,1,1452.0,"저항→지지",0,0,1573.27759107103,1993.27759107103
20261008,355690,"에이텀",KOSDAQ,6350.0,10.82,"전자장비와기기",15.46,5.552167125,60771970150.0,6060.0,5.28052805280528,5.28052805280528,20.0156985871272,23.2407407407407,6.8,291.07850346112,5,2,0,76,"없음",60,22.2222222222222,89,20261008,10.5719237435009,2.80486872461978,0,0,20261008,6060.0,6380.0,301.089463165906,1,5160.0,"저항→지지",1,1,5354.69022067381,5354.69022067381
20261008,356680,"엑스게이트",KOSDAQ,17790.0,-6.07,"소프트웨어",226.47,1036.776069125,507788722680.0,22300.0,-19.5964125560538,,15.5632582322357,19.9548192771084,5.2,45.2269923784673,4,2,0,62,"수축중",54,169.624060150376,98,20260923,9.43847072879331,4.39039619559773,0,0,,,,,1,13280.0,"저항→지지",0,0,19236.164137421,19236.164137421
20261008,356860,"티엘비",KOSDAQ,53100.0,5.57,"반도체와반도체장비",407.22,285.1854037,1258536906000.0,46500.0,13.7634408602151,3.87096774193548,39.8984239707787,56.0567674820079,11.2,128.05570997433,4,1,0,48,"돌파완료",55,67.6066155503454,96,20260922,15.9947984395319,4.12311315411798,0,0,20261001,46500.0,48300.0,116.01534232506,1,46500.0,"저항→지지",1,1,45061.102363367,45061.102363367
20261008,356890,"싸이버원",KOSDAQ,2650.0,-1.12,"IT서비스",0.57,4.392258155,31677636250.0,2940.0,-11.0544217687075,,19.7860962566845,27.2727272727273,7.4,23.9068112741856,0,1,0,55,"없음",29,-17.3775671406003,47,20260911,11.9047619047619,38.1870945844019,0,0,,,,,1,2410.0,"저항→지지",0,0,2611.82092855141,2611.82092855141
20261008,357120,"코람코라이프인프라리츠",KOSPI,4080.0,0.49,"부동산",1.71,2.9121620375,397128244320.0,4365.0,-6.64375715922108,,3.74331550802139,17.3098125689085,18.0,62.4168223623786,0,3,0,78,"없음",38,-9.64523281596452,61,20260612,8.0368906455863,2.747276943794,0,0,,,,,0,,,0,0,4053.99198862812,4128.99198862812
20261008,357230,"에이치피오",KOSDAQ,2065.0,-2.59,"건강관리업체및서비스",0.34,0.5002008975,85271027940.0,2275.0,-7.03296703296703,,0.0,18.3898305084746,15.0,53.8542299976699,0,3,0,73,"없음",34,-12.0582120582121,57,,,,0,0,,,,,1,2080.0,"지지 재탈환",0,0,2065.24870826831,2145.24870826831
20261008,357250,"미래에셋맵스리츠",KOSPI,1838.0,-0.76,"부동산",0.09,0.4836780895,45941002990.0,2320.0,-20.7758620689655,,3.25097529258777,8.25593395252838,7.4,15.468647636066,0,1,0,46,"없음",22,-22.4472573839662,38,,,,0,0,,,,,0,,,0,0,2170.93304889468,2170.93304889468
20261008,357430,"마스턴프리미어리츠",KOSPI,779.0,-0.26,"부동산",0.05,0.180572368,23763634153.0,1010.0,-21.7821782178218,,60.5504587155963,25.0,8.6,21.7103574736786,0,1,0,52,"없음",26,-44.3661971830986,11,20260710,29.9159663865546,4.74042767078051,0,0,,,,,0,,,0,0,924.003829960414,924.003829960414
20261008,357550,"석경에이티",KOSDAQ,32400.0,-0.31,"화학",0.63,0.747315275,176742000000.0,33950.0,-4.56553755522828,,65.8410732714138,25.968992248062,11.6,47.8291074976802,0,1,0,59,"없음",31,-35.5864811133201,19,,,,0,0,,,,,1,31000.0,"저항→지지",0,0,31082.486219237,34832.486219237
20261008,357580,"아모센스",KOSDAQ,8400.0,0.12,"핸드셋",14.3,30.705488625,99034000800.0,7600.0,12.3684210526316,3.02631578947368,1.24223602484472,39.5864106351551,11.6,100.576197674005,1,2,0,64,"관망",35,-55.1234892275355,5,20260916,28.9320388349515,38.553051760391,1,0,20260930,7600.0,7830.0,388.186356555867,1,7600.0,"저항→지지",0,0,7726.13328627911,7726.13328627911
20261008,357780,"솔브레인",KOSDAQ,412500.0,-0.24,"반도체와반도체장비",129.85,123.82998375,3208658475000.0,435000.0,-5.05747126436782,,35.59510567297,36.4306784660767,11.6,96.4168822359144,4,1,0,73,"관망",55,10.1333333333333,83,20260923,8.87573964497042,2.53951089124885,0,0,,,,,1,353000.0,"저항→지지",0,0,393249.620166306,393249.620166306
20261008,357880,SKAI,KOSDAQ,1736.0,-2.36,"IT서비스",6.07,13.254236994,96260512544.0,2095.0,-17.1360381861575,,62.4272818455366,29.9787685774947,7.8,49.2758322927402,2,1,0,59,"없음",32,-43.8187702265372,11,,,,0,0,,,,,0,,,0,0,1788.8435866324,2758.8435866324
20261008,358570,"지아이이노베이션",KOSDAQ,8470.0,-4.94,"생물공학",26.74,29.07255243,546450570820.0,9740.0,-13.2443531827515,,27.0192994996426,22.1761658031088,7.4,81.0602480273121,0,1,0,51,"없음",22,-27.2179155900086,30,,,,0,0,,,,,1,8350.0,"저항→지지",0,0,8297.72249271882,8297.72249271882
20261008,359090,"씨엔알리서치",KOSDAQ,2325.0,-1.06,"제약",0.27,0.236993561,26723882475.0,2560.0,-9.1796875,,8.80935994494151,17.4814814814815,12.4,124.258689705582,0,1,0,53,"없음",25,-39.7668393782383,15,,,,0,0,,,,,1,2045.0,"저항→지지",0,0,2249.94752315602,2249.94752315602
20261008,360070,"탑머티리얼",KOSDAQ,10180.0,-1.45,"전자장비와기기",1.35,1.327794675,83394997740.0,10880.0,-5.51470588235294,,35.4196301564723,23.191278493558,7.6,54.8087690710028,0,3,0,90,"없음",39,-41.2235563178959,13,,,,0,0,,,,,1,9660.0,"저항→지지",0,0,9637.71718997038,9637.71718997038
20261008,360350,"코셈",KOSDAQ,11990.0,-0.91,"전자장비와기기",1.6,6.656680635,65201260300.0,6970.0,72.0229555236729,4.44763271162123,3.26727370112481,39.4124847001224,10.8,39.0541117794428,3,2,0,39,"없음",45,-25.7125154894672,33,20260930,22.5274725274725,9.44665018863016,0,0,20260921,6970.0,7280.0,270.025631987626,1,6970.0,"저항→지지",0,0,11243.3273804564,11243.3273804564
20261008,361390,"제노코",KOSDAQ,12800.0,0.23,"우주항공과국방",7.05,4.209586455,124625676800.0,14550.0,-12.5773195876289,,38.0392156862745,37.9552715654952,12.6,201.671113587265,0,2,0,70,"없음",30,-54.2446043165468,5,20260917,11.2889637742207,7.28216863820694,0,0,,,,,1,12550.0,"저항→지지",0,0,12966.1553298178,12966.1553298178
20261008,361570,"알비더블유",KOSDAQ,1640.0,1.93,"방송과엔터테인먼트",0.24,1.5028945945,47138997240.0,1870.0,-14.331550802139,,39.894319682959,33.0939226519337,15.4,21.9425200967729,0,1,0,51,"없음",30,-15.2380952380952,52,20260911,13.2578281145903,10.9138390145689,0,0,,,,,1,1548.0,"지지 재탈환",0,0,1723.85723495524,1723.85723495524
20261008,361610,"SK아이이테크놀로지",KOSPI,18470.0,1.04,"전기제품",89.5,99.305908285,1510607737000.0,18540.0,-0.647249190938511,,24.4686365992742,23.74749498998,5.6,91.0924936111881,0,2,0,73,"없음",40,-13.1132075471698,55,20260826,29.9479166666667,32.3810471532418,0,0,,,,,1,16050.0,"지지 재탈환",0,0,16933.7943960149,17763.7943960149
20261008,361670,"삼영에스앤씨",KOSDAQ,4015.0,2.95,"전자장비와기기",0.5,0.24996401,22755646870.0,3800.0,5.26315789473684,1.84210526315789,32.7272727272727,14.3258426966292,11.8,157.337261327906,4,1,0,80,"없음",51,33.3333333333333,92,20260626,17.6470588235294,12.6864979462038,1,0,20261002,3800.0,3870.0,180.445342297036,1,3800.0,"저항→지지",0,0,3644.56121129475,3644.56121129475
20261008,362320,"청담글로벌",KOSDAQ,4485.0,4.91,"인터넷과카탈로그소매",4.47,4.25825525,92807732745.0,5240.0,-14.0267175572519,,53.2496307237814,35.1500789889415,7.4,77.5460377737325,0,2,0,60,"없음",42,-2.48917748917749,72,20260721,13.2142857142857,10.8831264002182,1,0,,,,,0,,,0,0,4693.613100716,5783.613100716
20261008,362990,"드림인사이트",KOSDAQ,1201.0,-2.28,"광고",0.05,0.266265473,20177489374.0,1392.0,-13.7212643678161,,1.12676056338028,20.2390438247012,8.4,14.9873769515683,0,1,0,41,"없음",30,-20.6737120211361,41,20260625,8.10526315789473,3.78728578516971,0,0,,,,,1,1200.0,"지지 재탈환",0,0,1258.71038376874,1258.71038376874
20261008,363250,"진시스템",KOSDAQ,4065.0,-2.98,"건강관리장비와용품",0.09,0.43292518,34586572830.0,4725.0,-11.1111111111111,,33.6557059961315,21.8436873747495,3.0,12.7442086864172,1,2,0,61,"없음",50,-39.4812680115274,15,20260728,13.5910224438903,8.02985035047865,0,0,,,,,1,4150.0,"저항→지지",0,0,4325.821959184,4535.821959184
20261008,363260,"모비데이즈",KOSDAQ,4090.0,0.86,"광고",0.23,1.295486505,26309959770.0,5490.0,-25.5009107468124,,52.914798206278,34.7058823529412,3.8,23.7582850539018,0,2,0,55,"없음",42,-42.7571728481456,12,20260804,8.36762688614541,3.51330877688032,0,0,,,,,0,,,0,0,5310.61331734999,5310.61331734999
20261008,363280,"티와이홀딩스",KOSPI,2000.0,-0.25,"호텔,레스토랑,레저",0.29,0.448843072,90994666000.0,2150.0,-8.37209302325581,,14.194464158978,23.4192037470726,15.8,75.3564259347678,0,1,0,56,"없음",29,-25.8003766478343,32,,,,0,0,,,,,0,,,0,0,2128.29163228725,2128.29163228725
20261008,364950,"에이아이코리아",KOSDAQ,3825.0,-0.91,"전자장비와기기",0.46,0.7388917925,31733902125.0,3450.0,11.0144927536232,4.34782608695652,47.0068694798822,23.6111111111111,3.8,55.1298685850336,0,2,0,82,"없음",28,-38.2258064516129,16,,,,0,0,20261001,3450.0,3600.0,505.324700296028,1,3450.0,"저항→지지",0,0,3975.6533296252,3975.6533296252
20261008,365270,"큐라클",KOSDAQ,9860.0,-1.89,"제약",9.27,5.073482935,218467941120.0,10970.0,-10.0273473108478,,50.823672971324,30.406852248394,9.8,105.536833754276,2,2,0,52,"없음",47,-28.8904899135447,27,20260810,18.1818181818182,4.43585421246105,0,0,,,,,1,9610.0,"저항→지지",0,0,9548.94860080675,11418.9486008067
20261008,365330,"에스와이스틸텍",KOSDAQ,1585.0,-3.35,"건축자재",6.55,7.697087908,79521035000.0,1920.0,-17.4479166666667,,56.1664190193165,17.0773638968481,5.6,90.9230383588916,0,3,0,89,"없음",33,-53.3136966126657,5,20260826,8.00000000000001,6.34734528061276,0,0,,,,,0,,,0,0,1728.6988366884,1728.6988366884
20261008,365340,"성일하이텍",KOSDAQ,37350.0,-0.4,"전기제품",9.92,11.8827929,482603645250.0,39750.0,-5.78616352201258,,36.5023474178404,18.8369152970923,6.8,62.688576475477,0,1,0,51,"없음",27,-37.0588235294118,17,,,,0,0,,,,,1,36250.0,"저항→지지",0,0,36270.3382035658,36270.3382035658
20261008,365550,"ESR켄달스퀘어리츠",KOSPI,3105.0,-0.8,"부동산",3.8,7.22788815,764106345000.0,3265.0,-4.90045941807044,,30.7875894988067,13.9705882352941,7.4,31.3778228459537,0,2,0,89,"없음",43,-31.0,25,,,,0,0,,,,,0,,,0,0,3034.23523019565,3239.23523019565
20261008,365900,"브이씨",KOSDAQ,2500.0,-0.6,"레저용장비와제품",1.33,1.01121607,18275750000.0,2795.0,-10.5545617173524,,58.7837837837838,22.2410865874363,6.8,180.977832679691,0,2,0,72,"없음",39,-22.8395061728395,37,20260618,16.2393162393162,22.3043733861804,0,0,,,,,1,2355.0,"지지 재탈환",0,0,2477.27240517106,2627.27240517106
20261008,366030,"나인앤컴퍼니",KOSDAQ,4515.0,-1.95,"섬유,의류,신발,호화품",1.26,2.5380482975,102282132750.0,4865.0,-7.29701952723535,,48.7684729064039,27.1777003484321,6.4,39.7433873768237,0,2,0,82,"없음",37,-11.5686274509804,58,20260818,8.86597938144329,2.50096158214334,0,0,,,,,0,,,0,0,4386.71132642632,5136.71132642632
20261008,367000,"플래티어",KOSDAQ,3650.0,2.24,"IT서비스",0.06,0.180994885,30616955550.0,4355.0,-18.0252583237658,,0.0,15.4838709677419,10.4,67.8733031674208,0,2,0,53,"없음",25,-6.66666666666667,66,,,,0,0,,,,,1,3520.0,"저항→지지",0,0,3835.82703945833,3835.82703945833
20261008,368770,"파이버프로",KOSDAQ,13570.0,-3.21,"전자장비와기기",20.45,27.891230215,445831833250.0,15040.0,-9.90691489361702,,36.7102396514161,23.750855578371,6.4,83.374002747405,2,3,0,76,"없음",45,-42.4628450106157,12,20260810,15.2514427040396,2.74024246911509,0,0,,,,,1,12880.0,"저항→지지",0,0,13287.9924555507,13287.9924555507
20261008,368970,"오에스피",KOSDAQ,2385.0,-0.83,"식품",1.82,1.044958875,26806727430.0,2585.0,-7.35009671179884,,53.416149068323,33.210332103321,12.0,190.550373884377,2,1,0,57,"없음",39,5.69285083848191,80,20260917,8.88888888888888,3.45822141574145,0,0,,,,,0,,,0,0,2608.05984882061,2608.05984882061
20261008,369370,"블리츠웨이엔터테인먼트",KOSDAQ,2975.0,-0.5,"방송과엔터테인먼트",0.25,0.3179647075,29673786450.0,4040.0,-26.3613861386139,,32.5136612021858,27.909887359199,7.4,95.7849239047613,0,1,0,38,"없음",26,-51.468189233279,6,20260617,9.61761297798378,6.21503903066667,0,0,,,,,0,,,0,0,3365.4000393435,3855.4000393435
20261008,370090,"퓨런티어",KOSDAQ,6270.0,0.97,"전자장비와기기",1.0,1.01566042,53651324100.0,6450.0,-3.87596899224806,,48.7980769230769,33.5090361445783,10.2,72.3453165041185,0,2,0,63,"없음",41,-48.4621778886118,8,,,,0,0,,,,,0,,,0,0,5827.35405680907,6577.35405680907
20261008,371950,"풍원정밀",KOSDAQ,3150.0,3.96,"디스플레이장비및부품",16.34,7.6493942175,74229781500.0,3925.0,-21.4012738853503,,26.2334536702768,54.3220338983051,7.0,374.853969257417,0,1,0,41,"없음",26,-74.7338247338247,1,20260916,21.602787456446,7.24760491873537,0,0,,,,,0,,,0,0,3108.65910847588,5163.65910847588
20261008,372170,"윤성에프앤씨",KOSDAQ,23700.0,0.64,"전자장비와기기",10.19,3.3292401,189103437600.0,22800.0,4.82456140350877,1.31578947368421,41.9239519012025,23.7606837606838,8.2,149.014092719571,0,2,0,69,"없음",41,-16.7247386759582,49,20260814,29.7327394209354,6.06075706481661,0,0,20261006,22800.0,23100.0,74.6192669170821,1,22500.0,"저항→지지",0,0,23719.2480024087,23719.2480024087
20261008,372320,"큐로셀",KOSDAQ,26200.0,-1.13,"생물공학",17.38,8.151056625,398951382400.0,22500.0,17.1111111111111,1.77777777777778,55.4885404101327,36.9465648854962,13.2,231.975551167215,0,1,0,56,"없음",26,-50.0,7,20261007,11.5138592750533,8.87243322019762,0,0,20261001,22500.0,22900.0,165.680604506286,1,22500.0,"저항→지지",0,0,24189.8077705397,25539.8077705397
20261008,372800,"아이티아이즈",KOSDAQ,2905.0,0.0,"IT서비스",2.11,0.705422215,20443034045.0,3080.0,-5.68181818181818,,53.4904013961606,18.6046511627907,11.2,298.841592498054,0,1,0,59,"없음",31,-28.0940594059406,29,20260702,18.2242990654206,16.7792244585381,0,0,,,,,0,,,0,0,2746.4479714845,2851.4479714845
20261008,372910,"한컴라이프케어",KOSPI,2095.0,-0.95,"건강관리장비와용품",3.18,25.9054220055,57977880570.0,2505.0,-14.7704590818363,,16.1806981519507,26.0194174757282,15.0,20.8080991300832,0,1,0,44,"없음",30,-7.17391304347826,65,20260917,8.68473895582329,6.01033349246559,0,0,,,,,1,1883.0,"저항→지지",0,0,2277.05824630043,2277.05824630043
20261008,373110,"엑셀세라퓨틱스",KOSDAQ,1080.0,4.35,"생물공학",0.81,0.8886182355,18677945520.0,1100.0,-3.90909090909091,,58.0547112462006,35.82995951417,5.6,32.2277244852397,0,2,0,79,"없음",47,-22.733918128655,38,20260826,15.4385964912281,84.7657728015746,1,0,,,,,1,1032.0,"저항→지지",0,0,987.205585278975,1344.20558527897
20261008,373160,"데이원컴퍼니",KOSDAQ,3305.0,-0.9,"교육서비스",0.02,0.17531828,44890063350.0,3660.0,-10.3825136612022,,0.0,19.7142857142857,8.2,9.64203929131011,0,1,0,45,"없음",25,-36.9230769230769,17,,,,0,0,,,,,0,,,0,0,3230.51187063071,3245.51187063071
20261008,373170,"엠아이큐브솔루션",KOSDAQ,1844.0,-3.81,"IT서비스",0.28,1.166608463,27869828760.0,2870.0,-35.7491289198606,,49.933818663137,23.8042269187987,9.6,9.36646455688592,0,1,0,52,"없음",30,-28.1091617933723,29,20260902,30.0,10.0311423399576,0,0,,,,,1,1780.0,"저항→지지",0,0,1908.0461469539,2593.0461469539
20261008,373200,"엑스플러스",KOSDAQ,2075.0,11.68,"핸드셋",13.34,1.7013541755,51964716775.0,2280.0,-10.5263157894737,,28.4215662356672,21.1469534050179,6.0,633.372089510201,0,1,0,46,"없음",29,-43.3333333333333,11,20260907,11.8614210217264,12.6798054962057,0,0,,,,,1,1900.0,"저항→지지",0,0,1876.34161140003,1876.34161140003
20261008,373220,"LG에너지솔루션",KOSPI,402500.0,2.94,"전기제품",3697.27,1187.9392155,94185000000000.0,376000.0,7.18085106382979,3.32446808510638,49.9364675984752,17.0,10.2,292.432217334587,2,1,0,81,"관망",43,-0.370828182941904,74,20260528,15.2542372881356,3.75446294038789,0,0,20261006,376000.0,388500.0,150.199011728233,1,368000.0,"저항→지지",1,1,361589.596529423,361589.596529423
20261008,375500,"DL이앤씨",KOSPI,67900.0,-5.83,"건설",307.59,343.12780175,2627297001700.0,90600.0,-24.9448123620309,,18.6535764375877,26.5275707898659,10.0,123.531401007685,3,3,0,75,"관망",55,-0.146842878120411,74,20260616,13.1645569620253,4.31487817716048,0,0,,,,,0,,,0,0,82111.0557575487,82111.0557575487
20261008,376180,"피코그램",KOSDAQ,1490.0,0.34,"가정용기기와용품",0.24,0.455701364,27655946620.0,1581.0,-8.60215053763441,,30.4508196721311,42.0476497102382,10.0,41.1580999611181,0,1,0,56,"없음",25,-43.1102362204724,12,,,,0,0,,,,,1,1415.0,"저항→지지",0,0,1514.92565698027,1543.92565698027
20261008,376270,"HEM파마",KOSDAQ,31900.0,-5.9,"건강관리업체및서비스",4.49,2.967011225,230290789300.0,34900.0,-8.59598853868195,0.573065902578797,61.98738170347,34.8468848996832,6.8,131.470194142235,0,2,0,81,"없음",33,-56.0,4,,,,0,0,20261002,34900.0,35100.0,147.770876055573,0,,,0,0,34790.1905718694,42840.1905718694
20261008,376290,"씨유테크",KOSDAQ,2780.0,-0.71,"핸드셋",0.06,0.1797747525,49087850000.0,3270.0,-15.4434250764526,,0.0,20.2898550724638,10.6,17.4430777669322,2,1,0,61,"없음",36,2.40740740740741,77,,,,0,0,,,,,1,2760.0,"지지 재탈환",0,0,2938.1762825479,2938.1762825479
20261008,376300,"디어유",KOSDAQ,19530.0,3.5,"양방향미디어와서비스",22.34,12.88085714,463611069180.0,19680.0,-1.01626016260163,,55.3729456384324,25.0337078651685,8.6,131.66856274554,0,1,0,75,"없음",27,-34.077834179357,21,,,,0,0,,,,,1,17390.0,"저항→지지",0,0,18023.2626422788,20593.2626422788
20261008,376900,"로킷헬스케어",KOSDAQ,26750.0,-4.12,"건강관리장비와용품",26.8,42.375080775,466661507500.0,32900.0,-18.3890577507599,,73.9130434782609,35.978835978836,7.2,58.8431162513633,0,1,0,55,"관망",26,-80.3440702781845,1,20260720,26.9906928645295,3.47305799422848,0,0,,,,,1,25400.0,"지지 재탈환",0,0,27515.6741901524,56615.6741901524
20261008,376930,"노을",KOSDAQ,1538.0,3.43,"건강관리장비와용품",0.68,1.5043772595,15777210032.0,1788.0,-13.9821029082774,,57.0503597122302,21.9298245614035,3.4,38.6730485214786,0,2,0,56,"없음",42,-81.4475271411339,1,20260916,8.98245614035087,2.57313046458383,0,0,,,,,1,1520.0,"지지 재탈환",0,0,1558.62600335089,3296.62600335089
20261008,376980,"원티드랩",KOSDAQ,3150.0,-0.94,"상업서비스와공급품",0.31,0.1912345475,30764141100.0,3500.0,-10.1428571428571,,0.145772594752188,18.2282793867121,9.8,43.1354519247792,0,2,0,69,"없음",40,-6.25931445603577,67,,,,0,0,,,,,1,3130.0,"저항→지지",0,0,3063.49156386985,3133.49156386985
20261008,377030,"비트맥스",KOSDAQ,2380.0,-1.65,"IT서비스",0.8,0.842419074,34014250760.0,2190.0,8.67579908675799,6.39269406392694,16.4276401564537,17.6708860759494,5.2,49.6458491188983,0,2,0,67,"없음",37,-16.3738580463809,50,20260921,10.2720710716269,3.42168235942404,0,0,20261006,2190.0,2330.0,127.484738913768,1,2190.0,"저항→지지",0,0,2190.32304026065,2190.32304026065
20261008,377190,"디앤디플랫폼리츠",KOSPI,1985.0,-0.2,"부동산",2.72,4.395907367,175474000000.0,2390.0,-16.9456066945607,,2.86885245901639,12.2869955156951,6.8,74.03236770959,0,1,0,43,"없음",22,-34.703947368421,20,,,,0,0,,,,,0,,,0,0,2271.64303907963,2271.64303907963
20261008,377220,"프롬바이오",KOSDAQ,1873.0,-3.95,"건강관리업체및서비스",0.58,1.4687686155,10604926000.0,3465.0,-45.9451659451659,,53.1748251748252,57.2947976878613,7.6,32.0369914421218,0,1,0,42,"없음",26,-69.7903225806452,2,20260811,10.6606606606607,95.696437901843,0,0,,,,,0,,,0,0,2985.35049076692,3845.35049076692
20261008,377300,"카카오페이",KOSPI,38450.0,-2.9,"IT서비스",104.47,103.1364678,5202308915900.0,48900.0,-22.0858895705521,,54.9915397631134,18.8235294117647,8.4,92.3885983074844,0,1,0,58,"관망",26,-19.1940615058325,44,,,,0,0,,,,,0,,,0,0,45011.7920429917,45111.7920429917
20261008,377330,"이지트로닉스",KOSDAQ,2875.0,2.86,"전기제품",0.06,0.091921025,23402367750.0,3460.0,-17.1965317919075,,3.33778371161549,19.0812720848057,9.8,51.2429783673957,0,2,0,69,"없음",30,-11.1627906976744,58,,,,1,0,,,,,1,2780.0,"저항→지지",0,0,3010.25126410532,3010.25126410532
20261008,377450,"리파인",KOSDAQ,13800.0,-2.34,"상업서비스와공급품",1.62,13.5012905,239154000000.0,16870.0,-18.3165382335507,,16.8108776266996,21.6744186046512,17.0,7.34828423208072,3,1,0,57,"없음",45,23.5874439461883,90,20260818,17.8939617083947,27.429167146047,0,0,,,,,0,,,0,0,15769.7004871061,15769.7004871061
20261008,377480,"마음AI",KOSDAQ,10000.0,-1.96,"IT서비스",2.23,4.88268887,71102750000.0,10890.0,-6.61157024793388,,71.5428033866416,27.9105628373169,8.6,16.8538885077298,0,3,0,93,"없음",50,-26.410998552822,31,20260728,19.5995785036881,21.0037861992751,0,0,,,,,1,9870.0,"지지 재탈환",0,0,9820.17112387022,11850.1711238702
20261008,377740,"바이오노트",KOSPI,4640.0,-1.28,"건강관리장비와용품",1.88,1.8391214075,472751262720.0,5080.0,-8.85826771653543,,50.4118616144975,13.6460554371002,9.8,70.3068189372812,0,2,0,70,"없음",33,-7.30730730730731,65,,,,0,0,,,,,0,,,0,0,4541.30194840373,4831.30194840373
20261008,378340,"필에너지",KOSDAQ,12620.0,-1.71,"전기제품",8.64,5.642670045,273145790840.0,13550.0,-6.49446494464945,,55.0741839762611,30.9792843691149,9.6,141.521109561802,0,3,0,83,"없음",36,-13.9266304347826,53,,,,0,0,,,,,1,12560.0,"저항→지지",0,0,12300.9920359637,12300.9920359637
20261008,378850,"화승알앤에이",KOSPI,2780.0,-1.24,"자동차부품",0.88,0.5885719075,52802271940.0,3085.0,-9.56239870340357,,47.6683937823834,20.3020134228188,12.4,94.1940529600448,0,2,0,78,"없음",35,-14.0215716486903,53,,,,0,0,,,,,0,,,0,0,2903.84323518212,3018.84323518212
20261008,380550,"뉴로핏",KOSDAQ,7350.0,-5.53,"건강관리기술",8.47,14.79675978,89661665100.0,8920.0,-17.9372197309417,,32.0728291316527,39.3805309734513,10.0,107.150925231582,0,2,0,55,"없음",25,-60.2173913043478,3,,,,0,0,,,,,1,7190.0,"지지 재탈환",0,0,7640.11335846513,8000.11335846513
20261008,381620,"제닉스로보틱스",KOSDAQ,5940.0,-1.98,"기계",2.56,2.679239595,77920444800.0,6300.0,-5.55555555555556,,67.6969960818459,26.536312849162,8.2,44.6299363578307,0,3,0,92,"없음",50,-30.4906542056075,25,20260721,13.6276391554703,11.1605851976814,0,0,,,,,0,,,0,0,5707.85341553475,6417.85341553475
20261008,381970,"KG모빌리티플랫폼",KOSPI,6260.0,-0.32,"자동차",3.26,3.706577985,305618508480.0,6620.0,-5.74018126888217,,45.8333333333333,24.748743718593,7.4,58.2121394604408,0,3,0,96,"없음",50,-42.1686746987952,12,20260612,11.7370892018779,4.65498629055553,0,0,,,,,0,,,0,0,6253.48145807443,7533.48145807443
20261008,382150,"온코크로스",KOSDAQ,3655.0,-0.27,"생명과학도구및서비스",0.58,4.548501815,47684423870.0,4250.0,-14.1176470588235,,37.5438596491228,31.2775330396476,4.8,16.4745663439262,0,2,0,64,"없음",32,-49.3055555555556,7,20260921,9.60960960960962,10.6657391655442,0,0,,,,,1,3500.0,"저항→지지",0,0,3664.20714001309,3954.20714001309
20261008,382480,"지아이텍",KOSDAQ,1628.0,-0.18,"전기제품",0.79,0.9544019135,64073423920.0,1955.0,-16.6751918158568,,27.9798545047566,18.6906019007392,7.2,64.2920183045375,0,2,0,52,"없음",30,-28.8646288209607,27,,,,1,0,,,,,1,1603.0,"지지 재탈환",0,0,1802.57993712072,1802.57993712072
20261008,382800,"지앤비에스 에코",KOSDAQ,7170.0,4.22,"반도체와반도체장비",194.92,75.137498155,228228563970.0,5300.0,34.5283018867924,3.20754716981132,13.349131121643,28.2307692307692,7.0,292.641732543278,3,3,0,75,"관망",52,16.3132137030995,87,20260930,8.59232175502742,5.31020239835356,0,0,20260929,5300.0,5470.0,100.038122431333,1,5300.0,"저항→지지",1,1,6319.98481935285,6319.98481935285
20261008,382840,"원준",KOSDAQ,5350.0,0.75,"전기제품",2.1,3.46765894,81702958350.0,5625.0,-5.77777777777778,,39.7456279809221,23.9795918367347,7.6,45.4415783516069,0,2,0,77,"없음",45,-37.2781065088757,17,20260528,13.961407491487,7.26619058298662,0,0,,,,,1,5180.0,"저항→지지",0,0,5001.80290406434,5256.80290406434
20261008,382900,"범한퓨얼셀",KOSDAQ,24300.0,-3.38,"전기제품",12.7,60.56882868,212892300000.0,28200.0,-13.4751773049645,,47.9269496544916,25.0608272506083,7.2,39.2177394551785,0,1,0,50,"관망",26,-7.92452830188679,64,20260909,29.7943301834352,2.6072115842316,0,0,,,,,1,18000.0,"저항→지지",0,0,24581.7480888899,24581.7480888899
20261008,383220,F&F,KOSPI,73400.0,-0.94,"섬유,의류,신발,호화품",45.59,32.8025571,2811739305000.0,69900.0,4.29184549356223,1.85979971387697,58.7193460490463,27.3939393939394,9.4,84.695116918676,3,3,0,91,"없음",60,20.2970297029703,89,,,,0,0,20261006,69900.0,71200.0,45.834217924499,1,69900.0,"저항→지지",0,0,69065.433588548,77065.433588548
20261008,383310,"에코프로에이치엔",KOSDAQ,25300.0,-0.59,"상업서비스와공급품",22.88,34.414249075,530665779600.0,27200.0,-7.35294117647059,,56.924882629108,23.613595706619,4.8,56.9926305512855,0,2,0,74,"관망",32,-13.6986301369863,54,20261001,10.8108108108108,3.72743802487729,0,0,,,,,1,22750.0,"저항→지지",0,0,24212.3397020487,24962.3397020487
20261008,383800,"LX홀딩스",KOSPI,8070.0,0.75,"무역회사와판매업체",5.04,5.93244151,615585168300.0,8300.0,-3.01204819277108,,57.6555023923445,11.1524163568773,10.0,82.7146673988574,2,3,0,88,"없음",44,1.89873417721519,77,,,,0,0,,,,,0,,,0,0,7980.16889874609,8070.16889874609
20261008,383930,"디티앤씨알오",KOSDAQ,2405.0,11.6,"생명과학도구및서비스",5.86,2.157148493,30745827840.0,2515.0,0.99403578528827,0.99403578528827,0.0,23.7113402061856,12.4,417.562663262199,1,1,0,45,"없음",28,-24.4047619047619,35,20261008,17.0506912442396,2.70066810077359,0,0,20261008,2515.0,2540.0,450.038742215365,1,2100.0,"저항→지지",1,1,2066.1430033197,2066.1430033197
20261008,384470,"코어라인소프트",KOSDAQ,2585.0,-2.45,"건강관리기술",0.81,1.4435527975,46391270805.0,2850.0,-9.64912280701754,,44.3383356070941,21.06135986733,8.0,54.1533764036514,0,1,0,56,"없음",29,-17.2025723472669,48,20260605,13.9575971731449,2.71803484364567,0,0,,,,,1,2475.0,"지지 재탈환",0,0,2539.42513618212,2744.42513618212
20261008,387570,"파인메딕스",KOSDAQ,6250.0,0.81,"건강관리장비와용품",0.41,0.36541029,35161875000.0,6500.0,-3.84615384615385,,7.64976958525346,43.0197268588771,15.0,71.2085971486411,0,1,0,56,"없음",31,-3.10077519379845,71,20260813,11.5537848605578,5.18105480063852,0,0,,,,,0,,,0,0,5995.3062701988,6155.3062701988
20261008,388050,"지투파워",KOSDAQ,10120.0,-1.27,"전기장비",30.98,165.05233351,189339502440.0,11530.0,-12.4024284475282,,36.2825278810409,27.3362445414847,7.0,18.0355991653727,2,1,0,65,"관망",43,-9.00900900900901,62,20260825,13.7049941927991,5.04088697999254,0,0,,,,,0,,,0,0,10702.4562632013,10702.4562632013
20261008,388210,"씨엠티엑스",KOSDAQ,95300.0,6.72,"반도체와반도체장비",112.67,56.9899448,920067941400.0,98600.0,,,,65.7,23.2,215.085573573269,0,0,0,0,"데이터 부족",,-20.5170975813178,42,20260921,11.3513513513513,2.64939576751659,1,0,,,,,1,89900.0,"저항→지지",0,0,87068.0076097019,87068.0076097019
20261008,388610,"지에프씨생명과학",KOSDAQ,5250.0,-6.08,"생물공학",1.28,1.01929801,27958260750.0,5990.0,-12.8547579298831,,41.9117647058824,17.9898648648649,5.8,141.575085265443,0,3,0,88,"없음",35,-43.4452871072589,11,,,,0,0,,,,,0,,,0,0,5295.4623333069,5935.4623333069
20261008,388720,"유일로보틱스",KOSDAQ,69000.0,-0.72,"기계",17.96,22.7758409,812912805000.0,73300.0,-5.3206002728513,,59.9779492833517,20.3084832904884,7.0,87.4382986514429,0,1,0,50,"없음",31,-19.3023255813953,44,20260602,12.8630705394191,3.83583612249646,0,0,,,,,1,68900.0,"저항→지지",0,0,72799.6313044415,72799.6313044415
20261008,388870,"파로스아이바이오",KOSDAQ,6300.0,-5.26,"생물공학",3.25,3.66699578,81559371600.0,6470.0,-1.85471406491499,2.78207109737249,20.3856749311295,19.1680261011419,7.6,88.7019709034431,0,3,0,82,"없음",38,-30.8278867102396,25,20260928,10.9090909090909,6.37646360513103,0,0,20261007,6470.0,6650.0,216.527355926195,1,5800.0,"저항→지지",0,0,5972.67926238384,5972.67926238384
20261008,389020,"자람테크놀로지",KOSDAQ,15660.0,-3.15,"통신장비",7.83,19.273727175,108133584120.0,17610.0,-11.130039750142,,59.2722183344996,38.5355648535565,6.8,86.5803620093479,0,1,0,41,"없음",29,-67.5983436853002,2,20260827,8.3916083916084,2.84398513011152,0,0,,,,,0,,,0,0,21617.7495458944,22767.7495458944
20261008,389030,"지니너스",KOSDAQ,1950.0,-5.8,"생물공학",5.28,10.094283743,76814928450.0,2500.0,-21.6,,21.9207317073171,32.2040816326531,7.6,76.5179124087191,1,2,0,47,"없음",35,-64.3636363636364,3,20260928,20.7518022657055,5.26828728221155,0,0,,,,,1,1771.0,"지지 재탈환",0,0,2141.78579161822,2141.78579161822
20261008,389140,"포바이포",KOSDAQ,5550.0,-0.18,"방송과엔터테인먼트",1.52,2.38902479,79197029250.0,5840.0,-6.67808219178082,,40.695915279879,28.9285714285714,9.8,55.0793520926843,0,1,0,79,"없음",31,-32.6328800988875,22,20260529,20.431654676259,14.3298961996721,0,0,,,,,1,5300.0,"저항→지지",0,0,5255.22375806525,5255.22375806525
20261008,389260,"대명에너지",KOSDAQ,13450.0,-1.1,"에너지장비및서비스",7.29,11.662885615,240974571250.0,13970.0,-3.29277022190408,,73.0396119644301,22.6092463584547,7.6,35.8008632340503,0,3,0,95,"없음",49,-45.1926977687627,10,20260723,15.058986814712,5.70719584528784,0,0,,,,,1,13460.0,"저항→지지",0,0,12633.5526023666,16703.5526023666
20261008,389470,"인벤티지랩",KOSDAQ,26900.0,-10.18,"제약",37.38,31.9940406,357977345200.0,31050.0,-14.0096618357488,,36.7312552653749,32.1789321789322,7.0,183.520615716101,0,2,0,49,"관망",28,-58.0847723704867,4,,,,0,0,,,,,1,26100.0,"저항→지지",0,0,28970.3281918317,29970.3281918317
20261008,389500,"에스비비테크",KOSDAQ,41300.0,-2.82,"기계",25.23,44.5080498,275201393600.0,46200.0,-10.7142857142857,,44.1594317284925,22.5512528473804,7.0,56.8456532328459,1,3,0,85,"관망",45,-12.9746835443038,55,20260915,8.86889460154241,3.41586804927712,0,0,,,,,1,39300.0,"저항→지지",0,0,39958.1313367481,39958.1313367481
20261008,389650,"넥스트바이오메디컬",KOSDAQ,29700.0,-5.71,"건강관리장비와용품",17.02,8.590508925,245835394200.0,33850.0,-12.2599704579025,,44.5795339412361,34.3057176196033,7.8,197.922120307602,0,2,0,54,"없음",30,-57.3275862068966,4,20260923,14.5869947275923,3.41401904933462,0,0,,,,,0,,,0,0,29623.3280024107,38623.3280024107
20261008,389680,"유디엠텍",KOSDAQ,2810.0,-2.77,"IT서비스",2.07,3.972266562,23381147330.0,3255.0,-13.6712749615975,,9.55783832067887,49.868073878628,10.4,30.2439541086724,2,2,0,50,"없음",52,5.44090056285178,80,20260828,8.87877063175868,9.72970230290918,0,0,,,,,1,2280.0,"저항→지지",0,0,2765.67485512203,2765.67485512203
20261008,391710,"코닉오토메이션",KOSDAQ,1207.0,-2.11,"IT서비스",0.64,11.0843314145,51442907290.0,1565.0,-21.85303514377,,45.0177035913,25.0176180408739,8.2,14.6382905849826,0,1,0,50,"없음",30,-29.7933409873708,26,20260915,18.4380032206119,28.6716769193658,0,0,,,,,1,1084.0,"지지 재탈환",0,0,1381.86811160921,1381.86811160921
20261008,393210,"토마토시스템",KOSDAQ,3405.0,-4.08,"IT서비스",11.49,85.114316703,53167522320.0,5050.0,-32.5742574257426,,5.39083557951483,31.7543859649123,7.2,34.9245803126899,0,1,0,31,"관망",26,-15.7178217821782,51,20260923,12.0663650075415,54.2341231681573,0,0,,,,,1,2820.0,"저항→지지",0,0,4370.05662346749,4370.05662346749
20261008,393890,"더블유씨피",KOSDAQ,11380.0,10.27,"전기제품",123.18,29.716099845,385134978720.0,10870.0,5.05979760809568,5.05979760809568,18.0941358024691,21.7796610169492,4.8,392.838646390401,2,2,0,62,"없음",49,-21.5659340659341,39,20261008,10.7662463627546,4.63306078280142,1,0,20261008,10870.0,11420.0,422.072035009099,0,,,1,0,9754.4750580369,10184.4750580369
20261008,394280,"오픈엣지테크놀로지",KOSDAQ,10370.0,1.57,"반도체와반도체장비",7.81,10.44664746,273213516100.0,10980.0,-5.55555555555556,,51.1568123393316,19.7722567287785,5.6,86.7256637168142,0,2,0,79,"없음",30,-27.8357689631176,29,,,,1,0,,,,,1,10080.0,"저항→지지",0,0,9871.42519973907,9871.42519973907
20261008,394800,"쓰리빌리언",KOSDAQ,5870.0,0.17,"건강관리기술",71.16,61.207893485,186798386110.0,7540.0,-22.2811671087533,,0.0,38.1538461538462,13.0,256.314138182545,0,1,0,28,"관망",29,-50.9212730318258,6,20260928,30.2536231884058,11.4595375224149,0,0,,,,,1,5120.0,"저항→지지",0,0,6476.04795426186,6476.04795426186
20261008,395400,"SK리츠",KOSPI,5280.0,-0.75,"부동산",8.69,10.82790614,1589373033600.0,5410.0,-2.40295748613678,,45.8438287153652,9.74729241877256,4.4,79.8618221572984,1,2,0,81,"없음",42,-17.5,47,20260611,12.7340823970038,4.0284442702199,0,0,,,,,1,5200.0,"지지 재탈환",0,0,5079.14498537133,5579.14498537133
20261008,396270,"넥스트칩",KOSDAQ,2335.0,0.21,"반도체와반도체장비",3.54,13.4974837925,76792151385.0,2585.0,-10.8317214700193,,28.8399412628488,36.7469879518072,11.0,50.4435488407438,0,2,0,57,"없음",35,-35.5244755244755,19,20260917,12.5,58.1370604920923,0,0,,,,,1,2105.0,"저항→지지",0,0,2438.96831047429,2438.96831047429
20261008,396300,"HT로보틱스",KOSDAQ,5890.0,2.97,"전자장비와기기",318.14,218.43865092,156023155000.0,6580.0,-11.3981762917933,,0.0,24.108818011257,6.8,164.356499048849,5,2,0,46,"수축중",61,68.4971098265896,96,20261001,12.1771217712177,5.49797793368037,1,0,,,,,1,5280.0,"저항→지지",0,0,5613.51872724781,5613.51872724781
20261008,396470,"워트",KOSDAQ,7090.0,-0.84,"반도체와반도체장비",4.84,7.50985213,114290800000.0,7430.0,-3.90309555854643,,54.5511613308224,23.7611181702668,6.6,23.1118063168887,1,2,0,82,"없음",52,6.25,80,20260818,9.07617504051863,63.876164636451,1,0,,,,,1,6960.0,"저항→지지",0,0,6746.06969689123,7186.06969689123
20261008,396690,"미래에셋글로벌리츠",KOSPI,1317.0,-0.6,"부동산",0.45,1.079341953,52161022980.0,1585.0,-16.4668769716088,,0.991325898389104,22.0771513353116,11.6,51.5598746304624,0,1,0,53,"없음",22,-41.9298245614035,13,,,,0,0,,,,,0,,,0,0,1482.31242729783,1609.31242729783
20261008,397030,"에이프릴바이오",KOSDAQ,14530.0,-7.75,"제약",55.98,48.473253545,400429102460.0,21500.0,-32.7441860465116,,66.2917398945519,66.6281755196305,13.6,140.513360419575,0,1,0,34,"관망",25,-71.9767441860465,2,,,,0,0,,,,,0,,,0,0,18229.2626382917,28579.2626382917
20261008,397810,"애드포러스",KOSDAQ,6450.0,-0.15,"광고",0.07,0.551475005,33286966500.0,7200.0,-10.9722222222222,,0.0,21.7221135029354,11.8,3.56553934619999,1,1,0,64,"없음",38,-0.31104199066874,74,20260810,16.1417322834646,4.61667029293669,0,0,,,,,0,,,0,0,6221.65184613237,6371.65184613237
20261008,398120,"에스지헬스케어",KOSDAQ,2330.0,1.3,"건강관리장비와용품",0.83,1.486089856,27590720630.0,2600.0,-10.3846153846154,,8.26210826210827,30.1327433628319,7.4,67.1431593491533,0,2,0,58,"없음",28,-40.9378960709759,14,,,,0,0,,,,,1,1837.0,"저항→지지",0,0,2267.25689987529,2267.25689987529
20261008,399720,"가온칩스",KOSDAQ,47650.0,1.93,"반도체와반도체장비",97.33,62.113178225,565073916600.0,49450.0,-4.14560161779575,,66.9948186528497,25.0,9.8,145.256020961251,0,3,0,82,"관망",40,-21.0,41,20260709,29.9065420560748,7.0158767243321,0,0,,,,,1,44150.0,"저항→지지",0,0,44033.3948971666,46583.3948971666
20261008,400760,"NH올원리츠",KOSPI,2800.0,-0.53,"부동산",0.68,2.5089273625,153801970000.0,2895.0,-2.93609671848014,,43.2900432900433,13.0434782608696,15.2,27.9813303712369,0,1,0,67,"없음",31,-13.1375579598145,55,,,,0,0,,,,,0,,,0,0,2795.47160674292,2965.47160674292
20261008,402030,"코난테크놀로지",KOSDAQ,12400.0,-3.05,"소프트웨어",1.73,2.274521545,155216851200.0,13340.0,-8.095952023988,,77.3348098929494,23.8332296204107,6.0,21.221738521534,0,2,0,87,"없음",45,-30.6561085972851,25,20260824,18.4328358208955,3.00159813067392,0,0,,,,,0,,,0,0,12652.6422017306,17212.6422017306
20261008,402340,"SK스퀘어",KOSPI,1060000.0,-7.18,"반도체와반도체장비",10484.45,5976.3221365,139839437880000.0,1199000.0,-11.6763969974979,,71.6111671712075,17.292576419214,6.0,154.129931306823,4,3,0,81,"관망",58,125.55910543131,98,,,,0,0,,,,,0,,,0,0,1047997.10541307,1246997.10541307
20261008,402490,"그린리소스",KOSDAQ,7520.0,-1.57,"반도체와반도체장비",6.42,13.85239587,127352831840.0,8250.0,-7.39393939393939,,37.9182156133829,24.937343358396,7.2,59.6588603274739,1,3,0,87,"없음",40,-43.9060205580029,11,20260921,9.49640287769784,13.6671809364653,0,0,,,,,1,6630.0,"저항→지지",0,0,7301.81197053874,7301.81197053874
20261008,403490,"우듬지팜",KOSDAQ,2075.0,0.97,"식품",0.14,0.4324100375,19061970900.0,2410.0,-14.3153526970954,,30.578734858681,28.1481481481481,5.4,44.5843645363226,0,2,0,54,"없음",28,-66.1752661752662,2,,,,0,0,,,,,1,2005.0,"지지 재탈환",0,0,2089.27957428415,2379.27957428415
20261008,403550,"쏘카",KOSPI,11170.0,-2.87,"도로와철도운송",1.12,1.578860225,423789152140.0,11250.0,-1.15555555555556,0.888888888888889,23.3802816901408,24.6861924686192,13.4,50.6037841947294,0,1,0,83,"없음",27,-3.22019147084421,71,,,,0,0,20261006,11250.0,11350.0,149.541274995409,1,11080.0,"저항→지지",0,0,10847.79892776,10847.79892776
20261008,403850,"더핑크퐁컴퍼니",KOSDAQ,13550.0,6.53,"방송과엔터테인먼트",33.34,10.87218186,194456185500.0,12660.0,,,,49.7,21.6,250.608342514919,0,0,0,0,"없음",,-14.6817895400126,52,20260901,16.6382252559727,10.7585238314346,1,0,,,,,1,12090.0,"저항→지지",0,0,12538.3292849308,12778.3292849308
20261008,403870,HPSP,KOSDAQ,64200.0,-1.98,"반도체와반도체장비",1047.26,1442.13774465,5283660000000.0,69800.0,-8.30945558739255,,33.968253968254,42.5130890052356,11.6,66.7708159813719,3,2,0,65,"수축중",51,56.6707466340269,95,20260929,11.3718411552347,2.59974746642175,0,0,,,,,1,60300.0,"저항→지지",0,0,62208.2897910473,62208.2897910473
20261008,404990,"신한서부티엔디리츠",KOSPI,3870.0,0.26,"부동산",1.24,1.85296471,238499818200.0,4135.0,-6.52962515114873,,10.2773246329527,14.0947752126367,4.6,60.2569758863607,2,3,0,83,"없음",53,-8.73671782762692,63,20260610,19.2771084337349,8.80703417196346,0,0,,,,,1,3795.0,"지지 재탈환",0,0,3780.318807509,3795.318807509
20261008,405000,"플라즈맵",KOSDAQ,3820.0,2.0,"건강관리장비와용품",0.3,0.6917023475,20526892240.0,3800.0,-1.18421052631579,3.28947368421053,57.6840292724925,49.7512437810945,7.0,40.9311557925986,0,2,0,57,"없음",35,-47.7019498607242,9,20260723,19.3513513513514,4.12669174445959,0,0,20261007,3800.0,3925.0,34.1418274975177,1,3700.0,"저항→지지",0,0,3403.8843096432,5268.8843096432
20261008,405100,"큐알티",KOSDAQ,17770.0,-1.33,"반도체와반도체장비",10.92,8.59463374,218380878770.0,14600.0,20.7534246575342,12.3287671232877,12.6099706744868,31.8681318681319,11.6,89.1916043678211,2,3,0,76,"없음",43,15.9868421052632,87,20261001,13.5734072022161,6.48087986583774,0,0,20261001,14600.0,16400.0,457.908691869595,1,14500.0,"저항→지지",0,0,16522.3370245102,16522.3370245102
20261008,405920,"나라셀라",KOSDAQ,1915.0,6.15,"음료",0.23,0.113061366,24661515540.0,2025.0,-6.27160493827161,,23.4835355285962,23.6674816625917,11.2,194.379945979245,0,2,0,71,"없음",30,-24.3824701195219,35,,,,0,0,,,,,1,1878.0,"저항→지지",0,0,1777.80780714691,1777.80780714691
20261008,406820,"뷰티스킨",KOSDAQ,2340.0,-8.06,"화장품",30.82,46.2961116155,33078607380.0,2760.0,-13.5869565217391,,0.0,32.5714285714286,7.4,111.886001879991,0,1,0,45,"관망",26,34.4419391206313,92,20260918,9.69827586206897,15.986545787436,0,0,,,,,1,2130.0,"저항→지지",0,0,2366.51439790048,2366.51439790048
20261008,407400,"꿈비",KOSDAQ,2060.0,-0.96,"가정용기기와용품",0.47,0.427018737,30147140040.0,2175.0,-5.97701149425287,,35.8105772554442,35.7086614173228,10.6,66.1120296930659,0,1,0,61,"없음",27,-48.1622306717364,8,,,,0,0,,,,,1,2005.0,"지지 재탈환",0,0,1991.21556278393,2271.21556278393
20261008,408900,"스튜디오미르",KOSDAQ,989.0,-0.7,"방송과엔터테인먼트",0.21,0.309638591,32392646781.0,1050.0,-5.80952380952381,,52.9182879377432,45.8196721311475,10.2,31.6953553848153,0,2,0,65,"없음",47,-53.5680751173709,5,20260831,8.35629017447199,7.29595360054041,0,0,,,,,0,,,0,0,1042.23606492018,1154.23606492018
20261008,408920,"메쎄이상",KOSDAQ,3070.0,1.82,"양방향미디어와서비스",0.53,0.546599135,132723636850.0,3100.0,-3.06451612903226,,44.8275862068965,13.0990415335463,12.0,89.3143195168811,0,1,0,57,"없음",31,-8.24427480916031,64,20261002,8.26010544815465,2.83114383602436,0,0,,,,,1,2950.0,"저항→지지",0,0,2921.39183642644,3186.39183642644
20261008,411080,"샌즈랩",KOSDAQ,7500.0,-11.76,"소프트웨어",105.26,196.39581006,114507285000.0,8590.0,-9.66239813736903,4.42374854481956,5.94827586206896,28.584729981378,7.4,127.88636736939,2,1,0,39,"관망",43,30.2013422818792,91,20261006,30.0,3.61452298534166,0,0,20261006,8590.0,8970.0,811.281109895289,1,6820.0,"저항→지지",0,0,8344.6849841912,8344.6849841912
20261008,412350,"레이저쎌",KOSDAQ,6580.0,-0.75,"반도체와반도체장비",23.68,25.9708611975,96088022940.0,7470.0,-11.3788487282463,,37.7562028047465,58.955223880597,11.6,110.021793118046,3,1,0,55,"없음",44,-10.9017496635262,59,20260930,8.8379705400982,3.31193329213852,1,0,,,,,1,5660.0,"저항→지지",0,0,6346.60301388701,6346.60301388701
20261008,413390,"엠오티",KOSDAQ,6750.0,1.05,"전기제품",1.08,1.00538028,76177260000.0,7920.0,-15.0252525252525,,48.9183531053733,25.0387596899225,11.0,64.685902689285,0,2,0,51,"없음",30,-15.2392947103275,52,,,,0,0,,,,,1,6600.0,"지지 재탈환",0,0,6387.08486382669,7267.08486382669
20261008,413630,"씨피시스템",KOSDAQ,4020.0,-5.08,"기계",22.89,146.2216709025,146475152100.0,4600.0,-12.5,,57.1904761904762,38.7254901960784,9.6,10.8961769508664,2,1,0,59,"관망",40,16.1616161616162,87,20260915,14.6649810366625,3.04915377704894,0,0,,,,,1,4000.0,"지지 재탈환",0,0,4695.90279361551,4695.90279361551
20261008,413640,"비아이매트릭스",KOSDAQ,5890.0,0.34,"IT서비스",0.18,0.68508218,42448876600.0,6190.0,-5.49273021001615,,26.2081784386617,21.4605067064083,7.8,21.6934911876339,0,3,0,93,"없음",39,-25.9493670886076,32,,,,0,0,,,,,1,5820.0,"저항→지지",0,0,5587.90660718229,6107.90660718229
20261008,415380,"스튜디오삼익",KOSDAQ,2195.0,0.0,"가구",0.37,0.431827495,25117330125.0,2340.0,-6.1965811965812,,0.0,12.8205128205128,11.0,71.7767472547864,1,1,0,48,"없음",40,7.33496332518337,81,20260702,11.4695340501792,5.67933618148528,0,0,,,,,1,2060.0,"저항→지지",0,0,2132.97189760659,2132.97189760659
20261008,415640,"KB발해인프라",KOSPI,10030.0,-0.1,"운송인프라",6.58,25.231714865,1229131846440.0,11000.0,-9.36363636363637,,53.024453024453,13.0931458699473,12.4,40.0654030995508,3,3,0,82,"없음",51,0.301810865191147,75,,,,0,0,,,,,0,,,0,0,10466.5488134763,10696.5488134763
20261008,416180,"신성에스티",KOSDAQ,28650.0,2.87,"전기제품",21.56,10.21234775,258989639700.0,28500.0,0.350877192982456,,35.0710900473934,13.5338345864662,5.2,259.676745129452,0,2,0,74,"없음",36,-12.8048780487805,55,20260827,10.0217864923747,3.60980631876971,0,0,,,,,1,24750.0,"저항→지지",0,0,25652.4663070809,25652.4663070809
20261008,417010,"나노팀",KOSDAQ,6390.0,-2.74,"전자장비와기기",9.39,16.91218912,128903731920.0,7030.0,-9.10384068278805,,36.8421052631579,25.6410256410256,5.0,29.074527872175,1,1,0,60,"없음",38,-31.0679611650485,24,20260825,22.3340040241449,33.0630175816017,0,0,,,,,1,6300.0,"지지 재탈환",0,0,6048.56069411481,6748.56069411481
20261008,417180,"핑거스토리",KOSDAQ,3850.0,-3.99,"양방향미디어와서비스",0.07,0.215939955,22002322650.0,5300.0,-25.188679245283,,7.4685534591195,30.7349665924276,13.0,17.2879124964201,0,1,0,48,"없음",26,-47.9931794333683,9,,,,0,0,,,,,0,,,0,0,4613.59047353536,4613.59047353536
20261008,417200,"LS머트리얼즈",KOSDAQ,16430.0,5.32,"전기제품",411.16,218.930092345,1111533187370.0,14270.0,15.1366503153469,7.21793973370708,18.6406796601699,19.3348801237432,7.2,288.963723512995,2,3,0,70,"관망",47,-17.2708962739174,48,20260915,10.7047279214987,6.01962902577628,0,0,20261002,14270.0,15300.0,349.536308373319,1,14270.0,"저항→지지",1,1,14066.4462365762,14066.4462365762
20261008,417310,"코람코더원리츠",KOSPI,2385.0,0.21,"부동산",0.91,2.579753255,96354000000.0,2470.0,-3.4412955465587,,41.7613636363636,7.91168353265869,18.4,7.24962962036988,5,3,1,88,"없음",71,18.4798807749627,88,,,,0,0,,,,,0,,,0,0,2416.19209611061,2416.19209611061
20261008,417500,"제이아이테크",KOSDAQ,4920.0,4.35,"반도체와반도체장비",35.39,13.7036355675,161300940480.0,4190.0,16.2291169451074,3.69928400954654,32.32421875,26.5217391304348,7.2,241.761757540557,4,3,0,85,"없음",55,6.56455142231947,81,20261006,8.20809248554912,3.18700643732498,0,0,20261001,4190.0,4345.0,335.122194865958,1,4100.0,"저항→지지",0,0,4355.96595639692,4355.96595639692
20261008,417790,"트루엔",KOSDAQ,7040.0,0.86,"전자장비와기기",0.52,0.91975011,73697472640.0,6930.0,3.46320346320346,0.577200577200577,6.94444444444443,23.8805970149254,12.4,55.8651365941743,2,3,0,74,"없음",48,-0.139275766016713,74,,,,1,0,20261006,6930.0,6970.0,111.134999255792,1,6930.0,"저항→지지",0,0,6779.30691141971,6779.30691141971
20261008,417840,"저스템",KOSDAQ,20900.0,11.17,"반도체와반도체장비",678.86,198.362284965,479585632900.0,16500.0,26.3636363636364,4.42424242424242,26.9611890999174,28.2894736842105,6.8,315.011419303666,5,2,0,67,"돌파완료",67,237.925445705024,99,20261008,11.3187399893219,3.17298901995371,0,0,20260923,16500.0,17230.0,202.420031387132,1,16500.0,"저항→지지",1,1,17348.2172834892,17348.2172834892
20261008,417860,"오브젠",KOSDAQ,7310.0,0.14,"소프트웨어",1.07,3.706906795,34407482860.0,7900.0,-7.46835443037975,,61.4002478314746,32.5726141078838,8.6,9.86758935079921,0,1,0,58,"없음",33,-11.2864077669903,58,20261001,8.22320117474302,3.67486126821873,1,0,,,,,1,7230.0,"저항→지지",0,0,7400.6990413312,9270.6990413312
20261008,417970,"모델솔루션",KOSDAQ,11100.0,-0.18,"기계",0.77,1.03631365,71003370000.0,10930.0,1.28087831655993,2.83623055809698,46.0797799174691,19.047619047619,7.2,54.4338511374512,0,1,0,80,"없음",33,-38.1909547738693,16,20260612,10.6137184115523,3.89252430900199,0,0,20261002,10930.0,11240.0,95.0081296867037,1,10930.0,"저항→지지",0,0,10757.8688358406,10967.8688358406
20261008,418420,"라온텍",KOSDAQ,3930.0,-2.12,"반도체와반도체장비",4.34,5.8654383625,120944012940.0,4710.0,-16.2420382165605,,28.7365813377374,24.7524752475248,4.8,58.8804636677819,1,2,0,68,"없음",37,-26.123595505618,32,20260901,9.68944099378881,16.8710088270153,0,0,,,,,0,,,0,0,4054.65490956407,4394.65490956407
20261008,418470,"KT밀리의서재",KOSDAQ,9290.0,-0.32,"출판",1.33,1.61847766,79576179810.0,9840.0,-5.48780487804878,,45.5056179775281,17.8119349005425,7.8,53.4585611287512,0,2,0,86,"없음",41,-27.4004683840749,30,,,,0,0,,,,,0,,,0,0,9295.9783930417,10465.9783930417
20261008,418550,"제이오",KOSDAQ,5300.0,-0.75,"건설",2.45,2.9690395,169693666900.0,5550.0,-4.86486486486486,,39.9095022624434,16.8662674650699,7.4,59.5370171538206,0,3,0,83,"없음",36,-33.5849056603774,21,,,,0,0,,,,,1,5110.0,"저항→지지",0,0,5021.28048941886,5021.28048941886
20261008,418620,E8,KOSDAQ,406.0,-26.85,"소프트웨어",14.18,10.198134868,12503305920.0,928.0,-56.25,,33.9249492900609,32.6530612244898,5.0,202.498799481117,0,1,0,45,"없음",26,-68.0063041765169,2,20260908,11.190053285968,3.48542075050535,0,0,,,,,0,,,0,0,725.631189098384,907.631189098384
20261008,419050,"삼기에너지솔루션즈",KOSDAQ,2305.0,29.93,"자동차부품",539.18,89.192469245,131837333200.0,2030.0,13.5467980295567,13.5467980295567,51.2858038887727,64.9087221095335,12.8,600.278869260421,2,2,0,60,"관망",34,53.9746158984636,95,20261008,30.5949008498584,7.36250002286776,1,0,20261008,2030.0,2305.0,679.322113372567,1,1719.0,"저항→지지",1,1,1735.43485872529,1735.43485872529
20261008,419080,"엔젯",KOSDAQ,4995.0,0.71,"디스플레이장비및부품",1.16,1.093669535,54304725915.0,5260.0,-5.51330798479087,,18.6281588447653,30.0763358778626,7.0,72.5085741074292,0,2,0,52,"없음",45,2.57997936016512,77,20260814,10.3448275862069,4.77396967644454,1,0,,,,,0,,,0,0,5230.8513460982,5780.8513460982
20261008,419120,"산돌",KOSDAQ,2280.0,-0.44,"소프트웨어",0.56,0.3700473875,32428642920.0,2435.0,-6.36550308008214,,33.0177514792899,29.9288256227758,13.4,127.599268237569,0,1,0,65,"없음",27,-42.4242424242424,12,,,,0,0,,,,,0,,,0,0,2230.40462209232,2425.40462209232
20261008,419530,"SAMG엔터",KOSDAQ,21550.0,-5.48,"방송과엔터테인먼트",36.38,18.791556855,219968112350.0,18900.0,15.6084656084656,16.6666666666667,62.1699346405229,13.129216398547,3.8,174.80062095795,0,3,0,88,"없음",35,-31.8252730109204,24,20261007,22.568093385214,19.1176556212196,0,0,20261007,18900.0,22050.0,1013.07737128224,1,17980.0,"저항→지지",0,0,20813.8549381438,30763.8549381438
20261008,419540,"비스토스",KOSDAQ,3010.0,5.61,"건강관리장비와용품",0.19,0.47650982,17934341530.0,3300.0,-12.8787878787879,,22.590799031477,24.2134062927497,1.8,25.0033419938896,0,2,0,56,"없음",40,-33.1395348837209,22,20260615,17.8637200736648,3.81285615042921,0,0,,,,,0,,,0,0,3200.0157020927,3410.0157020927
20261008,420570,"제이투케이바이오",KOSDAQ,9600.0,-3.52,"화장품",2.91,5.793123575,56135836800.0,10300.0,-7.86407766990291,,29.7557364914878,27.1019677996422,4.8,42.2166168842018,4,2,0,75,"없음",65,26.1968085106383,90,20260917,13.1855309218203,11.55387771883,0,0,,,,,1,9140.0,"지지 재탈환",0,0,9209.90341659862,11569.9034165986
20261008,420770,"기가비스",KOSDAQ,137500.0,1.63,"반도체와반도체장비",86.74,170.1541034,1742916725000.0,114200.0,20.4028021015762,4.11558669001751,55.3577106518283,34.3065693430657,6.6,47.3445792608202,3,2,0,52,"수축중",50,59.5127610208817,95,20260918,10.990099009901,2.82381375333465,0,0,20260922,114200.0,118900.0,260.894555487205,1,108400.0,"저항→지지",0,0,120052.307817615,150852.307817615
20261008,424760,"벨로크",KOSDAQ,2165.0,-1.59,"IT서비스",0.5,1.046449875,21862966720.0,2435.0,-11.2936344969199,,34.9910125823847,32.2033898305085,4.6,47.5726502087964,1,2,0,76,"없음",40,-12.3376623376623,56,20261006,12.5301204819277,3.99861517586621,0,0,,,,,1,2075.0,"지지 재탈환",0,0,2238.84763054589,2588.84763054589
20261008,424870,"이뮨온시아",KOSDAQ,3290.0,-5.6,"제약",15.25,50.8475798,300713465010.0,3815.0,-14.1546526867628,,20.0210748155954,24.0740740740741,7.6,67.4563291288715,0,2,0,59,"관망",30,-56.9645203679369,4,20260928,16.9354838709678,14.0547840207678,0,0,,,,,1,3025.0,"저항→지지",0,0,3658.67688762054,3658.67688762054
20261008,424960,"스마트레이더시스템",KOSDAQ,3960.0,0.51,"자동차부품",0.3,0.531241035,65281035600.0,4110.0,-5.35279805352798,,58.9975349219392,13.4502923976608,7.0,38.7941757518109,0,2,0,84,"없음",41,-40.0616332819723,15,,,,0,0,,,,,1,3795.0,"지지 재탈환",0,0,3715.64275945991,3880.64275945991
20261008,424980,"마이크로투나노",KOSDAQ,10190.0,1.29,"반도체와반도체장비",3.31,3.54370914,60313489100.0,11210.0,-10.1694915254237,,6.09965635738832,35.1206434316354,11.6,122.974639846626,1,1,0,48,"없음",34,-14.2978723404255,53,20261002,9.46083418107833,2.6629896782099,0,0,,,,,1,9550.0,"저항→지지",0,0,9714.91857222374,9714.91857222374
20261008,425040,"티이엠씨",KOSDAQ,15640.0,3.85,"반도체와반도체장비",119.39,156.640040545,342874124720.0,13330.0,17.4043510877719,3.00075018754689,13.0641330166271,21.2827988338192,7.2,142.429964122941,3,2,0,61,"수축중",49,28.1736281736282,91,20260921,27.0588235294118,55.4051444699356,0,0,20260929,13330.0,13730.0,240.727601136221,1,13330.0,"저항→지지",0,0,14148.9237069526,14148.9237069526
20261008,425420,"티에프이",KOSDAQ,64200.0,-0.93,"반도체와반도체장비",88.79,93.6405555,792689020200.0,76700.0,-16.8187744458931,,0.0,15.9677419354839,3.4,111.904778249022,4,2,0,63,"수축중",52,9.62199312714777,83,20261001,15.955766192733,2.53316439681616,0,0,,,,,1,59600.0,"저항→지지",0,0,67811.3869585334,67811.3869585334
20261008,429270,"시지트로닉스",KOSDAQ,3240.0,0.62,"반도체와반도체장비",5.81,7.7596175225,23296024440.0,4155.0,-22.3826714801444,,24.4917715392062,35.0,7.6,161.175879801497,1,1,0,46,"없음",31,-31.8901795142555,24,20261001,10.8024691358025,6.64120020530032,0,0,,,,,1,3190.0,"저항→지지",0,0,3556.50887103022,4001.50887103022
20261008,430690,"한싹",KOSDAQ,3150.0,-4.83,"소프트웨어",4.04,15.4299216975,34320207600.0,3690.0,-15.1761517615176,,12.5263157894737,22.9268292682927,5.2,43.223233142826,0,2,0,69,"없음",32,-13.4163208852006,54,20260914,8.83392226148409,9.015314986132,0,0,,,,,1,2720.0,"저항→지지",0,0,3113.30862057643,3113.30862057643
20261008,431190,"케이쓰리아이",KOSDAQ,4580.0,6.51,"IT서비스",3.8,7.8955029625,34287904360.0,4995.0,-9.30930930930931,,7.89473684210526,19.4690265486726,4.6,86.6517311074308,1,2,0,49,"없음",37,12.4069478908189,85,20260923,11.963589076723,20.3954988487273,1,0,,,,,1,4065.0,"저항→지지",0,0,4322.10300184655,4322.10300184655
20261008,432320,"KB스타리츠",KOSPI,1623.0,0.56,"부동산",2.55,7.0416317565,244690434555.0,1788.0,-9.78747203579418,,11.8659420289855,17.6892950391645,10.0,43.8318093280657,0,1,0,67,"없음",25,-27.3423423423423,30,,,,0,0,,,,,1,1540.0,"저항→지지",0,0,1669.21112550896,1669.21112550896
20261008,432430,"와이랩",KOSDAQ,1993.0,-1.58,"출판",0.56,0.7245415025,32901081760.0,2535.0,-22.2879684418146,,12.5827814569536,16.025641025641,7.0,130.055550892531,0,1,0,45,"없음",26,-34.7682119205298,20,20260610,13.3333333333333,5.97080519039786,0,0,,,,,0,,,0,0,2407.4004881835,2407.4004881835
20261008,432470,"케이엔에스",KOSDAQ,10600.0,4.64,"전기제품",16.75,31.495634385,92978493600.0,11600.0,-10.1724137931034,,37.8361075544174,21.4487300094073,6.2,54.3664461482766,0,2,0,71,"관망",45,-18.1461115475255,46,20260917,10.974358974359,3.65953123817436,1,0,,,,,0,,,0,0,9977.43661181488,9977.43661181488
20261008,432720,"퀄리타스반도체",KOSDAQ,11550.0,-1.87,"반도체와반도체장비",13.13,29.233458815,163866456600.0,13090.0,-11.5355233002292,,10.7633587786259,18.6612576064909,7.2,68.8061961796011,0,3,0,71,"없음",35,-17.9886685552408,47,20260910,12.3745819397993,19.3994812344107,0,0,,,,,1,10910.0,"저항→지지",0,0,11491.6567986171,11491.6567986171
20261008,432980,"엠에프씨",KOSDAQ,2620.0,0.38,"제약",0.1,1.1511469325,22510364040.0,3290.0,-20.3647416413374,,0.0,32.4246771879483,15.4,20.6322396316794,0,2,0,68,"없음",32,-24.9283667621776,34,20260916,28.6298568507158,35.1014776396908,0,0,,,,,1,2440.0,"지지 재탈환",0,0,2944.97431394267,2944.97431394267
20261008,434480,"모니터랩",KOSDAQ,2945.0,-2.64,"소프트웨어",4.09,14.18850503,36253833500.0,3700.0,-21.6216216216216,,16.7650531286895,23.1378763866878,7.4,65.8505519194586,0,1,0,42,"없음",26,-12.3867069486405,56,20261006,9.96621621621621,7.20154292366154,0,0,,,,,1,2700.0,"저항→지지",0,0,3243.07926968623,3243.07926968623
20261008,435570,"에르코스",KOSDAQ,7160.0,0.85,"식품",0.1,0.19031829,54537598280.0,8290.0,-13.6308805790109,,43.7980241492865,27.1393643031785,10.6,29.9677368620166,0,1,0,58,"없음",30,-26.7144319344933,31,20260721,10.6508875739645,17.5847701276528,1,0,,,,,0,,,0,0,7569.07769650514,7569.07769650514
20261008,437730,"삼현",KOSDAQ,48350.0,-4.45,"자동차부품",133.43,290.738107575,1533060864450.0,60300.0,-19.7346600331675,,24.235807860262,28.5714285714286,7.0,74.9586799888582,1,2,0,51,"관망",41,-3.39321357285429,71,20260921,9.01960784313724,10.3750707350126,0,0,,,,,1,34600.0,"저항→지지",0,0,53036.3927144868,53036.3927144868
20261008,438700,"버넥트",KOSDAQ,1824.0,0.88,"소프트웨어",0.16,0.393133425,20328279360.0,1895.0,-4.06332453825858,,51.2886597938144,32.2886597938144,6.2,19.3293521643655,0,2,0,59,"없음",47,-38.3728813559322,16,20260610,30.0,7.50562228256343,0,0,,,,,0,,,0,0,1696.46605071114,2172.46605071114
20261008,439090,"마녀공장",KOSDAQ,15240.0,-5.05,"화장품",11.9,23.24713226,249833282400.0,17800.0,-14.8876404494382,,64.8148148148148,30.6823529411765,7.4,29.712127411896,4,2,0,63,"없음",62,25.9351620947631,90,20260811,10.3866128101558,5.40874450151914,0,0,,,,,0,,,0,0,16411.5193312451,19861.5193312451
20261008,439260,"대한조선",KOSPI,45200.0,-3.0,"조선",25.72,14.491469625,1721610596000.0,51600.0,-13.1782945736434,,47.3799126637555,23.304347826087,7.0,115.232012868348,0,2,0,86,"없음",32,-48.8584474885845,8,,,,0,0,,,,,0,,,0,0,47667.1501729857,53567.1501729857
20261008,439580,"블루엠텍",KOSDAQ,3065.0,-0.49,"건강관리업체및서비스",30.38,56.8446280875,103739666555.0,3485.0,-30.416068866571,,0.0,23.7635019897669,10.0,479.317338631636,0,2,0,49,"관망",34,-26.9578313253012,31,20260930,9.71962616822431,7.66912338219056,0,0,,,,,1,2355.0,"저항→지지",0,0,2849.13433883771,2849.13433883771
20261008,440290,"HB인베스트먼트",KOSDAQ,1701.0,-0.29,"창업투자",0.44,0.4757999345,46788437430.0,1759.0,-3.01307561114269,,54.3722943722944,9.50200343445907,9.8,67.478461327192,0,3,0,92,"없음",45,-15.7530864197531,51,,,,0,0,,,,,0,,,0,0,1704.81670291064,1714.81670291064
20261008,440320,"오픈놀",KOSDAQ,2060.0,-0.72,"디스플레이패널",0.22,0.3012156375,20558800000.0,2345.0,-12.1535181236674,,26.6623207301173,24.8498845265589,9.6,59.893927797842,0,1,0,51,"없음",22,-35.625,19,,,,0,0,,,,,0,,,0,0,2067.85821603069,2272.85821603069
20261008,441270,"파인엠텍",KOSDAQ,9920.0,5.76,"핸드셋",113.89,106.921265555,419541848000.0,9850.0,1.01522842639594,1.01522842639594,35.0214592274678,32.6595744680851,7.8,126.644708778912,2,2,0,66,"관망",55,4.957805907173,79,20260903,18.8144329896907,13.9322462128638,1,0,20261008,9850.0,9950.0,129.374158629833,1,9380.0,"저항→지지",1,1,8583.0281882865,8583.0281882865
20261008,443060,"HD현대마린솔루션",KOSPI,220000.0,0.0,"조선",232.85,269.29854925,9863361200000.0,246000.0,-11.3821138211382,,29.9109235818097,20.4545454545455,10.2,111.930198238095,5,1,0,72,"관망",58,28.0846063454759,91,20260910,9.02612826603326,2.76556918049059,0,0,,,,,0,,,0,0,230386.524052076,230386.524052076
20261008,443250,"레뷰코퍼레이션",KOSDAQ,5490.0,3.0,"양방향미디어와서비스",0.39,0.571084965,59345895330.0,6480.0,-18.6728395061728,,13.7668918918919,27.7037037037037,4.8,67.9597033751269,0,2,0,51,"없음",28,-39.9087799315849,15,,,,0,0,,,,,0,,,0,0,5797.16519008577,6067.16519008577
20261008,443670,"에스피소프트",KOSDAQ,4930.0,-5.37,"IT서비스",27.52,138.778195435,118372080520.0,5600.0,-11.6964285714286,,28.0751708428246,24.8159831756046,4.6,31.6214370566245,1,1,0,39,"관망",38,22.2496909765142,89,20261006,13.8364779874214,2.78117446329897,0,0,,,,,1,4755.0,"저항→지지",0,0,5569.73111244799,5569.73111244799
20261008,444530,"심플랫폼",KOSDAQ,4635.0,0.0,"IT서비스",0.12,0.219686245,29811328110.0,5310.0,-11.4877589453861,,30.7042253521127,26.0915867944622,9.8,30.7606204017215,0,1,0,65,"없음",33,-34.0813464235624,20,20260731,16.5277777777778,4.08626611481095,0,0,,,,,0,,,0,0,4583.52126414126,4583.52126414126
20261008,445090,"에이직랜드",KOSDAQ,23250.0,2.2,"반도체와반도체장비",19.47,6.05109515,254021548500.0,22550.0,3.32594235033259,0.665188470066519,70.041187947106,24.156862745098,6.8,209.213547490783,0,3,0,94,"없음",42,-12.406015037594,56,20260814,12.4105011933174,5.6642764394123,0,0,20261002,22550.0,22700.0,70.4133180793115,1,22550.0,"저항→지지",0,0,21375.7460850194,23075.7460850194
20261008,445180,"퓨릿",KOSDAQ,9740.0,-0.92,"반도체와반도체장비",3.35,6.382757215,167422691120.0,10590.0,-7.45986779981114,,9.57076566125289,26.3222632226322,11.6,68.3343135818201,2,2,0,44,"없음",42,23.2704402515723,90,20260923,10.9862671660425,12.5035360038743,0,0,,,,,1,8140.0,"저항→지지",0,0,9602.69664303228,9602.69664303228
20261008,445680,"큐리옥스바이오시스템즈",KOSDAQ,53100.0,-10.3,"생명과학도구및서비스",75.99,38.055521875,914631516900.0,51500.0,2.52427184466019,2.9126213592233,24.8322147651007,27.5743707093822,9.8,139.559932867019,0,1,0,48,"관망",31,-31.8709677419355,24,,,,0,0,20260929,51500.0,53000.0,86.7260938639218,1,51500.0,"저항→지지",0,0,55083.2900707984,55083.2900707984
20261008,446070,"유니드비티플러스",KOSPI,3950.0,0.38,"건축자재",0.93,1.8972171425,41914299250.0,4095.0,-3.54090354090354,,50.5813953488372,12.4246079613993,5.4,46.8666552186441,4,2,0,85,"없음",60,32.996632996633,92,20260624,9.09090909090908,2.76786072947995,0,0,,,,,0,,,0,0,3819.76626995376,3869.76626995376
20261008,446540,"메가터치",KOSDAQ,11100.0,1.0,"전자장비와기기",92.06,104.46570344,322778132100.0,11660.0,-5.40308747855918,,7.7762619372442,28.3018867924528,6.8,143.349331828218,5,2,0,66,"수축중",62,173.019801980198,98,20260923,14.9947201689546,5.03407257399991,1,0,,,,,1,9800.0,"저항→지지",0,0,10004.527427566,10004.527427566
20261008,446840,"지슨",KOSDAQ,3625.0,1.97,"소프트웨어",0.31,0.7480159375,39935233000.0,3850.0,-5.84415584415584,,31.3609467455621,55.3688141923436,14.0,37.5481483728125,0,2,0,61,"없음",37,-45.8227469735466,10,20261001,9.24499229583975,2.74857071836938,0,0,,,,,1,3445.0,"저항→지지",0,0,3241.83985356106,4691.83985356106
20261008,448280,"에코아이",KOSDAQ,9490.0,-1.56,"상업서비스와공급품",0.26,0.68926467,281199414210.0,10180.0,-6.97445972495088,,29.4930875576037,28.6935286935287,11.2,23.4545653544545,0,3,0,83,"없음",49,-15.5971479500891,51,20260820,8.33333333333333,3.06958229610196,0,0,,,,,1,9130.0,"지지 재탈환",0,0,9277.086569452,9277.086569452
20261008,448710,"코츠테크놀로지",KOSDAQ,11280.0,-1.4,"우주항공과국방",1.83,2.0569174,59618093760.0,12300.0,-8.3739837398374,,35.062893081761,26.9928966061563,10.4,81.794105332853,0,1,0,82,"없음",25,-42.1754746023602,12,,,,0,0,,,,,1,11000.0,"지지 재탈환",0,0,11107.4872968081,11477.4872968081
20261008,448730,"삼성FN리츠",KOSPI,5090.0,0.2,"부동산",1.09,5.5825480575,463444500000.0,5700.0,-10.5263157894737,,27.8186274509804,15.8771929824561,7.2,32.444720544073,2,1,0,50,"없음",39,-4.13533834586466,70,20260611,10.929519918284,3.62492083950763,1,0,,,,,1,5000.0,"지지 재탈환",0,0,5296.60305176136,5366.60305176136
20261008,448900,"한국피아이엠",KOSDAQ,53200.0,-2.21,"자동차부품",23.14,31.768650375,323161112400.0,58300.0,-8.91938250428817,,57.5,40.4283801874163,7.0,47.6779347649355,2,1,0,68,"관망",43,-52.0325203252033,6,20260803,17.3489278752437,3.05911651519167,0,0,,,,,1,52200.0,"저항→지지",0,0,49592.7165183233,65842.7165183233
20261008,450080,"에코프로머티",KOSPI,37800.0,-1.18,"전기제품",169.98,111.749375925,2676764286000.0,40400.0,-6.68316831683168,,53.6504945831371,16.4179104477612,4.8,139.122337557355,0,3,0,81,"관망",38,-46.6760961810467,9,,,,0,0,,,,,1,36500.0,"저항→지지",0,0,36187.2503720254,36437.2503720254
20261008,450330,"하스",KOSDAQ,4915.0,-2.67,"건강관리장비와용품",0.54,0.3777981125,40238333345.0,5500.0,-11.4545454545455,,0.0,15.2336448598131,7.0,135.043557915202,0,1,0,49,"없음",29,-27.5297619047619,30,20260811,13.9297848244621,6.30211250561837,0,0,,,,,1,4825.0,"지지 재탈환",0,0,4880.18913267912,4880.18913267912
20261008,450520,"인스웨이브",KOSDAQ,1860.0,-0.05,"소프트웨어",1.19,0.4385887955,27350515080.0,2270.0,-18.0616740088106,,4.80061943476578,31.1224489795918,10.0,373.605583966579,0,2,0,49,"없음",30,-38.6138613861386,16,20260715,13.162705667276,2.76320051830256,0,0,,,,,1,1794.0,"지지 재탈환",0,0,2153.77495778039,2153.77495778039
20261008,450950,"아스테라시스",KOSDAQ,6230.0,1.8,"건강관리장비와용품",4.98,3.61652272,234419898160.0,5350.0,16.6355140186916,7.28971962616822,34.5679012345679,23.3176838810642,8.0,203.574573771566,0,2,0,74,"없음",30,-40.5714285714286,14,20260928,8.71212121212121,8.30540890590343,1,0,20260928,5350.0,5740.0,499.419044324086,1,5350.0,"저항→지지",0,0,5817.47240286869,5817.47240286869
20261008,451220,"아이엠티",KOSDAQ,9500.0,3.6,"반도체와반도체장비",5.78,3.010970605,74808804500.0,9850.0,-2.94416243654822,,57.3333333333333,28.6511627906977,7.2,180.851787989381,1,2,0,56,"없음",35,-17.0138888888889,48,,,,1,0,,,,,1,8690.0,"저항→지지",0,0,8556.68452543959,9456.68452543959
20261008,451250,"삐아",KOSDAQ,7300.0,-1.75,"화장품",0.24,0.66678093,74648902100.0,7710.0,-5.57717250324254,,42.836676217765,20.4545454545455,7.4,11.1098875784432,0,3,0,90,"없음",50,-9.11360799001248,62,20260609,15.5309033280507,3.68244938932575,0,0,,,,,1,7180.0,"지지 재탈환",0,0,7047.75167623483,8127.75167623483
20261008,451760,"컨텍",KOSDAQ,7860.0,-2.6,"우주항공과국방",6.02,13.19862201,129751103640.0,9440.0,-16.3135593220339,,25.611620795107,26.7857142857143,7.6,67.8529486020222,0,2,0,68,"없음",30,-54.043048283886,5,20260917,9.3833780160858,11.0361215849399,0,0,,,,,1,7330.0,"저항→지지",0,0,8211.38303692318,8211.38303692318
20261008,451800,"한화리츠",KOSPI,5460.0,2.25,"부동산",3.41,3.864298675,980616000000.0,5640.0,-3.36879432624113,,27.7161862527716,13.7305699481865,6.0,76.8185588626663,5,2,0,71,"없음",62,3.80952380952381,78,20260611,12.682379349046,4.32164748393239,1,0,,,,,0,,,0,0,5252.47508589435,5422.47508589435
20261008,452160,"제이엔비",KOSDAQ,3140.0,-0.95,"반도체와반도체장비",0.09,0.27446342,30199034780.0,3110.0,1.60771704180064,1.28617363344051,55.0769230769231,21.3091922005571,7.2,30.458128592941,0,2,0,80,"없음",35,-40.2646502835539,14,,,,0,0,20261006,3110.0,3150.0,164.400017160753,1,3110.0,"저항→지지",0,0,2993.4641641524,3273.4641641524
20261008,452190,"한빛레이저",KOSDAQ,6330.0,5.68,"전기제품",955.59,272.675384915,151417125810.0,6690.0,-5.97907324364723,,8.70370370370371,20.343137254902,7.0,653.09986110781,3,2,0,53,"수축중",54,58.6380832282472,95,20260929,11.6022099447514,8.9955868632407,0,0,,,,,1,5330.0,"저항→지지",0,0,5719.09662514812,5719.09662514812
20261008,452200,"민테크",KOSDAQ,1679.0,0.0,"전기제품",0.83,0.9708676415,40854771200.0,1790.0,-6.20111731843575,,69.5101351351351,18.8214070956103,8.0,54.5977351888096,0,3,0,92,"없음",49,-25.5432372505543,33,20260807,11.3076923076923,3.89044699086798,0,0,,,,,1,1650.0,"저항→지지",0,0,1597.80702301507,1597.80702301507
20261008,452260,"한화갤러리아",KOSPI,2550.0,-2.86,"백화점과일반상점",20.09,52.893192695,494342005500.0,2965.0,-13.6593591905565,,34.5725995316159,22.4755700325733,3.0,51.6607280662507,3,2,0,67,"없음",47,9.4017094017094,83,20260909,9.14893617021277,3.15617213352061,0,0,,,,,1,2160.0,"저항→지지",0,0,2732.98677166741,2732.98677166741
20261008,452280,"한선엔지니어링",KOSDAQ,14040.0,-1.82,"기계",66.88,169.334841545,270237286800.0,15320.0,-8.22454308093995,,24.633431085044,36.241610738255,7.0,73.13911090142,2,2,0,60,"관망",45,2.62773722627737,77,20260930,8.96825396825396,2.77665261293985,0,0,,,,,1,10770.0,"저항→지지",0,0,13185.8412530437,13185.8412530437
20261008,452300,"캡스톤파트너스",KOSDAQ,2445.0,-1.61,"창업투자",1.84,1.1597194525,34644439725.0,2595.0,-5.58766859344894,,23.3955223880597,25.8527827648115,6.0,69.3316578384071,0,2,0,71,"없음",47,-30.3977272727273,25,20260824,8.62470862470863,26.4737225972192,0,0,,,,,1,2415.0,"저항→지지",0,0,2299.55953364096,2489.55953364096
20261008,452400,"이닉스",KOSDAQ,5400.0,0.0,"전기제품",0.7,0.609543385,48985711200.0,6290.0,-14.1494435612083,,50.6309148264984,21.2730318257956,10.2,114.265538168681,0,1,0,56,"없음",22,-35.9430604982206,18,,,,0,0,,,,,1,5300.0,"지지 재탈환",0,0,5787.81458850008,5787.81458850008
20261008,452430,"사피엔반도체",KOSDAQ,35300.0,-0.56,"반도체와반도체장비",10.03,20.175136575,291416361300.0,43200.0,-18.287037037037,,15.2626362735382,26.7368421052632,2.6,69.2517773028354,2,2,0,54,"없음",40,20.6837606837607,89,20260910,9.11764705882352,3.45309646797428,0,0,,,,,1,30450.0,"저항→지지",0,0,42040.7771387576,42040.7771387576
20261008,452450,"피아이이",KOSDAQ,5830.0,-0.17,"IT서비스",58.76,43.89613302,210046155000.0,5800.0,0.689655172413793,0.689655172413793,30.0495662949195,45.9821428571429,10.4,241.030599652029,1,2,0,57,"관망",44,18.4584178498986,88,20260910,13.4792626728111,42.0092986852977,0,0,20261008,5800.0,5840.0,252.442107422942,1,5580.0,"저항→지지",0,0,5592.5158598211,5592.5158598211
20261008,453340,"현대그린푸드",KOSPI,19030.0,0.21,"식품",6.03,7.150111045,617934300610.0,19500.0,-2.0,,12.259835315645,9.92481203007519,7.8,80.5304497443442,5,2,0,67,"없음",58,21.7973231357553,89,,,,0,0,,,,,1,18940.0,"저항→지지",0,0,18323.0884410559,18683.0884410559
20261008,453450,"그리드위즈",KOSDAQ,13140.0,1.15,"전기유틸리티",1.18,2.207478265,104367735000.0,13120.0,-0.152439024390244,1.90548780487805,62.5207296849088,32.7889447236181,10.0,29.5221840918615,1,2,0,83,"없음",50,-39.63133640553,15,20260710,14.1004862236629,10.401785918341,0,0,20261002,13120.0,13370.0,48.86055426525,0,,,0,0,12209.6265961213,15039.6265961213
20261008,453860,"에이에스텍",KOSDAQ,6990.0,-1.41,"화장품",0.53,1.139560765,45046516770.0,8760.0,-19.5205479452055,,40.418118466899,31.013916500994,10.8,65.0631926569057,0,1,0,42,"없음",26,-49.8933901918977,7,20260612,16.7718665464382,2.63190458512998,0,0,,,,,0,,,0,0,7962.81363197792,9262.81363197792
20261008,454910,"두산로보틱스",KOSPI,69400.0,-2.53,"기계",254.35,207.39142785,4498506612000.0,76350.0,-9.23379174852652,,61.9617224880383,20.4878048780488,7.0,95.1822955541956,0,3,0,92,"관망",42,-16.1016949152542,50,20260602,20.4479768786127,3.92863903308314,0,0,,,,,0,,,0,0,68945.6907568007,74595.6907568007
20261008,455180,"케이지에이",KOSDAQ,1303.0,0.93,"전자장비와기기",1.35,0.519099268,19165742305.0,1400.0,-1.14285714285714,,52.6959847036329,36.0735532720389,7.8,229.762566780122,0,2,0,72,"없음",37,-50.1261261261261,7,20260703,27.889634601044,3.62157017161181,1,0,,,,,0,,,0,0,1189.53787497858,1737.53787497858
20261008,455900,"엔젤로보틱스",KOSDAQ,20850.0,-6.08,"건강관리장비와용품",40.53,10.5155985,320943653850.0,22650.0,-7.06401766004415,,63.3536923931149,23.7007874015748,8.8,177.383466250063,0,2,0,88,"없음",43,-18.0933852140078,46,20260803,12.6550868486352,7.81871918002852,0,0,,,,,1,20950.0,"저항→지지",0,0,20484.395846235,23034.395846235
20261008,456010,"아이씨티케이",KOSDAQ,24000.0,-3.81,"통신장비",168.45,282.809530325,348056400000.0,30350.0,-21.5815485996705,,1.16029764156892,40.955448201825,11.6,116.375958988012,3,2,0,49,"수축중",49,70.487106017192,96,20260928,15.0655021834061,2.86714757805011,0,0,,,,,1,17180.0,"저항→지지",0,0,26072.6261058246,26072.6261058246
20261008,456040,OCI,KOSPI,71300.0,-2.33,"화학",16.9,21.4803776,638312893500.0,82000.0,-13.2926829268293,,61.486789072996,39.7553516819572,11.6,58.1481594227899,2,1,0,78,"없음",32,-20.9121245828699,41,,,,0,0,,,,,0,,,0,0,76146.8551665501,86246.8551665501
20261008,456070,"이엔셀",KOSDAQ,5900.0,-1.67,"제약",3.23,16.31027726,65074150300.0,6890.0,-14.3686502177068,,33.5384615384615,29.4117647058824,10.0,44.7022061802735,0,1,0,59,"없음",26,-60.1351351351351,3,20260918,30.1526717557252,66.6570012298357,0,0,,,,,1,5620.0,"저항→지지",0,0,6028.33742611662,6028.33742611662
20261008,456160,"지투지바이오",KOSDAQ,42150.0,-5.7,"제약",86.61,83.732484825,700930305900.0,45150.0,-6.86600221483942,,38.3476227591582,29.2377701934016,5.2,117.220001278298,0,2,0,52,"관망",37,-37.7958579881657,17,20261001,20.7334273624824,4.1564383908735,0,0,,,,,1,36350.0,"저항→지지",0,0,38687.9410750338,38687.9410750338
20261008,457190,"이수스페셜티케미컬",KOSPI,80500.0,1.39,"화학",166.66,164.54634035,2432619196000.0,84800.0,-5.07075471698113,,31.9358816276202,18.3619550858653,4.8,132.405266756401,2,2,0,76,"관망",49,-11.635565312843,57,20260930,8.33333333333333,8.28692143911138,0,0,,,,,1,66000.0,"저항→지지",0,0,76440.8476710215,76440.8476710215
20261008,457370,"한켐",KOSDAQ,10730.0,-1.92,"디스플레이장비및부품",29.32,249.93111454,86560347820.0,12840.0,-16.7445482866044,,8.64522930943595,30.2717900656045,6.4,16.5351032604786,3,2,0,53,"수축중",50,39.9214659685864,93,20260917,26.5560165975104,11.7501931979253,0,0,,,,,1,9200.0,"저항→지지",0,0,10806.037854062,10806.037854062
20261008,457600,"벡트",KOSDAQ,3925.0,-5.99,"교육서비스",3.39,4.0827424175,53801937500.0,4900.0,-21.1224489795918,,28.7037037037037,30.5882352941176,6.0,44.7685317772472,4,1,0,51,"없음",50,88.5365853658537,97,20260720,16.3963963963964,5.40154982784633,0,0,,,,,1,3700.0,"지지 재탈환",0,0,4545.11094935617,4685.11094935617
20261008,458650,"성우",KOSDAQ,8000.0,-2.08,"전기제품",0.62,0.647030035,120365360000.0,7880.0,2.66497461928934,0.634517766497462,61.5131578947368,13.4502923976608,7.0,70.0082976797096,0,3,0,92,"없음",38,-32.6394671107411,22,,,,0,0,20261006,7880.0,7930.0,98.0431801103259,1,7880.0,"저항→지지",0,0,8025.32731648284,8575.32731648284
20261008,458870,"씨어스",KOSDAQ,25850.0,-0.58,"건강관리기술",35.32,45.828015125,991227607700.0,28050.0,-6.95187165775401,,59.9287622439893,31.7728055077453,8.6,56.1509435780402,0,1,0,71,"관망",34,-46.9512195121951,9,20260928,9.52380952380953,4.21146133138872,0,0,,,,,1,24700.0,"저항→지지",0,0,25540.9108183846,28090.9108183846
20261008,459100,"위츠",KOSDAQ,4140.0,0.24,"핸드셋",0.19,0.3359816625,55749654000.0,4200.0,-1.42857142857143,,51.3613861386139,26.8585131894484,10.2,32.7327937812667,0,3,0,89,"없음",45,-26.2032085561497,32,,,,1,0,,,,,1,3980.0,"지지 재탈환",0,0,3866.83689204657,4351.83689204657
20261008,459510,"나우로보틱스",KOSDAQ,15330.0,-2.42,"기계",4.08,17.66125375,198958596060.0,16570.0,-7.54375377187689,,72.2073961113229,27.4061990212072,8.2,20.8514249958454,0,2,0,61,"없음",45,-32.0620842572062,23,20260911,15.9401431359792,11.7678993045331,0,0,,,,,0,,,0,0,16167.6654788763,16617.6654788763
20261008,459550,"알트",KOSDAQ,1917.0,-4.1,"핸드셋",8.53,59.6224484765,48348198837.0,2355.0,,,,70.1,22.4,6.87776941524557,0,0,0,0,"데이터 부족",,-30.3321033210332,26,20260814,29.984856133266,3.2978128035228,0,0,,,,,0,,,0,0,2545.80214246464,2545.80214246464
20261008,460470,"아이빔테크놀로지",KOSDAQ,2990.0,-5.08,"생명과학도구및서비스",0.79,0.70392878,45206916300.0,3120.0,-3.2051282051282,0.961538461538462,25.1288659793814,21.4634146341463,9.8,119.981823821678,1,2,0,69,"없음",40,-5.9190031152648,68,20260928,8.34914611005693,10.4155358413519,0,0,20261006,3120.0,3150.0,194.811782620188,1,2895.0,"저항→지지",0,0,2897.07216401303,2897.07216401303
20261008,460850,"동국씨엠",KOSPI,5210.0,-1.7,"철강",1.2,3.39044937,155771997760.0,5660.0,-8.30388692579505,,49.7695852534562,22.1105527638191,10.0,40.4796759673583,1,1,0,92,"없음",34,0.0,75,,,,0,0,,,,,0,,,0,0,5576.81898795997,5596.81898795997
20261008,460860,"동국제강",KOSPI,9400.0,-2.79,"철강",53.08,34.16417413,466315359800.0,11780.0,-20.3735144312394,,1.68269230769231,16.1658031088083,10.0,226.752115604613,2,1,0,44,"없음",39,6.95553021664766,81,20260827,12.2153209109731,4.64266640219642,0,0,,,,,0,,,0,0,10684.3411293788,10684.3411293788
20261008,460870,"에스엠씨지",KOSDAQ,3105.0,-0.16,"포장재",2.13,1.7085988575,62327608920.0,3190.0,-2.35109717868339,,31.2757201646091,21.092564491654,7.4,75.9799662517079,0,3,0,82,"없음",43,-16.7112299465241,49,20260921,10.5263157894737,8.0833507794066,0,0,,,,,1,2980.0,"저항→지지",0,0,2852.47451391262,2957.47451391262
20261008,460930,"현대힘스",KOSDAQ,12320.0,-3.9,"조선",12.09,14.50938822,437491466720.0,13220.0,-6.80786686838124,,78.1912681912682,30.1255230125523,10.0,21.9254647985238,0,1,0,85,"없음",35,-31.3266443701226,24,20260724,22.5038402457757,20.5195821477869,0,0,,,,,0,,,0,0,12903.6974086427,15583.6974086427
20261008,460940,"피앤에스로보틱스",KOSDAQ,5020.0,-2.9,"건강관리장비와용품",1.4,3.8100055375,67545505600.0,5410.0,-7.57855822550832,,59.5238095238095,27.726574500768,8.2,15.0251152362945,0,1,0,62,"없음",33,-32.2493224932249,23,20260810,12.984496124031,7.93516379223164,0,0,,,,,0,,,0,0,5305.49911699475,5895.49911699475
20261008,461030,"아이엠비디엑스",KOSDAQ,2845.0,-3.89,"생명과학도구및서비스",0.35,0.5850822375,40781700865.0,3085.0,-6.96920583468395,,49.7446373850868,47.2375690607735,12.0,58.2149195235056,0,2,0,47,"없음",33,-54.5166402535658,5,,,,0,0,,,,,1,2750.0,"저항→지지",0,0,2698.59763848135,3293.59763848135
20261008,461300,"아이스크림미디어",KOSDAQ,18170.0,2.66,"교육서비스",3.61,3.974173815,242277562610.0,19440.0,-6.43004115226337,,15.3036437246964,10.3430079155673,7.6,68.0057425572991,4,1,0,60,"없음",51,14.5465994962217,86,20260807,8.36845273931366,4.86205821794896,0,0,,,,,0,,,0,0,18248.8534315103,18298.8534315103
20261008,462310,"뉴키즈온",KOSDAQ,3905.0,2.9,"섬유,의류,신발,호화품",0.31,0.3768701425,30844052525.0,4090.0,-6.84596577017115,,41.3270142180095,11.7073170731707,5.0,66.8478412673897,0,2,0,60,"없음",40,-9.9290780141844,61,20260721,11.8858954041204,2.91371681415929,0,0,,,,,0,,,0,0,3754.45765620137,3754.45765620137
20261008,462350,"이노스페이스",KOSDAQ,6860.0,2.24,"우주항공과국방",118.71,30.55365249,232427583920.0,7200.0,-4.02777777777778,,21.7770034843206,39.377085650723,6.8,492.464720890037,0,2,0,54,"관망",35,-39.1885945612954,15,,,,1,0,,,,,1,6180.0,"저항→지지",0,0,6138.60518289013,7828.60518289013
20261008,462510,"라메디텍",KOSDAQ,3445.0,0.44,"건강관리장비와용품",1.15,5.0742455425,30326214425.0,4285.0,-20.7701283547258,,0.0,21.7527386541471,6.2,48.7112522246932,0,2,0,70,"없음",30,-26.2757871878393,32,20260929,29.5345104333868,21.5728604471858,0,0,,,,,1,3200.0,"저항→지지",0,0,3725.76239883961,3725.76239883961
20261008,462520,"조선내화",KOSPI,12410.0,-3.5,"비철금속",4.68,5.32375305,147122634880.0,15040.0,-18.4840425531915,,46.3369963369963,26.9628727936701,12.6,178.516026469243,0,2,0,52,"없음",25,-12.1776504297994,57,,,,0,0,,,,,0,,,0,0,14288.8100958069,14288.8100958069
20261008,462860,"더즌",KOSDAQ,2845.0,1.07,"IT서비스",34.56,111.82559216,204180253035.0,3405.0,-13.8032305433186,,34.4308560677328,33.5113484646195,4.2,49.5012135914754,0,2,0,57,"관망",45,-5.7784911717496,68,20260921,21.7877094972067,3.76484221282958,0,0,,,,,1,2665.0,"지지 재탈환",0,0,3064.30098168606,3229.30098168606
20261008,462870,"시프트업",KOSPI,30600.0,-2.39,"게임엔터테인먼트",12.7,9.870649675,1797501834000.0,31900.0,-4.23197492163009,,59.106529209622,20.7650273224044,12.4,94.7116708532398,0,3,0,91,"없음",43,-5.27131782945736,68,20260609,10.2649006622517,5.59228860288799,0,0,,,,,0,,,0,0,31114.2617516496,31664.2617516496
20261008,462980,"아이지넷",KOSDAQ,1750.0,-0.23,"IT서비스",0.39,0.5775513305,31910264750.0,1675.0,4.47761194029851,1.43283582089552,48.7759815242494,28.6060606060606,12.8,76.951139497592,0,3,0,84,"없음",40,-21.1711711711712,40,20260625,10.7142857142857,3.00686249522227,0,0,20261006,1675.0,1699.0,49.4731158054618,1,1675.0,"저항→지지",0,0,1602.21111867557,1602.21111867557
20261008,463020,"뉴엔AI",KOSDAQ,6520.0,-1.66,"IT서비스",2.54,7.626411505,58596544000.0,7530.0,-13.8114209827357,,77.7346506704305,34.0534979423868,5.2,5.55870795512558,0,2,0,77,"없음",42,-43.7608318890815,11,20260806,9.48693126815101,9.11132487523767,0,0,,,,,0,,,0,0,7313.17660921428,12783.1766092143
20261008,463480,"모티브링크",KOSDAQ,3985.0,-1.97,"자동차부품",0.53,4.8153226975,49375576630.0,5160.0,-22.4806201550388,,6.32339656729901,39.0588235294118,10.0,24.140512617775,0,1,0,54,"없음",30,-46.6666666666667,9,20260611,9.5703125,3.74162450886617,0,0,,,,,0,,,0,0,4579.70347477322,4579.70347477322
20261008,464080,"에스오에스랩",KOSDAQ,10200.0,-2.67,"전자장비와기기",7.76,10.037989715,183738403800.0,11990.0,-15.7631359466222,,12.4081632653061,17.5675675675676,6.6,65.7460311986181,1,3,0,82,"없음",40,-29.8123697011814,26,20260615,11.358024691358,3.57017011035339,0,0,,,,,0,,,0,0,10572.3497476177,10572.3497476177
20261008,464280,"티디에스팜",KOSDAQ,5570.0,-0.54,"제약",0.35,0.637655665,30802100000.0,5930.0,-6.91399662731872,,64.0146878824969,42.4694708276798,13.4,25.2419127870748,0,3,0,78,"없음",46,-32.4357405140759,23,,,,0,0,,,,,1,5440.0,"지지 재탈환",0,0,5413.74877499547,5783.74877499547
20261008,464500,"아이언디바이스",KOSDAQ,1701.0,-0.99,"반도체와반도체장비",0.3,0.65654684,23802540363.0,1860.0,-8.49462365591398,,38.3666524883028,27.7176470588235,5.6,34.2290713624502,0,2,0,75,"없음",30,-46.4779874213836,10,,,,0,0,,,,,1,1645.0,"지지 재탈환",0,0,1647.21497475895,1878.21497475895
20261008,464580,"닷밀",KOSDAQ,1680.0,3.7,"방송과엔터테인먼트",0.04,0.2802425405,30922229520.0,1899.0,-13.6914165350184,,22.7272727272727,28.7298387096774,7.0,9.98993725537682,0,2,0,52,"없음",32,-19.0617283950617,44,20260804,16.3421418636996,3.0830273454733,1,0,,,,,1,1511.0,"지지 재탈환",0,0,1648.77865095197,1733.77865095197
20261008,465480,"인스피언",KOSDAQ,3780.0,0.0,"IT서비스",0.15,0.4732144875,38320778160.0,4300.0,-12.093023255814,,11.4454976303318,23.5294117647059,9.8,29.9742662087245,0,2,0,52,"없음",28,-24.248496993988,35,,,,0,0,,,,,1,3705.0,"저항→지지",0,0,3806.65865317645,3806.65865317645
20261008,466100,"클로봇",KOSDAQ,22650.0,-1.52,"기계",56.9,55.273316125,701102188350.0,24450.0,-7.77096114519427,,75.3158406219631,36.5467625899281,7.0,62.1981007414663,0,2,0,72,"관망",47,-53.5013196964698,5,20260814,13.7391304347826,5.48094286811243,0,0,,,,,0,,,0,0,22164.5934491209,31764.5934491209
20261008,466410,"사이냅소프트",KOSDAQ,8620.0,-1.49,"소프트웨어",1.22,0.38553844,43419138260.0,9290.0,-7.21205597416577,,19.5020746887967,12.3789020452099,7.4,239.060861420043,0,1,0,78,"없음",25,-21.2785388127854,40,,,,0,0,,,,,0,,,0,0,8527.59026976746,8527.59026976746
20261008,468530,"프로티나",KOSDAQ,44600.0,1.36,"생물공학",79.34,67.660958675,495289600800.0,56200.0,-20.373665480427,,0.0,37.7885783718105,5.6,143.303245290685,0,2,0,57,"관망",32,-30.5124223602484,25,20260928,13.2196162046908,4.01222192074818,0,0,,,,,1,31950.0,"저항→지지",0,0,47239.109042366,47239.109042366
20261008,469610,"이노테크",KOSDAQ,15900.0,-0.31,"디스플레이장비및부품",4.11,13.828118775,142192110000.0,16640.0,-4.62740384615385,,51.1031067086898,27.5598573611819,7.2,16.8543683531268,0,3,0,86,"없음",50,-12.7542605827378,55,20260813,14.8316062176166,23.3158676293739,0,0,,,,,0,,,0,0,15421.956713291,17751.956713291
20261008,471820,"셀로맥스사이언스",KOSDAQ,4085.0,0.12,"제약",0.08,0.2000464975,46172260715.0,4335.0,-3.22952710495963,,29.8507462686567,9.16666666666667,3.6,60.4062252703772,0,2,0,72,"없음",30,-13.4158926728586,54,,,,1,0,,,,,1,4150.0,"저항→지지",0,0,3967.13845561079,4082.13845561079
20261008,472850,"폰드그룹",KOSDAQ,4655.0,0.32,"섬유,의류,신발,호화품",3.22,1.418308015,267996040060.0,5210.0,-10.7485604606526,,50.48828125,25.615763546798,5.2,107.150360348266,1,2,0,87,"없음",44,-8.10276679841897,64,20260828,9.25196850393701,4.88233774818887,0,0,,,,,0,,,0,0,4764.91653252772,5644.91653252772
20261008,473980,"노머스",KOSDAQ,11250.0,8.49,"방송과엔터테인먼트",13.12,3.52433066,122430960000.0,12610.0,-10.3885804916733,,60.3861517976032,25.5536626916525,10.0,424.316202836622,0,1,0,50,"없음",29,-35.9773371104816,18,20261008,8.75842155919153,4.55309396485867,1,0,,,,,1,10230.0,"지지 재탈환",0,0,11536.3893675966,11536.3893675966
20261008,474170,"루미르",KOSDAQ,6470.0,-5.41,"우주항공과국방",4.85,5.03686204,115280493120.0,7830.0,-18.7739463601533,,12.407211028632,63.003663003663,15.8,127.676375674532,0,1,0,50,"없음",22,-51.7816527672479,6,,,,0,0,,,,,0,,,0,0,7166.2862931565,7166.2862931565
20261008,474610,"RF시스템즈",KOSDAQ,8140.0,-2.28,"우주항공과국방",5.0,6.90551977,117339890800.0,8810.0,-7.71850170261067,,34.2557251908397,23.3890214797136,7.2,66.4886391066726,2,3,0,87,"없음",48,-23.5183443085607,36,20260918,8.96551724137931,4.64484774750688,0,0,,,,,1,7330.0,"저항→지지",0,0,7785.12263073283,7785.12263073283
20261008,474650,"링크솔루션",KOSDAQ,25150.0,-6.16,"기계",11.16,10.210211825,144695042300.0,30400.0,-15.9539473684211,,38.9548693586698,32.9707112970711,10.2,121.314976074654,0,2,0,74,"없음",35,-56.3993174061433,4,20260915,12.3287671232877,5.16375184772403,0,0,,,,,0,,,0,0,26081.7419996056,26081.7419996056
20261008,475150,"SK이터닉스",KOSPI,46050.0,-6.21,"에너지장비및서비스",488.28,426.70278155,1568785534200.0,52600.0,-12.1673003802281,,82.4399868464321,21.5889464594128,5.2,38.5766052063481,3,3,0,92,"관망",65,-16.0,50,20260723,30.0,3.09129086544767,0,0,,,,,0,,,0,0,47968.3826869495,81168.3826869495
20261008,475230,"엔알비",KOSDAQ,9300.0,-2.82,"건설",5.23,9.44227289,101357751900.0,11870.0,-21.6512215669756,,28.2467532467532,17.9207920792079,6.4,60.4148616918421,0,1,0,52,"없음",26,-56.9444444444444,4,20260820,17.741935483871,5.70901781497007,0,0,,,,,0,,,0,0,10420.5708474443,10420.5708474443
20261008,475400,"씨메스로보틱스",KOSDAQ,17760.0,-3.0,"기계",9.63,19.652637725,209690437440.0,19580.0,-10.0102145045965,,66.0499837715028,24.7982062780269,8.2,59.997681101916,0,1,0,53,"없음",33,-40.7731092436975,14,20260910,13.0737943056363,30.5421651983226,0,0,,,,,0,,,0,0,20071.8839407566,20071.8839407566
20261008,475430,"키스트론",KOSDAQ,4410.0,0.57,"전기장비",4.63,5.56695351,78710165100.0,4535.0,-2.31532524807056,,80.552016985138,17.798353909465,7.2,41.614139897043,0,3,0,94,"없음",50,5.10083036773428,79,20260810,8.23389021479715,8.0648505426377,1,0,,,,,1,4340.0,"저항→지지",0,0,4131.64808898523,4456.64808898523
20261008,475460,"미트박스",KOSDAQ,2675.0,-6.3,"인터넷과카탈로그소매",2.97,3.552405688,15104454375.0,3370.0,-20.1780415430267,,0.0,20.2162670427833,13.4,100.779466183765,1,1,0,43,"없음",31,6.15627466456196,80,20260902,11.0229276895944,63.4271476419505,0,0,,,,,1,2164.0,"저항→지지",0,0,2942.81131500875,2942.81131500875
20261008,475560,"더본코리아",KOSPI,14040.0,-1.13,"호텔,레스토랑,레저",2.18,3.33345494,208184698800.0,16170.0,-12.987012987013,,68.0549939344925,35.4166666666667,6.6,25.6063971678327,0,2,0,78,"없음",42,-34.0983606557377,20,20260818,21.8376337319069,36.0104113086053,0,0,,,,,0,,,0,0,15269.4556782516,20129.4556782516
20261008,475580,"에이럭스",KOSDAQ,7170.0,-1.51,"교육서비스",3.51,17.02500115,97690533000.0,7620.0,-6.69291338582677,,64.2537980339589,39.8081534772182,13.0,26.7518941187279,0,1,0,52,"없음",35,-44.0157480314961,11,20260820,12.9032258064516,19.7301093677433,0,0,,,,,0,,,0,0,7865.30141978798,8655.30141978798
20261008,475660,"에스켐",KOSDAQ,3150.0,-8.83,"디스플레이장비및부품",0.91,0.455620825,24978980250.0,3630.0,-14.8760330578512,,33.6073059360731,22.5761772853186,6.4,332.391831206786,0,1,0,45,"없음",26,-40.3474903474903,14,20260601,13.7971698113208,4.85593928795143,0,0,,,,,0,,,0,0,3153.70714088274,3343.70714088274
20261008,475830,"오름테라퓨틱",KOSDAQ,18910.0,-8.2,"제약",64.19,143.02026784,411347641560.0,57500.0,-67.0782608695652,,43.0906389301634,62.2782258064516,9.8,116.694894417215,0,1,0,35,"관망",29,-76.188679245283,1,20260804,19.5046439628483,3.21416993523623,0,0,,,,,0,,,0,0,48913.9579542609,67113.9579542609
20261008,475960,"토모큐브",KOSDAQ,33250.0,-3.62,"생명과학도구및서비스",16.05,13.681331125,448082785500.0,37500.0,-11.4666666666667,,30.8189655172414,60.9022556390977,20.8,116.85800136823,0,1,0,40,"없음",29,-38.7453874538745,16,20260930,9.10518053375196,3.64764009840059,0,0,,,,,1,28350.0,"저항→지지",0,0,32965.4778049225,35815.4778049225
20261008,476040,"오가노이드사이언스",KOSDAQ,6900.0,-4.96,"생물공학",1.29,1.651855305,45441744000.0,7530.0,-8.89774236387782,,31.748726655348,34.341252699784,8.2,82.9860922991332,0,2,0,64,"없음",28,-68.8181818181818,2,,,,0,0,,,,,1,6700.0,"저항→지지",0,0,6418.35891842756,8148.35891842756
20261008,476060,"온코닉테라퓨틱스",KOSDAQ,14820.0,-4.45,"제약",24.99,37.116511005,672944188800.0,16430.0,-10.2251978088862,,51.4816675037669,41.980198019802,11.0,28.8595421101992,0,1,0,52,"관망",33,-27.8728606356968,29,20260831,22.0717670954638,9.89044432332307,0,0,,,,,0,,,0,0,14664.6244096922,16854.6244096922
20261008,476080,M83,KOSDAQ,4185.0,0.48,"방송과엔터테인먼트",0.69,0.38782505,33802245000.0,4565.0,-8.65279299014239,,58.7430939226519,22.2336065573771,7.2,19.743386607232,0,2,0,61,"없음",45,-32.0846905537459,23,20260813,13.1210191082803,3.7459782651923,1,0,,,,,0,,,0,0,4062.42165511485,4352.42165511485
20261008,478560,"블랙야크아이앤씨",KOSDAQ,3270.0,-1.65,"섬유,의류,신발,호화품",1.27,1.59614471,84465074460.0,3795.0,-8.82740447957839,,2.72373540856031,16.5951359084406,5.4,40.6079956758294,2,1,0,51,"없음",43,14.1914191419142,86,20260827,17.8438661710037,125.59047283852,1,0,,,,,1,3300.0,"저항→지지",0,0,3331.72290341786,3331.72290341786
20261008,479960,"위너스일렉",KOSDAQ,6610.0,1.85,"전기장비",0.96,0.847173365,47102860000.0,7400.0,-9.86486486486486,,52.9411764705882,16.7164179104478,6.8,141.492914350235,0,2,0,82,"없음",28,-30.4483837330553,25,,,,0,0,,,,,1,6150.0,"저항→지지",0,0,6779.74104371374,6779.74104371374
20261008,480370,"씨케이솔루션",KOSPI,2280.0,8.57,"기계",31.52,16.9673837995,74057610240.0,2445.0,-6.5439672801636,,9.87577639751553,34.4322344322344,7.2,336.21370857734,1,2,0,43,"없음",42,16.5816326530612,87,20260917,23.0274693161894,5.9814588097603,0,0,,,,,1,2195.0,"저항→지지",0,0,2095.22356432798,2095.22356432798
20261008,481070,"에이유브랜즈",KOSDAQ,14230.0,-0.7,"섬유,의류,신발,호화품",0.45,1.945642745,204368414000.0,16750.0,-11.3432835820896,,57.5275794938352,36.4976958525346,4.8,10.4824002502804,0,2,0,63,"없음",45,-9.1187270501836,62,20260813,12.8272251308901,18.2625818216031,0,0,,,,,1,14430.0,"지지 재탈환",0,0,15017.1391465245,21657.1391465245
20261008,482630,"삼양엔씨켐",KOSDAQ,15890.0,4.95,"반도체와반도체장비",52.59,27.801498865,347804769200.0,16220.0,-2.09617755856967,,52.7744025921426,58.1018518518518,14.6,196.050237690005,2,2,0,52,"없음",47,4.06290956749672,79,20261001,10.9834888729361,5.38052554199733,0,0,,,,,1,14180.0,"저항→지지",0,0,14428.2512703997,14428.2512703997
20261008,483650,"달바글로벌",KOSPI,173800.0,-4.92,"화장품",211.66,253.7544246,2177221277000.0,191100.0,-9.47148090005233,,64.2585034013606,42.8312159709619,9.4,73.1490542100701,3,1,0,47,"관망",48,17.5271739130435,88,,,,0,0,,,,,0,,,0,0,168271.814664746,259471.814664746
20261008,484120,"도우인시스",KOSDAQ,23200.0,-0.22,"디스플레이장비및부품",15.63,14.766835025,254212190400.0,25250.0,-7.92079207920792,,0.0,20.6422018348624,7.2,130.640576520445,1,2,0,63,"없음",37,22.0472440944882,89,20260918,8.57142857142856,4.29934787721858,0,0,,,,,1,21700.0,"저항→지지",0,0,22050.7413043561,22050.7413043561
20261008,484590,"삼양컴텍",KOSDAQ,7040.0,-1.12,"우주항공과국방",9.01,13.94579081,290121568000.0,7690.0,-7.67230169050715,,35.8695652173913,29.9107142857143,10.0,71.5726122821322,0,3,0,83,"없음",35,-40.6354515050167,14,20260617,9.9537037037037,3.56045395757674,0,0,,,,,1,7000.0,"저항→지지",0,0,6919.40896200887,6919.40896200887
20261008,484810,"티엑스알로보틱스",KOSDAQ,11560.0,-3.34,"기계",7.44,18.44097801,178612577400.0,12550.0,-7.64940239043825,,76.9709543568465,42.3958333333333,7.6,13.0900785987671,0,2,0,61,"없음",45,-24.2483660130719,35,20260731,13.4290540540541,3.41682287892099,0,0,,,,,0,,,0,0,12936.3266613551,17376.3266613551
20261008,484870,"엠앤씨솔루션",KOSPI,18640.0,-3.27,"우주항공과국방",16.12,23.26007919,511886088000.0,19380.0,-3.86996904024768,,74.4975334251399,23.2570516232038,7.2,59.9336267460649,0,2,0,55,"없음",37,-45.2590133106103,10,20260831,21.1118464592985,13.2427134182131,0,0,,,,,1,15670.0,"저항→지지",0,0,17892.1301551324,21392.1301551324
20261008,486990,"노타",KOSDAQ,18980.0,-6.27,"IT서비스",57.64,83.594870515,406028321400.0,25500.0,-25.8823529411765,,31.1355311355311,30.6430155210643,9.8,120.616161054194,0,1,0,52,"관망",29,-42.9864253393665,12,20260922,28.9308176100629,25.7389422591608,0,0,,,,,1,18800.0,"저항→지지",0,0,22861.3576044359,22861.3576044359
20261008,487570,"HS효성",KOSPI,50400.0,0.2,"복합기업",1.41,1.6680899,187786720800.0,53600.0,-6.90298507462687,,46.7633928571429,19.3857965451056,9.0,35.2157622447984,0,1,0,81,"없음",35,-6.20300751879699,67,20260731,10.3362391033624,33.2423183207364,0,0,,,,,1,49600.0,"저항→지지",0,0,50051.1519290423,50051.1519290423
20261008,488280,"에스투더블유",KOSDAQ,16000.0,-3.21,"IT서비스",104.62,190.14208791,173207776000.0,18640.0,-14.6459227467811,,12.2358722358722,25.1067463706234,7.0,135.626532507753,0,2,0,50,"관망",34,11.8060435699227,85,20261006,9.3692590324556,8.49878268651554,0,0,,,,,1,11390.0,"저항→지지",0,0,16206.672115242,16206.672115242
20261008,488900,"비츠로넥스텍",KOSDAQ,9990.0,-8.35,"우주항공과국방",12.54,20.08845442,289474665570.0,13150.0,,,,70.1,23.2,89.5351734994584,0,0,0,0,"없음",,-42.6682001150086,12,20260917,12.018779342723,16.4964332560689,0,0,,,,,1,9940.0,"저항→지지",0,0,11521.6350191849,11521.6350191849
20261008,489460,"바이오비쥬",KOSDAQ,11670.0,-0.93,"화장품",7.87,7.85110191,172170859290.0,12170.0,-3.53327855382087,,41.5640839971035,18.8976377952756,5.0,58.6212014680909,2,3,0,85,"없음",60,50.5128205128205,94,20260723,14.0789473684211,5.0222255809747,0,0,,,,,0,,,0,0,11443.2751579297,11483.2751579297
20261008,489500,"엘케이켐",KOSDAQ,23850.0,3.47,"반도체와반도체장비",8.84,4.1071465,152431026300.0,25050.0,-4.59081836327345,,41.4480975249354,22.8333333333333,7.4,202.134268982514,1,2,0,76,"없음",40,-23.3974358974359,36,20260812,12.5603864734299,2.75842524579823,1,0,,,,,1,21550.0,"저항→지지",0,0,22524.5023177747,22524.5023177747
20261008,489790,"한화비전",KOSPI,48950.0,-0.91,"통신장비",55.92,84.54234265,2471406690500.0,53000.0,-8.0188679245283,,52.0123839009288,19.2523364485981,5.4,57.7728700166277,2,3,0,82,"없음",50,-32.1030640668524,23,20260604,17.4298375184638,3.15484986721494,0,0,,,,,1,45400.0,"지지 재탈환",0,0,47705.0065522194,51505.0065522194
20261008,494120,"큐리오시스",KOSDAQ,9620.0,-6.33,"생명과학도구및서비스",7.04,9.281651935,146798929680.0,11000.0,-12.0909090909091,,60.6220308788599,42.5154320987654,7.4,68.0198253391643,0,2,0,73,"없음",30,-66.4364305300059,2,20260930,9.59821428571428,2.55048873742126,0,0,,,,,1,8650.0,"저항→지지",0,0,9336.60774454199,13636.607744542
20261008,499790,"GS피앤엘",KOSPI,37150.0,-1.98,"호텔,레스토랑,레저",11.59,16.32106195,736715743150.0,40350.0,-7.80669144981413,,56.4463705308776,21.7724288840263,4.8,50.9138020627589,0,2,0,80,"없음",30,-9.26829268292683,62,,,,0,0,,,,,0,,,0,0,39183.9856396048,42783.9856396048
20261008,900070,"글로벌에스엠",KOSDAQ,1085.0,-1.36,"자동차부품",1.05,6.961699228,29156102640.0,1284.0,-15.5763239875389,,12.4105011933174,18.6067827681027,11.2,38.2381211550334,2,1,0,40,"없음",36,5.03875968992248,79,20260930,13.4403209628887,430.809244766655,0,0,,,,,1,1030.0,"저항→지지",0,0,1133.25051081162,1133.25051081162
20261008,900140,"엘브이엠씨홀딩스",KOSPI,1144.0,-2.14,"자동차",2.31,4.5964993085,221067054208.0,1327.0,-13.7905048982668,,18.2672233820459,16.2015503875969,5.0,50.0402562987476,0,2,0,73,"없음",30,-26.1935483870968,32,20260928,9.63636363636364,9.73838599241772,0,0,,,,,0,,,0,0,1225.82503946387,1228.82503946387
20261008,900250,"크리스탈신소재",KOSDAQ,1218.0,-1.46,"비철금속",0.43,0.941521541,43622671218.0,1286.0,-4.97667185069984,,73.5317149569303,28.3601286173633,7.6,16.3178285417306,0,3,0,94,"없음",50,-46.4973730297723,10,20260810,29.9345182413471,19.385132207573,0,0,,,,,1,1212.0,"저항→지지",0,0,1175.48083216683,1444.48083216683
20261008,900260,"로스웰",KOSDAQ,1865.0,-2.05,"통신장비",0.22,0.764996132,85845401690.0,2100.0,-9.61904761904762,,4.8,9.2485549132948,8.4,46.4581337675468,5,1,0,41,"없음",50,15.030303030303,87,,,,0,0,,,,,1,1814.0,"저항→지지",0,0,1858.39724655439,1858.39724655439
20261008,900270,"헝셩그룹",KOSDAQ,2545.0,-1.74,"레저용장비와제품",0.79,16.5632039075,31714876345.0,4040.0,-37.1287128712871,,61.257388500806,47.1226927252986,5.4,6.95079643718789,0,2,0,49,"없음",42,-50.4873294346979,7,20260911,14.6302250803859,4.76977160887606,0,0,,,,,0,,,0,0,3407.67038075942,3972.67038075942
20261008,900290,GRT,KOSDAQ,3295.0,-3.09,"화학",5.77,8.604522525,305616802075.0,3795.0,-13.1752305665349,,42.9947460595447,23.049001814882,11.6,43.6851724227218,2,2,0,75,"없음",50,-35.7699805068226,19,20261001,10.7738998482549,3.20395902483787,0,0,,,,,0,,,0,0,3657.07767431875,3937.07767431875
20261008,900300,"오가닉티코스메틱",KOSDAQ,2805.0,-3.77,"화장품",1.89,4.88968021,57727172085.0,3375.0,-19.4074074074074,,56.2101910828025,30.4721030042918,7.2,12.9911413543118,0,1,0,39,"없음",30,-50.990990990991,6,20261002,12.9943502824859,10.6129044216607,0,0,,,,,0,,,0,0,2993.74529064675,3848.74529064675
20261008,900310,"컬러레이",KOSDAQ,2005.0,1.11,"화장품",0.1,0.0881857075,25680711675.0,2410.0,-16.804979253112,,6.06900800985829,25.0,12.2,45.0778745576054,0,1,0,57,"없음",26,-19.3158953722334,44,,,,0,0,,,,,0,,,0,0,2044.32948676864,2044.32948676864
20261008,900340,"윙입푸드",KOSDAQ,1326.0,-4.33,"식품",0.72,3.2188296845,47182702632.0,1501.0,-11.4590273151233,,71.8621024520515,52.064128256513,7.6,8.58713175273001,0,2,0,55,"없음",45,-45.5551003687014,10,20260909,10.3780578206079,2.63982767975793,0,0,,,,,1,1327.0,"지지 재탈환",0,0,1511.13447598624,2263.13447598623
20261008,950130,"엑세스바이오",KOSDAQ,2235.0,-4.89,"생명과학도구및서비스",1.89,2.24234557,78613518990.0,2325.0,-2.79569892473118,1.50537634408602,22.8733459357278,22.7016885553471,5.2,74.7235192272505,0,2,0,72,"없음",33,-18.4115523465704,46,,,,0,0,20261007,2325.0,2360.0,463.667528552807,1,2175.0,"지지 재탈환",0,0,2273.41990128684,2428.41990128684
20261008,950140,"잉글우드랩",KOSDAQ,8200.0,-0.73,"화장품",0.86,1.03041592,162916501200.0,8390.0,-1.78784266984505,,59.9528857479387,26.5420560747664,7.4,29.7589211996833,0,2,0,72,"없음",43,-31.3333333333333,24,,,,0,0,,,,,0,,,0,0,8194.09350288644,10044.0935028864
20261008,950160,"코오롱티슈진",KOSDAQ,16210.0,-3.57,"생물공학",68.09,101.78642839,1377366293600.0,17120.0,-5.43224299065421,1.10981308411215,92.1319062771189,53.3437990580848,7.0,17.2334613456753,0,1,0,66,"관망",38,-83.8261738261738,1,20260805,17.2110552763819,2.83705088834269,0,0,20261006,17120.0,17310.0,35.2008150804781,0,,,0,0,14247.7565962111,76957.7565962111
20261008,950170,JTC,KOSDAQ,4330.0,2.97,"백화점과일반상점",0.91,0.404392215,211187587950.0,4400.0,-2.27272727272727,,25.5813953488372,19.3124368048534,12.6,127.813321663526,1,1,0,88,"없음",32,-11.1570247933884,58,,,,0,0,,,,,0,,,0,0,4292.69133212064,4787.69133212064
20261008,950190,"고스트스튜디오",KOSDAQ,9780.0,0.1,"게임엔터테인먼트",1.17,13.592799835,127306837020.0,12460.0,-21.5088282504013,,31.609756097561,15.0259067357513,7.0,16.0371887142728,5,1,0,51,"없음",55,22.4030037546934,89,20260915,14.8261758691207,11.7149257133455,0,0,,,,,1,9770.0,"저항→지지",0,0,11512.7777083724,11512.7777083724
20261008,950200,"소마젠",KOSDAQ,2980.0,0.51,"생명과학도구및서비스",1.55,2.43287149,57323437940.0,4195.0,-29.2014302741359,,70.2564102564102,38.272921108742,6.2,12.3400661289007,0,2,0,53,"없음",42,-10.4072398190045,60,20260826,10.3953147877013,5.85933270714967,0,0,,,,,0,,,0,0,2973.959978552,4223.959978552
20261008,950210,"프레스티지바이오파마",KOSPI,6000.0,1.18,"제약",1.15,1.7313358,360576930000.0,6340.0,-5.5205047318612,,44.0699126092385,21.3793103448276,6.8,49.0104764874231,0,3,0,87,"없음",39,-37.7985462097612,17,,,,0,0,,,,,1,5920.0,"지지 재탈환",0,0,5853.7461920242,6533.7461920242
20261008,950220,"네오이뮨텍",KOSDAQ,1902.0,-1.91,"제약",4.17,8.9081091155,65070919680.0,3705.0,-49.2847503373819,,67.5247524752475,19.6106705118962,9.6,20.4743847811766,0,1,0,38,"없음",30,-27.1705426356589,30,20260821,29.8405466970387,5.55241711655507,0,0,,,,,0,,,0,0,2351.23528266421,3366.23528266421
20261008,950250,"테라뷰",KOSDAQ,4035.0,-4.16,"반도체와반도체장비",14.83,87.999705805,144037120620.0,4650.0,,,,77.3,23.4,40.6093818702595,0,0,0,0,"데이터 부족",,-39.3759286775632,15,20260929,30.9774436090225,5.95337645544083,0,0,,,,,1,3795.0,"저항→지지",0,0,4019.82922660999,4019.82922660999
